Timestamp,Elapsed_Seconds,AIN1,AIN2,AIN3,AIN4,AIN5,AIN6,AIN7,AIN8,AIN9
2026-07-31 10:03:03.171,0.0,62516,50547,61131,65535,65535,65535,65535,65535,65535
2026-07-31 10:03:03.210,0.04,62516,50547,61131,65535,65535,65535,65535,65535,65535
2026-07-31 10:03:03.253,0.08,62516,50547,61131,65535,65535,65535,65535,65535,65535
2026-07-31 10:03:03.302,0.13,62516,50547,61131,65535,65535,65535,65535,65535,65535
2026-07-31 10:03:03.349,0.18,62516,50547,61131,65535,65535,65535,65535,65535,65535
2026-07-31 10:03:03.399,0.23,62516,50547,61131,65535,65535,65535,65535,65535,65535
2026-07-31 10:03:03.449,0.28,62516,50547,61131,65535,65535,65535,65535,65535,65535
2026-07-31 10:03:03.494,0.32,53670,50547,61428,65535,65535,65535,65535,65535,65535
2026-07-31 10:03:03.542,0.37,53670,43072,61428,65535,65535,65535,65535,65535,65535
2026-07-31 10:03:03.594,0.42,53670,43072,61428,65535,65535,65535,65535,65535,65535
2026-07-31 10:03:03.637,0.47,53670,43072,61428,65535,65535,65535,65535,65535,65535
2026-07-31 10:03:03.687,0.52,53670,43072,61428,65535,65535,65535,65535,65535,65535
2026-07-31 10:03:03.736,0.56,53670,43072,61428,65535,65535,65535,65535,65535,65535
2026-07-31 10:03:03.782,0.61,53670,43072,61428,65535,65535,65535,65535,65535,65535
2026-07-31 10:03:03.830,0.66,53670,43072,61428,65535,65535,65535,65535,65535,65535
2026-07-31 10:03:03.876,0.71,53670,43072,61428,65535,65535,65535,65535,65535,65535
2026-07-31 10:03:03.924,0.75,53670,43072,61428,65535,65535,65535,65535,65535,65535
2026-07-31 10:03:03.972,0.8,53670,43072,61428,65535,65535,65535,65535,65535,65535
2026-07-31 10:03:04.017,0.85,53670,43072,61428,65535,65535,65535,65535,65535,65535
2026-07-31 10:03:04.067,0.9,56468,43072,61428,65535,65535,65535,65535,65535,65535
2026-07-31 10:03:04.114,0.94,56468,44513,61428,65535,65535,65535,65535,65535,65535
2026-07-31 10:03:04.160,0.99,56468,44513,61428,65535,65535,65535,65535,65535,65535
2026-07-31 10:03:04.208,1.04,56468,44513,61428,65535,65535,65535,65535,65535,65535
2026-07-31 10:03:04.259,1.09,56468,44513,61428,65535,65535,65535,65535,65535,65535
2026-07-31 10:03:04.294,1.12,56468,44513,61428,65535,65535,65535,65535,65535,65535
2026-07-31 10:03:04.342,1.17,56468,44513,61428,65535,65535,65535,65535,65535,65535
2026-07-31 10:03:04.387,1.22,56468,44513,61428,65535,65535,65535,65535,65535,65535
2026-07-31 10:03:04.436,1.27,56468,44513,61428,65535,65535,65535,65535,65535,65535
2026-07-31 10:03:04.481,1.31,56468,44513,61428,65535,65535,65535,65535,65535,65535
2026-07-31 10:03:04.531,1.36,56468,44513,61428,65535,65535,65535,65535,65535,65535
2026-07-31 10:03:04.578,1.41,56468,44513,61428,65535,65535,65535,65535,65535,65535
2026-07-31 10:03:04.623,1.45,56468,44513,61873,65535,65535,65535,65535,65535,65535
2026-07-31 10:03:04.672,1.5,62417,50250,61873,65535,65535,65535,65535,65535,65535
2026-07-31 10:03:04.722,1.55,62417,50250,61873,65535,65535,65535,65535,65535,65535
2026-07-31 10:03:04.768,1.6,62417,50250,61873,65535,65535,65535,65535,65535,65535
2026-07-31 10:03:04.806,1.64,62417,50250,61873,65535,65535,65535,65535,65535,65535
2026-07-31 10:03:04.851,1.68,62417,50250,61873,65535,65535,65535,65535,65535,65535
2026-07-31 10:03:04.898,1.73,62417,50250,61873,65535,65535,65535,65535,65535,65535
2026-07-31 10:03:04.946,1.78,62417,50250,61873,65535,65535,65535,65535,65535,65535
2026-07-31 10:03:04.994,1.82,62417,50250,61873,65535,65535,65535,65535,65535,65535
2026-07-31 10:03:05.038,1.87,62417,50250,61873,65535,65535,65535,65535,65535,65535
2026-07-31 10:03:05.088,1.92,62417,50250,61873,65535,65535,65535,65535,65535,65535
2026-07-31 10:03:05.136,1.97,62417,50250,61873,65535,65535,65535,65535,65535,65535
2026-07-31 10:03:05.186,2.02,62417,50250,61131,65535,65535,65535,65535,65535,65535
2026-07-31 10:03:05.238,2.07,53416,42987,61131,65535,65535,65535,65535,65535,65535
2026-07-31 10:03:05.290,2.12,53416,42987,61131,65535,65535,65535,65535,65535,65535
2026-07-31 10:03:05.325,2.15,53416,42987,61131,65535,65535,65535,65535,65535,65535
2026-07-31 10:03:05.374,2.2,53416,42987,61131,65535,65535,65535,65535,65535,65535
2026-07-31 10:03:05.420,2.25,53416,42987,61131,65535,65535,65535,65535,65535,65535
2026-07-31 10:03:05.469,2.3,53416,42987,61131,65535,65535,65535,65535,65535,65535
2026-07-31 10:03:05.514,2.34,53416,42987,61131,65535,65535,65535,65535,65535,65535
2026-07-31 10:03:05.563,2.39,53416,42987,61131,65535,65535,65535,65535,65535,65535
2026-07-31 10:03:05.610,2.44,53416,42987,61131,65535,65535,65535,65535,65535,65535
2026-07-31 10:03:05.659,2.49,53416,42987,61131,65535,65535,65535,65535,65535,65535
2026-07-31 10:03:05.704,2.53,53416,42987,61131,65535,65535,65535,65535,65535,65535
2026-07-31 10:03:05.754,2.58,53416,42987,61428,65535,65535,65535,65535,65535,65535
2026-07-31 10:03:05.804,2.63,62516,50250,61428,65535,65535,65535,65535,65535,65535
2026-07-31 10:03:05.838,2.67,62516,50250,61428,65535,65535,65535,65535,65535,65535
2026-07-31 10:03:05.884,2.71,62516,50250,61428,65535,65535,65535,65535,65535,65535
2026-07-31 10:03:05.931,2.76,62516,50250,61428,65535,65535,65535,65535,65535,65535
2026-07-31 10:03:05.978,2.81,62516,50250,61428,65535,65535,65535,65535,65535,65535
2026-07-31 10:03:06.029,2.86,62516,50250,61428,65535,65535,65535,65535,65535,65535
2026-07-31 10:03:06.080,2.91,62516,50250,61428,65535,65535,65535,65535,65535,65535
2026-07-31 10:03:06.126,2.96,62516,50250,61428,65535,65535,65535,65535,65535,65535
2026-07-31 10:03:06.175,3.0,62516,50250,61428,65535,65535,65535,65535,65535,65535
2026-07-31 10:03:06.224,3.05,62516,50250,61428,65535,65535,65535,65535,65535,65535
2026-07-31 10:03:06.273,3.1,62516,50250,61428,65535,65535,65535,65535,65535,65535
2026-07-31 10:03:06.307,3.14,62516,50250,61428,65535,65535,65535,65535,65535,65535
2026-07-31 10:03:06.344,3.17,53755,50250,61428,65535,65535,65535,65535,65535,65535
2026-07-31 10:03:06.389,3.22,53755,43156,61428,65535,65535,65535,65535,65535,65535
2026-07-31 10:03:06.440,3.27,53755,43156,61428,65535,65535,65535,65535,65535,65535
2026-07-31 10:03:06.489,3.32,53755,43156,61428,65535,65535,65535,65535,65535,65535
2026-07-31 10:03:06.541,3.37,53755,43156,61428,65535,65535,65535,65535,65535,65535
2026-07-31 10:03:06.585,3.41,53755,43156,61428,65535,65535,65535,65535,65535,65535
2026-07-31 10:03:06.634,3.46,53755,43156,61428,65535,65535,65535,65535,65535,65535
2026-07-31 10:03:06.682,3.51,53755,43156,61428,65535,65535,65535,65535,65535,65535
2026-07-31 10:03:06.729,3.56,53755,43156,61428,65535,65535,65535,65535,65535,65535
2026-07-31 10:03:06.776,3.61,53755,43156,61428,65535,65535,65535,65535,65535,65535
2026-07-31 10:03:06.813,3.64,53755,43156,61428,65535,65535,65535,65535,65535,65535
2026-07-31 10:03:06.860,3.69,53755,43156,61428,65535,65535,65535,65535,65535,65535
2026-07-31 10:03:06.907,3.74,65534,43156,61280,65535,65535,65535,65535,65535,65535
2026-07-31 10:03:06.951,3.78,65534,43156,61280,65535,65535,65535,65535,65535,65535
2026-07-31 10:03:07.001,3.83,65534,43156,61280,65535,65535,65535,65535,65535,65535
2026-07-31 10:03:07.051,3.88,65534,43156,61280,65535,65535,65535,65535,65535,65535
2026-07-31 10:03:07.096,3.93,65534,43156,61280,65535,65535,65535,65535,65535,65535
2026-07-31 10:03:07.146,3.97,65534,43156,61280,65535,65535,65535,65535,65535,65535
2026-07-31 10:03:07.195,4.02,65534,43156,61280,65535,65535,65535,65535,65535,65535
2026-07-31 10:03:07.244,4.07,65534,43156,61280,65535,65535,65535,65535,65535,65535
2026-07-31 10:03:07.294,4.12,65534,43156,61280,65535,65535,65535,65535,65535,65535
2026-07-31 10:03:07.328,4.16,65534,43156,61280,65535,65535,65535,65535,65535,65535
2026-07-31 10:03:07.373,4.2,65534,43156,61280,65535,65535,65535,65535,65535,65535
2026-07-31 10:03:07.420,4.25,65534,43156,61280,65535,65535,65535,65535,65535,65535
2026-07-31 10:03:07.469,4.3,59153,43156,61576,65535,65535,65535,65535,65535,65535
2026-07-31 10:03:07.515,4.34,59153,43156,61576,65535,65535,65535,65535,65535,65535
2026-07-31 10:03:07.567,4.4,59153,43156,61576,65535,65535,65535,65535,65535,65535
2026-07-31 10:03:07.617,4.45,59153,43156,61576,65535,65535,65535,65535,65535,65535
2026-07-31 10:03:07.668,4.5,59153,43156,61576,65535,65535,65535,65535,65535,65535
2026-07-31 10:03:07.723,4.55,59153,43156,61576,65535,65535,65535,65535,65535,65535
2026-07-31 10:03:07.773,4.6,59153,43156,61576,65535,65535,65535,65535,65535,65535
2026-07-31 10:03:07.808,4.64,59153,43156,61576,65535,65535,65535,65535,65535,65535
2026-07-31 10:03:07.843,4.67,59153,43156,61576,65535,65535,65535,65535,65535,65535
2026-07-31 10:03:07.891,4.72,59153,43156,61576,65535,65535,65535,65535,65535,65535
2026-07-31 10:03:07.944,4.77,59153,43156,61576,65535,65535,65535,65535,65535,65535
2026-07-31 10:03:07.994,4.82,59153,43156,61428,65535,65535,65535,65535,65535,65535
2026-07-31 10:03:08.040,4.87,50872,41800,61428,65535,65535,65535,65535,65535,65535
2026-07-31 10:03:08.090,4.92,50872,41800,61428,65535,65535,65535,65535,65535,65535
2026-07-31 10:03:08.137,4.97,50872,41800,61428,65535,65535,65535,65535,65535,65535
2026-07-31 10:03:08.185,5.01,50872,41800,61428,65535,65535,65535,65535,65535,65535
2026-07-31 10:03:08.231,5.06,50872,41800,61428,65535,65535,65535,65535,65535,65535
2026-07-31 10:03:08.278,5.11,50872,41800,61428,65535,65535,65535,65535,65535,65535
2026-07-31 10:03:08.316,5.15,50872,41800,61428,65535,65535,65535,65535,65535,65535
2026-07-31 10:03:08.365,5.19,50872,41800,61428,65535,65535,65535,65535,65535,65535
2026-07-31 10:03:08.410,5.24,50872,41800,61428,65535,65535,65535,65535,65535,65535
2026-07-31 10:03:08.457,5.29,50872,41800,61428,65535,65535,65535,65535,65535,65535
2026-07-31 10:03:08.506,5.34,50872,41800,61428,65535,65535,65535,65535,65535,65535
2026-07-31 10:03:08.558,5.39,50872,41800,61428,65535,65535,65535,65535,65535,65535
2026-07-31 10:03:08.610,5.44,47184,43156,60983,65535,65535,65535,65535,65535,65535
2026-07-31 10:03:08.655,5.48,47184,43156,60983,65535,65535,65535,65535,65535,65535
2026-07-31 10:03:08.704,5.53,47184,43156,60983,65535,65535,65535,65535,65535,65535
2026-07-31 10:03:08.754,5.58,47184,43156,60983,65535,65535,65535,65535,65535,65535
2026-07-31 10:03:08.802,5.63,47184,43156,60983,65535,65535,65535,65535,65535,65535
2026-07-31 10:03:08.837,5.67,47184,43156,60983,65535,65535,65535,65535,65535,65535
2026-07-31 10:03:08.884,5.71,47184,43156,60983,65535,65535,65535,65535,65535,65535
2026-07-31 10:03:08.930,5.76,47184,43156,60983,65535,65535,65535,65535,65535,65535
2026-07-31 10:03:08.980,5.81,47184,43156,60983,65535,65535,65535,65535,65535,65535
2026-07-31 10:03:09.026,5.86,47184,43156,60983,65535,65535,65535,65535,65535,65535
2026-07-31 10:03:09.075,5.9,47184,43156,60983,65535,65535,65535,65535,65535,65535
2026-07-31 10:03:09.123,5.95,47184,43156,60983,65535,65535,65535,65535,65535,65535
2026-07-31 10:03:09.172,6.0,53670,43072,61428,65535,65535,65535,65535,65535,65535
2026-07-31 10:03:09.220,6.05,53670,43072,61428,65535,65535,65535,65535,65535,65535
2026-07-31 10:03:09.266,6.1,53670,43072,61428,65535,65535,65535,65535,65535,65535
2026-07-31 10:03:09.303,6.13,53670,43072,61428,65535,65535,65535,65535,65535,65535
2026-07-31 10:03:09.339,6.17,53670,43072,61428,65535,65535,65535,65535,65535,65535
2026-07-31 10:03:09.386,6.22,53670,43072,61428,65535,65535,65535,65535,65535,65535
2026-07-31 10:03:09.435,6.26,53670,43072,61428,65535,65535,65535,65535,65535,65535
2026-07-31 10:03:09.486,6.32,53670,43072,61428,65535,65535,65535,65535,65535,65535
2026-07-31 10:03:09.542,6.37,53670,43072,61428,65535,65535,65535,65535,65535,65535
2026-07-31 10:03:09.591,6.42,53670,43072,61428,65535,65535,65535,65535,65535,65535
2026-07-31 10:03:09.640,6.47,53670,43072,61428,65535,65535,65535,65535,65535,65535
2026-07-31 10:03:09.690,6.52,53670,43072,62022,65535,65535,65535,65535,65535,65535
2026-07-31 10:03:09.737,6.57,65534,44428,62022,65535,65535,65535,65535,65535,65535
2026-07-31 10:03:09.790,6.62,65534,44428,62022,65535,65535,65535,65535,65535,65535
2026-07-31 10:03:09.826,6.66,65534,44428,62022,65535,65535,65535,65535,65535,65535
2026-07-31 10:03:09.874,6.7,65534,44428,62022,65535,65535,65535,65535,65535,65535
2026-07-31 10:03:09.920,6.75,65534,44428,62022,65535,65535,65535,65535,65535,65535
2026-07-31 10:03:09.969,6.8,65534,44428,62022,65535,65535,65535,65535,65535,65535
2026-07-31 10:03:10.015,6.84,65534,44428,62022,65535,65535,65535,65535,65535,65535
2026-07-31 10:03:10.067,6.9,65534,44428,62022,65535,65535,65535,65535,65535,65535
2026-07-31 10:03:10.115,6.94,65534,44428,62022,65535,65535,65535,65535,65535,65535
2026-07-31 10:03:10.167,7.0,65534,44428,62022,65535,65535,65535,65535,65535,65535
2026-07-31 10:03:10.215,7.04,65534,44428,62022,65535,65535,65535,65535,65535,65535
2026-07-31 10:03:10.266,7.1,65534,44428,61725,65535,65535,65535,65535,65535,65535
2026-07-31 10:03:10.317,7.15,53840,58842,61725,65535,65535,65535,65535,65535,65535
2026-07-31 10:03:10.352,7.18,53840,58842,61725,65535,65535,65535,65535,65535,65535
2026-07-31 10:03:10.398,7.23,53840,58842,61725,65535,65535,65535,65535,65535,65535
2026-07-31 10:03:10.446,7.28,53840,58842,61725,65535,65535,65535,65535,65535,65535
2026-07-31 10:03:10.495,7.32,53840,58842,61725,65535,65535,65535,65535,65535,65535
2026-07-31 10:03:10.541,7.37,53840,58842,61725,65535,65535,65535,65535,65535,65535
2026-07-31 10:03:10.589,7.42,53840,58842,61725,65535,65535,65535,65535,65535,65535
2026-07-31 10:03:10.637,7.47,53840,58842,61725,65535,65535,65535,65535,65535,65535
2026-07-31 10:03:10.690,7.52,53840,58842,61725,65535,65535,65535,65535,65535,65535
2026-07-31 10:03:10.744,7.57,53840,58842,61725,65535,65535,65535,65535,65535,65535
2026-07-31 10:03:10.798,7.63,53840,58842,61725,65535,65535,65535,65535,65535,65535
2026-07-31 10:03:10.837,7.67,53840,58842,61280,65535,65535,65535,65535,65535,65535
2026-07-31 10:03:10.882,7.71,62813,50250,61280,65535,65535,65535,65535,65535,65535
2026-07-31 10:03:10.930,7.76,62813,50250,61280,65535,65535,65535,65535,65535,65535
2026-07-31 10:03:10.979,7.81,62813,50250,61280,65535,65535,65535,65535,65535,65535
2026-07-31 10:03:11.029,7.86,62813,50250,61280,65535,65535,65535,65535,65535,65535
2026-07-31 10:03:11.073,7.9,62813,50250,61280,65535,65535,65535,65535,65535,65535
2026-07-31 10:03:11.121,7.95,62813,50250,61280,65535,65535,65535,65535,65535,65535
2026-07-31 10:03:11.171,8.0,62813,50250,61280,65535,65535,65535,65535,65535,65535
2026-07-31 10:03:11.217,8.05,62813,50250,61280,65535,65535,65535,65535,65535,65535
2026-07-31 10:03:11.266,8.1,62813,50250,61280,65535,65535,65535,65535,65535,65535
2026-07-31 10:03:11.313,8.14,62813,50250,61280,65535,65535,65535,65535,65535,65535
2026-07-31 10:03:11.350,8.18,62813,50250,61280,65535,65535,65535,65535,65535,65535
2026-07-31 10:03:11.397,8.23,62813,50250,61576,65535,65535,65535,65535,65535,65535
2026-07-31 10:03:11.443,8.27,62714,43156,61576,65535,65535,65535,65535,65535,65535
2026-07-31 10:03:11.494,8.32,62714,43156,61576,65535,65535,65535,65535,65535,65535
2026-07-31 10:03:11.546,8.38,62714,43156,61576,65535,65535,65535,65535,65535,65535
2026-07-31 10:03:11.596,8.42,62714,43156,61576,65535,65535,65535,65535,65535,65535
2026-07-31 10:03:11.645,8.47,62714,43156,61576,65535,65535,65535,65535,65535,65535
2026-07-31 10:03:11.692,8.52,62714,43156,61576,65535,65535,65535,65535,65535,65535
2026-07-31 10:03:11.740,8.57,62714,43156,61576,65535,65535,65535,65535,65535,65535
2026-07-31 10:03:11.790,8.62,62714,43156,61576,65535,65535,65535,65535,65535,65535
2026-07-31 10:03:11.825,8.65,62714,43156,61576,65535,65535,65535,65535,65535,65535
2026-07-31 10:03:11.872,8.7,62714,43156,61576,65535,65535,65535,65535,65535,65535
2026-07-31 10:03:11.927,8.76,62714,43156,61576,65535,65535,65535,65535,65535,65535
2026-07-31 10:03:11.974,8.8,47035,43156,61576,65535,65535,65535,65535,65535,65535
2026-07-31 10:03:12.023,8.85,47035,50250,61576,65535,65535,65535,65535,65535,65535
2026-07-31 10:03:12.072,8.9,47035,50250,61576,65535,65535,65535,65535,65535,65535
2026-07-31 10:03:12.116,8.95,47035,50250,61576,65535,65535,65535,65535,65535,65535
2026-07-31 10:03:12.164,8.99,47035,50250,61576,65535,65535,65535,65535,65535,65535
2026-07-31 10:03:12.212,9.04,47035,50250,61576,65535,65535,65535,65535,65535,65535
2026-07-31 10:03:12.261,9.09,47035,50250,61576,65535,65535,65535,65535,65535,65535
2026-07-31 10:03:12.310,9.14,47035,50250,61576,65535,65535,65535,65535,65535,65535
2026-07-31 10:03:12.343,9.17,47035,50250,61576,65535,65535,65535,65535,65535,65535
2026-07-31 10:03:12.379,9.21,47035,50250,61576,65535,65535,65535,65535,65535,65535
2026-07-31 10:03:12.427,9.26,47035,50250,61576,65535,65535,65535,65535,65535,65535
2026-07-31 10:03:12.475,9.3,47035,50250,61576,65535,65535,65535,65535,65535,65535
2026-07-31 10:03:12.520,9.35,47035,50250,49024,65535,65535,65535,65535,65535,65535
2026-07-31 10:03:12.570,9.4,53924,43241,49024,65535,65535,65535,65535,65535,65535
2026-07-31 10:03:12.615,9.44,53924,43241,49024,65535,65535,65535,65535,65535,65535
2026-07-31 10:03:12.667,9.5,53924,43241,49024,65535,65535,65535,65535,65535,65535
2026-07-31 10:03:12.716,9.55,53924,43241,49024,65535,65535,65535,65535,65535,65535
2026-07-31 10:03:12.763,9.59,53924,43241,49024,65535,65535,65535,65535,65535,65535
2026-07-31 10:03:12.809,9.64,53924,43241,49024,65535,65535,65535,65535,65535,65535
2026-07-31 10:03:12.846,9.68,53924,43241,49024,65535,65535,65535,65535,65535,65535
2026-07-31 10:03:12.896,9.73,53924,43241,49024,65535,65535,65535,65535,65535,65535
2026-07-31 10:03:12.950,9.78,53924,43241,49024,65535,65535,65535,65535,65535,65535
2026-07-31 10:03:12.999,9.83,53924,43241,49024,65535,65535,65535,65535,65535,65535
2026-07-31 10:03:13.048,9.88,53924,43241,49024,65535,65535,65535,65535,65535,65535
2026-07-31 10:03:13.095,9.92,53924,43241,61576,65535,65535,65535,65535,65535,65535
2026-07-31 10:03:13.145,9.97,53670,50448,61576,65535,65535,65535,65535,65535,65535
2026-07-31 10:03:13.191,10.02,53670,50448,61576,65535,65535,65535,65535,65535,65535
2026-07-31 10:03:13.238,10.07,53670,50448,61576,65535,65535,65535,65535,65535,65535
2026-07-31 10:03:13.288,10.12,53670,50448,61576,65535,65535,65535,65535,65535,65535
2026-07-31 10:03:13.338,10.17,53670,50448,61576,65535,65535,65535,65535,65535,65535
2026-07-31 10:03:13.373,10.2,53670,50448,61576,65535,65535,65535,65535,65535,65535
2026-07-31 10:03:13.418,10.25,53670,50448,61576,65535,65535,65535,65535,65535,65535
2026-07-31 10:03:13.466,10.3,53670,50448,61576,65535,65535,65535,65535,65535,65535
2026-07-31 10:03:13.515,10.34,53670,50448,61576,65535,65535,65535,65535,65535,65535
2026-07-31 10:03:13.563,10.39,53670,50448,61576,65535,65535,65535,65535,65535,65535
2026-07-31 10:03:13.609,10.44,53670,50448,61576,65535,65535,65535,65535,65535,65535
2026-07-31 10:03:13.661,10.49,53670,50448,61576,65535,65535,65535,65535,65535,65535
2026-07-31 10:03:13.714,10.54,50957,49063,61576,65535,65535,65535,65535,65535,65535
2026-07-31 10:03:13.767,10.6,50957,49063,61576,65535,65535,65535,65535,65535,65535
2026-07-31 10:03:13.813,10.64,50957,49063,61576,65535,65535,65535,65535,65535,65535
2026-07-31 10:03:13.852,10.68,50957,49063,61576,65535,65535,65535,65535,65535,65535
2026-07-31 10:03:13.891,10.72,50957,49063,61576,65535,65535,65535,65535,65535,65535
2026-07-31 10:03:13.940,10.77,50957,49063,61576,65535,65535,65535,65535,65535,65535
2026-07-31 10:03:13.989,10.82,50957,49063,61576,65535,65535,65535,65535,65535,65535
2026-07-31 10:03:14.039,10.87,50957,49063,61576,65535,65535,65535,65535,65535,65535
2026-07-31 10:03:14.085,10.91,50957,49063,61576,65535,65535,65535,65535,65535,65535
2026-07-31 10:03:14.138,10.97,50957,49063,61576,65535,65535,65535,65535,65535,65535
2026-07-31 10:03:14.189,11.02,50957,49063,61576,65535,65535,65535,65535,65535,65535
2026-07-31 10:03:14.235,11.06,62516,49063,60983,65535,65535,65535,65535,65535,65535
2026-07-31 10:03:14.285,11.11,62516,43241,60983,65535,65535,65535,65535,65535,65535
2026-07-31 10:03:14.332,11.16,62516,43241,60983,65535,65535,65535,65535,65535,65535
2026-07-31 10:03:14.368,11.2,62516,43241,60983,65535,65535,65535,65535,65535,65535
2026-07-31 10:03:14.419,11.25,62516,43241,60983,65535,65535,65535,65535,65535,65535
2026-07-31 10:03:14.468,11.3,62516,43241,60983,65535,65535,65535,65535,65535,65535
2026-07-31 10:03:14.514,11.34,62516,43241,60983,65535,65535,65535,65535,65535,65535
2026-07-31 10:03:14.563,11.39,62516,43241,60983,65535,65535,65535,65535,65535,65535
2026-07-31 10:03:14.612,11.44,62516,43241,60983,65535,65535,65535,65535,65535,65535
2026-07-31 10:03:14.658,11.49,62516,43241,60983,65535,65535,65535,65535,65535,65535
2026-07-31 10:03:14.704,11.53,62516,43241,60983,65535,65535,65535,65535,65535,65535
2026-07-31 10:03:14.754,11.58,62516,43241,60983,65535,65535,65535,65535,65535,65535
2026-07-31 10:03:14.802,11.63,53840,43241,61873,65535,65535,65535,65535,65535,65535
2026-07-31 10:03:14.844,11.67,53840,43580,61873,65535,65535,65535,65535,65535,65535
2026-07-31 10:03:14.880,11.71,53840,43580,61873,65535,65535,65535,65535,65535,65535
2026-07-31 10:03:14.927,11.76,53840,43580,61873,65535,65535,65535,65535,65535,65535
2026-07-31 10:03:14.977,11.81,53840,43580,61873,65535,65535,65535,65535,65535,65535
2026-07-31 10:03:15.026,11.86,53840,43580,61873,65535,65535,65535,65535,65535,65535
2026-07-31 10:03:15.075,11.9,53840,43580,61873,65535,65535,65535,65535,65535,65535
2026-07-31 10:03:15.123,11.95,53840,43580,61873,65535,65535,65535,65535,65535,65535
2026-07-31 10:03:15.172,12.0,53840,43580,61873,65535,65535,65535,65535,65535,65535
2026-07-31 10:03:15.223,12.05,53840,43580,61873,65535,65535,65535,65535,65535,65535
2026-07-31 10:03:15.275,12.1,53840,43580,61873,65535,65535,65535,65535,65535,65535
2026-07-31 10:03:15.322,12.15,53840,43580,61873,65535,65535,65535,65535,65535,65535
2026-07-31 10:03:15.358,12.19,53840,43580,61873,65535,65535,65535,65535,65535,65535
2026-07-31 10:03:15.395,12.22,56638,51833,61873,65535,65535,65535,65535,65535,65535
2026-07-31 10:03:15.448,12.28,56638,51833,61873,65535,65535,65535,65535,65535,65535
2026-07-31 10:03:15.495,12.32,56638,51833,61873,65535,65535,65535,65535,65535,65535
2026-07-31 10:03:15.544,12.37,56638,51833,61873,65535,65535,65535,65535,65535,65535
2026-07-31 10:03:15.587,12.42,56638,51833,61873,65535,65535,65535,65535,65535,65535
2026-07-31 10:03:15.645,12.47,56638,51833,61873,65535,65535,65535,65535,65535,65535
2026-07-31 10:03:15.692,12.52,56638,51833,61873,65535,65535,65535,65535,65535,65535
2026-07-31 10:03:15.738,12.57,56638,51833,61873,65535,65535,65535,65535,65535,65535
2026-07-31 10:03:15.787,12.62,56638,51833,61873,65535,65535,65535,65535,65535,65535
2026-07-31 10:03:15.837,12.67,56638,51833,61873,65535,65535,65535,65535,65535,65535
2026-07-31 10:03:15.877,12.71,56638,51833,61873,65535,65535,65535,65535,65535,65535
2026-07-31 10:03:15.926,12.76,62912,51833,61873,65535,65535,65535,65535,65535,65535
2026-07-31 10:03:15.982,12.81,62912,43326,61873,65535,65535,65535,65535,65535,65535
2026-07-31 10:03:16.029,12.86,62912,43326,61873,65535,65535,65535,65535,65535,65535
2026-07-31 10:03:16.079,12.91,62912,43326,61873,65535,65535,65535,65535,65535,65535
2026-07-31 10:03:16.126,12.96,62912,43326,61873,65535,65535,65535,65535,65535,65535
2026-07-31 10:03:16.174,13.0,62912,43326,61873,65535,65535,65535,65535,65535,65535
2026-07-31 10:03:16.223,13.05,62912,43326,61873,65535,65535,65535,65535,65535,65535
2026-07-31 10:03:16.270,13.1,62912,43326,61873,65535,65535,65535,65535,65535,65535
2026-07-31 10:03:16.318,13.15,62912,43326,61873,65535,65535,65535,65535,65535,65535
2026-07-31 10:03:16.354,13.18,62912,43326,61873,65535,65535,65535,65535,65535,65535
2026-07-31 10:03:16.389,13.22,62912,43326,61873,65535,65535,65535,65535,65535,65535
2026-07-31 10:03:16.437,13.27,62912,43326,61873,65535,65535,65535,65535,65535,65535
2026-07-31 10:03:16.488,13.32,53755,43326,49142,65535,65535,65535,65535,65535,65535
2026-07-31 10:03:16.540,13.37,53755,50349,49142,65535,65535,65535,65535,65535,65535
2026-07-31 10:03:16.583,13.41,53755,50349,49142,65535,65535,65535,65535,65535,65535
2026-07-31 10:03:16.630,13.46,53755,50349,49142,65535,65535,65535,65535,65535,65535
2026-07-31 10:03:16.680,13.51,53755,50349,49142,65535,65535,65535,65535,65535,65535
2026-07-31 10:03:16.729,13.56,53755,50349,49142,65535,65535,65535,65535,65535,65535
2026-07-31 10:03:16.774,13.6,53755,50349,49142,65535,65535,65535,65535,65535,65535
2026-07-31 10:03:16.825,13.65,53755,50349,49142,65535,65535,65535,65535,65535,65535
2026-07-31 10:03:16.860,13.69,53755,50349,49142,65535,65535,65535,65535,65535,65535
2026-07-31 10:03:16.909,13.74,53755,50349,49142,65535,65535,65535,65535,65535,65535
2026-07-31 10:03:16.960,13.79,53755,50349,49142,65535,65535,65535,65535,65535,65535
2026-07-31 10:03:17.009,13.84,53755,50349,49142,65535,65535,65535,65535,65535,65535
2026-07-31 10:03:17.055,13.88,53840,50349,60983,65535,65535,65535,65535,65535,65535
2026-07-31 10:03:17.105,13.93,53840,50349,60983,65535,65535,65535,65535,65535,65535
2026-07-31 10:03:17.155,13.98,53840,50349,60983,65535,65535,65535,65535,65535,65535
2026-07-31 10:03:17.203,14.03,53840,50349,60983,65535,65535,65535,65535,65535,65535
2026-07-31 10:03:17.253,14.08,53840,50349,60983,65535,65535,65535,65535,65535,65535
2026-07-31 10:03:17.303,14.13,53840,50349,60983,65535,65535,65535,65535,65535,65535
2026-07-31 10:03:17.351,14.18,53840,50349,60983,65535,65535,65535,65535,65535,65535
2026-07-31 10:03:17.392,14.22,53840,50349,60983,65535,65535,65535,65535,65535,65535
2026-07-31 10:03:17.437,14.27,53840,50349,60983,65535,65535,65535,65535,65535,65535
2026-07-31 10:03:17.488,14.32,53840,50349,60983,65535,65535,65535,65535,65535,65535
2026-07-31 10:03:17.535,14.36,53840,50349,60983,65535,65535,65535,65535,65535,65535
2026-07-31 10:03:17.583,14.41,53840,50349,60983,65535,65535,65535,65535,65535,65535
2026-07-31 10:03:17.632,14.46,65534,50349,61280,65535,65535,65535,65535,65535,65535
2026-07-31 10:03:17.682,14.51,65534,43156,61280,65535,65535,65535,65535,65535,65535
2026-07-31 10:03:17.728,14.56,65534,43156,61280,65535,65535,65535,65535,65535,65535
2026-07-31 10:03:17.779,14.61,65534,43156,61280,65535,65535,65535,65535,65535,65535
2026-07-31 10:03:17.826,14.66,65534,43156,61280,65535,65535,65535,65535,65535,65535
2026-07-31 10:03:17.864,14.69,65534,43156,61280,65535,65535,65535,65535,65535,65535
2026-07-31 10:03:17.910,14.74,65534,43156,61280,65535,65535,65535,65535,65535,65535
2026-07-31 10:03:17.959,14.79,65534,43156,61280,65535,65535,65535,65535,65535,65535
2026-07-31 10:03:18.007,14.84,65534,43156,61280,65535,65535,65535,65535,65535,65535
2026-07-31 10:03:18.057,14.89,65534,43156,61280,65535,65535,65535,65535,65535,65535
2026-07-31 10:03:18.106,14.94,65534,43156,61280,65535,65535,65535,65535,65535,65535
2026-07-31 10:03:18.156,14.99,65534,43156,61280,65535,65535,65535,65535,65535,65535
2026-07-31 10:03:18.208,15.04,53924,43495,49024,65535,65535,65535,65535,65535,65535
2026-07-31 10:03:18.260,15.09,53924,43495,49024,65535,65535,65535,65535,65535,65535
2026-07-31 10:03:18.305,15.13,53924,43495,49024,65535,65535,65535,65535,65535,65535
2026-07-31 10:03:18.346,15.18,53924,43495,49024,65535,65535,65535,65535,65535,65535
2026-07-31 10:03:18.382,15.21,53924,43495,49024,65535,65535,65535,65535,65535,65535
2026-07-31 10:03:18.431,15.26,53924,43495,49024,65535,65535,65535,65535,65535,65535
2026-07-31 10:03:18.474,15.3,53924,43495,49024,65535,65535,65535,65535,65535,65535
2026-07-31 10:03:18.523,15.35,53924,43495,49024,65535,65535,65535,65535,65535,65535
2026-07-31 10:03:18.572,15.4,53924,43495,49024,65535,65535,65535,65535,65535,65535
2026-07-31 10:03:18.618,15.45,53924,43495,49024,65535,65535,65535,65535,65535,65535
2026-07-31 10:03:18.664,15.49,53924,43495,49024,65535,65535,65535,65535,65535,65535
2026-07-31 10:03:18.711,15.54,53924,43495,49024,65535,65535,65535,65535,65535,65535
2026-07-31 10:03:18.760,15.59,50957,43495,61428,65535,65535,65535,65535,65535,65535
2026-07-31 10:03:18.809,15.64,50957,43326,61428,65535,65535,65535,65535,65535,65535
2026-07-31 10:03:18.849,15.68,50957,43326,61428,65535,65535,65535,65535,65535,65535
2026-07-31 10:03:18.887,15.72,50957,43326,61428,65535,65535,65535,65535,65535,65535
2026-07-31 10:03:18.934,15.76,50957,43326,61428,65535,65535,65535,65535,65535,65535
2026-07-31 10:03:18.982,15.81,50957,43326,61428,65535,65535,65535,65535,65535,65535
2026-07-31 10:03:19.027,15.86,50957,43326,61428,65535,65535,65535,65535,65535,65535
2026-07-31 10:03:19.078,15.91,50957,43326,61428,65535,65535,65535,65535,65535,65535
2026-07-31 10:03:19.129,15.96,50957,43326,61428,65535,65535,65535,65535,65535,65535
2026-07-31 10:03:19.174,16.0,50957,43326,61428,65535,65535,65535,65535,65535,65535
2026-07-31 10:03:19.221,16.05,50957,43326,61428,65535,65535,65535,65535,65535,65535
2026-07-31 10:03:19.271,16.1,50957,43326,61428,65535,65535,65535,65535,65535,65535
2026-07-31 10:03:19.317,16.15,54702,43326,61576,65535,65535,65535,65535,65535,65535
2026-07-31 10:03:19.361,16.19,54702,41800,61576,65535,65535,65535,65535,65535,65535
2026-07-31 10:03:19.398,16.23,54702,41800,61576,65535,65535,65535,65535,65535,65535
2026-07-31 10:03:19.441,16.27,54702,41800,61576,65535,65535,65535,65535,65535,65535
2026-07-31 10:03:19.493,16.32,54702,41800,61576,65535,65535,65535,65535,65535,65535
2026-07-31 10:03:19.540,16.37,54702,41800,61576,65535,65535,65535,65535,65535,65535
2026-07-31 10:03:19.594,16.42,54702,41800,61576,65535,65535,65535,65535,65535,65535
2026-07-31 10:03:19.640,16.47,54702,41800,61576,65535,65535,65535,65535,65535,65535
2026-07-31 10:03:19.688,16.52,54702,41800,61576,65535,65535,65535,65535,65535,65535
2026-07-31 10:03:19.736,16.57,54702,41800,61576,65535,65535,65535,65535,65535,65535
2026-07-31 10:03:19.782,16.61,54702,41800,61576,65535,65535,65535,65535,65535,65535
2026-07-31 10:03:19.828,16.66,54702,41800,61576,65535,65535,65535,65535,65535,65535
2026-07-31 10:03:19.868,16.7,54702,41800,61131,65535,65535,65535,65535,65535,65535
2026-07-31 10:03:19.907,16.74,62714,59266,61131,65535,65535,65535,65535,65535,65535
2026-07-31 10:03:19.957,16.79,62714,59266,61131,65535,65535,65535,65535,65535,65535
2026-07-31 10:03:20.010,16.84,62714,59266,61131,65535,65535,65535,65535,65535,65535
2026-07-31 10:03:20.059,16.89,62714,59266,61131,65535,65535,65535,65535,65535,65535
2026-07-31 10:03:20.111,16.94,62714,59266,61131,65535,65535,65535,65535,65535,65535
2026-07-31 10:03:20.157,16.99,62714,59266,61131,65535,65535,65535,65535,65535,65535
2026-07-31 10:03:20.205,17.03,62714,59266,61131,65535,65535,65535,65535,65535,65535
2026-07-31 10:03:20.251,17.08,62714,59266,61131,65535,65535,65535,65535,65535,65535
2026-07-31 10:03:20.321,17.15,62714,59266,61131,65535,65535,65535,65535,65535,65535
2026-07-31 10:03:20.367,17.2,62714,59266,61131,65535,65535,65535,65535,65535,65535
2026-07-31 10:03:20.401,17.23,62714,59266,61131,65535,65535,65535,65535,65535,65535
2026-07-31 10:03:20.450,17.28,53755,59266,61576,65535,65535,65535,65535,65535,65535
2026-07-31 10:03:20.494,17.32,53755,50448,61576,65535,65535,65535,65535,65535,65535
2026-07-31 10:03:20.541,17.37,53755,50448,61576,65535,65535,65535,65535,65535,65535
2026-07-31 10:03:20.592,17.42,53755,50448,61576,65535,65535,65535,65535,65535,65535
2026-07-31 10:03:20.642,17.47,53755,50448,61576,65535,65535,65535,65535,65535,65535
2026-07-31 10:03:20.692,17.52,53755,50448,61576,65535,65535,65535,65535,65535,65535
2026-07-31 10:03:20.740,17.57,53755,50448,61576,65535,65535,65535,65535,65535,65535
2026-07-31 10:03:20.790,17.62,53755,50448,61576,65535,65535,65535,65535,65535,65535
2026-07-31 10:03:20.834,17.66,53755,50448,61576,65535,65535,65535,65535,65535,65535
2026-07-31 10:03:20.873,17.7,53755,50448,61576,65535,65535,65535,65535,65535,65535
2026-07-31 10:03:20.908,17.74,53755,50448,61576,65535,65535,65535,65535,65535,65535
2026-07-31 10:03:20.955,17.78,53755,50448,61576,65535,65535,65535,65535,65535,65535
2026-07-31 10:03:21.002,17.83,53755,50448,61428,65535,65535,65535,65535,65535,65535
2026-07-31 10:03:21.055,17.88,56638,44683,61428,65535,65535,65535,65535,65535,65535
2026-07-31 10:03:21.107,17.94,56638,44683,61428,65535,65535,65535,65535,65535,65535
2026-07-31 10:03:21.159,17.99,56638,44683,61428,65535,65535,65535,65535,65535,65535
2026-07-31 10:03:21.207,18.04,56638,44683,61428,65535,65535,65535,65535,65535,65535
2026-07-31 10:03:21.255,18.08,56638,44683,61428,65535,65535,65535,65535,65535,65535
2026-07-31 10:03:21.304,18.13,56638,44683,61428,65535,65535,65535,65535,65535,65535
2026-07-31 10:03:21.358,18.19,56638,44683,61428,65535,65535,65535,65535,65535,65535
2026-07-31 10:03:21.396,18.23,56638,44683,61428,65535,65535,65535,65535,65535,65535
2026-07-31 10:03:21.450,18.28,56638,44683,61428,65535,65535,65535,65535,65535,65535
2026-07-31 10:03:21.499,18.33,56638,44683,61428,65535,65535,65535,65535,65535,65535
2026-07-31 10:03:21.555,18.38,56638,44683,62022,65535,65535,65535,65535,65535,65535
2026-07-31 10:03:21.607,18.44,53585,50448,62022,65535,65535,65535,65535,65535,65535
2026-07-31 10:03:21.658,18.49,53585,50448,62022,65535,65535,65535,65535,65535,65535
2026-07-31 10:03:21.710,18.54,53585,50448,62022,65535,65535,65535,65535,65535,65535
2026-07-31 10:03:21.759,18.59,53585,50448,62022,65535,65535,65535,65535,65535,65535
2026-07-31 10:03:21.806,18.64,53585,50448,62022,65535,65535,65535,65535,65535,65535
2026-07-31 10:03:21.856,18.68,53585,50448,62022,65535,65535,65535,65535,65535,65535
2026-07-31 10:03:21.896,18.72,53585,50448,62022,65535,65535,65535,65535,65535,65535
2026-07-31 10:03:21.939,18.77,53585,50448,62022,65535,65535,65535,65535,65535,65535
2026-07-31 10:03:21.988,18.82,53585,50448,62022,65535,65535,65535,65535,65535,65535
2026-07-31 10:03:22.038,18.87,53585,50448,62022,65535,65535,65535,65535,65535,65535
2026-07-31 10:03:22.089,18.92,53585,50448,62022,65535,65535,65535,65535,65535,65535
2026-07-31 10:03:22.135,18.96,53585,50448,49024,65535,65535,65535,65535,65535,65535
2026-07-31 10:03:22.181,19.01,62615,43241,49024,65535,65535,65535,65535,65535,65535
2026-07-31 10:03:22.231,19.06,62615,43241,49024,65535,65535,65535,65535,65535,65535
2026-07-31 10:03:22.278,19.11,62615,43241,49024,65535,65535,65535,65535,65535,65535
2026-07-31 10:03:22.331,19.16,62615,43241,49024,65535,65535,65535,65535,65535,65535
2026-07-31 10:03:22.375,19.2,62615,43241,49024,65535,65535,65535,65535,65535,65535
2026-07-31 10:03:22.409,19.24,62615,43241,49024,65535,65535,65535,65535,65535,65535
2026-07-31 10:03:22.455,19.28,62615,43241,49024,65535,65535,65535,65535,65535,65535
2026-07-31 10:03:22.503,19.33,62615,43241,49024,65535,65535,65535,65535,65535,65535
2026-07-31 10:03:22.553,19.38,62615,43241,49024,65535,65535,65535,65535,65535,65535
2026-07-31 10:03:22.606,19.44,62615,43241,49024,65535,65535,65535,65535,65535,65535
2026-07-31 10:03:22.655,19.48,62615,43241,49024,65535,65535,65535,65535,65535,65535
2026-07-31 10:03:22.706,19.54,62615,43241,61280,65535,65535,65535,65535,65535,65535
2026-07-31 10:03:22.755,19.58,62912,50448,61280,65535,65535,65535,65535,65535,65535
2026-07-31 10:03:22.804,19.63,62912,50448,61280,65535,65535,65535,65535,65535,65535
2026-07-31 10:03:22.855,19.68,62912,50448,61280,65535,65535,65535,65535,65535,65535
2026-07-31 10:03:22.891,19.72,62912,50448,61280,65535,65535,65535,65535,65535,65535
2026-07-31 10:03:22.926,19.76,62912,50448,61280,65535,65535,65535,65535,65535,65535
2026-07-31 10:03:22.973,19.8,62912,50448,61280,65535,65535,65535,65535,65535,65535
2026-07-31 10:03:23.022,19.85,62912,50448,61280,65535,65535,65535,65535,65535,65535
2026-07-31 10:03:23.072,19.9,62912,50448,61280,65535,65535,65535,65535,65535,65535
2026-07-31 10:03:23.122,19.95,62912,50448,61280,65535,65535,65535,65535,65535,65535
2026-07-31 10:03:23.200,20.03,62912,50448,61280,65535,65535,65535,65535,65535,65535
2026-07-31 10:03:23.246,20.08,62912,50448,61280,65535,65535,65535,65535,65535,65535
2026-07-31 10:03:23.295,20.12,54094,43241,61725,65535,65535,65535,65535,65535,65535
2026-07-31 10:03:23.339,20.17,54094,43241,61725,65535,65535,65535,65535,65535,65535
2026-07-31 10:03:23.383,20.21,54094,43241,61725,65535,65535,65535,65535,65535,65535
2026-07-31 10:03:23.419,20.25,54094,43241,61725,65535,65535,65535,65535,65535,65535
2026-07-31 10:03:23.463,20.29,54094,43241,61725,65535,65535,65535,65535,65535,65535
2026-07-31 10:03:23.513,20.34,54094,43241,61725,65535,65535,65535,65535,65535,65535
2026-07-31 10:03:23.564,20.39,54094,43241,61725,65535,65535,65535,65535,65535,65535
2026-07-31 10:03:23.615,20.44,54094,43241,61725,65535,65535,65535,65535,65535,65535
2026-07-31 10:03:23.665,20.49,54094,43241,61725,65535,65535,65535,65535,65535,65535
2026-07-31 10:03:23.708,20.54,54094,43241,61725,65535,65535,65535,65535,65535,65535
2026-07-31 10:03:23.760,20.59,54094,43241,61725,65535,65535,65535,65535,65535,65535
2026-07-31 10:03:23.804,20.63,54094,43241,61725,65535,65535,65535,65535,65535,65535
2026-07-31 10:03:23.857,20.69,65534,43241,61873,65535,65535,65535,65535,65535,65535
2026-07-31 10:03:23.896,20.72,65534,43326,61873,65535,65535,65535,65535,65535,65535
2026-07-31 10:03:23.944,20.77,65534,43326,61873,65535,65535,65535,65535,65535,65535
2026-07-31 10:03:23.990,20.82,65534,43326,61873,65535,65535,65535,65535,65535,65535
2026-07-31 10:03:24.037,20.87,65534,43326,61873,65535,65535,65535,65535,65535,65535
2026-07-31 10:03:24.082,20.91,65534,43326,61873,65535,65535,65535,65535,65535,65535
2026-07-31 10:03:24.133,20.96,65534,43326,61873,65535,65535,65535,65535,65535,65535
2026-07-31 10:03:24.178,21.01,65534,43326,61873,65535,65535,65535,65535,65535,65535
2026-07-31 10:03:24.228,21.06,65534,43326,61873,65535,65535,65535,65535,65535,65535
2026-07-31 10:03:24.274,21.1,65534,43326,61873,65535,65535,65535,65535,65535,65535
2026-07-31 10:03:24.323,21.15,65534,43326,61873,65535,65535,65535,65535,65535,65535
2026-07-31 10:03:24.373,21.2,65534,43326,61873,65535,65535,65535,65535,65535,65535
2026-07-31 10:03:24.411,21.24,63011,43326,61576,65535,65535,65535,65535,65535,65535
2026-07-31 10:03:24.457,21.29,63011,43326,61576,65535,65535,65535,65535,65535,65535
2026-07-31 10:03:24.506,21.34,63011,43326,61576,65535,65535,65535,65535,65535,65535
2026-07-31 10:03:24.551,21.38,63011,43326,61576,65535,65535,65535,65535,65535,65535
2026-07-31 10:03:24.608,21.44,63011,43326,61576,65535,65535,65535,65535,65535,65535
2026-07-31 10:03:24.656,21.49,63011,43326,61576,65535,65535,65535,65535,65535,65535
2026-07-31 10:03:24.742,21.57,63011,43326,61576,65535,65535,65535,65535,65535,65535
2026-07-31 10:03:24.788,21.62,63011,43326,61576,65535,65535,65535,65535,65535,65535
2026-07-31 10:03:24.835,21.66,63011,43326,61576,65535,65535,65535,65535,65535,65535
2026-07-31 10:03:24.874,21.7,63011,43326,61576,65535,65535,65535,65535,65535,65535
2026-07-31 10:03:24.910,21.74,63011,43326,61576,65535,65535,65535,65535,65535,65535
2026-07-31 10:03:24.960,21.79,63011,43326,61576,65535,65535,65535,65535,65535,65535
2026-07-31 10:03:25.007,21.84,59549,42054,61576,65535,65535,65535,65535,65535,65535
2026-07-31 10:03:25.054,21.88,59549,42054,61576,65535,65535,65535,65535,65535,65535
2026-07-31 10:03:25.105,21.93,59549,42054,61576,65535,65535,65535,65535,65535,65535
2026-07-31 10:03:25.152,21.98,59549,42054,61576,65535,65535,65535,65535,65535,65535
2026-07-31 10:03:25.199,22.03,59549,42054,61576,65535,65535,65535,65535,65535,65535
2026-07-31 10:03:25.248,22.08,59549,42054,61576,65535,65535,65535,65535,65535,65535
2026-07-31 10:03:25.319,22.15,59549,42054,61576,65535,65535,65535,65535,65535,65535
2026-07-31 10:03:25.367,22.2,59549,42054,61576,65535,65535,65535,65535,65535,65535
2026-07-31 10:03:25.409,22.24,59549,42054,61576,65535,65535,65535,65535,65535,65535
2026-07-31 10:03:25.445,22.27,59549,42054,61576,65535,65535,65535,65535,65535,65535
2026-07-31 10:03:25.524,22.35,59549,42054,60983,65535,65535,65535,65535,65535,65535
2026-07-31 10:03:25.576,22.41,63110,43241,60983,65535,65535,65535,65535,65535,65535
2026-07-31 10:03:25.625,22.45,63110,43241,60983,65535,65535,65535,65535,65535,65535
2026-07-31 10:03:25.673,22.5,63110,43241,60983,65535,65535,65535,65535,65535,65535
2026-07-31 10:03:25.722,22.55,63110,43241,60983,65535,65535,65535,65535,65535,65535
2026-07-31 10:03:25.772,22.6,63110,43241,60983,65535,65535,65535,65535,65535,65535
2026-07-31 10:03:25.818,22.65,63110,43241,60983,65535,65535,65535,65535,65535,65535
2026-07-31 10:03:25.872,22.7,63110,43241,60983,65535,65535,65535,65535,65535,65535
2026-07-31 10:03:25.909,22.74,63110,43241,60983,65535,65535,65535,65535,65535,65535
2026-07-31 10:03:25.958,22.79,63110,43241,60983,65535,65535,65535,65535,65535,65535
2026-07-31 10:03:26.007,22.84,63110,43241,60983,65535,65535,65535,65535,65535,65535
2026-07-31 10:03:26.059,22.89,63110,43241,60983,65535,65535,65535,65535,65535,65535
2026-07-31 10:03:26.109,22.94,53755,43241,61576,65535,65535,65535,65535,65535,65535
2026-07-31 10:03:26.158,22.99,53755,43072,61576,65535,65535,65535,65535,65535,65535
2026-07-31 10:03:26.214,23.04,53755,43072,61576,65535,65535,65535,65535,65535,65535
2026-07-31 10:03:26.261,23.09,53755,43072,61576,65535,65535,65535,65535,65535,65535
2026-07-31 10:03:26.346,23.18,53755,43072,61576,65535,65535,65535,65535,65535,65535
2026-07-31 10:03:26.392,23.22,53755,43072,61576,65535,65535,65535,65535,65535,65535
2026-07-31 10:03:26.427,23.26,53755,43072,61576,65535,65535,65535,65535,65535,65535
2026-07-31 10:03:26.473,23.3,53755,43072,61576,65535,65535,65535,65535,65535,65535
2026-07-31 10:03:26.524,23.35,53755,43072,61576,65535,65535,65535,65535,65535,65535
2026-07-31 10:03:26.574,23.4,53755,43072,61576,65535,65535,65535,65535,65535,65535
2026-07-31 10:03:26.621,23.45,53755,43072,61576,65535,65535,65535,65535,65535,65535
2026-07-31 10:03:26.671,23.5,56977,43072,61725,65535,65535,65535,65535,65535,65535
2026-07-31 10:03:26.720,23.55,56977,44683,61725,65535,65535,65535,65535,65535,65535
2026-07-31 10:03:26.767,23.6,56977,44683,61725,65535,65535,65535,65535,65535,65535
2026-07-31 10:03:26.820,23.65,56977,44683,61725,65535,65535,65535,65535,65535,65535
2026-07-31 10:03:26.873,23.7,56977,44683,61725,65535,65535,65535,65535,65535,65535
2026-07-31 10:03:26.914,23.74,56977,44683,61725,65535,65535,65535,65535,65535,65535
2026-07-31 10:03:26.962,23.79,56977,44683,61725,65535,65535,65535,65535,65535,65535
2026-07-31 10:03:27.012,23.84,56977,44683,61725,65535,65535,65535,65535,65535,65535
2026-07-31 10:03:27.061,23.89,56977,44683,61725,65535,65535,65535,65535,65535,65535
2026-07-31 10:03:27.140,23.97,56977,44683,61725,65535,65535,65535,65535,65535,65535
2026-07-31 10:03:27.188,24.02,56977,44683,61725,65535,65535,65535,65535,65535,65535
2026-07-31 10:03:27.233,24.06,62615,44683,62022,65535,65535,65535,65535,65535,65535
2026-07-31 10:03:27.285,24.11,62615,43411,62022,65535,65535,65535,65535,65535,65535
2026-07-31 10:03:27.338,24.17,62615,43411,62022,65535,65535,65535,65535,65535,65535
2026-07-31 10:03:27.386,24.22,62615,43411,62022,65535,65535,65535,65535,65535,65535
2026-07-31 10:03:27.426,24.26,62615,43411,62022,65535,65535,65535,65535,65535,65535
2026-07-31 10:03:27.474,24.3,62615,43411,62022,65535,65535,65535,65535,65535,65535
2026-07-31 10:03:27.521,24.35,62615,43411,62022,65535,65535,65535,65535,65535,65535
2026-07-31 10:03:27.571,24.4,62615,43411,62022,65535,65535,65535,65535,65535,65535
2026-07-31 10:03:27.614,24.44,62615,43411,62022,65535,65535,65535,65535,65535,65535
2026-07-31 10:03:27.664,24.49,62615,43411,62022,65535,65535,65535,65535,65535,65535
2026-07-31 10:03:27.711,24.54,62615,43411,62022,65535,65535,65535,65535,65535,65535
2026-07-31 10:03:27.759,24.59,62615,43411,61873,65535,65535,65535,65535,65535,65535
2026-07-31 10:03:27.809,24.64,62813,50646,61873,65535,65535,65535,65535,65535,65535
2026-07-31 10:03:27.859,24.69,62813,50646,61873,65535,65535,65535,65535,65535,65535
2026-07-31 10:03:27.905,24.73,62813,50646,61873,65535,65535,65535,65535,65535,65535
2026-07-31 10:03:27.943,24.77,62813,50646,61873,65535,65535,65535,65535,65535,65535
2026-07-31 10:03:27.989,24.82,62813,50646,61873,65535,65535,65535,65535,65535,65535
2026-07-31 10:03:28.035,24.86,62813,50646,61873,65535,65535,65535,65535,65535,65535
2026-07-31 10:03:28.083,24.91,62813,50646,61873,65535,65535,65535,65535,65535,65535
2026-07-31 10:03:28.134,24.96,62813,50646,61873,65535,65535,65535,65535,65535,65535
2026-07-31 10:03:28.178,25.01,62813,50646,61873,65535,65535,65535,65535,65535,65535
2026-07-31 10:03:28.227,25.06,62813,50646,61873,65535,65535,65535,65535,65535,65535
2026-07-31 10:03:28.274,25.1,62813,50646,61873,65535,65535,65535,65535,65535,65535
2026-07-31 10:03:28.324,25.15,62813,50646,61576,65535,65535,65535,65535,65535,65535
2026-07-31 10:03:28.371,25.2,53840,43411,61576,65535,65535,65535,65535,65535,65535
2026-07-31 10:03:28.407,25.24,53840,43411,61576,65535,65535,65535,65535,65535,65535
2026-07-31 10:03:28.441,25.27,53840,43411,61576,65535,65535,65535,65535,65535,65535
2026-07-31 10:03:28.486,25.32,53840,43411,61576,65535,65535,65535,65535,65535,65535
2026-07-31 10:03:28.542,25.37,53840,43411,61576,65535,65535,65535,65535,65535,65535
2026-07-31 10:03:28.591,25.42,53840,43411,61576,65535,65535,65535,65535,65535,65535
2026-07-31 10:03:28.661,25.49,53840,43411,61576,65535,65535,65535,65535,65535,65535
2026-07-31 10:03:28.706,25.54,53840,43411,61576,65535,65535,65535,65535,65535,65535
2026-07-31 10:03:28.753,25.58,53840,43411,61576,65535,65535,65535,65535,65535,65535
2026-07-31 10:03:28.802,25.63,53840,43411,61576,65535,65535,65535,65535,65535,65535
2026-07-31 10:03:28.850,25.68,53840,43411,61576,65535,65535,65535,65535,65535,65535
2026-07-31 10:03:28.899,25.73,53840,43411,61873,65535,65535,65535,65535,65535,65535
2026-07-31 10:03:28.935,25.76,62912,43326,61873,65535,65535,65535,65535,65535,65535
2026-07-31 10:03:28.984,25.81,62912,43326,61873,65535,65535,65535,65535,65535,65535
2026-07-31 10:03:29.030,25.86,62912,43326,61873,65535,65535,65535,65535,65535,65535
2026-07-31 10:03:29.077,25.91,62912,43326,61873,65535,65535,65535,65535,65535,65535
2026-07-31 10:03:29.123,25.95,62912,43326,61873,65535,65535,65535,65535,65535,65535
2026-07-31 10:03:29.175,26.0,62912,43326,61873,65535,65535,65535,65535,65535,65535
2026-07-31 10:03:29.227,26.06,62912,43326,61873,65535,65535,65535,65535,65535,65535
2026-07-31 10:03:29.274,26.1,62912,43326,61873,65535,65535,65535,65535,65535,65535
2026-07-31 10:03:29.323,26.15,62912,43326,61873,65535,65535,65535,65535,65535,65535
2026-07-31 10:03:29.379,26.21,62912,43326,61873,65535,65535,65535,65535,65535,65535
2026-07-31 10:03:29.446,26.28,62912,43326,61873,65535,65535,65535,65535,65535,65535
2026-07-31 10:03:29.485,26.31,53670,43326,61576,65535,65535,65535,65535,65535,65535
2026-07-31 10:03:29.530,26.36,53670,50547,61576,65535,65535,65535,65535,65535,65535
2026-07-31 10:03:29.582,26.41,53670,50547,61576,65535,65535,65535,65535,65535,65535
2026-07-31 10:03:29.629,26.46,53670,50547,61576,65535,65535,65535,65535,65535,65535
2026-07-31 10:03:29.677,26.51,53670,50547,61576,65535,65535,65535,65535,65535,65535
2026-07-31 10:03:29.724,26.55,53670,50547,61576,65535,65535,65535,65535,65535,65535
2026-07-31 10:03:29.773,26.6,53670,50547,61576,65535,65535,65535,65535,65535,65535
2026-07-31 10:03:29.820,26.65,53670,50547,61576,65535,65535,65535,65535,65535,65535
2026-07-31 10:03:29.870,26.7,53670,50547,61576,65535,65535,65535,65535,65535,65535
2026-07-31 10:03:29.910,26.74,53670,50547,61576,65535,65535,65535,65535,65535,65535
2026-07-31 10:03:29.946,26.78,53670,50547,61576,65535,65535,65535,65535,65535,65535
2026-07-31 10:03:29.990,26.82,53670,50547,61576,65535,65535,65535,65535,65535,65535
2026-07-31 10:03:30.041,26.87,53840,50547,61725,65535,65535,65535,65535,65535,65535
2026-07-31 10:03:30.096,26.93,53840,50250,61725,65535,65535,65535,65535,65535,65535
2026-07-31 10:03:30.143,26.97,53840,50250,61725,65535,65535,65535,65535,65535,65535
2026-07-31 10:03:30.229,27.06,53840,50250,61725,65535,65535,65535,65535,65535,65535
2026-07-31 10:03:30.283,27.11,53840,50250,61725,65535,65535,65535,65535,65535,65535
2026-07-31 10:03:30.332,27.16,53840,50250,61725,65535,65535,65535,65535,65535,65535
2026-07-31 10:03:30.383,27.21,53840,50250,61725,65535,65535,65535,65535,65535,65535
2026-07-31 10:03:30.422,27.25,53840,50250,61725,65535,65535,65535,65535,65535,65535
2026-07-31 10:03:30.472,27.3,53840,50250,61725,65535,65535,65535,65535,65535,65535
2026-07-31 10:03:30.523,27.35,53840,50250,61725,65535,65535,65535,65535,65535,65535
2026-07-31 10:03:30.570,27.4,53840,50250,61725,65535,65535,65535,65535,65535,65535
2026-07-31 10:03:30.616,27.45,51211,48865,49142,65535,65535,65535,65535,65535,65535
2026-07-31 10:03:30.666,27.5,51211,48865,49142,65535,65535,65535,65535,65535,65535
2026-07-31 10:03:30.716,27.54,51211,48865,49142,65535,65535,65535,65535,65535,65535
2026-07-31 10:03:30.762,27.59,51211,48865,49142,65535,65535,65535,65535,65535,65535
2026-07-31 10:03:30.810,27.64,51211,48865,49142,65535,65535,65535,65535,65535,65535
2026-07-31 10:03:30.857,27.69,51211,48865,49142,65535,65535,65535,65535,65535,65535
2026-07-31 10:03:30.909,27.74,51211,48865,49142,65535,65535,65535,65535,65535,65535
2026-07-31 10:03:30.948,27.78,51211,48865,49142,65535,65535,65535,65535,65535,65535
2026-07-31 10:03:31.025,27.85,51211,48865,49142,65535,65535,65535,65535,65535,65535
2026-07-31 10:03:31.073,27.9,51211,48865,49142,65535,65535,65535,65535,65535,65535
2026-07-31 10:03:31.122,27.95,51211,48865,49142,65535,65535,65535,65535,65535,65535
2026-07-31 10:03:31.167,28.0,63011,48865,60983,65535,65535,65535,65535,65535,65535
2026-07-31 10:03:31.217,28.05,63011,43411,60983,65535,65535,65535,65535,65535,65535
2026-07-31 10:03:31.265,28.09,63011,43411,60983,65535,65535,65535,65535,65535,65535
2026-07-31 10:03:31.314,28.14,63011,43411,60983,65535,65535,65535,65535,65535,65535
2026-07-31 10:03:31.363,28.19,63011,43411,60983,65535,65535,65535,65535,65535,65535
2026-07-31 10:03:31.415,28.24,63011,43411,60983,65535,65535,65535,65535,65535,65535
2026-07-31 10:03:31.450,28.28,63011,43411,60983,65535,65535,65535,65535,65535,65535
2026-07-31 10:03:31.498,28.33,63011,43411,60983,65535,65535,65535,65535,65535,65535
2026-07-31 10:03:31.547,28.38,63011,43411,60983,65535,65535,65535,65535,65535,65535
2026-07-31 10:03:31.594,28.42,63011,43411,60983,65535,65535,65535,65535,65535,65535
2026-07-31 10:03:31.640,28.47,63011,43411,60983,65535,65535,65535,65535,65535,65535
2026-07-31 10:03:31.694,28.52,63011,43411,60983,65535,65535,65535,65535,65535,65535
2026-07-31 10:03:31.745,28.57,65534,43411,65534,65535,65535,65535,65535,65535,65535
2026-07-31 10:03:31.820,28.65,65534,43241,65534,65535,65535,65535,65535,65535,65535
2026-07-31 10:03:31.867,28.7,65534,43241,65534,65535,65535,65535,65535,65535,65535
2026-07-31 10:03:31.918,28.75,65534,43241,65534,65535,65535,65535,65535,65535,65535
2026-07-31 10:03:31.954,28.78,65534,43241,65534,65535,65535,65535,65535,65535,65535
2026-07-31 10:03:32.003,28.83,65534,43241,65534,65535,65535,65535,65535,65535,65535
2026-07-31 10:03:32.054,28.88,65534,43241,65534,65535,65535,65535,65535,65535,65535
2026-07-31 10:03:32.100,28.93,65534,43241,65534,65535,65535,65535,65535,65535,65535
2026-07-31 10:03:32.149,28.98,65534,43241,65534,65535,65535,65535,65535,65535,65535
2026-07-31 10:03:32.198,29.03,65534,43241,65534,65535,65535,65535,65535,65535,65535
2026-07-31 10:03:32.250,29.08,65534,43241,65534,65535,65535,65535,65535,65535,65535
2026-07-31 10:03:32.297,29.13,57061,43241,61280,65535,65535,65535,65535,65535,65535
2026-07-31 10:03:32.347,29.18,57061,44767,61280,65535,65535,65535,65535,65535,65535
2026-07-31 10:03:32.394,29.22,57061,44767,61280,65535,65535,65535,65535,65535,65535
2026-07-31 10:03:32.430,29.26,57061,44767,61280,65535,65535,65535,65535,65535,65535
2026-07-31 10:03:32.466,29.29,57061,44767,61280,65535,65535,65535,65535,65535,65535
2026-07-31 10:03:32.512,29.34,57061,44767,61280,65535,65535,65535,65535,65535,65535
2026-07-31 10:03:32.591,29.42,57061,44767,61280,65535,65535,65535,65535,65535,65535
2026-07-31 10:03:32.639,29.47,57061,44767,61280,65535,65535,65535,65535,65535,65535
2026-07-31 10:03:32.687,29.52,57061,44767,61280,65535,65535,65535,65535,65535,65535
2026-07-31 10:03:32.735,29.56,57061,44767,61280,65535,65535,65535,65535,65535,65535
2026-07-31 10:03:32.780,29.61,57061,44767,61280,65535,65535,65535,65535,65535,65535
2026-07-31 10:03:32.829,29.66,57061,44767,61280,65535,65535,65535,65535,65535,65535
2026-07-31 10:03:32.877,29.71,53924,50844,49498,65535,65535,65535,65535,65535,65535
2026-07-31 10:03:32.921,29.75,53924,50844,49498,65535,65535,65535,65535,65535,65535
2026-07-31 10:03:32.961,29.79,53924,50844,49498,65535,65535,65535,65535,65535,65535
2026-07-31 10:03:33.009,29.84,53924,50844,49498,65535,65535,65535,65535,65535,65535
2026-07-31 10:03:33.057,29.89,53924,50844,49498,65535,65535,65535,65535,65535,65535
2026-07-31 10:03:33.106,29.94,53924,50844,49498,65535,65535,65535,65535,65535,65535
2026-07-31 10:03:33.159,29.99,53924,50844,49498,65535,65535,65535,65535,65535,65535
2026-07-31 10:03:33.205,30.03,53924,50844,49498,65535,65535,65535,65535,65535,65535
2026-07-31 10:03:33.260,30.09,53924,50844,49498,65535,65535,65535,65535,65535,65535
2026-07-31 10:03:33.309,30.14,53924,50844,49498,65535,65535,65535,65535,65535,65535
2026-07-31 10:03:33.389,30.22,53924,50844,49498,65535,65535,65535,65535,65535,65535
2026-07-31 10:03:33.430,30.26,53924,50844,61576,65535,65535,65535,65535,65535,65535
2026-07-31 10:03:33.468,30.3,53924,43495,61576,65535,65535,65535,65535,65535,65535
2026-07-31 10:03:33.517,30.35,53924,43495,61576,65535,65535,65535,65535,65535,65535
2026-07-31 10:03:33.572,30.4,53924,43495,61576,65535,65535,65535,65535,65535,65535
2026-07-31 10:03:33.620,30.45,53924,43495,61576,65535,65535,65535,65535,65535,65535
2026-07-31 10:03:33.669,30.5,53924,43495,61576,65535,65535,65535,65535,65535,65535
2026-07-31 10:03:33.717,30.55,53924,43495,61576,65535,65535,65535,65535,65535,65535
2026-07-31 10:03:33.765,30.59,53924,43495,61576,65535,65535,65535,65535,65535,65535
2026-07-31 10:03:33.813,30.64,53924,43495,61576,65535,65535,65535,65535,65535,65535
2026-07-31 10:03:33.861,30.69,53924,43495,61576,65535,65535,65535,65535,65535,65535
2026-07-31 10:03:33.910,30.74,53924,43495,61576,65535,65535,65535,65535,65535,65535
2026-07-31 10:03:33.945,30.77,53924,43495,61576,65535,65535,65535,65535,65535,65535
2026-07-31 10:03:33.991,30.82,47035,43495,61428,65535,65535,65535,65535,65535,65535
2026-07-31 10:03:34.043,30.87,47035,38133,61428,65535,65535,65535,65535,65535,65535
2026-07-31 10:03:34.093,30.92,47035,38133,61428,65535,65535,65535,65535,65535,65535
2026-07-31 10:03:34.172,31.0,47035,38133,61428,65535,65535,65535,65535,65535,65535
2026-07-31 10:03:34.220,31.05,47035,38133,61428,65535,65535,65535,65535,65535,65535
2026-07-31 10:03:34.266,31.1,47035,38133,61428,65535,65535,65535,65535,65535,65535
2026-07-31 10:03:34.314,31.14,47035,38133,61428,65535,65535,65535,65535,65535,65535
2026-07-31 10:03:34.364,31.19,47035,38133,61428,65535,65535,65535,65535,65535,65535
2026-07-31 10:03:34.416,31.25,47035,38133,61428,65535,65535,65535,65535,65535,65535
2026-07-31 10:03:34.453,31.28,47035,38133,61428,65535,65535,65535,65535,65535,65535
2026-07-31 10:03:34.501,31.33,47035,38133,61428,65535,65535,65535,65535,65535,65535
2026-07-31 10:03:34.550,31.38,62912,38133,60983,65535,65535,65535,65535,65535,65535
2026-07-31 10:03:34.598,31.43,62912,43495,60983,65535,65535,65535,65535,65535,65535
2026-07-31 10:03:34.643,31.47,62912,43495,60983,65535,65535,65535,65535,65535,65535
2026-07-31 10:03:34.690,31.52,62912,43495,60983,65535,65535,65535,65535,65535,65535
2026-07-31 10:03:34.739,31.57,62912,43495,60983,65535,65535,65535,65535,65535,65535
2026-07-31 10:03:34.790,31.62,62912,43495,60983,65535,65535,65535,65535,65535,65535
2026-07-31 10:03:34.849,31.68,62912,43495,60983,65535,65535,65535,65535,65535,65535
2026-07-31 10:03:34.901,31.73,62912,43495,60983,65535,65535,65535,65535,65535,65535
2026-07-31 10:03:34.964,31.79,62912,43495,60983,65535,65535,65535,65535,65535,65535
2026-07-31 10:03:35.002,31.83,62912,43495,60983,65535,65535,65535,65535,65535,65535
2026-07-31 10:03:35.047,31.88,62912,43495,60983,65535,65535,65535,65535,65535,65535
2026-07-31 10:03:35.095,31.92,62912,43495,61428,65535,65535,65535,65535,65535,65535
2026-07-31 10:03:35.143,31.97,63209,59351,61428,65535,65535,65535,65535,65535,65535
2026-07-31 10:03:35.189,32.02,63209,59351,61428,65535,65535,65535,65535,65535,65535
2026-07-31 10:03:35.241,32.07,63209,59351,61428,65535,65535,65535,65535,65535,65535
2026-07-31 10:03:35.297,32.13,63209,59351,61428,65535,65535,65535,65535,65535,65535
2026-07-31 10:03:35.346,32.18,63209,59351,61428,65535,65535,65535,65535,65535,65535
2026-07-31 10:03:35.397,32.23,63209,59351,61428,65535,65535,65535,65535,65535,65535
2026-07-31 10:03:35.435,32.26,63209,59351,61428,65535,65535,65535,65535,65535,65535
2026-07-31 10:03:35.469,32.3,63209,59351,61428,65535,65535,65535,65535,65535,65535
2026-07-31 10:03:35.520,32.35,63209,59351,61428,65535,65535,65535,65535,65535,65535
2026-07-31 10:03:35.573,32.4,63209,59351,61428,65535,65535,65535,65535,65535,65535
2026-07-31 10:03:35.630,32.46,63209,59351,61428,65535,65535,65535,65535,65535,65535
2026-07-31 10:03:35.681,32.51,54009,59351,61131,65535,65535,65535,65535,65535,65535
2026-07-31 10:03:35.763,32.59,54009,43495,61131,65535,65535,65535,65535,65535,65535
2026-07-31 10:03:35.813,32.64,54009,43495,61131,65535,65535,65535,65535,65535,65535
2026-07-31 10:03:35.861,32.69,54009,43495,61131,65535,65535,65535,65535,65535,65535
2026-07-31 10:03:35.909,32.74,54009,43495,61131,65535,65535,65535,65535,65535,65535
2026-07-31 10:03:35.944,32.77,54009,43495,61131,65535,65535,65535,65535,65535,65535
2026-07-31 10:03:35.990,32.82,54009,43495,61131,65535,65535,65535,65535,65535,65535
2026-07-31 10:03:36.037,32.87,54009,43495,61131,65535,65535,65535,65535,65535,65535
2026-07-31 10:03:36.084,32.91,54009,43495,61131,65535,65535,65535,65535,65535,65535
2026-07-31 10:03:36.136,32.96,54009,43495,61131,65535,65535,65535,65535,65535,65535
2026-07-31 10:03:36.191,33.02,54009,43495,61131,65535,65535,65535,65535,65535,65535
2026-07-31 10:03:36.240,33.07,51296,43495,61576,65535,65535,65535,65535,65535,65535
2026-07-31 10:03:36.289,33.12,51296,49360,61576,65535,65535,65535,65535,65535,65535
2026-07-31 10:03:36.335,33.16,51296,49360,61576,65535,65535,65535,65535,65535,65535
2026-07-31 10:03:36.389,33.22,51296,49360,61576,65535,65535,65535,65535,65535,65535
2026-07-31 10:03:36.431,33.26,51296,49360,61576,65535,65535,65535,65535,65535,65535
2026-07-31 10:03:36.467,33.3,51296,49360,61576,65535,65535,65535,65535,65535,65535
2026-07-31 10:03:36.543,33.37,51296,49360,61576,65535,65535,65535,65535,65535,65535
2026-07-31 10:03:36.593,33.42,51296,49360,61576,65535,65535,65535,65535,65535,65535
2026-07-31 10:03:36.642,33.47,51296,49360,61576,65535,65535,65535,65535,65535,65535
2026-07-31 10:03:36.690,33.52,51296,49360,61576,65535,65535,65535,65535,65535,65535
2026-07-31 10:03:36.736,33.57,51296,49360,61576,65535,65535,65535,65535,65535,65535
2026-07-31 10:03:36.789,33.62,51296,49360,60538,65535,65535,65535,65535,65535,65535
2026-07-31 10:03:36.842,33.67,53840,43241,60538,65535,65535,65535,65535,65535,65535
2026-07-31 10:03:36.892,33.72,53840,43241,60538,65535,65535,65535,65535,65535,65535
2026-07-31 10:03:36.928,33.76,53840,43241,60538,65535,65535,65535,65535,65535,65535
2026-07-31 10:03:36.977,33.81,53840,43241,60538,65535,65535,65535,65535,65535,65535
2026-07-31 10:03:37.028,33.86,53840,43241,60538,65535,65535,65535,65535,65535,65535
2026-07-31 10:03:37.075,33.9,53840,43241,60538,65535,65535,65535,65535,65535,65535
2026-07-31 10:03:37.123,33.95,53840,43241,60538,65535,65535,65535,65535,65535,65535
2026-07-31 10:03:37.172,34.0,53840,43241,60538,65535,65535,65535,65535,65535,65535
2026-07-31 10:03:37.223,34.05,53840,43241,60538,65535,65535,65535,65535,65535,65535
2026-07-31 10:03:37.274,34.1,53840,43241,60538,65535,65535,65535,65535,65535,65535
2026-07-31 10:03:37.344,34.17,53840,43241,61873,65535,65535,65535,65535,65535,65535
2026-07-31 10:03:37.390,34.22,54179,65534,61873,65535,65535,65535,65535,65535,65535
2026-07-31 10:03:37.434,34.26,54179,65534,61873,65535,65535,65535,65535,65535,65535
2026-07-31 10:03:37.471,34.3,54179,65534,61873,65535,65535,65535,65535,65535,65535
2026-07-31 10:03:37.520,34.35,54179,65534,61873,65535,65535,65535,65535,65535,65535
2026-07-31 10:03:37.566,34.4,54179,65534,61873,65535,65535,65535,65535,65535,65535
2026-07-31 10:03:37.611,34.44,54179,65534,61873,65535,65535,65535,65535,65535,65535
2026-07-31 10:03:37.663,34.49,54179,65534,61873,65535,65535,65535,65535,65535,65535
2026-07-31 10:03:37.713,34.54,54179,65534,61873,65535,65535,65535,65535,65535,65535
2026-07-31 10:03:37.764,34.59,54179,65534,61873,65535,65535,65535,65535,65535,65535
2026-07-31 10:03:37.811,34.64,54179,65534,61873,65535,65535,65535,65535,65535,65535
2026-07-31 10:03:37.858,34.69,54179,65534,61873,65535,65535,65535,65535,65535,65535
2026-07-31 10:03:37.911,34.74,54179,65534,61576,65535,65535,65535,65535,65535,65535
2026-07-31 10:03:37.949,34.78,57740,64268,61576,65535,65535,65535,65535,65535,65535
2026-07-31 10:03:37.999,34.83,57740,64268,61576,65535,65535,65535,65535,65535,65535
2026-07-31 10:03:38.050,34.88,57740,64268,61576,65535,65535,65535,65535,65535,65535
2026-07-31 10:03:38.133,34.96,57740,64268,61576,65535,65535,65535,65535,65535,65535
2026-07-31 10:03:38.181,35.01,57740,64268,61576,65535,65535,65535,65535,65535,65535
2026-07-31 10:03:38.225,35.05,57740,64268,61576,65535,65535,65535,65535,65535,65535
2026-07-31 10:03:38.274,35.1,57740,64268,61576,65535,65535,65535,65535,65535,65535
2026-07-31 10:03:38.337,35.17,57740,64268,61576,65535,65535,65535,65535,65535,65535
2026-07-31 10:03:38.386,35.22,57740,64268,61576,65535,65535,65535,65535,65535,65535
2026-07-31 10:03:38.422,35.25,57740,64268,61576,65535,65535,65535,65535,65535,65535
2026-07-31 10:03:38.470,35.3,57740,64268,61873,65535,65535,65535,65535,65535,65535
2026-07-31 10:03:38.515,35.34,63110,43495,61873,65535,65535,65535,65535,65535,65535
2026-07-31 10:03:38.566,35.4,63110,43495,61873,65535,65535,65535,65535,65535,65535
2026-07-31 10:03:38.618,35.45,63110,43495,61873,65535,65535,65535,65535,65535,65535
2026-07-31 10:03:38.668,35.5,63110,43495,61873,65535,65535,65535,65535,65535,65535
2026-07-31 10:03:38.718,35.55,63110,43495,61873,65535,65535,65535,65535,65535,65535
2026-07-31 10:03:38.768,35.6,63110,43495,61873,65535,65535,65535,65535,65535,65535
2026-07-31 10:03:38.825,35.65,63110,43495,61873,65535,65535,65535,65535,65535,65535
2026-07-31 10:03:38.873,35.7,63110,43495,61873,65535,65535,65535,65535,65535,65535
2026-07-31 10:03:38.943,35.77,63110,43495,61873,65535,65535,65535,65535,65535,65535
2026-07-31 10:03:38.979,35.81,63110,43495,61873,65535,65535,65535,65535,65535,65535
2026-07-31 10:03:39.026,35.86,63110,43495,61873,65535,65535,65535,65535,65535,65535
2026-07-31 10:03:39.071,35.9,51126,50448,49142,65535,65535,65535,65535,65535,65535
2026-07-31 10:03:39.121,35.95,51126,50448,49142,65535,65535,65535,65535,65535,65535
2026-07-31 10:03:39.169,36.0,51126,50448,49142,65535,65535,65535,65535,65535,65535
2026-07-31 10:03:39.219,36.05,51126,50448,49142,65535,65535,65535,65535,65535,65535
2026-07-31 10:03:39.274,36.1,51126,50448,49142,65535,65535,65535,65535,65535,65535
2026-07-31 10:03:39.321,36.15,51126,50448,49142,65535,65535,65535,65535,65535,65535
2026-07-31 10:03:39.371,36.2,51126,50448,49142,65535,65535,65535,65535,65535,65535
2026-07-31 10:03:39.420,36.25,51126,50448,49142,65535,65535,65535,65535,65535,65535
2026-07-31 10:03:39.461,36.29,51126,50448,49142,65535,65535,65535,65535,65535,65535
2026-07-31 10:03:39.514,36.34,51126,50448,49142,65535,65535,65535,65535,65535,65535
2026-07-31 10:03:39.563,36.39,51126,50448,49142,65535,65535,65535,65535,65535,65535
2026-07-31 10:03:39.623,36.45,54009,50448,61428,65535,65535,65535,65535,65535,65535
2026-07-31 10:03:39.674,36.5,54009,43326,61428,65535,65535,65535,65535,65535,65535
2026-07-31 10:03:39.757,36.59,54009,43326,61428,65535,65535,65535,65535,65535,65535
2026-07-31 10:03:39.808,36.64,54009,43326,61428,65535,65535,65535,65535,65535,65535
2026-07-31 10:03:39.857,36.69,54009,43326,61428,65535,65535,65535,65535,65535,65535
2026-07-31 10:03:39.907,36.74,54009,43326,61428,65535,65535,65535,65535,65535,65535
2026-07-31 10:03:39.945,36.77,54009,43326,61428,65535,65535,65535,65535,65535,65535
2026-07-31 10:03:39.990,36.82,54009,43326,61428,65535,65535,65535,65535,65535,65535
2026-07-31 10:03:40.042,36.87,54009,43326,61428,65535,65535,65535,65535,65535,65535
2026-07-31 10:03:40.094,36.92,54009,43326,61428,65535,65535,65535,65535,65535,65535
2026-07-31 10:03:40.144,36.97,54009,43326,61428,65535,65535,65535,65535,65535,65535
2026-07-31 10:03:40.198,37.03,65534,43326,61576,65535,65535,65535,65535,65535,65535
2026-07-31 10:03:40.247,37.08,65534,43326,61576,65535,65535,65535,65535,65535,65535
2026-07-31 10:03:40.298,37.13,65534,43326,61576,65535,65535,65535,65535,65535,65535
2026-07-31 10:03:40.353,37.18,65534,43326,61576,65535,65535,65535,65535,65535,65535
2026-07-31 10:03:40.403,37.23,65534,43326,61576,65535,65535,65535,65535,65535,65535
2026-07-31 10:03:40.439,37.27,65534,43326,61576,65535,65535,65535,65535,65535,65535
2026-07-31 10:03:40.488,37.32,65534,43326,61576,65535,65535,65535,65535,65535,65535
2026-07-31 10:03:40.564,37.39,65534,43326,61576,65535,65535,65535,65535,65535,65535
2026-07-31 10:03:40.610,37.44,65534,43326,61576,65535,65535,65535,65535,65535,65535
2026-07-31 10:03:40.660,37.49,65534,43326,61576,65535,65535,65535,65535,65535,65535
2026-07-31 10:03:40.707,37.54,65534,43326,61576,65535,65535,65535,65535,65535,65535
2026-07-31 10:03:40.759,37.59,63011,44598,61725,65535,65535,65535,65535,65535,65535
2026-07-31 10:03:40.812,37.64,63011,44598,61725,65535,65535,65535,65535,65535,65535
2026-07-31 10:03:40.861,37.69,63011,44598,61725,65535,65535,65535,65535,65535,65535
2026-07-31 10:03:40.915,37.74,63011,44598,61725,65535,65535,65535,65535,65535,65535
2026-07-31 10:03:40.954,37.78,63011,44598,61725,65535,65535,65535,65535,65535,65535
2026-07-31 10:03:41.005,37.83,63011,44598,61725,65535,65535,65535,65535,65535,65535
2026-07-31 10:03:41.056,37.89,63011,44598,61725,65535,65535,65535,65535,65535,65535
2026-07-31 10:03:41.103,37.93,63011,44598,61725,65535,65535,65535,65535,65535,65535
2026-07-31 10:03:41.153,37.98,63011,44598,61725,65535,65535,65535,65535,65535,65535
2026-07-31 10:03:41.203,38.03,63011,44598,61725,65535,65535,65535,65535,65535,65535
2026-07-31 10:03:41.258,38.09,63011,44598,61725,65535,65535,65535,65535,65535,65535
2026-07-31 10:03:41.306,38.14,53924,44598,61428,65535,65535,65535,65535,65535,65535
2026-07-31 10:03:41.385,38.21,53924,50844,61428,65535,65535,65535,65535,65535,65535
2026-07-31 10:03:41.431,38.26,53924,50844,61428,65535,65535,65535,65535,65535,65535
2026-07-31 10:03:41.466,38.3,53924,50844,61428,65535,65535,65535,65535,65535,65535
2026-07-31 10:03:41.502,38.33,53924,50844,61428,65535,65535,65535,65535,65535,65535
2026-07-31 10:03:41.550,38.38,53924,50844,61428,65535,65535,65535,65535,65535,65535
2026-07-31 10:03:41.599,38.43,53924,50844,61428,65535,65535,65535,65535,65535,65535
2026-07-31 10:03:41.645,38.47,53924,50844,61428,65535,65535,65535,65535,65535,65535
2026-07-31 10:03:41.693,38.52,53924,50844,61428,65535,65535,65535,65535,65535,65535
2026-07-31 10:03:41.743,38.57,53924,50844,61428,65535,65535,65535,65535,65535,65535
2026-07-31 10:03:41.793,38.62,53924,50844,61428,65535,65535,65535,65535,65535,65535
2026-07-31 10:03:41.848,38.68,53924,50844,61576,65535,65535,65535,65535,65535,65535
2026-07-31 10:03:41.900,38.73,59252,48865,61576,65535,65535,65535,65535,65535,65535
2026-07-31 10:03:41.939,38.77,59252,48865,61576,65535,65535,65535,65535,65535,65535
2026-07-31 10:03:41.987,38.82,59252,48865,61576,65535,65535,65535,65535,65535,65535
2026-07-31 10:03:42.042,38.87,59252,48865,61576,65535,65535,65535,65535,65535,65535
2026-07-31 10:03:42.089,38.92,59252,48865,61576,65535,65535,65535,65535,65535,65535
2026-07-31 10:03:42.162,38.99,59252,48865,61576,65535,65535,65535,65535,65535,65535
2026-07-31 10:03:42.211,39.04,59252,48865,61576,65535,65535,65535,65535,65535,65535
2026-07-31 10:03:42.262,39.09,59252,48865,61576,65535,65535,65535,65535,65535,65535
2026-07-31 10:03:42.308,39.14,59252,48865,61576,65535,65535,65535,65535,65535,65535
2026-07-31 10:03:42.358,39.19,59252,48865,61576,65535,65535,65535,65535,65535,65535
2026-07-31 10:03:42.410,39.24,59252,48865,61280,65535,65535,65535,65535,65535,65535
2026-07-31 10:03:42.445,39.27,54348,48865,61280,65535,65535,65535,65535,65535,65535
2026-07-31 10:03:42.495,39.32,54348,43326,61280,65535,65535,65535,65535,65535,65535
2026-07-31 10:03:42.546,39.38,54348,43326,61280,65535,65535,65535,65535,65535,65535
2026-07-31 10:03:42.594,39.42,54348,43326,61280,65535,65535,65535,65535,65535,65535
2026-07-31 10:03:42.645,39.47,54348,43326,61280,65535,65535,65535,65535,65535,65535
2026-07-31 10:03:42.689,39.52,54348,43326,61280,65535,65535,65535,65535,65535,65535
2026-07-31 10:03:42.737,39.57,54348,43326,61280,65535,65535,65535,65535,65535,65535
2026-07-31 10:03:42.784,39.61,54348,43326,61280,65535,65535,65535,65535,65535,65535
2026-07-31 10:03:42.842,39.67,54348,43326,61280,65535,65535,65535,65535,65535,65535
2026-07-31 10:03:42.897,39.73,54348,43326,61280,65535,65535,65535,65535,65535,65535
2026-07-31 10:03:42.963,39.79,54348,43326,61280,65535,65535,65535,65535,65535,65535
2026-07-31 10:03:42.999,39.83,54094,43326,61280,65535,65535,65535,65535,65535,65535
2026-07-31 10:03:43.048,39.88,54094,43326,61280,65535,65535,65535,65535,65535,65535
2026-07-31 10:03:43.092,39.92,54094,43326,61280,65535,65535,65535,65535,65535,65535
2026-07-31 10:03:43.143,39.97,54094,43326,61280,65535,65535,65535,65535,65535,65535
2026-07-31 10:03:43.188,40.02,54094,43326,61280,65535,65535,65535,65535,65535,65535
2026-07-31 10:03:43.235,40.06,54094,43326,61280,65535,65535,65535,65535,65535,65535
2026-07-31 10:03:43.285,40.11,54094,43326,61280,65535,65535,65535,65535,65535,65535
2026-07-31 10:03:43.332,40.16,54094,43326,61280,65535,65535,65535,65535,65535,65535
2026-07-31 10:03:43.381,40.21,54094,43326,61280,65535,65535,65535,65535,65535,65535
2026-07-31 10:03:43.429,40.26,54094,43326,61280,65535,65535,65535,65535,65535,65535
2026-07-31 10:03:43.464,40.29,54094,43326,61280,65535,65535,65535,65535,65535,65535
2026-07-31 10:03:43.514,40.34,54094,43326,61280,65535,65535,65535,65535,65535,65535
2026-07-31 10:03:43.559,40.39,56807,43326,61428,65535,65535,65535,65535,65535,65535
2026-07-31 10:03:43.609,40.44,56807,52130,61428,65535,65535,65535,65535,65535,65535
2026-07-31 10:03:43.661,40.49,56807,52130,61428,65535,65535,65535,65535,65535,65535
2026-07-31 10:03:43.747,40.58,56807,52130,61428,65535,65535,65535,65535,65535,65535
2026-07-31 10:03:43.798,40.63,56807,52130,61428,65535,65535,65535,65535,65535,65535
2026-07-31 10:03:43.845,40.67,56807,52130,61428,65535,65535,65535,65535,65535,65535
2026-07-31 10:03:43.893,40.72,56807,52130,61428,65535,65535,65535,65535,65535,65535
2026-07-31 10:03:43.942,40.77,56807,52130,61428,65535,65535,65535,65535,65535,65535
2026-07-31 10:03:43.982,40.81,56807,52130,61428,65535,65535,65535,65535,65535,65535
2026-07-31 10:03:44.028,40.86,56807,52130,61428,65535,65535,65535,65535,65535,65535
2026-07-31 10:03:44.075,40.9,56807,52130,61428,65535,65535,65535,65535,65535,65535
2026-07-31 10:03:44.124,40.95,54094,52130,61576,65535,65535,65535,65535,65535,65535
2026-07-31 10:03:44.171,41.0,54094,43495,61576,65535,65535,65535,65535,65535,65535
2026-07-31 10:03:44.217,41.05,54094,43495,61576,65535,65535,65535,65535,65535,65535
2026-07-31 10:03:44.264,41.09,54094,43495,61576,65535,65535,65535,65535,65535,65535
2026-07-31 10:03:44.315,41.14,54094,43495,61576,65535,65535,65535,65535,65535,65535
2026-07-31 10:03:44.366,41.2,54094,43495,61576,65535,65535,65535,65535,65535,65535
2026-07-31 10:03:44.421,41.25,54094,43495,61576,65535,65535,65535,65535,65535,65535
2026-07-31 10:03:44.459,41.29,54094,43495,61576,65535,65535,65535,65535,65535,65535
2026-07-31 10:03:44.537,41.37,54094,43495,61576,65535,65535,65535,65535,65535,65535
2026-07-31 10:03:44.592,41.42,54094,43495,61576,65535,65535,65535,65535,65535,65535
2026-07-31 10:03:44.643,41.47,54094,43495,61576,65535,65535,65535,65535,65535,65535
2026-07-31 10:03:44.689,41.52,54009,43495,61576,65535,65535,65535,65535,65535,65535
2026-07-31 10:03:44.739,41.57,54009,50646,61576,65535,65535,65535,65535,65535,65535
2026-07-31 10:03:44.786,41.62,54009,50646,61576,65535,65535,65535,65535,65535,65535
2026-07-31 10:03:44.834,41.66,54009,50646,61576,65535,65535,65535,65535,65535,65535
2026-07-31 10:03:44.881,41.71,54009,50646,61576,65535,65535,65535,65535,65535,65535
2026-07-31 10:03:44.932,41.76,54009,50646,61576,65535,65535,65535,65535,65535,65535
2026-07-31 10:03:44.971,41.8,54009,50646,61576,65535,65535,65535,65535,65535,65535
2026-07-31 10:03:45.019,41.85,54009,50646,61576,65535,65535,65535,65535,65535,65535
2026-07-31 10:03:45.066,41.9,54009,50646,61576,65535,65535,65535,65535,65535,65535
2026-07-31 10:03:45.115,41.94,54009,50646,61576,65535,65535,65535,65535,65535,65535
2026-07-31 10:03:45.166,42.0,54009,50646,61576,65535,65535,65535,65535,65535,65535
2026-07-31 10:03:45.224,42.05,54009,50646,60983,65535,65535,65535,65535,65535,65535
2026-07-31 10:03:45.278,42.11,63209,43241,60983,65535,65535,65535,65535,65535,65535
2026-07-31 10:03:45.360,42.19,63209,43241,60983,65535,65535,65535,65535,65535,65535
2026-07-31 10:03:45.409,42.24,63209,43241,60983,65535,65535,65535,65535,65535,65535
2026-07-31 10:03:45.449,42.28,63209,43241,60983,65535,65535,65535,65535,65535,65535
2026-07-31 10:03:45.484,42.31,63209,43241,60983,65535,65535,65535,65535,65535,65535
2026-07-31 10:03:45.534,42.36,63209,43241,60983,65535,65535,65535,65535,65535,65535
2026-07-31 10:03:45.587,42.42,63209,43241,60983,65535,65535,65535,65535,65535,65535
2026-07-31 10:03:45.639,42.47,63209,43241,60983,65535,65535,65535,65535,65535,65535
2026-07-31 10:03:45.686,42.52,63209,43241,60983,65535,65535,65535,65535,65535,65535
2026-07-31 10:03:45.735,42.56,63209,43241,60983,65535,65535,65535,65535,65535,65535
2026-07-31 10:03:45.779,42.61,63209,43241,60983,65535,65535,65535,65535,65535,65535
2026-07-31 10:03:45.827,42.66,54009,43326,61280,65535,65535,65535,65535,65535,65535
2026-07-31 10:03:45.876,42.7,54009,43326,61280,65535,65535,65535,65535,65535,65535
2026-07-31 10:03:45.923,42.75,54009,43326,61280,65535,65535,65535,65535,65535,65535
2026-07-31 10:03:45.961,42.79,54009,43326,61280,65535,65535,65535,65535,65535,65535
2026-07-31 10:03:46.013,42.84,54009,43326,61280,65535,65535,65535,65535,65535,65535
2026-07-31 10:03:46.065,42.89,54009,43326,61280,65535,65535,65535,65535,65535,65535
2026-07-31 10:03:46.143,42.97,54009,43326,61280,65535,65535,65535,65535,65535,65535
2026-07-31 10:03:46.195,43.02,54009,43326,61280,65535,65535,65535,65535,65535,65535
2026-07-31 10:03:46.247,43.08,54009,43326,61280,65535,65535,65535,65535,65535,65535
2026-07-31 10:03:46.295,43.12,54009,43326,61280,65535,65535,65535,65535,65535,65535
2026-07-31 10:03:46.342,43.17,54009,43326,61280,65535,65535,65535,65535,65535,65535
2026-07-31 10:03:46.392,43.22,63110,43411,61131,65535,65535,65535,65535,65535,65535
2026-07-31 10:03:46.436,43.27,63110,43411,61131,65535,65535,65535,65535,65535,65535
2026-07-31 10:03:46.474,43.3,63110,43411,61131,65535,65535,65535,65535,65535,65535
2026-07-31 10:03:46.521,43.35,63110,43411,61131,65535,65535,65535,65535,65535,65535
2026-07-31 10:03:46.568,43.4,63110,43411,61131,65535,65535,65535,65535,65535,65535
2026-07-31 10:03:46.616,43.45,63110,43411,61131,65535,65535,65535,65535,65535,65535
2026-07-31 10:03:46.666,43.49,63110,43411,61131,65535,65535,65535,65535,65535,65535
2026-07-31 10:03:46.719,43.55,63110,43411,61131,65535,65535,65535,65535,65535,65535
2026-07-31 10:03:46.773,43.6,63110,43411,61131,65535,65535,65535,65535,65535,65535
2026-07-31 10:03:46.830,43.66,63110,43411,61131,65535,65535,65535,65535,65535,65535
2026-07-31 10:03:46.878,43.71,63110,43411,61131,65535,65535,65535,65535,65535,65535
2026-07-31 10:03:46.960,43.79,54009,43072,61725,65535,65535,65535,65535,65535,65535
2026-07-31 10:03:46.997,43.83,54009,43072,61725,65535,65535,65535,65535,65535,65535
2026-07-31 10:03:47.040,43.87,54009,43072,61725,65535,65535,65535,65535,65535,65535
2026-07-31 10:03:47.088,43.92,54009,43072,61725,65535,65535,65535,65535,65535,65535
2026-07-31 10:03:47.142,43.97,54009,43072,61725,65535,65535,65535,65535,65535,65535
2026-07-31 10:03:47.194,44.02,54009,43072,61725,65535,65535,65535,65535,65535,65535
2026-07-31 10:03:47.243,44.07,54009,43072,61725,65535,65535,65535,65535,65535,65535
2026-07-31 10:03:47.292,44.12,54009,43072,61725,65535,65535,65535,65535,65535,65535
2026-07-31 10:03:47.340,44.17,54009,43072,61725,65535,65535,65535,65535,65535,65535
2026-07-31 10:03:47.392,44.22,54009,43072,61725,65535,65535,65535,65535,65535,65535
2026-07-31 10:03:47.441,44.27,54009,43072,61725,65535,65535,65535,65535,65535,65535
2026-07-31 10:03:47.478,44.31,54009,43072,61428,65535,65535,65535,65535,65535,65535
2026-07-31 10:03:47.528,44.36,59351,41969,61428,65535,65535,65535,65535,65535,65535
2026-07-31 10:03:47.578,44.41,59351,41969,61428,65535,65535,65535,65535,65535,65535
2026-07-31 10:03:47.629,44.46,59351,41969,61428,65535,65535,65535,65535,65535,65535
2026-07-31 10:03:47.677,44.51,59351,41969,61428,65535,65535,65535,65535,65535,65535
2026-07-31 10:03:47.755,44.58,59351,41969,61428,65535,65535,65535,65535,65535,65535
2026-07-31 10:03:47.806,44.63,59351,41969,61428,65535,65535,65535,65535,65535,65535
2026-07-31 10:03:47.857,44.69,59351,41969,61428,65535,65535,65535,65535,65535,65535
2026-07-31 10:03:47.902,44.73,59351,41969,61428,65535,65535,65535,65535,65535,65535
2026-07-31 10:03:47.940,44.77,59351,41969,61428,65535,65535,65535,65535,65535,65535
2026-07-31 10:03:47.976,44.8,59351,41969,61428,65535,65535,65535,65535,65535,65535
2026-07-31 10:03:48.024,44.85,59351,41969,61428,65535,65535,65535,65535,65535,65535
2026-07-31 10:03:48.076,44.91,54009,43326,48905,65535,65535,65535,65535,65535,65535
2026-07-31 10:03:48.124,44.95,54009,43326,48905,65535,65535,65535,65535,65535,65535
2026-07-31 10:03:48.171,45.0,54009,43326,48905,65535,65535,65535,65535,65535,65535
2026-07-31 10:03:48.221,45.05,54009,43326,48905,65535,65535,65535,65535,65535,65535
2026-07-31 10:03:48.267,45.1,54009,43326,48905,65535,65535,65535,65535,65535,65535
2026-07-31 10:03:48.313,45.14,54009,43326,48905,65535,65535,65535,65535,65535,65535
2026-07-31 10:03:48.361,45.19,54009,43326,48905,65535,65535,65535,65535,65535,65535
2026-07-31 10:03:48.416,45.25,54009,43326,48905,65535,65535,65535,65535,65535,65535
2026-07-31 10:03:48.455,45.28,54009,43326,48905,65535,65535,65535,65535,65535,65535
2026-07-31 10:03:48.532,45.36,54009,43326,48905,65535,65535,65535,65535,65535,65535
2026-07-31 10:03:48.578,45.41,54009,43326,48905,65535,65535,65535,65535,65535,65535
2026-07-31 10:03:48.627,45.46,54009,43326,49261,65535,65535,65535,65535,65535,65535
2026-07-31 10:03:48.673,45.5,54009,43411,49261,65535,65535,65535,65535,65535,65535
2026-07-31 10:03:48.723,45.55,54009,43411,49261,65535,65535,65535,65535,65535,65535
2026-07-31 10:03:48.768,45.6,54009,43411,49261,65535,65535,65535,65535,65535,65535
2026-07-31 10:03:48.815,45.64,54009,43411,49261,65535,65535,65535,65535,65535,65535
2026-07-31 10:03:48.866,45.7,54009,43411,49261,65535,65535,65535,65535,65535,65535
2026-07-31 10:03:48.914,45.74,54009,43411,49261,65535,65535,65535,65535,65535,65535
2026-07-31 10:03:48.948,45.78,54009,43411,49261,65535,65535,65535,65535,65535,65535
2026-07-31 10:03:48.996,45.83,54009,43411,49261,65535,65535,65535,65535,65535,65535
2026-07-31 10:03:49.044,45.87,54009,43411,49261,65535,65535,65535,65535,65535,65535
2026-07-31 10:03:49.093,45.92,54009,43411,49261,65535,65535,65535,65535,65535,65535
2026-07-31 10:03:49.146,45.98,54009,43411,49261,65535,65535,65535,65535,65535,65535
2026-07-31 10:03:49.203,46.03,56722,52426,65534,65535,65535,65535,65535,65535,65535
2026-07-31 10:03:49.251,46.08,56722,52426,65534,65535,65535,65535,65535,65535,65535
2026-07-31 10:03:49.325,46.15,56722,52426,65534,65535,65535,65535,65535,65535,65535
2026-07-31 10:03:49.378,46.21,56722,52426,65534,65535,65535,65535,65535,65535,65535
2026-07-31 10:03:49.431,46.26,56722,52426,65534,65535,65535,65535,65535,65535,65535
2026-07-31 10:03:49.466,46.29,56722,52426,65534,65535,65535,65535,65535,65535,65535
2026-07-31 10:03:49.511,46.34,56722,52426,65534,65535,65535,65535,65535,65535,65535
2026-07-31 10:03:49.562,46.39,56722,52426,65534,65535,65535,65535,65535,65535,65535
2026-07-31 10:03:49.605,46.43,56722,52426,65534,65535,65535,65535,65535,65535,65535
2026-07-31 10:03:49.656,46.49,56722,52426,65534,65535,65535,65535,65535,65535,65535
2026-07-31 10:03:49.703,46.53,56722,52426,65534,65535,65535,65535,65535,65535,65535
2026-07-31 10:03:49.752,46.58,54518,52426,61280,65535,65535,65535,65535,65535,65535
2026-07-31 10:03:49.799,46.63,54518,50547,61280,65535,65535,65535,65535,65535,65535
2026-07-31 10:03:49.846,46.68,54518,50547,61280,65535,65535,65535,65535,65535,65535
2026-07-31 10:03:49.895,46.72,54518,50547,61280,65535,65535,65535,65535,65535,65535
2026-07-31 10:03:49.945,46.77,54518,50547,61280,65535,65535,65535,65535,65535,65535
2026-07-31 10:03:49.984,46.81,54518,50547,61280,65535,65535,65535,65535,65535,65535
2026-07-31 10:03:50.031,46.86,54518,50547,61280,65535,65535,65535,65535,65535,65535
2026-07-31 10:03:50.116,46.95,54518,50547,61280,65535,65535,65535,65535,65535,65535
2026-07-31 10:03:50.160,46.99,54518,50547,61280,65535,65535,65535,65535,65535,65535
2026-07-31 10:03:50.209,47.04,54518,50547,61280,65535,65535,65535,65535,65535,65535
2026-07-31 10:03:50.256,47.09,54518,50547,61280,65535,65535,65535,65535,65535,65535
2026-07-31 10:03:50.303,47.13,54518,50547,61428,65535,65535,65535,65535,65535,65535
2026-07-31 10:03:50.354,47.18,54179,43326,61428,65535,65535,65535,65535,65535,65535
2026-07-31 10:03:50.406,47.24,54179,43326,61428,65535,65535,65535,65535,65535,65535
2026-07-31 10:03:50.443,47.27,54179,43326,61428,65535,65535,65535,65535,65535,65535
2026-07-31 10:03:50.482,47.31,54179,43326,61428,65535,65535,65535,65535,65535,65535
2026-07-31 10:03:50.529,47.36,54179,43326,61428,65535,65535,65535,65535,65535,65535
2026-07-31 10:03:50.579,47.41,54179,43326,61428,65535,65535,65535,65535,65535,65535
2026-07-31 10:03:50.631,47.46,54179,43326,61428,65535,65535,65535,65535,65535,65535
2026-07-31 10:03:50.680,47.51,54179,43326,61428,65535,65535,65535,65535,65535,65535
2026-07-31 10:03:50.723,47.55,54179,43326,61428,65535,65535,65535,65535,65535,65535
2026-07-31 10:03:50.783,47.61,54179,43326,61428,65535,65535,65535,65535,65535,65535
2026-07-31 10:03:50.836,47.67,54179,43326,61428,65535,65535,65535,65535,65535,65535
2026-07-31 10:03:50.921,47.75,53924,50448,60983,65535,65535,65535,65535,65535,65535
2026-07-31 10:03:50.957,47.79,53924,50448,60983,65535,65535,65535,65535,65535,65535
2026-07-31 10:03:51.003,47.83,53924,50448,60983,65535,65535,65535,65535,65535,65535
2026-07-31 10:03:51.055,47.88,53924,50448,60983,65535,65535,65535,65535,65535,65535
2026-07-31 10:03:51.108,47.94,53924,50448,60983,65535,65535,65535,65535,65535,65535
2026-07-31 10:03:51.154,47.98,53924,50448,60983,65535,65535,65535,65535,65535,65535
2026-07-31 10:03:51.204,48.03,53924,50448,60983,65535,65535,65535,65535,65535,65535
2026-07-31 10:03:51.255,48.08,53924,50448,60983,65535,65535,65535,65535,65535,65535
2026-07-31 10:03:51.306,48.14,53924,50448,60983,65535,65535,65535,65535,65535,65535
2026-07-31 10:03:51.350,48.18,53924,50448,60983,65535,65535,65535,65535,65535,65535
2026-07-31 10:03:51.399,48.23,53924,50448,60983,65535,65535,65535,65535,65535,65535
2026-07-31 10:03:51.452,48.28,63011,50448,48905,65535,65535,65535,65535,65535,65535
2026-07-31 10:03:51.489,48.32,63011,43241,48905,65535,65535,65535,65535,65535,65535
2026-07-31 10:03:51.535,48.36,63011,43241,48905,65535,65535,65535,65535,65535,65535
2026-07-31 10:03:51.588,48.42,63011,43241,48905,65535,65535,65535,65535,65535,65535
2026-07-31 10:03:51.641,48.47,63011,43241,48905,65535,65535,65535,65535,65535,65535
2026-07-31 10:03:51.722,48.55,63011,43241,48905,65535,65535,65535,65535,65535,65535
2026-07-31 10:03:51.774,48.6,63011,43241,48905,65535,65535,65535,65535,65535,65535
2026-07-31 10:03:51.818,48.65,63011,43241,48905,65535,65535,65535,65535,65535,65535
2026-07-31 10:03:51.868,48.7,63011,43241,48905,65535,65535,65535,65535,65535,65535
2026-07-31 10:03:51.917,48.75,63011,43241,48905,65535,65535,65535,65535,65535,65535
2026-07-31 10:03:51.958,48.79,63011,43241,48905,65535,65535,65535,65535,65535,65535
2026-07-31 10:03:52.003,48.83,63110,43241,61428,65535,65535,65535,65535,65535,65535
2026-07-31 10:03:52.054,48.88,63110,43241,61428,65535,65535,65535,65535,65535,65535
2026-07-31 10:03:52.101,48.93,63110,43241,61428,65535,65535,65535,65535,65535,65535
2026-07-31 10:03:52.151,48.98,63110,43241,61428,65535,65535,65535,65535,65535,65535
2026-07-31 10:03:52.193,49.02,63110,43241,61428,65535,65535,65535,65535,65535,65535
2026-07-31 10:03:52.247,49.08,63110,43241,61428,65535,65535,65535,65535,65535,65535
2026-07-31 10:03:52.296,49.13,63110,43241,61428,65535,65535,65535,65535,65535,65535
2026-07-31 10:03:52.348,49.18,63110,43241,61428,65535,65535,65535,65535,65535,65535
2026-07-31 10:03:52.400,49.23,63110,43241,61428,65535,65535,65535,65535,65535,65535
2026-07-31 10:03:52.453,49.28,63110,43241,61428,65535,65535,65535,65535,65535,65535
2026-07-31 10:03:52.495,49.32,63110,43241,61428,65535,65535,65535,65535,65535,65535
2026-07-31 10:03:52.534,49.36,63110,43241,61428,65535,65535,65535,65535,65535,65535
2026-07-31 10:03:52.582,49.41,54179,50646,61280,65535,65535,65535,65535,65535,65535
2026-07-31 10:03:52.629,49.46,54179,50646,61280,65535,65535,65535,65535,65535,65535
2026-07-31 10:03:52.678,49.51,54179,50646,61280,65535,65535,65535,65535,65535,65535
2026-07-31 10:03:52.727,49.56,54179,50646,61280,65535,65535,65535,65535,65535,65535
2026-07-31 10:03:52.779,49.61,54179,50646,61280,65535,65535,65535,65535,65535,65535
2026-07-31 10:03:52.825,49.65,54179,50646,61280,65535,65535,65535,65535,65535,65535
2026-07-31 10:03:52.871,49.7,54179,50646,61280,65535,65535,65535,65535,65535,65535
2026-07-31 10:03:52.922,49.75,54179,50646,61280,65535,65535,65535,65535,65535,65535
2026-07-31 10:03:52.965,49.79,54179,50646,61280,65535,65535,65535,65535,65535,65535
2026-07-31 10:03:52.999,49.83,54179,50646,61280,65535,65535,65535,65535,65535,65535
2026-07-31 10:03:53.046,49.88,54179,50646,61280,65535,65535,65535,65535,65535,65535
2026-07-31 10:03:53.092,49.92,54179,50646,61280,65535,65535,65535,65535,65535,65535
2026-07-31 10:03:53.142,49.97,60043,50646,61280,65535,65535,65535,65535,65535,65535
2026-07-31 10:03:53.194,50.02,60043,49360,61280,65535,65535,65535,65535,65535,65535
2026-07-31 10:03:53.272,50.1,60043,49360,61280,65535,65535,65535,65535,65535,65535
2026-07-31 10:03:53.320,50.15,60043,49360,61280,65535,65535,65535,65535,65535,65535
2026-07-31 10:03:53.369,50.2,60043,49360,61280,65535,65535,65535,65535,65535,65535
2026-07-31 10:03:53.413,50.24,60043,49360,61280,65535,65535,65535,65535,65535,65535
2026-07-31 10:03:53.450,50.28,60043,49360,61280,65535,65535,65535,65535,65535,65535
2026-07-31 10:03:53.485,50.31,60043,49360,61280,65535,65535,65535,65535,65535,65535
2026-07-31 10:03:53.535,50.36,60043,49360,61280,65535,65535,65535,65535,65535,65535
2026-07-31 10:03:53.584,50.41,60043,49360,61280,65535,65535,65535,65535,65535,65535
2026-07-31 10:03:53.630,50.46,60043,49360,61280,65535,65535,65535,65535,65535,65535
2026-07-31 10:03:53.676,50.51,60043,49360,61428,65535,65535,65535,65535,65535,65535
2026-07-31 10:03:53.725,50.55,63209,43580,61428,65535,65535,65535,65535,65535,65535
2026-07-31 10:03:53.774,50.6,63209,43580,61428,65535,65535,65535,65535,65535,65535
2026-07-31 10:03:53.826,50.66,63209,43580,61428,65535,65535,65535,65535,65535,65535
2026-07-31 10:03:53.873,50.7,63209,43580,61428,65535,65535,65535,65535,65535,65535
2026-07-31 10:03:53.922,50.75,63209,43580,61428,65535,65535,65535,65535,65535,65535
2026-07-31 10:03:53.962,50.79,63209,43580,61428,65535,65535,65535,65535,65535,65535
2026-07-31 10:03:54.005,50.83,63209,43580,61428,65535,65535,65535,65535,65535,65535
2026-07-31 10:03:54.044,50.87,63209,43580,61428,65535,65535,65535,65535,65535,65535
2026-07-31 10:03:54.091,50.92,63209,43580,61428,65535,65535,65535,65535,65535,65535
2026-07-31 10:03:54.135,50.96,63209,43580,61428,65535,65535,65535,65535,65535,65535
2026-07-31 10:03:54.184,51.01,63209,43580,61428,65535,65535,65535,65535,65535,65535
2026-07-31 10:03:54.235,51.06,63209,43580,61576,65535,65535,65535,65535,65535,65535
2026-07-31 10:03:54.284,51.11,63011,43411,61576,65535,65535,65535,65535,65535,65535
2026-07-31 10:03:54.333,51.16,63011,43411,61576,65535,65535,65535,65535,65535,65535
2026-07-31 10:03:54.382,51.21,63011,43411,61576,65535,65535,65535,65535,65535,65535
2026-07-31 10:03:54.430,51.26,63011,43411,61576,65535,65535,65535,65535,65535,65535
2026-07-31 10:03:54.471,51.3,63011,43411,61576,65535,65535,65535,65535,65535,65535
2026-07-31 10:03:54.505,51.33,63011,43411,61576,65535,65535,65535,65535,65535,65535
2026-07-31 10:03:54.551,51.38,63011,43411,61576,65535,65535,65535,65535,65535,65535
2026-07-31 10:03:54.599,51.43,63011,43411,61576,65535,65535,65535,65535,65535,65535
2026-07-31 10:03:54.654,51.48,63011,43411,61576,65535,65535,65535,65535,65535,65535
2026-07-31 10:03:54.709,51.54,63011,43411,61576,65535,65535,65535,65535,65535,65535
2026-07-31 10:03:54.785,51.61,63011,43411,61576,65535,65535,65535,65535,65535,65535
2026-07-31 10:03:54.832,51.66,63011,43411,49024,65535,65535,65535,65535,65535,65535
2026-07-31 10:03:54.884,51.71,63011,44767,49024,65535,65535,65535,65535,65535,65535
2026-07-31 10:03:54.935,51.76,63011,44767,49024,65535,65535,65535,65535,65535,65535
2026-07-31 10:03:54.970,51.8,63011,44767,49024,65535,65535,65535,65535,65535,65535
2026-07-31 10:03:55.017,51.85,63011,44767,49024,65535,65535,65535,65535,65535,65535
2026-07-31 10:03:55.069,51.9,63011,44767,49024,65535,65535,65535,65535,65535,65535
2026-07-31 10:03:55.122,51.95,63011,44767,49024,65535,65535,65535,65535,65535,65535
2026-07-31 10:03:55.173,52.0,63011,44767,49024,65535,65535,65535,65535,65535,65535
2026-07-31 10:03:55.222,52.05,63011,44767,49024,65535,65535,65535,65535,65535,65535
2026-07-31 10:03:55.271,52.1,63011,44767,49024,65535,65535,65535,65535,65535,65535
2026-07-31 10:03:55.325,52.15,63011,44767,49024,65535,65535,65535,65535,65535,65535
2026-07-31 10:03:55.373,52.2,63011,44767,62022,65535,65535,65535,65535,65535,65535
2026-07-31 10:03:55.428,52.26,62912,50547,62022,65535,65535,65535,65535,65535,65535
2026-07-31 10:03:55.476,52.3,62912,50547,62022,65535,65535,65535,65535,65535,65535
2026-07-31 10:03:55.515,52.34,62912,50547,62022,65535,65535,65535,65535,65535,65535
2026-07-31 10:03:55.578,52.41,62912,50547,62022,65535,65535,65535,65535,65535,65535
2026-07-31 10:03:55.624,52.45,62912,50547,62022,65535,65535,65535,65535,65535,65535
2026-07-31 10:03:55.671,52.5,62912,50547,62022,65535,65535,65535,65535,65535,65535
2026-07-31 10:03:55.723,52.55,62912,50547,62022,65535,65535,65535,65535,65535,65535
2026-07-31 10:03:55.771,52.6,62912,50547,62022,65535,65535,65535,65535,65535,65535
2026-07-31 10:03:55.824,52.65,62912,50547,62022,65535,65535,65535,65535,65535,65535
2026-07-31 10:03:55.868,52.7,62912,50547,62022,65535,65535,65535,65535,65535,65535
2026-07-31 10:03:55.916,52.75,62912,50547,62022,65535,65535,65535,65535,65535,65535
2026-07-31 10:03:55.969,52.8,65534,49162,61725,65535,65535,65535,65535,65535,65535
2026-07-31 10:03:56.005,52.83,65534,49162,61725,65535,65535,65535,65535,65535,65535
2026-07-31 10:03:56.051,52.88,65534,49162,61725,65535,65535,65535,65535,65535,65535
2026-07-31 10:03:56.099,52.93,65534,49162,61725,65535,65535,65535,65535,65535,65535
2026-07-31 10:03:56.148,52.98,65534,49162,61725,65535,65535,65535,65535,65535,65535
2026-07-31 10:03:56.197,53.03,65534,49162,61725,65535,65535,65535,65535,65535,65535
2026-07-31 10:03:56.251,53.08,65534,49162,61725,65535,65535,65535,65535,65535,65535
2026-07-31 10:03:56.299,53.13,65534,49162,61725,65535,65535,65535,65535,65535,65535
2026-07-31 10:03:56.379,53.21,65534,49162,61725,65535,65535,65535,65535,65535,65535
2026-07-31 10:03:56.431,53.26,65534,49162,61725,65535,65535,65535,65535,65535,65535
2026-07-31 10:03:56.469,53.3,65534,49162,61725,65535,65535,65535,65535,65535,65535
2026-07-31 10:03:56.509,53.34,65534,49162,61428,65535,65535,65535,65535,65535,65535
2026-07-31 10:03:56.561,53.39,63110,43495,61428,65535,65535,65535,65535,65535,65535
2026-07-31 10:03:56.611,53.44,63110,43495,61428,65535,65535,65535,65535,65535,65535
2026-07-31 10:03:56.655,53.48,63110,43495,61428,65535,65535,65535,65535,65535,65535
2026-07-31 10:03:56.706,53.54,63110,43495,61428,65535,65535,65535,65535,65535,65535
2026-07-31 10:03:56.750,53.58,63110,43495,61428,65535,65535,65535,65535,65535,65535
2026-07-31 10:03:56.803,53.63,63110,43495,61428,65535,65535,65535,65535,65535,65535
2026-07-31 10:03:56.849,53.68,63110,43495,61428,65535,65535,65535,65535,65535,65535
2026-07-31 10:03:56.900,53.73,63110,43495,61428,65535,65535,65535,65535,65535,65535
2026-07-31 10:03:56.952,53.78,63110,43495,61428,65535,65535,65535,65535,65535,65535
2026-07-31 10:03:56.992,53.82,63110,43495,61428,65535,65535,65535,65535,65535,65535
2026-07-31 10:03:57.045,53.87,63110,43495,61428,65535,65535,65535,65535,65535,65535
2026-07-31 10:03:57.093,53.92,59648,43495,61725,65535,65535,65535,65535,65535,65535
2026-07-31 10:03:57.174,54.0,59648,43241,61725,65535,65535,65535,65535,65535,65535
2026-07-31 10:03:57.221,54.05,59648,43241,61725,65535,65535,65535,65535,65535,65535
2026-07-31 10:03:57.271,54.1,59648,43241,61725,65535,65535,65535,65535,65535,65535
2026-07-31 10:03:57.316,54.14,59648,43241,61725,65535,65535,65535,65535,65535,65535
2026-07-31 10:03:57.366,54.2,59648,43241,61725,65535,65535,65535,65535,65535,65535
2026-07-31 10:03:57.413,54.24,59648,43241,61725,65535,65535,65535,65535,65535,65535
2026-07-31 10:03:57.453,54.28,59648,43241,61725,65535,65535,65535,65535,65535,65535
2026-07-31 10:03:57.490,54.32,59648,43241,61725,65535,65535,65535,65535,65535,65535
2026-07-31 10:03:57.537,54.37,59648,43241,61725,65535,65535,65535,65535,65535,65535
2026-07-31 10:03:57.585,54.41,59648,43241,61725,65535,65535,65535,65535,65535,65535
2026-07-31 10:03:57.634,54.46,59648,43241,49024,65535,65535,65535,65535,65535,65535
2026-07-31 10:03:57.682,54.51,63406,43326,49024,65535,65535,65535,65535,65535,65535
2026-07-31 10:03:57.730,54.56,63406,43326,49024,65535,65535,65535,65535,65535,65535
2026-07-31 10:03:57.776,54.61,63406,43326,49024,65535,65535,65535,65535,65535,65535
2026-07-31 10:03:57.832,54.66,63406,43326,49024,65535,65535,65535,65535,65535,65535
2026-07-31 10:03:57.884,54.71,63406,43326,49024,65535,65535,65535,65535,65535,65535
2026-07-31 10:03:57.960,54.79,63406,43326,49024,65535,65535,65535,65535,65535,65535
2026-07-31 10:03:57.997,54.83,63406,43326,49024,65535,65535,65535,65535,65535,65535
2026-07-31 10:03:58.033,54.86,63406,43326,49024,65535,65535,65535,65535,65535,65535
2026-07-31 10:03:58.080,54.91,63406,43326,49024,65535,65535,65535,65535,65535,65535
2026-07-31 10:03:58.126,54.96,63406,43326,49024,65535,65535,65535,65535,65535,65535
2026-07-31 10:03:58.173,55.0,63406,43326,49024,65535,65535,65535,65535,65535,65535
2026-07-31 10:03:58.220,55.05,54179,43326,62022,65535,65535,65535,65535,65535,65535
2026-07-31 10:03:58.268,55.1,54179,43326,62022,65535,65535,65535,65535,65535,65535
2026-07-31 10:03:58.316,55.15,54179,43326,62022,65535,65535,65535,65535,65535,65535
2026-07-31 10:03:58.363,55.19,54179,43326,62022,65535,65535,65535,65535,65535,65535
2026-07-31 10:03:58.413,55.24,54179,43326,62022,65535,65535,65535,65535,65535,65535
2026-07-31 10:03:58.464,55.29,54179,43326,62022,65535,65535,65535,65535,65535,65535
2026-07-31 10:03:58.501,55.33,54179,43326,62022,65535,65535,65535,65535,65535,65535
2026-07-31 10:03:58.549,55.38,54179,43326,62022,65535,65535,65535,65535,65535,65535
2026-07-31 10:03:58.608,55.44,54179,43326,62022,65535,65535,65535,65535,65535,65535
2026-07-31 10:03:58.659,55.49,54179,43326,62022,65535,65535,65535,65535,65535,65535
2026-07-31 10:03:58.736,55.57,54179,43326,62022,65535,65535,65535,65535,65535,65535
2026-07-31 10:03:58.781,55.61,59845,43326,61576,65535,65535,65535,65535,65535,65535
2026-07-31 10:03:58.830,55.66,59845,42224,61576,65535,65535,65535,65535,65535,65535
2026-07-31 10:03:58.875,55.7,59845,42224,61576,65535,65535,65535,65535,65535,65535
2026-07-31 10:03:58.926,55.76,59845,42224,61576,65535,65535,65535,65535,65535,65535
2026-07-31 10:03:58.975,55.8,59845,42224,61576,65535,65535,65535,65535,65535,65535
2026-07-31 10:03:59.014,55.84,59845,42224,61576,65535,65535,65535,65535,65535,65535
2026-07-31 10:03:59.061,55.89,59845,42224,61576,65535,65535,65535,65535,65535,65535
2026-07-31 10:03:59.109,55.94,59845,42224,61576,65535,65535,65535,65535,65535,65535
2026-07-31 10:03:59.157,55.99,59845,42224,61576,65535,65535,65535,65535,65535,65535
2026-07-31 10:03:59.203,56.03,59845,42224,61576,65535,65535,65535,65535,65535,65535
2026-07-31 10:03:59.258,56.09,59845,42224,61576,65535,65535,65535,65535,65535,65535
2026-07-31 10:03:59.304,56.13,59845,42224,61576,65535,65535,65535,65535,65535,65535
2026-07-31 10:03:59.356,56.19,54264,43495,61428,65535,65535,65535,65535,65535,65535
2026-07-31 10:03:59.418,56.25,54264,43495,61428,65535,65535,65535,65535,65535,65535
2026-07-31 10:03:59.465,56.29,54264,43495,61428,65535,65535,65535,65535,65535,65535
2026-07-31 10:03:59.509,56.34,54264,43495,61428,65535,65535,65535,65535,65535,65535
2026-07-31 10:03:59.543,56.37,54264,43495,61428,65535,65535,65535,65535,65535,65535
2026-07-31 10:03:59.591,56.42,54264,43495,61428,65535,65535,65535,65535,65535,65535
2026-07-31 10:03:59.641,56.47,54264,43495,61428,65535,65535,65535,65535,65535,65535
2026-07-31 10:03:59.689,56.52,54264,43495,61428,65535,65535,65535,65535,65535,65535
2026-07-31 10:03:59.733,56.56,54264,43495,61428,65535,65535,65535,65535,65535,65535
2026-07-31 10:03:59.785,56.61,54264,43495,61428,65535,65535,65535,65535,65535,65535
2026-07-31 10:03:59.835,56.66,54264,43495,61428,65535,65535,65535,65535,65535,65535
2026-07-31 10:03:59.882,56.71,54264,43495,61428,65535,65535,65535,65535,65535,65535
2026-07-31 10:03:59.928,56.76,54009,57740,61428,65535,65535,65535,65535,65535,65535
2026-07-31 10:03:59.979,56.81,54009,57740,61428,65535,65535,65535,65535,65535,65535
2026-07-31 10:04:00.014,56.84,54009,57740,61428,65535,65535,65535,65535,65535,65535
2026-07-31 10:04:00.061,56.89,54009,57740,61428,65535,65535,65535,65535,65535,65535
2026-07-31 10:04:00.112,56.94,54009,57740,61428,65535,65535,65535,65535,65535,65535
2026-07-31 10:04:00.165,56.99,54009,57740,61428,65535,65535,65535,65535,65535,65535
2026-07-31 10:04:00.213,57.04,54009,57740,61428,65535,65535,65535,65535,65535,65535
2026-07-31 10:04:00.294,57.12,54009,57740,61428,65535,65535,65535,65535,65535,65535
2026-07-31 10:04:00.341,57.17,54009,57740,61428,65535,65535,65535,65535,65535,65535
2026-07-31 10:04:00.391,57.22,54009,57740,61428,65535,65535,65535,65535,65535,65535
2026-07-31 10:04:00.436,57.26,54009,57740,61428,65535,65535,65535,65535,65535,65535
2026-07-31 10:04:00.480,57.31,57146,52426,61428,65535,65535,65535,65535,65535,65535
2026-07-31 10:04:00.518,57.35,57146,52426,61428,65535,65535,65535,65535,65535,65535
2026-07-31 10:04:00.563,57.39,57146,52426,61428,65535,65535,65535,65535,65535,65535
2026-07-31 10:04:00.613,57.44,57146,52426,61428,65535,65535,65535,65535,65535,65535
2026-07-31 10:04:00.661,57.49,57146,52426,61428,65535,65535,65535,65535,65535,65535
2026-07-31 10:04:00.710,57.54,57146,52426,61428,65535,65535,65535,65535,65535,65535
2026-07-31 10:04:00.760,57.59,57146,52426,61428,65535,65535,65535,65535,65535,65535
2026-07-31 10:04:00.814,57.64,57146,52426,61428,65535,65535,65535,65535,65535,65535
2026-07-31 10:04:00.864,57.69,57146,52426,61428,65535,65535,65535,65535,65535,65535
2026-07-31 10:04:00.919,57.75,57146,52426,61428,65535,65535,65535,65535,65535,65535
2026-07-31 10:04:00.980,57.81,57146,52426,61428,65535,65535,65535,65535,65535,65535
2026-07-31 10:04:01.019,57.85,65534,52426,62022,65535,65535,65535,65535,65535,65535
2026-07-31 10:04:01.142,57.97,65534,50646,62022,65535,65535,65535,65535,65535,65535
2026-07-31 10:04:01.193,58.02,65534,50646,62022,65535,65535,65535,65535,65535,65535
2026-07-31 10:04:01.246,58.07,65534,50646,62022,65535,65535,65535,65535,65535,65535
2026-07-31 10:04:01.297,58.13,65534,50646,62022,65535,65535,65535,65535,65535,65535
2026-07-31 10:04:01.347,58.18,65534,50646,62022,65535,65535,65535,65535,65535,65535
2026-07-31 10:04:01.400,58.23,65534,50646,62022,65535,65535,65535,65535,65535,65535
2026-07-31 10:04:01.454,58.28,65534,50646,62022,65535,65535,65535,65535,65535,65535
2026-07-31 10:04:01.503,58.33,65534,50646,62022,65535,65535,65535,65535,65535,65535
2026-07-31 10:04:01.542,58.37,65534,50646,62022,65535,65535,65535,65535,65535,65535
2026-07-31 10:04:01.595,58.42,53755,43326,61428,65535,65535,65535,65535,65535,65535
2026-07-31 10:04:01.648,58.48,53755,43326,61428,65535,65535,65535,65535,65535,65535
2026-07-31 10:04:01.702,58.53,53755,43326,61428,65535,65535,65535,65535,65535,65535
2026-07-31 10:04:01.755,58.58,53755,43326,61428,65535,65535,65535,65535,65535,65535
2026-07-31 10:04:01.807,58.64,53755,43326,61428,65535,65535,65535,65535,65535,65535
2026-07-31 10:04:01.859,58.69,53755,43326,61428,65535,65535,65535,65535,65535,65535
2026-07-31 10:04:01.906,58.74,53755,43326,61428,65535,65535,65535,65535,65535,65535
2026-07-31 10:04:01.956,58.79,53755,43326,61428,65535,65535,65535,65535,65535,65535
2026-07-31 10:04:02.007,58.84,53755,43326,61428,65535,65535,65535,65535,65535,65535
2026-07-31 10:04:02.042,58.87,53755,43326,61428,65535,65535,65535,65535,65535,65535
2026-07-31 10:04:02.091,58.92,53755,43326,61428,65535,65535,65535,65535,65535,65535
2026-07-31 10:04:02.144,58.97,54179,43326,61576,65535,65535,65535,65535,65535,65535
2026-07-31 10:04:02.191,59.02,54179,43326,61576,65535,65535,65535,65535,65535,65535
2026-07-31 10:04:02.234,59.06,54179,43326,61576,65535,65535,65535,65535,65535,65535
2026-07-31 10:04:02.282,59.11,54179,43326,61576,65535,65535,65535,65535,65535,65535
2026-07-31 10:04:02.334,59.16,54179,43326,61576,65535,65535,65535,65535,65535,65535
2026-07-31 10:04:02.384,59.21,54179,43326,61576,65535,65535,65535,65535,65535,65535
2026-07-31 10:04:02.432,59.26,54179,43326,61576,65535,65535,65535,65535,65535,65535
2026-07-31 10:04:02.479,59.31,54179,43326,61576,65535,65535,65535,65535,65535,65535
2026-07-31 10:04:02.518,59.35,54179,43326,61576,65535,65535,65535,65535,65535,65535
2026-07-31 10:04:02.563,59.39,54179,43326,61576,65535,65535,65535,65535,65535,65535
2026-07-31 10:04:02.618,59.45,54179,43326,61576,65535,65535,65535,65535,65535,65535
2026-07-31 10:04:02.665,59.49,54179,43326,61576,65535,65535,65535,65535,65535,65535
2026-07-31 10:04:02.750,59.58,65534,43326,61576,65535,65535,65535,65535,65535,65535
2026-07-31 10:04:02.799,59.63,65534,43326,61576,65535,65535,65535,65535,65535,65535
2026-07-31 10:04:02.852,59.68,65534,43326,61576,65535,65535,65535,65535,65535,65535
2026-07-31 10:04:02.898,59.73,65534,43326,61576,65535,65535,65535,65535,65535,65535
2026-07-31 10:04:02.946,59.78,65534,43326,61576,65535,65535,65535,65535,65535,65535
2026-07-31 10:04:02.998,59.83,65534,43326,61576,65535,65535,65535,65535,65535,65535
2026-07-31 10:04:03.038,59.87,65534,43326,61576,65535,65535,65535,65535,65535,65535
2026-07-31 10:04:03.087,59.92,65534,43326,61576,65535,65535,65535,65535,65535,65535
2026-07-31 10:04:03.137,59.97,65534,43326,61576,65535,65535,65535,65535,65535,65535
2026-07-31 10:04:03.185,60.01,65534,43326,61576,65535,65535,65535,65535,65535,65535
2026-07-31 10:04:03.234,60.06,65534,43326,61576,65535,65535,65535,65535,65535,65535
2026-07-31 10:04:03.285,60.11,63110,43411,61131,65535,65535,65535,65535,65535,65535
2026-07-31 10:04:03.337,60.17,63110,43411,61131,65535,65535,65535,65535,65535,65535
2026-07-31 10:04:03.382,60.21,63110,43411,61131,65535,65535,65535,65535,65535,65535
2026-07-31 10:04:03.435,60.26,63110,43411,61131,65535,65535,65535,65535,65535,65535
2026-07-31 10:04:03.489,60.32,63110,43411,61131,65535,65535,65535,65535,65535,65535
2026-07-31 10:04:03.533,60.36,63110,43411,61131,65535,65535,65535,65535,65535,65535
2026-07-31 10:04:03.568,60.4,63110,43411,61131,65535,65535,65535,65535,65535,65535
2026-07-31 10:04:03.616,60.45,63110,43411,61131,65535,65535,65535,65535,65535,65535
2026-07-31 10:04:03.665,60.49,63110,43411,61131,65535,65535,65535,65535,65535,65535
2026-07-31 10:04:03.713,60.54,63110,43411,61131,65535,65535,65535,65535,65535,65535
2026-07-31 10:04:03.758,60.59,63110,43411,61131,65535,65535,65535,65535,65535,65535
2026-07-31 10:04:03.806,60.64,63110,43411,61428,65535,65535,65535,65535,65535,65535
2026-07-31 10:04:03.855,60.68,63308,43326,61428,65535,65535,65535,65535,65535,65535
2026-07-31 10:04:03.901,60.73,63308,43326,61428,65535,65535,65535,65535,65535,65535
2026-07-31 10:04:03.953,60.78,63308,43326,61428,65535,65535,65535,65535,65535,65535
2026-07-31 10:04:04.005,60.83,63308,43326,61428,65535,65535,65535,65535,65535,65535
2026-07-31 10:04:04.041,60.87,63308,43326,61428,65535,65535,65535,65535,65535,65535
2026-07-31 10:04:04.089,60.92,63308,43326,61428,65535,65535,65535,65535,65535,65535
2026-07-31 10:04:04.137,60.97,63308,43326,61428,65535,65535,65535,65535,65535,65535
2026-07-31 10:04:04.188,61.02,63308,43326,61428,65535,65535,65535,65535,65535,65535
2026-07-31 10:04:04.238,61.07,63308,43326,61428,65535,65535,65535,65535,65535,65535
2026-07-31 10:04:04.315,61.14,63308,43326,61428,65535,65535,65535,65535,65535,65535
2026-07-31 10:04:04.362,61.19,63308,43326,61576,65535,65535,65535,65535,65535,65535
2026-07-31 10:04:04.408,61.24,51126,49162,61576,65535,65535,65535,65535,65535,65535
2026-07-31 10:04:04.455,61.28,51126,49162,61576,65535,65535,65535,65535,65535,65535
2026-07-31 10:04:04.505,61.33,51126,49162,61576,65535,65535,65535,65535,65535,65535
2026-07-31 10:04:04.542,61.37,51126,49162,61576,65535,65535,65535,65535,65535,65535
2026-07-31 10:04:04.590,61.42,51126,49162,61576,65535,65535,65535,65535,65535,65535
2026-07-31 10:04:04.635,61.46,51126,49162,61576,65535,65535,65535,65535,65535,65535
2026-07-31 10:04:04.683,61.51,51126,49162,61576,65535,65535,65535,65535,65535,65535
2026-07-31 10:04:04.734,61.56,51126,49162,61576,65535,65535,65535,65535,65535,65535
2026-07-31 10:04:04.780,61.61,51126,49162,61576,65535,65535,65535,65535,65535,65535
2026-07-31 10:04:04.827,61.66,51126,49162,61576,65535,65535,65535,65535,65535,65535
2026-07-31 10:04:04.875,61.7,51126,49162,61576,65535,65535,65535,65535,65535,65535
2026-07-31 10:04:04.924,61.75,51126,49162,61576,65535,65535,65535,65535,65535,65535
2026-07-31 10:04:04.979,61.81,63209,50646,61131,65535,65535,65535,65535,65535,65535
2026-07-31 10:04:05.019,61.85,63209,50646,61131,65535,65535,65535,65535,65535,65535
2026-07-31 10:04:05.090,61.92,63209,50646,61131,65535,65535,65535,65535,65535,65535
2026-07-31 10:04:05.138,61.97,63209,50646,61131,65535,65535,65535,65535,65535,65535
2026-07-31 10:04:05.188,62.02,63209,50646,61131,65535,65535,65535,65535,65535,65535
2026-07-31 10:04:05.241,62.07,63209,50646,61131,65535,65535,65535,65535,65535,65535
2026-07-31 10:04:05.290,62.12,63209,50646,61131,65535,65535,65535,65535,65535,65535
2026-07-31 10:04:05.344,62.17,63209,50646,61131,65535,65535,65535,65535,65535,65535
2026-07-31 10:04:05.392,62.22,63209,50646,61131,65535,65535,65535,65535,65535,65535
2026-07-31 10:04:05.440,62.27,63209,50646,61131,65535,65535,65535,65535,65535,65535
2026-07-31 10:04:05.486,62.32,63209,50646,61131,65535,65535,65535,65535,65535,65535
2026-07-31 10:04:05.524,62.35,54348,50646,61576,65535,65535,65535,65535,65535,65535
2026-07-31 10:04:05.573,62.4,54348,37984,61576,65535,65535,65535,65535,65535,65535
2026-07-31 10:04:05.627,62.46,54348,37984,61576,65535,65535,65535,65535,65535,65535
2026-07-31 10:04:05.677,62.51,54348,37984,61576,65535,65535,65535,65535,65535,65535
2026-07-31 10:04:05.723,62.55,54348,37984,61576,65535,65535,65535,65535,65535,65535
2026-07-31 10:04:05.779,62.61,54348,37984,61576,65535,65535,65535,65535,65535,65535
2026-07-31 10:04:05.824,62.65,54348,37984,61576,65535,65535,65535,65535,65535,65535
2026-07-31 10:04:05.907,62.74,54348,37984,61576,65535,65535,65535,65535,65535,65535
2026-07-31 10:04:05.957,62.79,54348,37984,61576,65535,65535,65535,65535,65535,65535
2026-07-31 10:04:06.006,62.84,54348,37984,61576,65535,65535,65535,65535,65535,65535
2026-07-31 10:04:06.045,62.87,54348,37984,61576,65535,65535,65535,65535,65535,65535
2026-07-31 10:04:06.097,62.93,56977,39171,61428,65535,65535,65535,65535,65535,65535
2026-07-31 10:04:06.148,62.98,56977,39171,61428,65535,65535,65535,65535,65535,65535
2026-07-31 10:04:06.202,63.03,56977,39171,61428,65535,65535,65535,65535,65535,65535
2026-07-31 10:04:06.251,63.08,56977,39171,61428,65535,65535,65535,65535,65535,65535
2026-07-31 10:04:06.303,63.13,56977,39171,61428,65535,65535,65535,65535,65535,65535
2026-07-31 10:04:06.352,63.18,56977,39171,61428,65535,65535,65535,65535,65535,65535
2026-07-31 10:04:06.405,63.23,56977,39171,61428,65535,65535,65535,65535,65535,65535
2026-07-31 10:04:06.458,63.29,56977,39171,61428,65535,65535,65535,65535,65535,65535
2026-07-31 10:04:06.509,63.34,56977,39171,61428,65535,65535,65535,65535,65535,65535
2026-07-31 10:04:06.544,63.37,56977,39171,61428,65535,65535,65535,65535,65535,65535
2026-07-31 10:04:06.598,63.43,56977,39171,61428,65535,65535,65535,65535,65535,65535
2026-07-31 10:04:06.647,63.48,54179,39171,62022,65535,65535,65535,65535,65535,65535
2026-07-31 10:04:06.723,63.55,54179,43411,62022,65535,65535,65535,65535,65535,65535
2026-07-31 10:04:06.771,63.6,54179,43411,62022,65535,65535,65535,65535,65535,65535
2026-07-31 10:04:06.816,63.65,54179,43411,62022,65535,65535,65535,65535,65535,65535
2026-07-31 10:04:06.867,63.7,54179,43411,62022,65535,65535,65535,65535,65535,65535
2026-07-31 10:04:06.921,63.75,54179,43411,62022,65535,65535,65535,65535,65535,65535
2026-07-31 10:04:06.973,63.8,54179,43411,62022,65535,65535,65535,65535,65535,65535
2026-07-31 10:04:07.008,63.84,54179,43411,62022,65535,65535,65535,65535,65535,65535
2026-07-31 10:04:07.058,63.89,54179,43411,62022,65535,65535,65535,65535,65535,65535
2026-07-31 10:04:07.111,63.94,54179,43411,62022,65535,65535,65535,65535,65535,65535
2026-07-31 10:04:07.160,63.99,54179,43411,62022,65535,65535,65535,65535,65535,65535
2026-07-31 10:04:07.212,64.04,54009,43411,61428,65535,65535,65535,65535,65535,65535
2026-07-31 10:04:07.261,64.09,54009,43411,61428,65535,65535,65535,65535,65535,65535
2026-07-31 10:04:07.309,64.14,54009,43411,61428,65535,65535,65535,65535,65535,65535
2026-07-31 10:04:07.355,64.18,54009,43411,61428,65535,65535,65535,65535,65535,65535
2026-07-31 10:04:07.406,64.24,54009,43411,61428,65535,65535,65535,65535,65535,65535
2026-07-31 10:04:07.460,64.29,54009,43411,61428,65535,65535,65535,65535,65535,65535
2026-07-31 10:04:07.535,64.36,54009,43411,61428,65535,65535,65535,65535,65535,65535
2026-07-31 10:04:07.571,64.4,54009,43411,61428,65535,65535,65535,65535,65535,65535
2026-07-31 10:04:07.616,64.45,54009,43411,61428,65535,65535,65535,65535,65535,65535
2026-07-31 10:04:07.665,64.49,54009,43411,61428,65535,65535,65535,65535,65535,65535
2026-07-31 10:04:07.716,64.55,54009,43411,61428,65535,65535,65535,65535,65535,65535
2026-07-31 10:04:07.770,64.6,54179,43411,49380,65535,65535,65535,65535,65535,65535
2026-07-31 10:04:07.821,64.65,54179,43495,49380,65535,65535,65535,65535,65535,65535
2026-07-31 10:04:07.869,64.7,54179,43495,49380,65535,65535,65535,65535,65535,65535
2026-07-31 10:04:07.918,64.75,54179,43495,49380,65535,65535,65535,65535,65535,65535
2026-07-31 10:04:07.965,64.79,54179,43495,49380,65535,65535,65535,65535,65535,65535
2026-07-31 10:04:08.015,64.84,54179,43495,49380,65535,65535,65535,65535,65535,65535
2026-07-31 10:04:08.054,64.88,54179,43495,49380,65535,65535,65535,65535,65535,65535
2026-07-31 10:04:08.101,64.93,54179,43495,49380,65535,65535,65535,65535,65535,65535
2026-07-31 10:04:08.148,64.98,54179,43495,49380,65535,65535,65535,65535,65535,65535
2026-07-31 10:04:08.202,65.03,54179,43495,49380,65535,65535,65535,65535,65535,65535
2026-07-31 10:04:08.246,65.07,54179,43495,49380,65535,65535,65535,65535,65535,65535
2026-07-31 10:04:08.320,65.15,54179,43495,61280,65535,65535,65535,65535,65535,65535
2026-07-31 10:04:08.368,65.2,63308,43495,61280,65535,65535,65535,65535,65535,65535
2026-07-31 10:04:08.417,65.25,63308,43495,61280,65535,65535,65535,65535,65535,65535
2026-07-31 10:04:08.461,65.29,63308,43495,61280,65535,65535,65535,65535,65535,65535
2026-07-31 10:04:08.501,65.33,63308,43495,61280,65535,65535,65535,65535,65535,65535
2026-07-31 10:04:08.548,65.38,63308,43495,61280,65535,65535,65535,65535,65535,65535
2026-07-31 10:04:08.595,65.42,63308,43495,61280,65535,65535,65535,65535,65535,65535
2026-07-31 10:04:08.644,65.47,63308,43495,61280,65535,65535,65535,65535,65535,65535
2026-07-31 10:04:08.695,65.52,63308,43495,61280,65535,65535,65535,65535,65535,65535
2026-07-31 10:04:08.739,65.57,63308,43495,61280,65535,65535,65535,65535,65535,65535
2026-07-31 10:04:08.790,65.62,63308,43495,61280,65535,65535,65535,65535,65535,65535
2026-07-31 10:04:08.836,65.67,63308,43495,61280,65535,65535,65535,65535,65535,65535
2026-07-31 10:04:08.888,65.72,54348,43495,61576,65535,65535,65535,65535,65535,65535
2026-07-31 10:04:08.940,65.77,54348,50745,61576,65535,65535,65535,65535,65535,65535
2026-07-31 10:04:08.993,65.82,54348,50745,61576,65535,65535,65535,65535,65535,65535
2026-07-31 10:04:09.030,65.86,54348,50745,61576,65535,65535,65535,65535,65535,65535
2026-07-31 10:04:09.106,65.94,54348,50745,61576,65535,65535,65535,65535,65535,65535
2026-07-31 10:04:09.155,65.98,54348,50745,61576,65535,65535,65535,65535,65535,65535
2026-07-31 10:04:09.205,66.03,54348,50745,61576,65535,65535,65535,65535,65535,65535
2026-07-31 10:04:09.257,66.09,54348,50745,61576,65535,65535,65535,65535,65535,65535
2026-07-31 10:04:09.302,66.13,54348,50745,61576,65535,65535,65535,65535,65535,65535
2026-07-31 10:04:09.353,66.18,54348,50745,61576,65535,65535,65535,65535,65535,65535
2026-07-31 10:04:09.404,66.23,54348,50745,61576,65535,65535,65535,65535,65535,65535
2026-07-31 10:04:09.452,66.28,47406,50745,49261,65535,65535,65535,65535,65535,65535
2026-07-31 10:04:09.489,66.32,47406,43411,49261,65535,65535,65535,65535,65535,65535
2026-07-31 10:04:09.524,66.35,47406,43411,49261,65535,65535,65535,65535,65535,65535
2026-07-31 10:04:09.573,66.4,47406,43411,49261,65535,65535,65535,65535,65535,65535
2026-07-31 10:04:09.621,66.45,47406,43411,49261,65535,65535,65535,65535,65535,65535
2026-07-31 10:04:09.669,66.5,47406,43411,49261,65535,65535,65535,65535,65535,65535
2026-07-31 10:04:09.722,66.55,47406,43411,49261,65535,65535,65535,65535,65535,65535
2026-07-31 10:04:09.771,66.6,47406,43411,49261,65535,65535,65535,65535,65535,65535
2026-07-31 10:04:09.824,66.65,47406,43411,49261,65535,65535,65535,65535,65535,65535
2026-07-31 10:04:09.905,66.73,47406,43411,49261,65535,65535,65535,65535,65535,65535
2026-07-31 10:04:09.953,66.78,47406,43411,49261,65535,65535,65535,65535,65535,65535
2026-07-31 10:04:09.990,66.82,47406,43411,49261,65535,65535,65535,65535,65535,65535
2026-07-31 10:04:10.025,66.85,51466,43411,61725,65535,65535,65535,65535,65535,65535
2026-07-31 10:04:10.074,66.9,51466,49162,61725,65535,65535,65535,65535,65535,65535
2026-07-31 10:04:10.132,66.96,51466,49162,61725,65535,65535,65535,65535,65535,65535
2026-07-31 10:04:10.179,67.01,51466,49162,61725,65535,65535,65535,65535,65535,65535
2026-07-31 10:04:10.230,67.06,51466,49162,61725,65535,65535,65535,65535,65535,65535
2026-07-31 10:04:10.286,67.12,51466,49162,61725,65535,65535,65535,65535,65535,65535
2026-07-31 10:04:10.337,67.17,51466,49162,61725,65535,65535,65535,65535,65535,65535
2026-07-31 10:04:10.381,67.21,51466,49162,61725,65535,65535,65535,65535,65535,65535
2026-07-31 10:04:10.438,67.27,51466,49162,61725,65535,65535,65535,65535,65535,65535
2026-07-31 10:04:10.490,67.32,51466,49162,61725,65535,65535,65535,65535,65535,65535
2026-07-31 10:04:10.526,67.36,51466,49162,61725,65535,65535,65535,65535,65535,65535
2026-07-31 10:04:10.576,67.41,51466,49162,48905,65535,65535,65535,65535,65535,65535
2026-07-31 10:04:10.627,67.46,54264,50745,48905,65535,65535,65535,65535,65535,65535
2026-07-31 10:04:10.715,67.54,54264,50745,48905,65535,65535,65535,65535,65535,65535
2026-07-31 10:04:10.762,67.59,54264,50745,48905,65535,65535,65535,65535,65535,65535
2026-07-31 10:04:10.813,67.64,54264,50745,48905,65535,65535,65535,65535,65535,65535
2026-07-31 10:04:10.859,67.69,54264,50745,48905,65535,65535,65535,65535,65535,65535
2026-07-31 10:04:10.910,67.74,54264,50745,48905,65535,65535,65535,65535,65535,65535
2026-07-31 10:04:10.964,67.79,54264,50745,48905,65535,65535,65535,65535,65535,65535
2026-07-31 10:04:11.002,67.83,54264,50745,48905,65535,65535,65535,65535,65535,65535
2026-07-31 10:04:11.053,67.88,54264,50745,48905,65535,65535,65535,65535,65535,65535
2026-07-31 10:04:11.103,67.93,54264,50745,48905,65535,65535,65535,65535,65535,65535
2026-07-31 10:04:11.153,67.98,54264,50745,61576,65535,65535,65535,65535,65535,65535
2026-07-31 10:04:11.208,68.04,54264,50745,61576,65535,65535,65535,65535,65535,65535
2026-07-31 10:04:11.264,68.09,54264,50745,61576,65535,65535,65535,65535,65535,65535
2026-07-31 10:04:11.312,68.14,54264,50745,61576,65535,65535,65535,65535,65535,65535
2026-07-31 10:04:11.363,68.19,54264,50745,61576,65535,65535,65535,65535,65535,65535
2026-07-31 10:04:11.418,68.25,54264,50745,61576,65535,65535,65535,65535,65535,65535
2026-07-31 10:04:11.467,68.3,54264,50745,61576,65535,65535,65535,65535,65535,65535
2026-07-31 10:04:11.508,68.34,54264,50745,61576,65535,65535,65535,65535,65535,65535
2026-07-31 10:04:11.544,68.37,54264,50745,61576,65535,65535,65535,65535,65535,65535
2026-07-31 10:04:11.590,68.42,54264,50745,61576,65535,65535,65535,65535,65535,65535
2026-07-31 10:04:11.640,68.47,54264,50745,61576,65535,65535,65535,65535,65535,65535
2026-07-31 10:04:11.684,68.51,54264,50745,61725,65535,65535,65535,65535,65535,65535
2026-07-31 10:04:11.737,68.57,65534,52229,61725,65535,65535,65535,65535,65535,65535
2026-07-31 10:04:11.786,68.62,65534,52229,61725,65535,65535,65535,65535,65535,65535
2026-07-31 10:04:11.837,68.67,65534,52229,61725,65535,65535,65535,65535,65535,65535
2026-07-31 10:04:11.885,68.71,65534,52229,61725,65535,65535,65535,65535,65535,65535
2026-07-31 10:04:11.933,68.76,65534,52229,61725,65535,65535,65535,65535,65535,65535
2026-07-31 10:04:11.982,68.81,65534,52229,61725,65535,65535,65535,65535,65535,65535
2026-07-31 10:04:12.019,68.85,65534,52229,61725,65535,65535,65535,65535,65535,65535
2026-07-31 10:04:12.053,68.88,65534,52229,61725,65535,65535,65535,65535,65535,65535
2026-07-31 10:04:12.099,68.93,65534,52229,61725,65535,65535,65535,65535,65535,65535
2026-07-31 10:04:12.158,68.99,65534,52229,61725,65535,65535,65535,65535,65535,65535
2026-07-31 10:04:12.207,69.04,65534,52229,61725,65535,65535,65535,65535,65535,65535
2026-07-31 10:04:12.283,69.11,54264,52229,61873,65535,65535,65535,65535,65535,65535
2026-07-31 10:04:12.333,69.16,54264,43580,61873,65535,65535,65535,65535,65535,65535
2026-07-31 10:04:12.381,69.21,54264,43580,61873,65535,65535,65535,65535,65535,65535
2026-07-31 10:04:12.430,69.26,54264,43580,61873,65535,65535,65535,65535,65535,65535
2026-07-31 10:04:12.475,69.3,54264,43580,61873,65535,65535,65535,65535,65535,65535
2026-07-31 10:04:12.513,69.34,54264,43580,61873,65535,65535,65535,65535,65535,65535
2026-07-31 10:04:12.559,69.39,54264,43580,61873,65535,65535,65535,65535,65535,65535
2026-07-31 10:04:12.610,69.44,54264,43580,61873,65535,65535,65535,65535,65535,65535
2026-07-31 10:04:12.663,69.49,54264,43580,61873,65535,65535,65535,65535,65535,65535
2026-07-31 10:04:12.707,69.54,54264,43580,61873,65535,65535,65535,65535,65535,65535
2026-07-31 10:04:12.756,69.59,54264,43580,61873,65535,65535,65535,65535,65535,65535
2026-07-31 10:04:12.809,69.64,54264,43580,61725,65535,65535,65535,65535,65535,65535
2026-07-31 10:04:12.857,69.69,62912,43326,61725,65535,65535,65535,65535,65535,65535
2026-07-31 10:04:12.905,69.73,62912,43326,61725,65535,65535,65535,65535,65535,65535
2026-07-31 10:04:12.956,69.79,62912,43326,61725,65535,65535,65535,65535,65535,65535
2026-07-31 10:04:13.001,69.83,62912,43326,61725,65535,65535,65535,65535,65535,65535
2026-07-31 10:04:13.045,69.87,62912,43326,61725,65535,65535,65535,65535,65535,65535
2026-07-31 10:04:13.086,69.91,62912,43326,61725,65535,65535,65535,65535,65535,65535
2026-07-31 10:04:13.133,69.96,62912,43326,61725,65535,65535,65535,65535,65535,65535
2026-07-31 10:04:13.178,70.01,62912,43326,61725,65535,65535,65535,65535,65535,65535
2026-07-31 10:04:13.230,70.06,62912,43326,61725,65535,65535,65535,65535,65535,65535
2026-07-31 10:04:13.283,70.11,62912,43326,61725,65535,65535,65535,65535,65535,65535
2026-07-31 10:04:13.328,70.16,62912,43326,61725,65535,65535,65535,65535,65535,65535
2026-07-31 10:04:13.379,70.21,62912,43326,61576,65535,65535,65535,65535,65535,65535
2026-07-31 10:04:13.425,70.25,54264,50547,61576,65535,65535,65535,65535,65535,65535
2026-07-31 10:04:13.474,70.3,54264,50547,61576,65535,65535,65535,65535,65535,65535
2026-07-31 10:04:13.511,70.34,54264,50547,61576,65535,65535,65535,65535,65535,65535
2026-07-31 10:04:13.551,70.38,54264,50547,61576,65535,65535,65535,65535,65535,65535
2026-07-31 10:04:13.597,70.43,54264,50547,61576,65535,65535,65535,65535,65535,65535
2026-07-31 10:04:13.647,70.48,54264,50547,61576,65535,65535,65535,65535,65535,65535
2026-07-31 10:04:13.704,70.53,54264,50547,61576,65535,65535,65535,65535,65535,65535
2026-07-31 10:04:13.753,70.58,54264,50547,61576,65535,65535,65535,65535,65535,65535
2026-07-31 10:04:13.833,70.66,54264,50547,61576,65535,65535,65535,65535,65535,65535
2026-07-31 10:04:13.880,70.71,54264,50547,61576,65535,65535,65535,65535,65535,65535
2026-07-31 10:04:13.931,70.76,54264,50547,61576,65535,65535,65535,65535,65535,65535
2026-07-31 10:04:13.981,70.81,63209,38058,61576,65535,65535,65535,65535,65535,65535
2026-07-31 10:04:14.018,70.85,63209,38058,61576,65535,65535,65535,65535,65535,65535
2026-07-31 10:04:14.066,70.9,63209,38058,61576,65535,65535,65535,65535,65535,65535
2026-07-31 10:04:14.118,70.95,63209,38058,61576,65535,65535,65535,65535,65535,65535
2026-07-31 10:04:14.166,71.0,63209,38058,61576,65535,65535,65535,65535,65535,65535
2026-07-31 10:04:14.216,71.05,63209,38058,61576,65535,65535,65535,65535,65535,65535
2026-07-31 10:04:14.258,71.09,63209,38058,61576,65535,65535,65535,65535,65535,65535
2026-07-31 10:04:14.310,71.14,63209,38058,61576,65535,65535,65535,65535,65535,65535
2026-07-31 10:04:14.365,71.19,63209,38058,61576,65535,65535,65535,65535,65535,65535
2026-07-31 10:04:14.414,71.24,63209,38058,61576,65535,65535,65535,65535,65535,65535
2026-07-31 10:04:14.466,71.29,63209,38058,61576,65535,65535,65535,65535,65535,65535
2026-07-31 10:04:14.507,71.34,63209,38058,61725,65535,65535,65535,65535,65535,65535
2026-07-31 10:04:14.543,71.37,54433,43495,61725,65535,65535,65535,65535,65535,65535
2026-07-31 10:04:14.629,71.46,54433,43495,61725,65535,65535,65535,65535,65535,65535
2026-07-31 10:04:14.679,71.51,54433,43495,61725,65535,65535,65535,65535,65535,65535
2026-07-31 10:04:14.725,71.55,54433,43495,61725,65535,65535,65535,65535,65535,65535
2026-07-31 10:04:14.776,71.61,54433,43495,61725,65535,65535,65535,65535,65535,65535
2026-07-31 10:04:14.821,71.65,54433,43495,61725,65535,65535,65535,65535,65535,65535
2026-07-31 10:04:14.871,71.7,54433,43495,61725,65535,65535,65535,65535,65535,65535
2026-07-31 10:04:14.917,71.75,54433,43495,61725,65535,65535,65535,65535,65535,65535
2026-07-31 10:04:14.967,71.8,54433,43495,61725,65535,65535,65535,65535,65535,65535
2026-07-31 10:04:15.002,71.83,54433,43495,61725,65535,65535,65535,65535,65535,65535
2026-07-31 10:04:15.037,71.87,54433,43495,61725,65535,65535,65535,65535,65535,65535
2026-07-31 10:04:15.087,71.92,63406,43495,61725,65535,65535,65535,65535,65535,65535
2026-07-31 10:04:15.149,71.98,63406,50547,61725,65535,65535,65535,65535,65535,65535
2026-07-31 10:04:15.199,72.03,63406,50547,61725,65535,65535,65535,65535,65535,65535
2026-07-31 10:04:15.247,72.08,63406,50547,61725,65535,65535,65535,65535,65535,65535
2026-07-31 10:04:15.309,72.14,63406,50547,61725,65535,65535,65535,65535,65535,65535
2026-07-31 10:04:15.362,72.19,63406,50547,61725,65535,65535,65535,65535,65535,65535
2026-07-31 10:04:15.448,72.28,63406,50547,61725,65535,65535,65535,65535,65535,65535
2026-07-31 10:04:15.496,72.33,63406,50547,61725,65535,65535,65535,65535,65535,65535
2026-07-31 10:04:15.531,72.36,63406,50547,61725,65535,65535,65535,65535,65535,65535
2026-07-31 10:04:15.581,72.41,63406,50547,61725,65535,65535,65535,65535,65535,65535
2026-07-31 10:04:15.635,72.46,63406,50547,61280,65535,65535,65535,65535,65535,65535
2026-07-31 10:04:15.684,72.51,51296,42308,61280,65535,65535,65535,65535,65535,65535
2026-07-31 10:04:15.736,72.56,51296,42308,61280,65535,65535,65535,65535,65535,65535
2026-07-31 10:04:15.792,72.62,51296,42308,61280,65535,65535,65535,65535,65535,65535
2026-07-31 10:04:15.838,72.67,51296,42308,61280,65535,65535,65535,65535,65535,65535
2026-07-31 10:04:15.891,72.72,51296,42308,61280,65535,65535,65535,65535,65535,65535
2026-07-31 10:04:15.945,72.77,51296,42308,61280,65535,65535,65535,65535,65535,65535
2026-07-31 10:04:16.003,72.83,51296,42308,61280,65535,65535,65535,65535,65535,65535
2026-07-31 10:04:16.044,72.87,51296,42308,61280,65535,65535,65535,65535,65535,65535
2026-07-31 10:04:16.091,72.92,51296,42308,61280,65535,65535,65535,65535,65535,65535
2026-07-31 10:04:16.144,72.97,51296,42308,61280,65535,65535,65535,65535,65535,65535
2026-07-31 10:04:16.192,73.02,51296,42308,61280,65535,65535,65535,65535,65535,65535
2026-07-31 10:04:16.277,73.11,54094,50547,61280,65535,65535,65535,65535,65535,65535
2026-07-31 10:04:16.322,73.15,54094,50547,61280,65535,65535,65535,65535,65535,65535
2026-07-31 10:04:16.372,73.2,54094,50547,61280,65535,65535,65535,65535,65535,65535
2026-07-31 10:04:16.420,73.25,54094,50547,61280,65535,65535,65535,65535,65535,65535
2026-07-31 10:04:16.466,73.3,54094,50547,61280,65535,65535,65535,65535,65535,65535
2026-07-31 10:04:16.503,73.33,54094,50547,61280,65535,65535,65535,65535,65535,65535
2026-07-31 10:04:16.540,73.37,54094,50547,61280,65535,65535,65535,65535,65535,65535
2026-07-31 10:04:16.587,73.42,54094,50547,61280,65535,65535,65535,65535,65535,65535
2026-07-31 10:04:16.634,73.46,54094,50547,61280,65535,65535,65535,65535,65535,65535
2026-07-31 10:04:16.682,73.51,54094,50547,61280,65535,65535,65535,65535,65535,65535
2026-07-31 10:04:16.729,73.56,54094,50547,61280,65535,65535,65535,65535,65535,65535
2026-07-31 10:04:16.785,73.61,54433,50547,61576,65535,65535,65535,65535,65535,65535
2026-07-31 10:04:16.836,73.67,54433,50844,61576,65535,65535,65535,65535,65535,65535
2026-07-31 10:04:16.882,73.71,54433,50844,61576,65535,65535,65535,65535,65535,65535
2026-07-31 10:04:16.934,73.76,54433,50844,61576,65535,65535,65535,65535,65535,65535
2026-07-31 10:04:16.987,73.82,54433,50844,61576,65535,65535,65535,65535,65535,65535
2026-07-31 10:04:17.045,73.87,54433,50844,61576,65535,65535,65535,65535,65535,65535
2026-07-31 10:04:17.084,73.91,54433,50844,61576,65535,65535,65535,65535,65535,65535
2026-07-31 10:04:17.132,73.96,54433,50844,61576,65535,65535,65535,65535,65535,65535
2026-07-31 10:04:17.178,74.01,54433,50844,61576,65535,65535,65535,65535,65535,65535
2026-07-31 10:04:17.227,74.06,54433,50844,61576,65535,65535,65535,65535,65535,65535
2026-07-31 10:04:17.278,74.11,54433,50844,61576,65535,65535,65535,65535,65535,65535
2026-07-31 10:04:17.330,74.16,54433,50844,61428,65535,65535,65535,65535,65535,65535
2026-07-31 10:04:17.386,74.22,65534,52426,61428,65535,65535,65535,65535,65535,65535
2026-07-31 10:04:17.432,74.26,65534,52426,61428,65535,65535,65535,65535,65535,65535
2026-07-31 10:04:17.486,74.32,65534,52426,61428,65535,65535,65535,65535,65535,65535
2026-07-31 10:04:17.525,74.35,65534,52426,61428,65535,65535,65535,65535,65535,65535
2026-07-31 10:04:17.560,74.39,65534,52426,61428,65535,65535,65535,65535,65535,65535
2026-07-31 10:04:17.609,74.44,65534,52426,61428,65535,65535,65535,65535,65535,65535
2026-07-31 10:04:17.652,74.48,65534,52426,61428,65535,65535,65535,65535,65535,65535
2026-07-31 10:04:17.703,74.53,65534,52426,61428,65535,65535,65535,65535,65535,65535
2026-07-31 10:04:17.747,74.58,65534,52426,61428,65535,65535,65535,65535,65535,65535
2026-07-31 10:04:17.824,74.65,65534,52426,61428,65535,65535,65535,65535,65535,65535
2026-07-31 10:04:17.874,74.7,65534,52426,61428,65535,65535,65535,65535,65535,65535
2026-07-31 10:04:17.921,74.75,63308,43665,49380,65535,65535,65535,65535,65535,65535
2026-07-31 10:04:17.972,74.8,63308,43665,49380,65535,65535,65535,65535,65535,65535
2026-07-31 10:04:18.013,74.84,63308,43665,49380,65535,65535,65535,65535,65535,65535
2026-07-31 10:04:18.059,74.89,63308,43665,49380,65535,65535,65535,65535,65535,65535
2026-07-31 10:04:18.105,74.93,63308,43665,49380,65535,65535,65535,65535,65535,65535
2026-07-31 10:04:18.157,74.99,63308,43665,49380,65535,65535,65535,65535,65535,65535
2026-07-31 10:04:18.212,75.04,63308,43665,49380,65535,65535,65535,65535,65535,65535
2026-07-31 10:04:18.263,75.09,63308,43665,49380,65535,65535,65535,65535,65535,65535
2026-07-31 10:04:18.310,75.14,63308,43665,49380,65535,65535,65535,65535,65535,65535
2026-07-31 10:04:18.367,75.2,63308,43665,49380,65535,65535,65535,65535,65535,65535
2026-07-31 10:04:18.419,75.25,63308,43665,49380,65535,65535,65535,65535,65535,65535
2026-07-31 10:04:18.471,75.3,54009,43665,61725,65535,65535,65535,65535,65535,65535
2026-07-31 10:04:18.507,75.34,54009,43326,61725,65535,65535,65535,65535,65535,65535
2026-07-31 10:04:18.558,75.39,54009,43326,61725,65535,65535,65535,65535,65535,65535
2026-07-31 10:04:18.647,75.48,54009,43326,61725,65535,65535,65535,65535,65535,65535
2026-07-31 10:04:18.698,75.53,54009,43326,61725,65535,65535,65535,65535,65535,65535
2026-07-31 10:04:18.745,75.57,54009,43326,61725,65535,65535,65535,65535,65535,65535
2026-07-31 10:04:18.796,75.63,54009,43326,61725,65535,65535,65535,65535,65535,65535
2026-07-31 10:04:18.847,75.68,54009,43326,61725,65535,65535,65535,65535,65535,65535
2026-07-31 10:04:18.899,75.73,54009,43326,61725,65535,65535,65535,65535,65535,65535
2026-07-31 10:04:18.952,75.78,54009,43326,61725,65535,65535,65535,65535,65535,65535
2026-07-31 10:04:19.004,75.83,54009,43326,61725,65535,65535,65535,65535,65535,65535
2026-07-31 10:04:19.040,75.87,54348,43326,61576,65535,65535,65535,65535,65535,65535
2026-07-31 10:04:19.090,75.92,54348,43665,61576,65535,65535,65535,65535,65535,65535
2026-07-31 10:04:19.143,75.97,54348,43665,61576,65535,65535,65535,65535,65535,65535
2026-07-31 10:04:19.204,76.03,54348,43665,61576,65535,65535,65535,65535,65535,65535
2026-07-31 10:04:19.252,76.08,54348,43665,61576,65535,65535,65535,65535,65535,65535
2026-07-31 10:04:19.303,76.13,54348,43665,61576,65535,65535,65535,65535,65535,65535
2026-07-31 10:04:19.357,76.19,54348,43665,61576,65535,65535,65535,65535,65535,65535
2026-07-31 10:04:19.407,76.24,54348,43665,61576,65535,65535,65535,65535,65535,65535
2026-07-31 10:04:19.491,76.32,54348,43665,61576,65535,65535,65535,65535,65535,65535
2026-07-31 10:04:19.529,76.36,54348,43665,61576,65535,65535,65535,65535,65535,65535
2026-07-31 10:04:19.579,76.41,54348,43665,65534,65535,65535,65535,65535,65535,65535
2026-07-31 10:04:19.636,76.47,54348,43411,65534,65535,65535,65535,65535,65535,65535
2026-07-31 10:04:19.686,76.52,54348,43411,65534,65535,65535,65535,65535,65535,65535
2026-07-31 10:04:19.736,76.57,54348,43411,65534,65535,65535,65535,65535,65535,65535
2026-07-31 10:04:19.786,76.62,54348,43411,65534,65535,65535,65535,65535,65535,65535
2026-07-31 10:04:19.835,76.66,54348,43411,65534,65535,65535,65535,65535,65535,65535
2026-07-31 10:04:19.886,76.72,54348,43411,65534,65535,65535,65535,65535,65535,65535
2026-07-31 10:04:19.938,76.77,54348,43411,65534,65535,65535,65535,65535,65535,65535
2026-07-31 10:04:19.988,76.82,54348,43411,65534,65535,65535,65535,65535,65535,65535
2026-07-31 10:04:20.024,76.85,54348,43411,65534,65535,65535,65535,65535,65535,65535
2026-07-31 10:04:20.075,76.9,54348,43411,65534,65535,65535,65535,65535,65535,65535
2026-07-31 10:04:20.126,76.96,54348,43411,65534,65535,65535,65535,65535,65535,65535
2026-07-31 10:04:20.179,77.01,65534,43495,61428,65535,65535,65535,65535,65535,65535
2026-07-31 10:04:20.231,77.06,65534,43495,61428,65535,65535,65535,65535,65535,65535
2026-07-31 10:04:20.311,77.14,65534,43495,61428,65535,65535,65535,65535,65535,65535
2026-07-31 10:04:20.362,77.19,65534,43495,61428,65535,65535,65535,65535,65535,65535
2026-07-31 10:04:20.409,77.24,65534,43495,61428,65535,65535,65535,65535,65535,65535
2026-07-31 10:04:20.456,77.29,65534,43495,61428,65535,65535,65535,65535,65535,65535
2026-07-31 10:04:20.506,77.34,65534,43495,61428,65535,65535,65535,65535,65535,65535
2026-07-31 10:04:20.545,77.37,65534,43495,61428,65535,65535,65535,65535,65535,65535
2026-07-31 10:04:20.594,77.42,65534,43495,61428,65535,65535,65535,65535,65535,65535
2026-07-31 10:04:20.647,77.48,65534,43495,61428,65535,65535,65535,65535,65535,65535
2026-07-31 10:04:20.699,77.53,65534,43495,49261,65535,65535,65535,65535,65535,65535
2026-07-31 10:04:20.748,77.58,63308,50844,49261,65535,65535,65535,65535,65535,65535
2026-07-31 10:04:20.791,77.62,63308,50844,49261,65535,65535,65535,65535,65535,65535
2026-07-31 10:04:20.856,77.68,63308,50844,49261,65535,65535,65535,65535,65535,65535
2026-07-31 10:04:20.904,77.73,63308,50844,49261,65535,65535,65535,65535,65535,65535
2026-07-31 10:04:20.949,77.78,63308,50844,49261,65535,65535,65535,65535,65535,65535
2026-07-31 10:04:20.999,77.83,63308,50844,49261,65535,65535,65535,65535,65535,65535
2026-07-31 10:04:21.038,77.87,63308,50844,49261,65535,65535,65535,65535,65535,65535
2026-07-31 10:04:21.118,77.95,63308,50844,49261,65535,65535,65535,65535,65535,65535
2026-07-31 10:04:21.167,78.0,63308,50844,49261,65535,65535,65535,65535,65535,65535
2026-07-31 10:04:21.218,78.05,63308,50844,49261,65535,65535,65535,65535,65535,65535
2026-07-31 10:04:21.264,78.09,63308,50844,61725,65535,65535,65535,65535,65535,65535
2026-07-31 10:04:21.313,78.14,59944,41969,61725,65535,65535,65535,65535,65535,65535
2026-07-31 10:04:21.362,78.19,59944,41969,61725,65535,65535,65535,65535,65535,65535
2026-07-31 10:04:21.411,78.24,59944,41969,61725,65535,65535,65535,65535,65535,65535
2026-07-31 10:04:21.467,78.3,59944,41969,61725,65535,65535,65535,65535,65535,65535
2026-07-31 10:04:21.518,78.35,59944,41969,61725,65535,65535,65535,65535,65535,65535
2026-07-31 10:04:21.554,78.38,59944,41969,61725,65535,65535,65535,65535,65535,65535
2026-07-31 10:04:21.599,78.43,59944,41969,61725,65535,65535,65535,65535,65535,65535
2026-07-31 10:04:21.662,78.49,59944,41969,61725,65535,65535,65535,65535,65535,65535
2026-07-31 10:04:21.716,78.55,59944,41969,61725,65535,65535,65535,65535,65535,65535
2026-07-31 10:04:21.770,78.6,59944,41969,61725,65535,65535,65535,65535,65535,65535
2026-07-31 10:04:21.823,78.65,59944,41969,60983,65535,65535,65535,65535,65535,65535
2026-07-31 10:04:21.875,78.7,54179,50646,60983,65535,65535,65535,65535,65535,65535
2026-07-31 10:04:21.948,78.78,54179,50646,60983,65535,65535,65535,65535,65535,65535
2026-07-31 10:04:21.996,78.83,54179,50646,60983,65535,65535,65535,65535,65535,65535
2026-07-31 10:04:22.035,78.86,54179,50646,60983,65535,65535,65535,65535,65535,65535
2026-07-31 10:04:22.072,78.9,54179,50646,60983,65535,65535,65535,65535,65535,65535
2026-07-31 10:04:22.121,78.95,54179,50646,60983,65535,65535,65535,65535,65535,65535
2026-07-31 10:04:22.174,79.0,54179,50646,60983,65535,65535,65535,65535,65535,65535
2026-07-31 10:04:22.223,79.05,54179,50646,60983,65535,65535,65535,65535,65535,65535
2026-07-31 10:04:22.277,79.11,54179,50646,60983,65535,65535,65535,65535,65535,65535
2026-07-31 10:04:22.329,79.16,54179,50646,60983,65535,65535,65535,65535,65535,65535
2026-07-31 10:04:22.378,79.21,54179,50646,60983,65535,65535,65535,65535,65535,65535
2026-07-31 10:04:22.431,79.26,63406,50448,61725,65535,65535,65535,65535,65535,65535
2026-07-31 10:04:22.496,79.33,63406,50448,61725,65535,65535,65535,65535,65535,65535
2026-07-31 10:04:22.535,79.36,63406,50448,61725,65535,65535,65535,65535,65535,65535
2026-07-31 10:04:22.584,79.41,63406,50448,61725,65535,65535,65535,65535,65535,65535
2026-07-31 10:04:22.641,79.47,63406,50448,61725,65535,65535,65535,65535,65535,65535
2026-07-31 10:04:22.686,79.52,63406,50448,61725,65535,65535,65535,65535,65535,65535
2026-07-31 10:04:22.774,79.6,63406,50448,61725,65535,65535,65535,65535,65535,65535
2026-07-31 10:04:22.826,79.65,63406,50448,61725,65535,65535,65535,65535,65535,65535
2026-07-31 10:04:22.872,79.7,63406,50448,61725,65535,65535,65535,65535,65535,65535
2026-07-31 10:04:22.920,79.75,63406,50448,61725,65535,65535,65535,65535,65535,65535
2026-07-31 10:04:22.970,79.8,65534,50448,61428,65535,65535,65535,65535,65535,65535
2026-07-31 10:04:23.009,79.84,65534,44852,61428,65535,65535,65535,65535,65535,65535
2026-07-31 10:04:23.046,79.88,65534,44852,61428,65535,65535,65535,65535,65535,65535
2026-07-31 10:04:23.097,79.93,65534,44852,61428,65535,65535,65535,65535,65535,65535
2026-07-31 10:04:23.146,79.98,65534,44852,61428,65535,65535,65535,65535,65535,65535
2026-07-31 10:04:23.193,80.02,65534,44852,61428,65535,65535,65535,65535,65535,65535
2026-07-31 10:04:23.243,80.07,65534,44852,61428,65535,65535,65535,65535,65535,65535
2026-07-31 10:04:23.309,80.14,65534,44852,61428,65535,65535,65535,65535,65535,65535
2026-07-31 10:04:23.362,80.19,65534,44852,61428,65535,65535,65535,65535,65535,65535
2026-07-31 10:04:23.414,80.24,65534,44852,61428,65535,65535,65535,65535,65535,65535
2026-07-31 10:04:23.465,80.29,65534,44852,61428,65535,65535,65535,65535,65535,65535
2026-07-31 10:04:23.515,80.34,65534,44852,62022,65535,65535,65535,65535,65535,65535
2026-07-31 10:04:23.560,80.39,54264,43411,62022,65535,65535,65535,65535,65535,65535
2026-07-31 10:04:23.597,80.43,54264,43411,62022,65535,65535,65535,65535,65535,65535
2026-07-31 10:04:23.643,80.47,54264,43411,62022,65535,65535,65535,65535,65535,65535
2026-07-31 10:04:23.693,80.52,54264,43411,62022,65535,65535,65535,65535,65535,65535
2026-07-31 10:04:23.742,80.57,54264,43411,62022,65535,65535,65535,65535,65535,65535
2026-07-31 10:04:23.793,80.62,54264,43411,62022,65535,65535,65535,65535,65535,65535
2026-07-31 10:04:23.842,80.67,54264,43411,62022,65535,65535,65535,65535,65535,65535
2026-07-31 10:04:23.889,80.72,54264,43411,62022,65535,65535,65535,65535,65535,65535
2026-07-31 10:04:23.937,80.77,54264,43411,62022,65535,65535,65535,65535,65535,65535
2026-07-31 10:04:23.985,80.81,54264,43411,62022,65535,65535,65535,65535,65535,65535
2026-07-31 10:04:24.021,80.85,54264,43411,62022,65535,65535,65535,65535,65535,65535
2026-07-31 10:04:24.077,80.91,54264,43411,61576,65535,65535,65535,65535,65535,65535
2026-07-31 10:04:24.127,80.96,54433,43665,61576,65535,65535,65535,65535,65535,65535
2026-07-31 10:04:24.176,81.01,54433,43665,61576,65535,65535,65535,65535,65535,65535
2026-07-31 10:04:24.232,81.06,54433,43665,61576,65535,65535,65535,65535,65535,65535
2026-07-31 10:04:24.281,81.11,54433,43665,61576,65535,65535,65535,65535,65535,65535
2026-07-31 10:04:24.359,81.19,54433,43665,61576,65535,65535,65535,65535,65535,65535
2026-07-31 10:04:24.407,81.24,54433,43665,61576,65535,65535,65535,65535,65535,65535
2026-07-31 10:04:24.454,81.28,54433,43665,61576,65535,65535,65535,65535,65535,65535
2026-07-31 10:04:24.503,81.33,54433,43665,61576,65535,65535,65535,65535,65535,65535
2026-07-31 10:04:24.538,81.37,54433,43665,61576,65535,65535,65535,65535,65535,65535
2026-07-31 10:04:24.587,81.42,54433,43665,61576,65535,65535,65535,65535,65535,65535
2026-07-31 10:04:24.634,81.46,54433,43665,61280,65535,65535,65535,65535,65535,65535
2026-07-31 10:04:24.681,81.51,54348,43411,61280,65535,65535,65535,65535,65535,65535
2026-07-31 10:04:24.732,81.56,54348,43411,61280,65535,65535,65535,65535,65535,65535
2026-07-31 10:04:24.776,81.61,54348,43411,61280,65535,65535,65535,65535,65535,65535
2026-07-31 10:04:24.828,81.66,54348,43411,61280,65535,65535,65535,65535,65535,65535
2026-07-31 10:04:24.889,81.72,54348,43411,61280,65535,65535,65535,65535,65535,65535
2026-07-31 10:04:24.936,81.77,54348,43411,61280,65535,65535,65535,65535,65535,65535
2026-07-31 10:04:24.986,81.82,54348,43411,61280,65535,65535,65535,65535,65535,65535
2026-07-31 10:04:25.034,81.86,54348,43411,61280,65535,65535,65535,65535,65535,65535
2026-07-31 10:04:25.068,81.9,54348,43411,61280,65535,65535,65535,65535,65535,65535
2026-07-31 10:04:25.142,81.97,54348,43411,61280,65535,65535,65535,65535,65535,65535
2026-07-31 10:04:25.190,82.02,54348,43411,61280,65535,65535,65535,65535,65535,65535
2026-07-31 10:04:25.237,82.07,63308,43241,49261,65535,65535,65535,65535,65535,65535
2026-07-31 10:04:25.293,82.12,63308,43241,49261,65535,65535,65535,65535,65535,65535
2026-07-31 10:04:25.342,82.17,63308,43241,49261,65535,65535,65535,65535,65535,65535
2026-07-31 10:04:25.392,82.22,63308,43241,49261,65535,65535,65535,65535,65535,65535
2026-07-31 10:04:25.444,82.27,63308,43241,49261,65535,65535,65535,65535,65535,65535
2026-07-31 10:04:25.498,82.33,63308,43241,49261,65535,65535,65535,65535,65535,65535
2026-07-31 10:04:25.538,82.37,63308,43241,49261,65535,65535,65535,65535,65535,65535
2026-07-31 10:04:25.587,82.42,63308,43241,49261,65535,65535,65535,65535,65535,65535
2026-07-31 10:04:25.631,82.46,63308,43241,49261,65535,65535,65535,65535,65535,65535
2026-07-31 10:04:25.692,82.52,63308,43241,49261,65535,65535,65535,65535,65535,65535
2026-07-31 10:04:25.743,82.57,63308,43241,49261,65535,65535,65535,65535,65535,65535
2026-07-31 10:04:25.796,82.63,63406,43495,61725,65535,65535,65535,65535,65535,65535
2026-07-31 10:04:25.853,82.68,63406,43495,61725,65535,65535,65535,65535,65535,65535
2026-07-31 10:04:25.900,82.73,63406,43495,61725,65535,65535,65535,65535,65535,65535
2026-07-31 10:04:25.972,82.8,63406,43495,61725,65535,65535,65535,65535,65535,65535
2026-07-31 10:04:26.018,82.85,63406,43495,61725,65535,65535,65535,65535,65535,65535
2026-07-31 10:04:26.057,82.89,63406,43495,61725,65535,65535,65535,65535,65535,65535
2026-07-31 10:04:26.105,82.93,63406,43495,61725,65535,65535,65535,65535,65535,65535
2026-07-31 10:04:26.154,82.98,63406,43495,61725,65535,65535,65535,65535,65535,65535
2026-07-31 10:04:26.202,83.03,63406,43495,61725,65535,65535,65535,65535,65535,65535
2026-07-31 10:04:26.248,83.08,63406,43495,61725,65535,65535,65535,65535,65535,65535
2026-07-31 10:04:26.300,83.13,63406,43495,61725,65535,65535,65535,65535,65535,65535
2026-07-31 10:04:26.367,83.2,59944,43326,61873,65535,65535,65535,65535,65535,65535
2026-07-31 10:04:26.415,83.24,59944,43326,61873,65535,65535,65535,65535,65535,65535
2026-07-31 10:04:26.468,83.3,59944,43326,61873,65535,65535,65535,65535,65535,65535
2026-07-31 10:04:26.527,83.36,59944,43326,61873,65535,65535,65535,65535,65535,65535
2026-07-31 10:04:26.566,83.4,59944,43326,61873,65535,65535,65535,65535,65535,65535
2026-07-31 10:04:26.613,83.44,59944,43326,61873,65535,65535,65535,65535,65535,65535
2026-07-31 10:04:26.664,83.49,59944,43326,61873,65535,65535,65535,65535,65535,65535
2026-07-31 10:04:26.715,83.54,59944,43326,61873,65535,65535,65535,65535,65535,65535
2026-07-31 10:04:26.786,83.62,59944,43326,61873,65535,65535,65535,65535,65535,65535
2026-07-31 10:04:26.831,83.66,59944,43326,61873,65535,65535,65535,65535,65535,65535
2026-07-31 10:04:26.882,83.71,59944,43326,61576,65535,65535,65535,65535,65535,65535
2026-07-31 10:04:26.930,83.76,51381,48964,61576,65535,65535,65535,65535,65535,65535
2026-07-31 10:04:26.978,83.81,51381,48964,61576,65535,65535,65535,65535,65535,65535
2026-07-31 10:04:27.022,83.85,51381,48964,61576,65535,65535,65535,65535,65535,65535
2026-07-31 10:04:27.061,83.89,51381,48964,61576,65535,65535,65535,65535,65535,65535
2026-07-31 10:04:27.109,83.94,51381,48964,61576,65535,65535,65535,65535,65535,65535
2026-07-31 10:04:27.155,83.98,51381,48964,61576,65535,65535,65535,65535,65535,65535
2026-07-31 10:04:27.203,84.03,51381,48964,61576,65535,65535,65535,65535,65535,65535
2026-07-31 10:04:27.253,84.08,51381,48964,61576,65535,65535,65535,65535,65535,65535
2026-07-31 10:04:27.311,84.14,51381,48964,61576,65535,65535,65535,65535,65535,65535
2026-07-31 10:04:27.363,84.19,51381,48964,61576,65535,65535,65535,65535,65535,65535
2026-07-31 10:04:27.412,84.24,51381,48964,61576,65535,65535,65535,65535,65535,65535
2026-07-31 10:04:27.463,84.29,54264,48964,61280,65535,65535,65535,65535,65535,65535
2026-07-31 10:04:27.518,84.35,54264,50646,61280,65535,65535,65535,65535,65535,65535
2026-07-31 10:04:27.562,84.39,54264,50646,61280,65535,65535,65535,65535,65535,65535
2026-07-31 10:04:27.598,84.43,54264,50646,61280,65535,65535,65535,65535,65535,65535
2026-07-31 10:04:27.644,84.47,54264,50646,61280,65535,65535,65535,65535,65535,65535
2026-07-31 10:04:27.696,84.53,54264,50646,61280,65535,65535,65535,65535,65535,65535
2026-07-31 10:04:27.748,84.58,54264,50646,61280,65535,65535,65535,65535,65535,65535
2026-07-31 10:04:27.795,84.62,54264,50646,61280,65535,65535,65535,65535,65535,65535
2026-07-31 10:04:27.840,84.67,54264,50646,61280,65535,65535,65535,65535,65535,65535
2026-07-31 10:04:27.890,84.72,54264,50646,61280,65535,65535,65535,65535,65535,65535
2026-07-31 10:04:27.938,84.77,54264,50646,61280,65535,65535,65535,65535,65535,65535
2026-07-31 10:04:27.986,84.82,54264,50646,61280,65535,65535,65535,65535,65535,65535
2026-07-31 10:04:28.026,84.86,54348,50646,61725,65535,65535,65535,65535,65535,65535
2026-07-31 10:04:28.063,84.89,54348,43411,61725,65535,65535,65535,65535,65535,65535
2026-07-31 10:04:28.099,84.93,54348,43411,61725,65535,65535,65535,65535,65535,65535
2026-07-31 10:04:28.147,84.98,54348,43411,61725,65535,65535,65535,65535,65535,65535
2026-07-31 10:04:28.197,85.03,54348,43411,61725,65535,65535,65535,65535,65535,65535
2026-07-31 10:04:28.246,85.08,54348,43411,61725,65535,65535,65535,65535,65535,65535
2026-07-31 10:04:28.327,85.16,54348,43411,61725,65535,65535,65535,65535,65535,65535
2026-07-31 10:04:28.374,85.2,54348,43411,61725,65535,65535,65535,65535,65535,65535
2026-07-31 10:04:28.419,85.25,54348,43411,61725,65535,65535,65535,65535,65535,65535
2026-07-31 10:04:28.469,85.3,54348,43411,61725,65535,65535,65535,65535,65535,65535
2026-07-31 10:04:28.510,85.34,54348,43411,61725,65535,65535,65535,65535,65535,65535
2026-07-31 10:04:28.547,85.38,54348,43411,61725,65535,65535,65535,65535,65535,65535
2026-07-31 10:04:28.593,85.42,57146,43411,61725,65535,65535,65535,65535,65535,65535
2026-07-31 10:04:28.642,85.47,57146,44683,61725,65535,65535,65535,65535,65535,65535
2026-07-31 10:04:28.689,85.52,57146,44683,61725,65535,65535,65535,65535,65535,65535
2026-07-31 10:04:28.737,85.57,57146,44683,61725,65535,65535,65535,65535,65535,65535
2026-07-31 10:04:28.785,85.61,57146,44683,61725,65535,65535,65535,65535,65535,65535
2026-07-31 10:04:28.832,85.66,57146,44683,61725,65535,65535,65535,65535,65535,65535
2026-07-31 10:04:28.881,85.71,57146,44683,61725,65535,65535,65535,65535,65535,65535
2026-07-31 10:04:28.929,85.76,57146,44683,61725,65535,65535,65535,65535,65535,65535
2026-07-31 10:04:28.983,85.81,57146,44683,61725,65535,65535,65535,65535,65535,65535
2026-07-31 10:04:29.022,85.85,57146,44683,61725,65535,65535,65535,65535,65535,65535
2026-07-31 10:04:29.072,85.9,57146,44683,61725,65535,65535,65535,65535,65535,65535
2026-07-31 10:04:29.107,85.94,57146,44683,61725,65535,65535,65535,65535,65535,65535
2026-07-31 10:04:29.155,85.98,54348,44683,62022,65535,65535,65535,65535,65535,65535
2026-07-31 10:04:29.202,86.03,54348,50943,62022,65535,65535,65535,65535,65535,65535
2026-07-31 10:04:29.251,86.08,54348,50943,62022,65535,65535,65535,65535,65535,65535
2026-07-31 10:04:29.301,86.13,54348,50943,62022,65535,65535,65535,65535,65535,65535
2026-07-31 10:04:29.345,86.17,54348,50943,62022,65535,65535,65535,65535,65535,65535
2026-07-31 10:04:29.396,86.23,54348,50943,62022,65535,65535,65535,65535,65535,65535
2026-07-31 10:04:29.447,86.28,54348,50943,62022,65535,65535,65535,65535,65535,65535
2026-07-31 10:04:29.497,86.33,54348,50943,62022,65535,65535,65535,65535,65535,65535
2026-07-31 10:04:29.537,86.37,54348,50943,62022,65535,65535,65535,65535,65535,65535
2026-07-31 10:04:29.587,86.42,54348,50943,62022,65535,65535,65535,65535,65535,65535
2026-07-31 10:04:29.638,86.47,54348,50943,62022,65535,65535,65535,65535,65535,65535
2026-07-31 10:04:29.688,86.52,54348,50943,62022,65535,65535,65535,65535,65535,65535
2026-07-31 10:04:29.744,86.57,54179,43411,61725,65535,65535,65535,65535,65535,65535
2026-07-31 10:04:29.797,86.63,54179,43411,61725,65535,65535,65535,65535,65535,65535
2026-07-31 10:04:29.879,86.71,54179,43411,61725,65535,65535,65535,65535,65535,65535
2026-07-31 10:04:29.933,86.76,54179,43411,61725,65535,65535,65535,65535,65535,65535
2026-07-31 10:04:29.986,86.82,54179,43411,61725,65535,65535,65535,65535,65535,65535
2026-07-31 10:04:30.022,86.85,54179,43411,61725,65535,65535,65535,65535,65535,65535
2026-07-31 10:04:30.068,86.9,54179,43411,61725,65535,65535,65535,65535,65535,65535
2026-07-31 10:04:30.119,86.95,54179,43411,61725,65535,65535,65535,65535,65535,65535
2026-07-31 10:04:30.165,86.99,54179,43411,61725,65535,65535,65535,65535,65535,65535
2026-07-31 10:04:30.215,87.04,54179,43411,61725,65535,65535,65535,65535,65535,65535
2026-07-31 10:04:30.263,87.09,54179,43411,61576,65535,65535,65535,65535,65535,65535
2026-07-31 10:04:30.313,87.14,63308,42054,61576,65535,65535,65535,65535,65535,65535
2026-07-31 10:04:30.363,87.19,63308,42054,61576,65535,65535,65535,65535,65535,65535
2026-07-31 10:04:30.411,87.24,63308,42054,61576,65535,65535,65535,65535,65535,65535
2026-07-31 10:04:30.465,87.29,63308,42054,61576,65535,65535,65535,65535,65535,65535
2026-07-31 10:04:30.516,87.35,63308,42054,61576,65535,65535,65535,65535,65535,65535
2026-07-31 10:04:30.553,87.38,63308,42054,61576,65535,65535,65535,65535,65535,65535
2026-07-31 10:04:30.605,87.43,63308,42054,61576,65535,65535,65535,65535,65535,65535
2026-07-31 10:04:30.679,87.51,63308,42054,61576,65535,65535,65535,65535,65535,65535
2026-07-31 10:04:30.729,87.56,63308,42054,61576,65535,65535,65535,65535,65535,65535
2026-07-31 10:04:30.777,87.61,63308,42054,61576,65535,65535,65535,65535,65535,65535
2026-07-31 10:04:30.826,87.66,63308,42054,61576,65535,65535,65535,65535,65535,65535
2026-07-31 10:04:30.876,87.71,54518,37984,61576,65535,65535,65535,65535,65535,65535
2026-07-31 10:04:30.925,87.75,54518,37984,61576,65535,65535,65535,65535,65535,65535
2026-07-31 10:04:30.976,87.81,54518,37984,61576,65535,65535,65535,65535,65535,65535
2026-07-31 10:04:31.025,87.85,54518,37984,61576,65535,65535,65535,65535,65535,65535
2026-07-31 10:04:31.064,87.89,54518,37984,61576,65535,65535,65535,65535,65535,65535
2026-07-31 10:04:31.112,87.94,54518,37984,61576,65535,65535,65535,65535,65535,65535
2026-07-31 10:04:31.159,87.99,54518,37984,61576,65535,65535,65535,65535,65535,65535
2026-07-31 10:04:31.207,88.04,54518,37984,61576,65535,65535,65535,65535,65535,65535
2026-07-31 10:04:31.258,88.09,54518,37984,61576,65535,65535,65535,65535,65535,65535
2026-07-31 10:04:31.310,88.14,54518,37984,61576,65535,65535,65535,65535,65535,65535
2026-07-31 10:04:31.360,88.19,54518,37984,61576,65535,65535,65535,65535,65535,65535
2026-07-31 10:04:31.413,88.24,63505,37984,61725,65535,65535,65535,65535,65535,65535
2026-07-31 10:04:31.486,88.32,63505,50745,61725,65535,65535,65535,65535,65535,65535
2026-07-31 10:04:31.526,88.36,63505,50745,61725,65535,65535,65535,65535,65535,65535
2026-07-31 10:04:31.562,88.39,63505,50745,61725,65535,65535,65535,65535,65535,65535
2026-07-31 10:04:31.611,88.44,63505,50745,61725,65535,65535,65535,65535,65535,65535
2026-07-31 10:04:31.665,88.49,63505,50745,61725,65535,65535,65535,65535,65535,65535
2026-07-31 10:04:31.709,88.54,63505,50745,61725,65535,65535,65535,65535,65535,65535
2026-07-31 10:04:31.757,88.59,63505,50745,61725,65535,65535,65535,65535,65535,65535
2026-07-31 10:04:31.807,88.64,63505,50745,61725,65535,65535,65535,65535,65535,65535
2026-07-31 10:04:31.856,88.69,63505,50745,61725,65535,65535,65535,65535,65535,65535
2026-07-31 10:04:31.906,88.74,63505,50745,61725,65535,65535,65535,65535,65535,65535
2026-07-31 10:04:31.953,88.78,63505,50745,61131,65535,65535,65535,65535,65535,65535
2026-07-31 10:04:32.003,88.83,63308,58672,61131,65535,65535,65535,65535,65535,65535
2026-07-31 10:04:32.038,88.87,63308,58672,61131,65535,65535,65535,65535,65535,65535
2026-07-31 10:04:32.074,88.9,63308,58672,61131,65535,65535,65535,65535,65535,65535
2026-07-31 10:04:32.126,88.96,63308,58672,61131,65535,65535,65535,65535,65535,65535
2026-07-31 10:04:32.175,89.0,63308,58672,61131,65535,65535,65535,65535,65535,65535
2026-07-31 10:04:32.251,89.08,63308,58672,61131,65535,65535,65535,65535,65535,65535
2026-07-31 10:04:32.301,89.13,63308,58672,61131,65535,65535,65535,65535,65535,65535
2026-07-31 10:04:32.347,89.18,63308,58672,61131,65535,65535,65535,65535,65535,65535
2026-07-31 10:04:32.396,89.23,63308,58672,61131,65535,65535,65535,65535,65535,65535
2026-07-31 10:04:32.446,89.28,63308,58672,61131,65535,65535,65535,65535,65535,65535
2026-07-31 10:04:32.500,89.33,63308,58672,61131,65535,65535,65535,65535,65535,65535
2026-07-31 10:04:32.538,89.37,45255,58672,61576,65535,65535,65535,65535,65535,65535
2026-07-31 10:04:32.586,89.42,45255,48964,61576,65535,65535,65535,65535,65535,65535
2026-07-31 10:04:32.635,89.46,45255,48964,61576,65535,65535,65535,65535,65535,65535
2026-07-31 10:04:32.697,89.53,45255,48964,61576,65535,65535,65535,65535,65535,65535
2026-07-31 10:04:32.746,89.58,45255,48964,61576,65535,65535,65535,65535,65535,65535
2026-07-31 10:04:32.796,89.62,45255,48964,61576,65535,65535,65535,65535,65535,65535
2026-07-31 10:04:32.843,89.67,45255,48964,61576,65535,65535,65535,65535,65535,65535
2026-07-31 10:04:32.892,89.72,45255,48964,61576,65535,65535,65535,65535,65535,65535
2026-07-31 10:04:32.945,89.77,45255,48964,61576,65535,65535,65535,65535,65535,65535
2026-07-31 10:04:32.996,89.83,45255,48964,61576,65535,65535,65535,65535,65535,65535
2026-07-31 10:04:33.062,89.89,45255,48964,61576,65535,65535,65535,65535,65535,65535
2026-07-31 10:04:33.101,89.93,63505,48964,48786,65535,65535,65535,65535,65535,65535
2026-07-31 10:04:33.151,89.98,63505,43411,48786,65535,65535,65535,65535,65535,65535
2026-07-31 10:04:33.201,90.03,63505,43411,48786,65535,65535,65535,65535,65535,65535
2026-07-31 10:04:33.252,90.08,63505,43411,48786,65535,65535,65535,65535,65535,65535
2026-07-31 10:04:33.305,90.13,63505,43411,48786,65535,65535,65535,65535,65535,65535
2026-07-31 10:04:33.355,90.18,63505,43411,48786,65535,65535,65535,65535,65535,65535
2026-07-31 10:04:33.406,90.24,63505,43411,48786,65535,65535,65535,65535,65535,65535
2026-07-31 10:04:33.459,90.29,63505,43411,48786,65535,65535,65535,65535,65535,65535
2026-07-31 10:04:33.510,90.34,63505,43411,48786,65535,65535,65535,65535,65535,65535
2026-07-31 10:04:33.548,90.38,63505,43411,48786,65535,65535,65535,65535,65535,65535
2026-07-31 10:04:33.597,90.43,63505,43411,48786,65535,65535,65535,65535,65535,65535
2026-07-31 10:04:33.646,90.48,63505,43411,65534,65535,65535,65535,65535,65535,65535
2026-07-31 10:04:33.696,90.53,54348,43580,65534,65535,65535,65535,65535,65535,65535
2026-07-31 10:04:33.749,90.58,54348,43580,65534,65535,65535,65535,65535,65535,65535
2026-07-31 10:04:33.800,90.63,54348,43580,65534,65535,65535,65535,65535,65535,65535
2026-07-31 10:04:33.873,90.7,54348,43580,65534,65535,65535,65535,65535,65535,65535
2026-07-31 10:04:33.927,90.76,54348,43580,65534,65535,65535,65535,65535,65535,65535
2026-07-31 10:04:33.975,90.8,54348,43580,65534,65535,65535,65535,65535,65535,65535
2026-07-31 10:04:34.026,90.86,54348,43580,65534,65535,65535,65535,65535,65535,65535
2026-07-31 10:04:34.066,90.9,54348,43580,65534,65535,65535,65535,65535,65535,65535
2026-07-31 10:04:34.115,90.94,54348,43580,65534,65535,65535,65535,65535,65535,65535
2026-07-31 10:04:34.160,90.99,54348,43580,65534,65535,65535,65535,65535,65535,65535
2026-07-31 10:04:34.210,91.04,54348,43580,49142,65535,65535,65535,65535,65535,65535
2026-07-31 10:04:34.258,91.09,65534,52328,49142,65535,65535,65535,65535,65535,65535
2026-07-31 10:04:34.304,91.13,65534,52328,49142,65535,65535,65535,65535,65535,65535
2026-07-31 10:04:34.352,91.18,65534,52328,49142,65535,65535,65535,65535,65535,65535
2026-07-31 10:04:34.398,91.23,65534,52328,49142,65535,65535,65535,65535,65535,65535
2026-07-31 10:04:34.447,91.28,65534,52328,49142,65535,65535,65535,65535,65535,65535
2026-07-31 10:04:34.497,91.33,65534,52328,49142,65535,65535,65535,65535,65535,65535
2026-07-31 10:04:34.546,91.38,65534,52328,49142,65535,65535,65535,65535,65535,65535
2026-07-31 10:04:34.581,91.41,65534,52328,49142,65535,65535,65535,65535,65535,65535
2026-07-31 10:04:34.655,91.48,65534,52328,49142,65535,65535,65535,65535,65535,65535
2026-07-31 10:04:34.706,91.54,65534,52328,49142,65535,65535,65535,65535,65535,65535
2026-07-31 10:04:34.751,91.58,65534,52328,49142,65535,65535,65535,65535,65535,65535
2026-07-31 10:04:34.799,91.63,63604,43326,62170,65535,65535,65535,65535,65535,65535
2026-07-31 10:04:34.848,91.68,63604,43326,62170,65535,65535,65535,65535,65535,65535
2026-07-31 10:04:34.895,91.72,63604,43326,62170,65535,65535,65535,65535,65535,65535
2026-07-31 10:04:34.944,91.77,63604,43326,62170,65535,65535,65535,65535,65535,65535
2026-07-31 10:04:34.994,91.82,63604,43326,62170,65535,65535,65535,65535,65535,65535
2026-07-31 10:04:35.046,91.88,63604,43326,62170,65535,65535,65535,65535,65535,65535
2026-07-31 10:04:35.084,91.91,63604,43326,62170,65535,65535,65535,65535,65535,65535
2026-07-31 10:04:35.134,91.96,63604,43326,62170,65535,65535,65535,65535,65535,65535
2026-07-31 10:04:35.186,92.02,63604,43326,62170,65535,65535,65535,65535,65535,65535
2026-07-31 10:04:35.234,92.06,63604,43326,62170,65535,65535,65535,65535,65535,65535
2026-07-31 10:04:35.285,92.11,63604,43326,62170,65535,65535,65535,65535,65535,65535
2026-07-31 10:04:35.337,92.17,63604,43326,61280,65535,65535,65535,65535,65535,65535
2026-07-31 10:04:35.389,92.22,51635,43156,61280,65535,65535,65535,65535,65535,65535
2026-07-31 10:04:35.476,92.31,51635,43156,61280,65535,65535,65535,65535,65535,65535
2026-07-31 10:04:35.519,92.35,51635,43156,61280,65535,65535,65535,65535,65535,65535
2026-07-31 10:04:35.559,92.39,51635,43156,61280,65535,65535,65535,65535,65535,65535
2026-07-31 10:04:35.594,92.42,51635,43156,61280,65535,65535,65535,65535,65535,65535
2026-07-31 10:04:35.642,92.47,51635,43156,61280,65535,65535,65535,65535,65535,65535
2026-07-31 10:04:35.690,92.52,51635,43156,61280,65535,65535,65535,65535,65535,65535
2026-07-31 10:04:35.738,92.57,51635,43156,61280,65535,65535,65535,65535,65535,65535
2026-07-31 10:04:35.787,92.62,51635,43156,61280,65535,65535,65535,65535,65535,65535
2026-07-31 10:04:35.836,92.67,51635,43156,61280,65535,65535,65535,65535,65535,65535
2026-07-31 10:04:35.885,92.71,51635,43156,61576,65535,65535,65535,65535,65535,65535
2026-07-31 10:04:35.933,92.76,54518,43495,61576,65535,65535,65535,65535,65535,65535
2026-07-31 10:04:35.984,92.81,54518,43495,61576,65535,65535,65535,65535,65535,65535
2026-07-31 10:04:36.029,92.86,54518,43495,61576,65535,65535,65535,65535,65535,65535
2026-07-31 10:04:36.064,92.89,54518,43495,61576,65535,65535,65535,65535,65535,65535
2026-07-31 10:04:36.113,92.94,54518,43495,61576,65535,65535,65535,65535,65535,65535
2026-07-31 10:04:36.166,93.0,54518,43495,61576,65535,65535,65535,65535,65535,65535
2026-07-31 10:04:36.247,93.08,54518,43495,61576,65535,65535,65535,65535,65535,65535
2026-07-31 10:04:36.296,93.13,54518,43495,61576,65535,65535,65535,65535,65535,65535
2026-07-31 10:04:36.341,93.17,54518,43495,61576,65535,65535,65535,65535,65535,65535
2026-07-31 10:04:36.390,93.22,54518,43495,61576,65535,65535,65535,65535,65535,65535
2026-07-31 10:04:36.441,93.27,54518,43495,61428,65535,65535,65535,65535,65535,65535
2026-07-31 10:04:36.490,93.32,63308,43495,61428,65535,65535,65535,65535,65535,65535
2026-07-31 10:04:36.541,93.37,63308,43495,61428,65535,65535,65535,65535,65535,65535
2026-07-31 10:04:36.575,93.4,63308,43495,61428,65535,65535,65535,65535,65535,65535
2026-07-31 10:04:36.625,93.45,63308,43495,61428,65535,65535,65535,65535,65535,65535
2026-07-31 10:04:36.670,93.5,63308,43495,61428,65535,65535,65535,65535,65535,65535
2026-07-31 10:04:36.720,93.55,63308,43495,61428,65535,65535,65535,65535,65535,65535
2026-07-31 10:04:36.771,93.6,63308,43495,61428,65535,65535,65535,65535,65535,65535
2026-07-31 10:04:36.818,93.65,63308,43495,61428,65535,65535,65535,65535,65535,65535
2026-07-31 10:04:36.867,93.7,63308,43495,61428,65535,65535,65535,65535,65535,65535
2026-07-31 10:04:36.922,93.75,63308,43495,61428,65535,65535,65535,65535,65535,65535
2026-07-31 10:04:36.974,93.8,63308,43495,61428,65535,65535,65535,65535,65535,65535
2026-07-31 10:04:37.059,93.89,54603,44937,61428,65535,65535,65535,65535,65535,65535
2026-07-31 10:04:37.098,93.93,54603,44937,61428,65535,65535,65535,65535,65535,65535
2026-07-31 10:04:37.144,93.97,54603,44937,61428,65535,65535,65535,65535,65535,65535
2026-07-31 10:04:37.193,94.02,54603,44937,61428,65535,65535,65535,65535,65535,65535
2026-07-31 10:04:37.242,94.07,54603,44937,61428,65535,65535,65535,65535,65535,65535
2026-07-31 10:04:37.287,94.12,54603,44937,61428,65535,65535,65535,65535,65535,65535
2026-07-31 10:04:37.336,94.17,54603,44937,61428,65535,65535,65535,65535,65535,65535
2026-07-31 10:04:37.384,94.21,54603,44937,61428,65535,65535,65535,65535,65535,65535
2026-07-31 10:04:37.430,94.26,54603,44937,61428,65535,65535,65535,65535,65535,65535
2026-07-31 10:04:37.480,94.31,54603,44937,61428,65535,65535,65535,65535,65535,65535
2026-07-31 10:04:37.530,94.36,54603,44937,61428,65535,65535,65535,65535,65535,65535
2026-07-31 10:04:37.564,94.39,54603,44937,61428,65535,65535,65535,65535,65535,65535
2026-07-31 10:04:37.599,94.43,54179,44937,61576,65535,65535,65535,65535,65535,65535
2026-07-31 10:04:37.646,94.48,54179,43326,61576,65535,65535,65535,65535,65535,65535
2026-07-31 10:04:37.699,94.53,54179,43326,61576,65535,65535,65535,65535,65535,65535
2026-07-31 10:04:37.750,94.58,54179,43326,61576,65535,65535,65535,65535,65535,65535
2026-07-31 10:04:37.826,94.66,54179,43326,61576,65535,65535,65535,65535,65535,65535
2026-07-31 10:04:37.873,94.7,54179,43326,61576,65535,65535,65535,65535,65535,65535
2026-07-31 10:04:37.921,94.75,54179,43326,61576,65535,65535,65535,65535,65535,65535
2026-07-31 10:04:37.970,94.8,54179,43326,61576,65535,65535,65535,65535,65535,65535
2026-07-31 10:04:38.017,94.85,54179,43326,61576,65535,65535,65535,65535,65535,65535
2026-07-31 10:04:38.057,94.89,54179,43326,61576,65535,65535,65535,65535,65535,65535
2026-07-31 10:04:38.096,94.92,54179,43326,61576,65535,65535,65535,65535,65535,65535
2026-07-31 10:04:38.142,94.97,54179,43326,61428,65535,65535,65535,65535,65535,65535
2026-07-31 10:04:38.190,95.02,51550,42139,61428,65535,65535,65535,65535,65535,65535
2026-07-31 10:04:38.236,95.07,51550,42139,61428,65535,65535,65535,65535,65535,65535
2026-07-31 10:04:38.284,95.11,51550,42139,61428,65535,65535,65535,65535,65535,65535
2026-07-31 10:04:38.331,95.16,51550,42139,61428,65535,65535,65535,65535,65535,65535
2026-07-31 10:04:38.377,95.21,51550,42139,61428,65535,65535,65535,65535,65535,65535
2026-07-31 10:04:38.426,95.26,51550,42139,61428,65535,65535,65535,65535,65535,65535
2026-07-31 10:04:38.476,95.31,51550,42139,61428,65535,65535,65535,65535,65535,65535
2026-07-31 10:04:38.526,95.36,51550,42139,61428,65535,65535,65535,65535,65535,65535
2026-07-31 10:04:38.576,95.4,51550,42139,61428,65535,65535,65535,65535,65535,65535
2026-07-31 10:04:38.616,95.45,51550,42139,61428,65535,65535,65535,65535,65535,65535
2026-07-31 10:04:38.663,95.49,51550,42139,61428,65535,65535,65535,65535,65535,65535
2026-07-31 10:04:38.710,95.54,51550,42139,60983,65535,65535,65535,65535,65535,65535
2026-07-31 10:04:38.756,95.59,63703,43495,60983,65535,65535,65535,65535,65535,65535
2026-07-31 10:04:38.803,95.63,63703,43495,60983,65535,65535,65535,65535,65535,65535
2026-07-31 10:04:38.853,95.68,63703,43495,60983,65535,65535,65535,65535,65535,65535
2026-07-31 10:04:38.901,95.73,63703,43495,60983,65535,65535,65535,65535,65535,65535
2026-07-31 10:04:38.945,95.77,63703,43495,60983,65535,65535,65535,65535,65535,65535
2026-07-31 10:04:38.995,95.82,63703,43495,60983,65535,65535,65535,65535,65535,65535
2026-07-31 10:04:39.045,95.87,63703,43495,60983,65535,65535,65535,65535,65535,65535
2026-07-31 10:04:39.085,95.91,63703,43495,60983,65535,65535,65535,65535,65535,65535
2026-07-31 10:04:39.130,95.96,63703,43495,60983,65535,65535,65535,65535,65535,65535
2026-07-31 10:04:39.178,96.01,63703,43495,60983,65535,65535,65535,65535,65535,65535
2026-07-31 10:04:39.228,96.06,63703,43495,60983,65535,65535,65535,65535,65535,65535
2026-07-31 10:04:39.277,96.11,63703,43495,61280,65535,65535,65535,65535,65535,65535
2026-07-31 10:04:39.356,96.18,54348,43156,61280,65535,65535,65535,65535,65535,65535
2026-07-31 10:04:39.403,96.23,54348,43156,61280,65535,65535,65535,65535,65535,65535
2026-07-31 10:04:39.453,96.28,54348,43156,61280,65535,65535,65535,65535,65535,65535
2026-07-31 10:04:39.499,96.33,54348,43156,61280,65535,65535,65535,65535,65535,65535
2026-07-31 10:04:39.547,96.38,54348,43156,61280,65535,65535,65535,65535,65535,65535
2026-07-31 10:04:39.584,96.41,54348,43156,61280,65535,65535,65535,65535,65535,65535
2026-07-31 10:04:39.629,96.46,54348,43156,61280,65535,65535,65535,65535,65535,65535
2026-07-31 10:04:39.678,96.51,54348,43156,61280,65535,65535,65535,65535,65535,65535
2026-07-31 10:04:39.729,96.56,54348,43156,61280,65535,65535,65535,65535,65535,65535
2026-07-31 10:04:39.775,96.6,54348,43156,61280,65535,65535,65535,65535,65535,65535
2026-07-31 10:04:39.822,96.65,54348,43156,61280,65535,65535,65535,65535,65535,65535
2026-07-31 10:04:39.878,96.71,56892,43156,61576,65535,65535,65535,65535,65535,65535
2026-07-31 10:04:39.931,96.76,56892,44852,61576,65535,65535,65535,65535,65535,65535
2026-07-31 10:04:39.985,96.81,56892,44852,61576,65535,65535,65535,65535,65535,65535
2026-07-31 10:04:40.041,96.87,56892,44852,61576,65535,65535,65535,65535,65535,65535
2026-07-31 10:04:40.079,96.91,56892,44852,61576,65535,65535,65535,65535,65535,65535
2026-07-31 10:04:40.164,96.99,56892,44852,61576,65535,65535,65535,65535,65535,65535
2026-07-31 10:04:40.214,97.04,56892,44852,61576,65535,65535,65535,65535,65535,65535
2026-07-31 10:04:40.261,97.09,56892,44852,61576,65535,65535,65535,65535,65535,65535
2026-07-31 10:04:40.307,97.14,56892,44852,61576,65535,65535,65535,65535,65535,65535
2026-07-31 10:04:40.359,97.19,56892,44852,61576,65535,65535,65535,65535,65535,65535
2026-07-31 10:04:40.412,97.24,56892,44852,61873,65535,65535,65535,65535,65535,65535
2026-07-31 10:04:40.458,97.29,54094,65534,61873,65535,65535,65535,65535,65535,65535
2026-07-31 10:04:40.506,97.33,54094,65534,61873,65535,65535,65535,65535,65535,65535
2026-07-31 10:04:40.555,97.38,54094,65534,61873,65535,65535,65535,65535,65535,65535
2026-07-31 10:04:40.628,97.46,54094,65534,61873,65535,65535,65535,65535,65535,65535
2026-07-31 10:04:40.667,97.5,54094,65534,61873,65535,65535,65535,65535,65535,65535
2026-07-31 10:04:40.724,97.55,54094,65534,61873,65535,65535,65535,65535,65535,65535
2026-07-31 10:04:40.777,97.61,54094,65534,61873,65535,65535,65535,65535,65535,65535
2026-07-31 10:04:40.830,97.66,54094,65534,61873,65535,65535,65535,65535,65535,65535
2026-07-31 10:04:40.887,97.72,54094,65534,61873,65535,65535,65535,65535,65535,65535
2026-07-31 10:04:40.933,97.76,54094,65534,61873,65535,65535,65535,65535,65535,65535
2026-07-31 10:04:41.013,97.84,63308,43411,61576,65535,65535,65535,65535,65535,65535
2026-07-31 10:04:41.062,97.89,63308,43411,61576,65535,65535,65535,65535,65535,65535
2026-07-31 10:04:41.096,97.93,63308,43411,61576,65535,65535,65535,65535,65535,65535
2026-07-31 10:04:41.143,97.97,63308,43411,61576,65535,65535,65535,65535,65535,65535
2026-07-31 10:04:41.193,98.02,63308,43411,61576,65535,65535,65535,65535,65535,65535
2026-07-31 10:04:41.245,98.07,63308,43411,61576,65535,65535,65535,65535,65535,65535
2026-07-31 10:04:41.294,98.12,63308,43411,61576,65535,65535,65535,65535,65535,65535
2026-07-31 10:04:41.341,98.17,63308,43411,61576,65535,65535,65535,65535,65535,65535
2026-07-31 10:04:41.392,98.22,63308,43411,61576,65535,65535,65535,65535,65535,65535
2026-07-31 10:04:41.445,98.27,63308,43411,61576,65535,65535,65535,65535,65535,65535
2026-07-31 10:04:41.493,98.32,63308,43411,61576,65535,65535,65535,65535,65535,65535
2026-07-31 10:04:41.551,98.38,63406,43411,61576,65535,65535,65535,65535,65535,65535
2026-07-31 10:04:41.590,98.42,63406,38207,61576,65535,65535,65535,65535,65535,65535
2026-07-31 10:04:41.638,98.47,63406,38207,61576,65535,65535,65535,65535,65535,65535
2026-07-31 10:04:41.691,98.52,63406,38207,61576,65535,65535,65535,65535,65535,65535
2026-07-31 10:04:41.739,98.57,63406,38207,61576,65535,65535,65535,65535,65535,65535
2026-07-31 10:04:41.819,98.65,63406,38207,61576,65535,65535,65535,65535,65535,65535
2026-07-31 10:04:41.870,98.7,63406,38207,61576,65535,65535,65535,65535,65535,65535
2026-07-31 10:04:41.918,98.75,63406,38207,61576,65535,65535,65535,65535,65535,65535
2026-07-31 10:04:41.965,98.79,63406,38207,61576,65535,65535,65535,65535,65535,65535
2026-07-31 10:04:42.014,98.84,63406,38207,61576,65535,65535,65535,65535,65535,65535
2026-07-31 10:04:42.065,98.89,63406,38207,61576,65535,65535,65535,65535,65535,65535
2026-07-31 10:04:42.105,98.93,63406,38207,61428,65535,65535,65535,65535,65535,65535
2026-07-31 10:04:42.152,98.98,54348,43580,61428,65535,65535,65535,65535,65535,65535
2026-07-31 10:04:42.199,99.03,54348,43580,61428,65535,65535,65535,65535,65535,65535
2026-07-31 10:04:42.247,99.08,54348,43580,61428,65535,65535,65535,65535,65535,65535
2026-07-31 10:04:42.295,99.12,54348,43580,61428,65535,65535,65535,65535,65535,65535
2026-07-31 10:04:42.360,99.19,54348,43580,61428,65535,65535,65535,65535,65535,65535
2026-07-31 10:04:42.413,99.24,54348,43580,61428,65535,65535,65535,65535,65535,65535
2026-07-31 10:04:42.458,99.29,54348,43580,61428,65535,65535,65535,65535,65535,65535
2026-07-31 10:04:42.513,99.34,54348,43580,61428,65535,65535,65535,65535,65535,65535
2026-07-31 10:04:42.564,99.39,54348,43580,61428,65535,65535,65535,65535,65535,65535
2026-07-31 10:04:42.612,99.44,54348,43580,61428,65535,65535,65535,65535,65535,65535
2026-07-31 10:04:42.647,99.48,54348,43580,61428,65535,65535,65535,65535,65535,65535
2026-07-31 10:04:42.695,99.52,63406,43495,61576,65535,65535,65535,65535,65535,65535
2026-07-31 10:04:42.744,99.57,63406,43495,61576,65535,65535,65535,65535,65535,65535
2026-07-31 10:04:42.795,99.62,63406,43495,61576,65535,65535,65535,65535,65535,65535
2026-07-31 10:04:42.846,99.68,63406,43495,61576,65535,65535,65535,65535,65535,65535
2026-07-31 10:04:42.889,99.72,63406,43495,61576,65535,65535,65535,65535,65535,65535
2026-07-31 10:04:42.944,99.77,63406,43495,61576,65535,65535,65535,65535,65535,65535
2026-07-31 10:04:42.995,99.82,63406,43495,61576,65535,65535,65535,65535,65535,65535
2026-07-31 10:04:43.045,99.87,63406,43495,61576,65535,65535,65535,65535,65535,65535
2026-07-31 10:04:43.084,99.91,63406,43495,61576,65535,65535,65535,65535,65535,65535
2026-07-31 10:04:43.141,99.97,63406,43495,61576,65535,65535,65535,65535,65535,65535
2026-07-31 10:04:43.193,100.02,63406,43495,61576,65535,65535,65535,65535,65535,65535
2026-07-31 10:04:43.245,100.07,54009,43495,61576,65535,65535,65535,65535,65535,65535
2026-07-31 10:04:43.293,100.12,54009,43580,61576,65535,65535,65535,65535,65535,65535
2026-07-31 10:04:43.346,100.18,54009,43580,61576,65535,65535,65535,65535,65535,65535
2026-07-31 10:04:43.422,100.25,54009,43580,61576,65535,65535,65535,65535,65535,65535
2026-07-31 10:04:43.468,100.3,54009,43580,61576,65535,65535,65535,65535,65535,65535
2026-07-31 10:04:43.515,100.34,54009,43580,61576,65535,65535,65535,65535,65535,65535
2026-07-31 10:04:43.566,100.4,54009,43580,61576,65535,65535,65535,65535,65535,65535
2026-07-31 10:04:43.606,100.44,54009,43580,61576,65535,65535,65535,65535,65535,65535
2026-07-31 10:04:43.654,100.48,54009,43580,61576,65535,65535,65535,65535,65535,65535
2026-07-31 10:04:43.705,100.53,54009,43580,61576,65535,65535,65535,65535,65535,65535
2026-07-31 10:04:43.754,100.58,54009,43580,61576,65535,65535,65535,65535,65535,65535
2026-07-31 10:04:43.802,100.63,59944,43580,60835,65535,65535,65535,65535,65535,65535
2026-07-31 10:04:43.849,100.68,59944,49261,60835,65535,65535,65535,65535,65535,65535
2026-07-31 10:04:43.896,100.73,59944,49261,60835,65535,65535,65535,65535,65535,65535
2026-07-31 10:04:43.953,100.78,59944,49261,60835,65535,65535,65535,65535,65535,65535
2026-07-31 10:04:44.004,100.83,59944,49261,60835,65535,65535,65535,65535,65535,65535
2026-07-31 10:04:44.058,100.89,59944,49261,60835,65535,65535,65535,65535,65535,65535
2026-07-31 10:04:44.094,100.92,59944,49261,60835,65535,65535,65535,65535,65535,65535
2026-07-31 10:04:44.143,100.97,59944,49261,60835,65535,65535,65535,65535,65535,65535
2026-07-31 10:04:44.218,101.05,59944,49261,60835,65535,65535,65535,65535,65535,65535
2026-07-31 10:04:44.268,101.1,59944,49261,60835,65535,65535,65535,65535,65535,65535
2026-07-31 10:04:44.313,101.14,59944,49261,60835,65535,65535,65535,65535,65535,65535
2026-07-31 10:04:44.362,101.19,54518,49261,60686,65535,65535,65535,65535,65535,65535
2026-07-31 10:04:44.416,101.25,54518,43835,60686,65535,65535,65535,65535,65535,65535
2026-07-31 10:04:44.463,101.29,54518,43835,60686,65535,65535,65535,65535,65535,65535
2026-07-31 10:04:44.514,101.34,54518,43835,60686,65535,65535,65535,65535,65535,65535
2026-07-31 10:04:44.562,101.39,54518,43835,60686,65535,65535,65535,65535,65535,65535
2026-07-31 10:04:44.597,101.43,54518,43835,60686,65535,65535,65535,65535,65535,65535
2026-07-31 10:04:44.666,101.5,54518,43835,60686,65535,65535,65535,65535,65535,65535
2026-07-31 10:04:44.717,101.55,54518,43835,60686,65535,65535,65535,65535,65535,65535
2026-07-31 10:04:44.775,101.6,54518,43835,60686,65535,65535,65535,65535,65535,65535
2026-07-31 10:04:44.823,101.65,54518,43835,60686,65535,65535,65535,65535,65535,65535
2026-07-31 10:04:44.872,101.7,54518,43835,60686,65535,65535,65535,65535,65535,65535
2026-07-31 10:04:44.922,101.75,63308,43835,61576,65535,65535,65535,65535,65535,65535
2026-07-31 10:04:44.970,101.8,63308,43580,61576,65535,65535,65535,65535,65535,65535
2026-07-31 10:04:45.052,101.88,63308,43580,61576,65535,65535,65535,65535,65535,65535
2026-07-31 10:04:45.090,101.92,63308,43580,61576,65535,65535,65535,65535,65535,65535
2026-07-31 10:04:45.137,101.97,63308,43580,61576,65535,65535,65535,65535,65535,65535
2026-07-31 10:04:45.185,102.01,63308,43580,61576,65535,65535,65535,65535,65535,65535
2026-07-31 10:04:45.236,102.07,63308,43580,61576,65535,65535,65535,65535,65535,65535
2026-07-31 10:04:45.286,102.11,63308,43580,61576,65535,65535,65535,65535,65535,65535
2026-07-31 10:04:45.333,102.16,63308,43580,61576,65535,65535,65535,65535,65535,65535
2026-07-31 10:04:45.380,102.21,63308,43580,61576,65535,65535,65535,65535,65535,65535
2026-07-31 10:04:45.430,102.26,63308,43580,61576,65535,65535,65535,65535,65535,65535
2026-07-31 10:04:45.478,102.31,63308,43580,61428,65535,65535,65535,65535,65535,65535
2026-07-31 10:04:45.529,102.36,65534,45106,61428,65535,65535,65535,65535,65535,65535
2026-07-31 10:04:45.569,102.4,65534,45106,61428,65535,65535,65535,65535,65535,65535
2026-07-31 10:04:45.607,102.44,65534,45106,61428,65535,65535,65535,65535,65535,65535
2026-07-31 10:04:45.654,102.48,65534,45106,61428,65535,65535,65535,65535,65535,65535
2026-07-31 10:04:45.709,102.54,65534,45106,61428,65535,65535,65535,65535,65535,65535
2026-07-31 10:04:45.755,102.58,65534,45106,61428,65535,65535,65535,65535,65535,65535
2026-07-31 10:04:45.826,102.66,65534,45106,61428,65535,65535,65535,65535,65535,65535
2026-07-31 10:04:45.874,102.7,65534,45106,61428,65535,65535,65535,65535,65535,65535
2026-07-31 10:04:45.921,102.75,65534,45106,61428,65535,65535,65535,65535,65535,65535
2026-07-31 10:04:45.967,102.8,65534,45106,61428,65535,65535,65535,65535,65535,65535
2026-07-31 10:04:46.018,102.85,65534,45106,61428,65535,65535,65535,65535,65535,65535
2026-07-31 10:04:46.065,102.89,63110,43326,62022,65535,65535,65535,65535,65535,65535
2026-07-31 10:04:46.101,102.93,63110,43326,62022,65535,65535,65535,65535,65535,65535
2026-07-31 10:04:46.146,102.98,63110,43326,62022,65535,65535,65535,65535,65535,65535
2026-07-31 10:04:46.196,103.03,63110,43326,62022,65535,65535,65535,65535,65535,65535
2026-07-31 10:04:46.245,103.07,63110,43326,62022,65535,65535,65535,65535,65535,65535
2026-07-31 10:04:46.292,103.12,63110,43326,62022,65535,65535,65535,65535,65535,65535
2026-07-31 10:04:46.360,103.19,63110,43326,62022,65535,65535,65535,65535,65535,65535
2026-07-31 10:04:46.413,103.24,63110,43326,62022,65535,65535,65535,65535,65535,65535
2026-07-31 10:04:46.465,103.29,63110,43326,62022,65535,65535,65535,65535,65535,65535
2026-07-31 10:04:46.523,103.35,63110,43326,62022,65535,65535,65535,65535,65535,65535
2026-07-31 10:04:46.571,103.4,63110,43326,62022,65535,65535,65535,65535,65535,65535
2026-07-31 10:04:46.626,103.46,63505,43580,61725,65535,65535,65535,65535,65535,65535
2026-07-31 10:04:46.661,103.49,63505,43580,61725,65535,65535,65535,65535,65535,65535
2026-07-31 10:04:46.708,103.54,63505,43580,61725,65535,65535,65535,65535,65535,65535
2026-07-31 10:04:46.756,103.58,63505,43580,61725,65535,65535,65535,65535,65535,65535
2026-07-31 10:04:46.846,103.68,63505,43580,61725,65535,65535,65535,65535,65535,65535
2026-07-31 10:04:46.895,103.72,63505,43580,61725,65535,65535,65535,65535,65535,65535
2026-07-31 10:04:46.945,103.77,63505,43580,61725,65535,65535,65535,65535,65535,65535
2026-07-31 10:04:47.000,103.83,63505,43580,61725,65535,65535,65535,65535,65535,65535
2026-07-31 10:04:47.048,103.88,63505,43580,61725,65535,65535,65535,65535,65535,65535
2026-07-31 10:04:47.087,103.92,63505,43580,61725,65535,65535,65535,65535,65535,65535
2026-07-31 10:04:47.125,103.95,63505,43580,61725,65535,65535,65535,65535,65535,65535
2026-07-31 10:04:47.185,104.01,54433,43411,61576,65535,65535,65535,65535,65535,65535
2026-07-31 10:04:47.232,104.06,54433,43411,61576,65535,65535,65535,65535,65535,65535
2026-07-31 10:04:47.282,104.11,54433,43411,61576,65535,65535,65535,65535,65535,65535
2026-07-31 10:04:47.336,104.17,54433,43411,61576,65535,65535,65535,65535,65535,65535
2026-07-31 10:04:47.388,104.22,54433,43411,61576,65535,65535,65535,65535,65535,65535
2026-07-31 10:04:47.493,104.32,54433,43411,61576,65535,65535,65535,65535,65535,65535
2026-07-31 10:04:47.546,104.38,54433,43411,61576,65535,65535,65535,65535,65535,65535
2026-07-31 10:04:47.592,104.42,54433,43411,61576,65535,65535,65535,65535,65535,65535
2026-07-31 10:04:47.630,104.46,54433,43411,61576,65535,65535,65535,65535,65535,65535
2026-07-31 10:04:47.677,104.51,54433,43411,61576,65535,65535,65535,65535,65535,65535
2026-07-31 10:04:47.724,104.55,54433,43411,61873,65535,65535,65535,65535,65535,65535
2026-07-31 10:04:47.770,104.6,54433,50745,61873,65535,65535,65535,65535,65535,65535
2026-07-31 10:04:47.822,104.65,54433,50745,61873,65535,65535,65535,65535,65535,65535
2026-07-31 10:04:47.867,104.7,54433,50745,61873,65535,65535,65535,65535,65535,65535
2026-07-31 10:04:47.919,104.75,54433,50745,61873,65535,65535,65535,65535,65535,65535
2026-07-31 10:04:47.963,104.79,54433,50745,61873,65535,65535,65535,65535,65535,65535
2026-07-31 10:04:48.026,104.86,54433,50745,61873,65535,65535,65535,65535,65535,65535
2026-07-31 10:04:48.079,104.91,54433,50745,61873,65535,65535,65535,65535,65535,65535
2026-07-31 10:04:48.116,104.95,54433,50745,61873,65535,65535,65535,65535,65535,65535
2026-07-31 10:04:48.174,105.0,54433,50745,61873,65535,65535,65535,65535,65535,65535
2026-07-31 10:04:48.226,105.05,54433,50745,61873,65535,65535,65535,65535,65535,65535
2026-07-31 10:04:48.311,105.14,63308,37984,61280,65535,65535,65535,65535,65535,65535
2026-07-31 10:04:48.358,105.19,63308,37984,61280,65535,65535,65535,65535,65535,65535
2026-07-31 10:04:48.409,105.24,63308,37984,61280,65535,65535,65535,65535,65535,65535
2026-07-31 10:04:48.463,105.29,63308,37984,61280,65535,65535,65535,65535,65535,65535
2026-07-31 10:04:48.511,105.34,63308,37984,61280,65535,65535,65535,65535,65535,65535
2026-07-31 10:04:48.565,105.39,63308,37984,61280,65535,65535,65535,65535,65535,65535
2026-07-31 10:04:48.605,105.43,63308,37984,61280,65535,65535,65535,65535,65535,65535
2026-07-31 10:04:48.654,105.48,63308,37984,61280,65535,65535,65535,65535,65535,65535
2026-07-31 10:04:48.702,105.53,63308,37984,61280,65535,65535,65535,65535,65535,65535
2026-07-31 10:04:48.754,105.58,63308,37984,61280,65535,65535,65535,65535,65535,65535
2026-07-31 10:04:48.805,105.63,63308,37984,61280,65535,65535,65535,65535,65535,65535
2026-07-31 10:04:48.855,105.68,47703,37984,61576,65535,65535,65535,65535,65535,65535
2026-07-31 10:04:48.907,105.74,47703,50646,61576,65535,65535,65535,65535,65535,65535
2026-07-31 10:04:48.951,105.78,47703,50646,61576,65535,65535,65535,65535,65535,65535
2026-07-31 10:04:49.010,105.84,47703,50646,61576,65535,65535,65535,65535,65535,65535
2026-07-31 10:04:49.065,105.89,47703,50646,61576,65535,65535,65535,65535,65535,65535
2026-07-31 10:04:49.117,105.95,47703,50646,61576,65535,65535,65535,65535,65535,65535
2026-07-31 10:04:49.153,105.98,47703,50646,61576,65535,65535,65535,65535,65535,65535
2026-07-31 10:04:49.197,106.03,47703,50646,61576,65535,65535,65535,65535,65535,65535
2026-07-31 10:04:49.249,106.08,47703,50646,61576,65535,65535,65535,65535,65535,65535
2026-07-31 10:04:49.294,106.12,47703,50646,61576,65535,65535,65535,65535,65535,65535
2026-07-31 10:04:49.346,106.17,47703,50646,61576,65535,65535,65535,65535,65535,65535
2026-07-31 10:04:49.396,106.23,47703,50646,61725,65535,65535,65535,65535,65535,65535
2026-07-31 10:04:49.444,106.27,60241,49063,61725,65535,65535,65535,65535,65535,65535
2026-07-31 10:04:49.494,106.32,60241,49063,61725,65535,65535,65535,65535,65535,65535
2026-07-31 10:04:49.565,106.39,60241,49063,61725,65535,65535,65535,65535,65535,65535
2026-07-31 10:04:49.605,106.43,60241,49063,61725,65535,65535,65535,65535,65535,65535
2026-07-31 10:04:49.655,106.48,60241,49063,61725,65535,65535,65535,65535,65535,65535
2026-07-31 10:04:49.712,106.54,60241,49063,61725,65535,65535,65535,65535,65535,65535
2026-07-31 10:04:49.757,106.59,60241,49063,61725,65535,65535,65535,65535,65535,65535
2026-07-31 10:04:49.813,106.64,60241,49063,61725,65535,65535,65535,65535,65535,65535
2026-07-31 10:04:49.862,106.69,60241,49063,61725,65535,65535,65535,65535,65535,65535
2026-07-31 10:04:49.939,106.77,60241,49063,61725,65535,65535,65535,65535,65535,65535
2026-07-31 10:04:49.987,106.82,54348,49063,61131,65535,65535,65535,65535,65535,65535
2026-07-31 10:04:50.032,106.86,54348,43495,61131,65535,65535,65535,65535,65535,65535
2026-07-31 10:04:50.074,106.9,54348,43495,61131,65535,65535,65535,65535,65535,65535
2026-07-31 10:04:50.110,106.94,54348,43495,61131,65535,65535,65535,65535,65535,65535
2026-07-31 10:04:50.157,106.99,54348,43495,61131,65535,65535,65535,65535,65535,65535
2026-07-31 10:04:50.204,107.03,54348,43495,61131,65535,65535,65535,65535,65535,65535
2026-07-31 10:04:50.252,107.08,54348,43495,61131,65535,65535,65535,65535,65535,65535
2026-07-31 10:04:50.300,107.13,54348,43495,61131,65535,65535,65535,65535,65535,65535
2026-07-31 10:04:50.369,107.2,54348,43495,61131,65535,65535,65535,65535,65535,65535
2026-07-31 10:04:50.416,107.25,54348,43495,61131,65535,65535,65535,65535,65535,65535
2026-07-31 10:04:50.466,107.3,54348,43495,61131,65535,65535,65535,65535,65535,65535
2026-07-31 10:04:50.519,107.35,54348,43495,61873,65535,65535,65535,65535,65535,65535
2026-07-31 10:04:50.570,107.4,63703,43580,61873,65535,65535,65535,65535,65535,65535
2026-07-31 10:04:50.609,107.44,63703,43580,61873,65535,65535,65535,65535,65535,65535
2026-07-31 10:04:50.659,107.49,63703,43580,61873,65535,65535,65535,65535,65535,65535
2026-07-31 10:04:50.736,107.57,63703,43580,61873,65535,65535,65535,65535,65535,65535
2026-07-31 10:04:50.788,107.62,63703,43580,61873,65535,65535,65535,65535,65535,65535
2026-07-31 10:04:50.837,107.67,63703,43580,61873,65535,65535,65535,65535,65535,65535
2026-07-31 10:04:50.890,107.72,63703,43580,61873,65535,65535,65535,65535,65535,65535
2026-07-31 10:04:50.934,107.76,63703,43580,61873,65535,65535,65535,65535,65535,65535
2026-07-31 10:04:50.987,107.82,63703,43580,61873,65535,65535,65535,65535,65535,65535
2026-07-31 10:04:51.037,107.87,63703,43580,61873,65535,65535,65535,65535,65535,65535
2026-07-31 10:04:51.088,107.92,63703,43580,61428,65535,65535,65535,65535,65535,65535
2026-07-31 10:04:51.127,107.96,57740,44767,61428,65535,65535,65535,65535,65535,65535
2026-07-31 10:04:51.174,108.0,57740,44767,61428,65535,65535,65535,65535,65535,65535
2026-07-31 10:04:51.222,108.05,57740,44767,61428,65535,65535,65535,65535,65535,65535
2026-07-31 10:04:51.271,108.1,57740,44767,61428,65535,65535,65535,65535,65535,65535
2026-07-31 10:04:51.324,108.15,57740,44767,61428,65535,65535,65535,65535,65535,65535
2026-07-31 10:04:51.368,108.2,57740,44767,61428,65535,65535,65535,65535,65535,65535
2026-07-31 10:04:51.426,108.26,57740,44767,61428,65535,65535,65535,65535,65535,65535
2026-07-31 10:04:51.474,108.3,57740,44767,61428,65535,65535,65535,65535,65535,65535
2026-07-31 10:04:51.549,108.38,57740,44767,61428,65535,65535,65535,65535,65535,65535
2026-07-31 10:04:51.585,108.41,57740,44767,61428,65535,65535,65535,65535,65535,65535
2026-07-31 10:04:51.621,108.45,57740,44767,61428,65535,65535,65535,65535,65535,65535
2026-07-31 10:04:51.674,108.5,63703,44767,62022,65535,65535,65535,65535,65535,65535
2026-07-31 10:04:51.724,108.55,63703,43495,62022,65535,65535,65535,65535,65535,65535
2026-07-31 10:04:51.772,108.6,63703,43495,62022,65535,65535,65535,65535,65535,65535
2026-07-31 10:04:51.825,108.65,63703,43495,62022,65535,65535,65535,65535,65535,65535
2026-07-31 10:04:51.881,108.71,63703,43495,62022,65535,65535,65535,65535,65535,65535
2026-07-31 10:04:51.928,108.76,63703,43495,62022,65535,65535,65535,65535,65535,65535
2026-07-31 10:04:51.980,108.81,63703,43495,62022,65535,65535,65535,65535,65535,65535
2026-07-31 10:04:52.032,108.86,63703,43495,62022,65535,65535,65535,65535,65535,65535
2026-07-31 10:04:52.081,108.91,63703,43495,62022,65535,65535,65535,65535,65535,65535
2026-07-31 10:04:52.121,108.95,63703,43495,62022,65535,65535,65535,65535,65535,65535
2026-07-31 10:04:52.168,109.0,63703,43495,62022,65535,65535,65535,65535,65535,65535
2026-07-31 10:04:52.227,109.06,63703,43495,61428,65535,65535,65535,65535,65535,65535
2026-07-31 10:04:52.276,109.1,63308,42054,61428,65535,65535,65535,65535,65535,65535
2026-07-31 10:04:52.356,109.18,63308,42054,61428,65535,65535,65535,65535,65535,65535
2026-07-31 10:04:52.405,109.23,63308,42054,61428,65535,65535,65535,65535,65535,65535
2026-07-31 10:04:52.451,109.28,63308,42054,61428,65535,65535,65535,65535,65535,65535
2026-07-31 10:04:52.503,109.33,63308,42054,61428,65535,65535,65535,65535,65535,65535
2026-07-31 10:04:52.557,109.39,63308,42054,61428,65535,65535,65535,65535,65535,65535
2026-07-31 10:04:52.592,109.42,63308,42054,61428,65535,65535,65535,65535,65535,65535
2026-07-31 10:04:52.642,109.47,63308,42054,61428,65535,65535,65535,65535,65535,65535
2026-07-31 10:04:52.697,109.53,63308,42054,61428,65535,65535,65535,65535,65535,65535
2026-07-31 10:04:52.748,109.58,63308,42054,61428,65535,65535,65535,65535,65535,65535
2026-07-31 10:04:52.797,109.63,63604,42054,61576,65535,65535,65535,65535,65535,65535
2026-07-31 10:04:52.849,109.68,63604,43495,61576,65535,65535,65535,65535,65535,65535
2026-07-31 10:04:52.894,109.72,63604,43495,61576,65535,65535,65535,65535,65535,65535
2026-07-31 10:04:52.943,109.77,63604,43495,61576,65535,65535,65535,65535,65535,65535
2026-07-31 10:04:52.996,109.83,63604,43495,61576,65535,65535,65535,65535,65535,65535
2026-07-31 10:04:53.045,109.87,63604,43495,61576,65535,65535,65535,65535,65535,65535
2026-07-31 10:04:53.082,109.91,63604,43495,61576,65535,65535,65535,65535,65535,65535
2026-07-31 10:04:53.126,109.96,63604,43495,61576,65535,65535,65535,65535,65535,65535
2026-07-31 10:04:53.164,109.99,63604,43495,61576,65535,65535,65535,65535,65535,65535
2026-07-31 10:04:53.209,110.04,63604,43495,61576,65535,65535,65535,65535,65535,65535
2026-07-31 10:04:53.255,110.08,63604,43495,61576,65535,65535,65535,65535,65535,65535
2026-07-31 10:04:53.308,110.14,63604,43495,61576,65535,65535,65535,65535,65535,65535
2026-07-31 10:04:53.355,110.18,63604,43495,61576,65535,65535,65535,65535,65535,65535
2026-07-31 10:04:53.402,110.23,54348,43495,61576,65535,65535,65535,65535,65535,65535
2026-07-31 10:04:53.450,110.28,54348,43495,61576,65535,65535,65535,65535,65535,65535
2026-07-31 10:04:53.497,110.33,54348,43495,61576,65535,65535,65535,65535,65535,65535
2026-07-31 10:04:53.544,110.37,54348,43495,61576,65535,65535,65535,65535,65535,65535
2026-07-31 10:04:53.593,110.42,54348,43495,61576,65535,65535,65535,65535,65535,65535
2026-07-31 10:04:53.627,110.46,54348,43495,61576,65535,65535,65535,65535,65535,65535
2026-07-31 10:04:53.675,110.5,54348,43495,61576,65535,65535,65535,65535,65535,65535
2026-07-31 10:04:53.720,110.55,54348,43495,61576,65535,65535,65535,65535,65535,65535
2026-07-31 10:04:53.778,110.61,54348,43495,61576,65535,65535,65535,65535,65535,65535
2026-07-31 10:04:53.827,110.66,54348,43495,61576,65535,65535,65535,65535,65535,65535
2026-07-31 10:04:53.905,110.73,54348,43495,61576,65535,65535,65535,65535,65535,65535
2026-07-31 10:04:53.957,110.79,54772,50745,61576,65535,65535,65535,65535,65535,65535
2026-07-31 10:04:54.006,110.84,54772,50745,61576,65535,65535,65535,65535,65535,65535
2026-07-31 10:04:54.057,110.89,54772,50745,61576,65535,65535,65535,65535,65535,65535
2026-07-31 10:04:54.091,110.92,54772,50745,61576,65535,65535,65535,65535,65535,65535
2026-07-31 10:04:54.138,110.97,54772,50745,61576,65535,65535,65535,65535,65535,65535
2026-07-31 10:04:54.186,111.02,54772,50745,61576,65535,65535,65535,65535,65535,65535
2026-07-31 10:04:54.237,111.07,54772,50745,61576,65535,65535,65535,65535,65535,65535
2026-07-31 10:04:54.285,111.11,54772,50745,61576,65535,65535,65535,65535,65535,65535
2026-07-31 10:04:54.338,111.17,54772,50745,61576,65535,65535,65535,65535,65535,65535
2026-07-31 10:04:54.390,111.22,54772,50745,61576,65535,65535,65535,65535,65535,65535
2026-07-31 10:04:54.437,111.27,54772,50745,61576,65535,65535,65535,65535,65535,65535
2026-07-31 10:04:54.483,111.31,54772,50745,62022,65535,65535,65535,65535,65535,65535
2026-07-31 10:04:54.530,111.36,63308,43665,62022,65535,65535,65535,65535,65535,65535
2026-07-31 10:04:54.586,111.42,63308,43665,62022,65535,65535,65535,65535,65535,65535
2026-07-31 10:04:54.622,111.45,63308,43665,62022,65535,65535,65535,65535,65535,65535
2026-07-31 10:04:54.702,111.53,63308,43665,62022,65535,65535,65535,65535,65535,65535
2026-07-31 10:04:54.750,111.58,63308,43665,62022,65535,65535,65535,65535,65535,65535
2026-07-31 10:04:54.801,111.63,63308,43665,62022,65535,65535,65535,65535,65535,65535
2026-07-31 10:04:54.852,111.68,63308,43665,62022,65535,65535,65535,65535,65535,65535
2026-07-31 10:04:54.902,111.73,63308,43665,62022,65535,65535,65535,65535,65535,65535
2026-07-31 10:04:54.951,111.78,63308,43665,62022,65535,65535,65535,65535,65535,65535
2026-07-31 10:04:55.000,111.83,63308,43665,62022,65535,65535,65535,65535,65535,65535
2026-07-31 10:04:55.055,111.88,60043,43665,62022,65535,65535,65535,65535,65535,65535
2026-07-31 10:04:55.092,111.92,60043,42139,62022,65535,65535,65535,65535,65535,65535
2026-07-31 10:04:55.129,111.96,60043,42139,62022,65535,65535,65535,65535,65535,65535
2026-07-31 10:04:55.176,112.01,60043,42139,62022,65535,65535,65535,65535,65535,65535
2026-07-31 10:04:55.226,112.06,60043,42139,62022,65535,65535,65535,65535,65535,65535
2026-07-31 10:04:55.277,112.11,60043,42139,62022,65535,65535,65535,65535,65535,65535
2026-07-31 10:04:55.328,112.16,60043,42139,62022,65535,65535,65535,65535,65535,65535
2026-07-31 10:04:55.384,112.21,60043,42139,62022,65535,65535,65535,65535,65535,65535
2026-07-31 10:04:55.436,112.27,60043,42139,62022,65535,65535,65535,65535,65535,65535
2026-07-31 10:04:55.532,112.36,60043,42139,62022,65535,65535,65535,65535,65535,65535
2026-07-31 10:04:55.583,112.41,60043,42139,62022,65535,65535,65535,65535,65535,65535
2026-07-31 10:04:55.623,112.45,63406,42139,61131,65535,65535,65535,65535,65535,65535
2026-07-31 10:04:55.671,112.5,63406,38133,61131,65535,65535,65535,65535,65535,65535
2026-07-31 10:04:55.717,112.55,63406,38133,61131,65535,65535,65535,65535,65535,65535
2026-07-31 10:04:55.765,112.59,63406,38133,61131,65535,65535,65535,65535,65535,65535
2026-07-31 10:04:55.813,112.64,63406,38133,61131,65535,65535,65535,65535,65535,65535
2026-07-31 10:04:55.865,112.69,63406,38133,61131,65535,65535,65535,65535,65535,65535
2026-07-31 10:04:55.916,112.75,63406,38133,61131,65535,65535,65535,65535,65535,65535
2026-07-31 10:04:55.961,112.79,63406,38133,61131,65535,65535,65535,65535,65535,65535
2026-07-31 10:04:56.010,112.84,63406,38133,61131,65535,65535,65535,65535,65535,65535
2026-07-31 10:04:56.058,112.89,63406,38133,61131,65535,65535,65535,65535,65535,65535
2026-07-31 10:04:56.099,112.93,63406,38133,61131,65535,65535,65535,65535,65535,65535
2026-07-31 10:04:56.136,112.97,63406,38133,61131,65535,65535,65535,65535,65535,65535
2026-07-31 10:04:56.188,113.02,63209,38133,48905,65535,65535,65535,65535,65535,65535
2026-07-31 10:04:56.239,113.07,63209,43580,48905,65535,65535,65535,65535,65535,65535
2026-07-31 10:04:56.327,113.16,63209,43580,48905,65535,65535,65535,65535,65535,65535
2026-07-31 10:04:56.375,113.2,63209,43580,48905,65535,65535,65535,65535,65535,65535
2026-07-31 10:04:56.424,113.25,63209,43580,48905,65535,65535,65535,65535,65535,65535
2026-07-31 10:04:56.470,113.3,63209,43580,48905,65535,65535,65535,65535,65535,65535
2026-07-31 10:04:56.518,113.35,63209,43580,48905,65535,65535,65535,65535,65535,65535
2026-07-31 10:04:56.566,113.4,63209,43580,48905,65535,65535,65535,65535,65535,65535
2026-07-31 10:04:56.600,113.43,63209,43580,48905,65535,65535,65535,65535,65535,65535
2026-07-31 10:04:56.636,113.47,63209,43580,48905,65535,65535,65535,65535,65535,65535
2026-07-31 10:04:56.682,113.51,63209,43580,48905,65535,65535,65535,65535,65535,65535
2026-07-31 10:04:56.731,113.56,63209,43580,65534,65535,65535,65535,65535,65535,65535
2026-07-31 10:04:56.782,113.61,61810,52723,65534,65535,65535,65535,65535,65535,65535
2026-07-31 10:04:56.832,113.66,61810,52723,65534,65535,65535,65535,65535,65535,65535
2026-07-31 10:04:56.881,113.71,61810,52723,65534,65535,65535,65535,65535,65535,65535
2026-07-31 10:04:56.932,113.76,61810,52723,65534,65535,65535,65535,65535,65535,65535
2026-07-31 10:04:56.986,113.82,61810,52723,65534,65535,65535,65535,65535,65535,65535
2026-07-31 10:04:57.036,113.87,61810,52723,65534,65535,65535,65535,65535,65535,65535
2026-07-31 10:04:57.105,113.93,61810,52723,65534,65535,65535,65535,65535,65535,65535
2026-07-31 10:04:57.142,113.97,61810,52723,65534,65535,65535,65535,65535,65535,65535
2026-07-31 10:04:57.190,114.02,61810,52723,65534,65535,65535,65535,65535,65535,65535
2026-07-31 10:04:57.235,114.06,61810,52723,65534,65535,65535,65535,65535,65535,65535
2026-07-31 10:04:57.287,114.12,61810,52723,62022,65535,65535,65535,65535,65535,65535
2026-07-31 10:04:57.332,114.16,54179,43495,62022,65535,65535,65535,65535,65535,65535
2026-07-31 10:04:57.382,114.21,54179,43495,62022,65535,65535,65535,65535,65535,65535
2026-07-31 10:04:57.435,114.26,54179,43495,62022,65535,65535,65535,65535,65535,65535
2026-07-31 10:04:57.483,114.31,54179,43495,62022,65535,65535,65535,65535,65535,65535
2026-07-31 10:04:57.542,114.37,54179,43495,62022,65535,65535,65535,65535,65535,65535
2026-07-31 10:04:57.595,114.42,54179,43495,62022,65535,65535,65535,65535,65535,65535
2026-07-31 10:04:57.634,114.46,54179,43495,62022,65535,65535,65535,65535,65535,65535
2026-07-31 10:04:57.679,114.51,54179,43495,62022,65535,65535,65535,65535,65535,65535
2026-07-31 10:04:57.730,114.56,54179,43495,62022,65535,65535,65535,65535,65535,65535
2026-07-31 10:04:57.787,114.62,54179,43495,62022,65535,65535,65535,65535,65535,65535
2026-07-31 10:04:57.833,114.66,54179,43495,62022,65535,65535,65535,65535,65535,65535
2026-07-31 10:04:57.921,114.75,63110,43580,61725,65535,65535,65535,65535,65535,65535
2026-07-31 10:04:57.969,114.8,63110,43580,61725,65535,65535,65535,65535,65535,65535
2026-07-31 10:04:58.017,114.85,63110,43580,61725,65535,65535,65535,65535,65535,65535
2026-07-31 10:04:58.067,114.9,63110,43580,61725,65535,65535,65535,65535,65535,65535
2026-07-31 10:04:58.102,114.93,63110,43580,61725,65535,65535,65535,65535,65535,65535
2026-07-31 10:04:58.137,114.97,63110,43580,61725,65535,65535,65535,65535,65535,65535
2026-07-31 10:04:58.181,115.01,63110,43580,61725,65535,65535,65535,65535,65535,65535
2026-07-31 10:04:58.236,115.07,63110,43580,61725,65535,65535,65535,65535,65535,65535
2026-07-31 10:04:58.291,115.12,63110,43580,61725,65535,65535,65535,65535,65535,65535
2026-07-31 10:04:58.337,115.17,63110,43580,61725,65535,65535,65535,65535,65535,65535
2026-07-31 10:04:58.389,115.22,63110,43580,61725,65535,65535,65535,65535,65535,65535
2026-07-31 10:04:58.441,115.27,54264,43580,61576,65535,65535,65535,65535,65535,65535
2026-07-31 10:04:58.502,115.33,54264,50844,61576,65535,65535,65535,65535,65535,65535
2026-07-31 10:04:58.552,115.38,54264,50844,61576,65535,65535,65535,65535,65535,65535
2026-07-31 10:04:58.602,115.43,54264,50844,61576,65535,65535,65535,65535,65535,65535
2026-07-31 10:04:58.640,115.47,54264,50844,61576,65535,65535,65535,65535,65535,65535
2026-07-31 10:04:58.715,115.54,54264,50844,61576,65535,65535,65535,65535,65535,65535
2026-07-31 10:04:58.766,115.59,54264,50844,61576,65535,65535,65535,65535,65535,65535
2026-07-31 10:04:58.815,115.64,54264,50844,61576,65535,65535,65535,65535,65535,65535
2026-07-31 10:04:58.860,115.69,54264,50844,61576,65535,65535,65535,65535,65535,65535
2026-07-31 10:04:58.913,115.74,54264,50844,61576,65535,65535,65535,65535,65535,65535
2026-07-31 10:04:58.964,115.79,54264,50844,61576,65535,65535,65535,65535,65535,65535
2026-07-31 10:04:59.010,115.84,54264,43580,61280,65535,65535,65535,65535,65535,65535
2026-07-31 10:04:59.063,115.89,54264,43580,61280,65535,65535,65535,65535,65535,65535
2026-07-31 10:04:59.101,115.93,54264,43580,61280,65535,65535,65535,65535,65535,65535
2026-07-31 10:04:59.149,115.98,54264,43580,61280,65535,65535,65535,65535,65535,65535
2026-07-31 10:04:59.199,116.03,54264,43580,61280,65535,65535,65535,65535,65535,65535
2026-07-31 10:04:59.251,116.08,54264,43580,61280,65535,65535,65535,65535,65535,65535
2026-07-31 10:04:59.307,116.14,54264,43580,61280,65535,65535,65535,65535,65535,65535
2026-07-31 10:04:59.356,116.19,54264,43580,61280,65535,65535,65535,65535,65535,65535
2026-07-31 10:04:59.412,116.24,54264,43580,61280,65535,65535,65535,65535,65535,65535
2026-07-31 10:04:59.459,116.29,54264,43580,61280,65535,65535,65535,65535,65535,65535
2026-07-31 10:04:59.546,116.38,54264,43580,61725,65535,65535,65535,65535,65535,65535
2026-07-31 10:04:59.593,116.42,54179,43495,61725,65535,65535,65535,65535,65535,65535
2026-07-31 10:04:59.631,116.46,54179,43495,61725,65535,65535,65535,65535,65535,65535
2026-07-31 10:04:59.680,116.51,54179,43495,61725,65535,65535,65535,65535,65535,65535
2026-07-31 10:04:59.725,116.55,54179,43495,61725,65535,65535,65535,65535,65535,65535
2026-07-31 10:04:59.777,116.61,54179,43495,61725,65535,65535,65535,65535,65535,65535
2026-07-31 10:04:59.829,116.66,54179,43495,61725,65535,65535,65535,65535,65535,65535
2026-07-31 10:04:59.876,116.71,54179,43495,61725,65535,65535,65535,65535,65535,65535
2026-07-31 10:04:59.927,116.76,54179,43495,61725,65535,65535,65535,65535,65535,65535
2026-07-31 10:04:59.979,116.81,54179,43495,61725,65535,65535,65535,65535,65535,65535
2026-07-31 10:05:00.028,116.86,54179,43495,61725,65535,65535,65535,65535,65535,65535
2026-07-31 10:05:00.079,116.91,54179,43495,61725,65535,65535,65535,65535,65535,65535
2026-07-31 10:05:00.115,116.94,65534,43495,61725,65535,65535,65535,65535,65535,65535
2026-07-31 10:05:00.166,117.0,65534,43495,61725,65535,65535,65535,65535,65535,65535
2026-07-31 10:05:00.221,117.05,65534,43495,61725,65535,65535,65535,65535,65535,65535
2026-07-31 10:05:00.272,117.1,65534,43495,61725,65535,65535,65535,65535,65535,65535
2026-07-31 10:05:00.378,117.21,65534,43495,61725,65535,65535,65535,65535,65535,65535
2026-07-31 10:05:00.424,117.25,65534,43495,61725,65535,65535,65535,65535,65535,65535
2026-07-31 10:05:00.471,117.3,65534,43495,61725,65535,65535,65535,65535,65535,65535
2026-07-31 10:05:00.521,117.35,65534,43495,61725,65535,65535,65535,65535,65535,65535
2026-07-31 10:05:00.570,117.4,65534,43495,61725,65535,65535,65535,65535,65535,65535
2026-07-31 10:05:00.605,117.43,65534,43495,61725,65535,65535,65535,65535,65535,65535
2026-07-31 10:05:00.640,117.47,65534,43495,61725,65535,65535,65535,65535,65535,65535
2026-07-31 10:05:00.689,117.52,65534,43495,61873,65535,65535,65535,65535,65535,65535
2026-07-31 10:05:00.733,117.56,65534,41885,61873,65535,65535,65535,65535,65535,65535
2026-07-31 10:05:00.783,117.61,65534,41885,61873,65535,65535,65535,65535,65535,65535
2026-07-31 10:05:00.837,117.67,65534,41885,61873,65535,65535,65535,65535,65535,65535
2026-07-31 10:05:00.890,117.72,65534,41885,61873,65535,65535,65535,65535,65535,65535
2026-07-31 10:05:00.951,117.78,65534,41885,61873,65535,65535,65535,65535,65535,65535
2026-07-31 10:05:01.003,117.83,65534,41885,61873,65535,65535,65535,65535,65535,65535
2026-07-31 10:05:01.061,117.89,65534,41885,61873,65535,65535,65535,65535,65535,65535
2026-07-31 10:05:01.101,117.93,65534,41885,61873,65535,65535,65535,65535,65535,65535
2026-07-31 10:05:01.143,117.97,65534,41885,61873,65535,65535,65535,65535,65535,65535
2026-07-31 10:05:01.179,118.01,65534,41885,61873,65535,65535,65535,65535,65535,65535
2026-07-31 10:05:01.225,118.05,65534,41885,61131,65535,65535,65535,65535,65535,65535
2026-07-31 10:05:01.274,118.1,54264,43580,61131,65535,65535,65535,65535,65535,65535
2026-07-31 10:05:01.322,118.15,54264,43580,61131,65535,65535,65535,65535,65535,65535
2026-07-31 10:05:01.368,118.2,54264,43580,61131,65535,65535,65535,65535,65535,65535
2026-07-31 10:05:01.415,118.24,54264,43580,61131,65535,65535,65535,65535,65535,65535
2026-07-31 10:05:01.466,118.3,54264,43580,61131,65535,65535,65535,65535,65535,65535
2026-07-31 10:05:01.514,118.34,54264,43580,61131,65535,65535,65535,65535,65535,65535
2026-07-31 10:05:01.560,118.39,54264,43580,61131,65535,65535,65535,65535,65535,65535
2026-07-31 10:05:01.598,118.43,54264,43580,61131,65535,65535,65535,65535,65535,65535
2026-07-31 10:05:01.637,118.47,54264,43580,61131,65535,65535,65535,65535,65535,65535
2026-07-31 10:05:01.699,118.53,54264,43580,61131,65535,65535,65535,65535,65535,65535
2026-07-31 10:05:01.750,118.58,54264,43580,61131,65535,65535,65535,65535,65535,65535
2026-07-31 10:05:01.796,118.63,54264,43580,61428,65535,65535,65535,65535,65535,65535
2026-07-31 10:05:01.843,118.67,63802,50745,61428,65535,65535,65535,65535,65535,65535
2026-07-31 10:05:01.919,118.75,63802,50745,61428,65535,65535,65535,65535,65535,65535
2026-07-31 10:05:01.966,118.8,63802,50745,61428,65535,65535,65535,65535,65535,65535
2026-07-31 10:05:02.012,118.84,63802,50745,61428,65535,65535,65535,65535,65535,65535
2026-07-31 10:05:02.062,118.89,63802,50745,61428,65535,65535,65535,65535,65535,65535
2026-07-31 10:05:02.097,118.93,63802,50745,61428,65535,65535,65535,65535,65535,65535
2026-07-31 10:05:02.134,118.96,63802,50745,61428,65535,65535,65535,65535,65535,65535
2026-07-31 10:05:02.179,119.01,63802,50745,61428,65535,65535,65535,65535,65535,65535
2026-07-31 10:05:02.228,119.06,63802,50745,61428,65535,65535,65535,65535,65535,65535
2026-07-31 10:05:02.277,119.11,63802,50745,61428,65535,65535,65535,65535,65535,65535
2026-07-31 10:05:02.325,119.15,63802,50745,61428,65535,65535,65535,65535,65535,65535
2026-07-31 10:05:02.373,119.2,65534,50745,61873,65535,65535,65535,65535,65535,65535
2026-07-31 10:05:02.420,119.25,65534,44767,61873,65535,65535,65535,65535,65535,65535
2026-07-31 10:05:02.475,119.3,65534,44767,61873,65535,65535,65535,65535,65535,65535
2026-07-31 10:05:02.524,119.35,65534,44767,61873,65535,65535,65535,65535,65535,65535
2026-07-31 10:05:02.581,119.41,65534,44767,61873,65535,65535,65535,65535,65535,65535
2026-07-31 10:05:02.619,119.45,65534,44767,61873,65535,65535,65535,65535,65535,65535
2026-07-31 10:05:02.666,119.5,65534,44767,61873,65535,65535,65535,65535,65535,65535
2026-07-31 10:05:02.713,119.54,65534,44767,61873,65535,65535,65535,65535,65535,65535
2026-07-31 10:05:02.763,119.59,65534,44767,61873,65535,65535,65535,65535,65535,65535
2026-07-31 10:05:02.811,119.64,65534,44767,61873,65535,65535,65535,65535,65535,65535
2026-07-31 10:05:02.863,119.69,65534,44767,61873,65535,65535,65535,65535,65535,65535
2026-07-31 10:05:02.910,119.74,65534,44767,61873,65535,65535,65535,65535,65535,65535
2026-07-31 10:05:02.960,119.79,54518,43665,61873,65535,65535,65535,65535,65535,65535
2026-07-31 10:05:03.019,119.85,54518,43665,61873,65535,65535,65535,65535,65535,65535
2026-07-31 10:05:03.066,119.9,54518,43665,61873,65535,65535,65535,65535,65535,65535
2026-07-31 10:05:03.101,119.93,54518,43665,61873,65535,65535,65535,65535,65535,65535
2026-07-31 10:05:03.136,119.97,54518,43665,61873,65535,65535,65535,65535,65535,65535
2026-07-31 10:05:03.185,120.01,54518,43665,61873,65535,65535,65535,65535,65535,65535
2026-07-31 10:05:03.244,120.07,54518,43665,61873,65535,65535,65535,65535,65535,65535
2026-07-31 10:05:03.293,120.12,54518,43665,61873,65535,65535,65535,65535,65535,65535
2026-07-31 10:05:03.350,120.18,54518,43665,61873,65535,65535,65535,65535,65535,65535
2026-07-31 10:05:03.398,120.23,54518,43665,61873,65535,65535,65535,65535,65535,65535
2026-07-31 10:05:03.477,120.31,54518,43665,61428,65535,65535,65535,65535,65535,65535
2026-07-31 10:05:03.529,120.36,63406,43580,61428,65535,65535,65535,65535,65535,65535
2026-07-31 10:05:03.580,120.41,63406,43580,61428,65535,65535,65535,65535,65535,65535
2026-07-31 10:05:03.620,120.45,63406,43580,61428,65535,65535,65535,65535,65535,65535
2026-07-31 10:05:03.669,120.5,63406,43580,61428,65535,65535,65535,65535,65535,65535
2026-07-31 10:05:03.719,120.55,63406,43580,61428,65535,65535,65535,65535,65535,65535
2026-07-31 10:05:03.765,120.59,63406,43580,61428,65535,65535,65535,65535,65535,65535
2026-07-31 10:05:03.818,120.65,63406,43580,61428,65535,65535,65535,65535,65535,65535
2026-07-31 10:05:03.868,120.7,63406,43580,61428,65535,65535,65535,65535,65535,65535
2026-07-31 10:05:03.913,120.74,63406,43580,61428,65535,65535,65535,65535,65535,65535
2026-07-31 10:05:03.962,120.79,63406,43580,61428,65535,65535,65535,65535,65535,65535
2026-07-31 10:05:04.009,120.84,63406,43580,61428,65535,65535,65535,65535,65535,65535
2026-07-31 10:05:04.069,120.9,54518,43580,61428,65535,65535,65535,65535,65535,65535
2026-07-31 10:05:04.106,120.94,54518,43580,61428,65535,65535,65535,65535,65535,65535
2026-07-31 10:05:04.157,120.99,54518,43580,61428,65535,65535,65535,65535,65535,65535
2026-07-31 10:05:04.208,121.04,54518,43580,61428,65535,65535,65535,65535,65535,65535
2026-07-31 10:05:04.283,121.11,54518,43580,61428,65535,65535,65535,65535,65535,65535
2026-07-31 10:05:04.332,121.16,54518,43580,61428,65535,65535,65535,65535,65535,65535
2026-07-31 10:05:04.376,121.21,54518,43580,61428,65535,65535,65535,65535,65535,65535
2026-07-31 10:05:04.420,121.25,54518,43580,61428,65535,65535,65535,65535,65535,65535
2026-07-31 10:05:04.473,121.3,54518,43580,61428,65535,65535,65535,65535,65535,65535
2026-07-31 10:05:04.524,121.35,54518,43580,61428,65535,65535,65535,65535,65535,65535
2026-07-31 10:05:04.569,121.4,54518,43580,61428,65535,65535,65535,65535,65535,65535
2026-07-31 10:05:04.606,121.44,54518,43580,61576,65535,65535,65535,65535,65535,65535
2026-07-31 10:05:04.642,121.47,54603,38058,61576,65535,65535,65535,65535,65535,65535
2026-07-31 10:05:04.688,121.52,54603,38058,61576,65535,65535,65535,65535,65535,65535
2026-07-31 10:05:04.735,121.56,54603,38058,61576,65535,65535,65535,65535,65535,65535
2026-07-31 10:05:04.782,121.61,54603,38058,61576,65535,65535,65535,65535,65535,65535
2026-07-31 10:05:04.842,121.67,54603,38058,61576,65535,65535,65535,65535,65535,65535
2026-07-31 10:05:04.895,121.72,54603,38058,61576,65535,65535,65535,65535,65535,65535
2026-07-31 10:05:04.951,121.78,54603,38058,61576,65535,65535,65535,65535,65535,65535
2026-07-31 10:05:04.996,121.83,54603,38058,61576,65535,65535,65535,65535,65535,65535
2026-07-31 10:05:05.087,121.92,54603,38058,61576,65535,65535,65535,65535,65535,65535
2026-07-31 10:05:05.125,121.95,54603,38058,61576,65535,65535,65535,65535,65535,65535
2026-07-31 10:05:05.160,121.99,54603,38058,61280,65535,65535,65535,65535,65535,65535
2026-07-31 10:05:05.206,122.04,63604,43580,61280,65535,65535,65535,65535,65535,65535
2026-07-31 10:05:05.256,122.09,63604,43580,61280,65535,65535,65535,65535,65535,65535
2026-07-31 10:05:05.306,122.14,63604,43580,61280,65535,65535,65535,65535,65535,65535
2026-07-31 10:05:05.359,122.19,63604,43580,61280,65535,65535,65535,65535,65535,65535
2026-07-31 10:05:05.410,122.24,63604,43580,61280,65535,65535,65535,65535,65535,65535
2026-07-31 10:05:05.462,122.29,63604,43580,61280,65535,65535,65535,65535,65535,65535
2026-07-31 10:05:05.509,122.34,63604,43580,61280,65535,65535,65535,65535,65535,65535
2026-07-31 10:05:05.559,122.39,63604,43580,61280,65535,65535,65535,65535,65535,65535
2026-07-31 10:05:05.607,122.44,63604,43580,61280,65535,65535,65535,65535,65535,65535
2026-07-31 10:05:05.647,122.48,63604,43580,61280,65535,65535,65535,65535,65535,65535
2026-07-31 10:05:05.693,122.52,63604,43580,61280,65535,65535,65535,65535,65535,65535
2026-07-31 10:05:05.749,122.58,54094,43580,49024,65535,65535,65535,65535,65535,65535
2026-07-31 10:05:05.797,122.63,54094,43580,49024,65535,65535,65535,65535,65535,65535
2026-07-31 10:05:05.867,122.7,54094,43580,49024,65535,65535,65535,65535,65535,65535
2026-07-31 10:05:05.911,122.74,54094,43580,49024,65535,65535,65535,65535,65535,65535
2026-07-31 10:05:05.991,122.82,54094,43580,49024,65535,65535,65535,65535,65535,65535
2026-07-31 10:05:06.037,122.87,54094,43580,49024,65535,65535,65535,65535,65535,65535
2026-07-31 10:05:06.087,122.92,54094,43580,49024,65535,65535,65535,65535,65535,65535
2026-07-31 10:05:06.121,122.95,54094,43580,49024,65535,65535,65535,65535,65535,65535
2026-07-31 10:05:06.157,122.99,54094,43580,49024,65535,65535,65535,65535,65535,65535
2026-07-31 10:05:06.206,123.04,54094,43580,49024,65535,65535,65535,65535,65535,65535
2026-07-31 10:05:06.259,123.09,54094,43580,49024,65535,65535,65535,65535,65535,65535
2026-07-31 10:05:06.310,123.14,51550,43580,65534,65535,65535,65535,65535,65535,65535
2026-07-31 10:05:06.365,123.19,51550,42393,65534,65535,65535,65535,65535,65535,65535
2026-07-31 10:05:06.413,123.24,51550,42393,65534,65535,65535,65535,65535,65535,65535
2026-07-31 10:05:06.476,123.31,51550,42393,65534,65535,65535,65535,65535,65535,65535
2026-07-31 10:05:06.525,123.35,51550,42393,65534,65535,65535,65535,65535,65535,65535
2026-07-31 10:05:06.576,123.41,51550,42393,65534,65535,65535,65535,65535,65535,65535
2026-07-31 10:05:06.613,123.44,51550,42393,65534,65535,65535,65535,65535,65535,65535
2026-07-31 10:05:06.652,123.48,51550,42393,65534,65535,65535,65535,65535,65535,65535
2026-07-31 10:05:06.690,123.52,51550,42393,65534,65535,65535,65535,65535,65535,65535
2026-07-31 10:05:06.743,123.57,51550,42393,65534,65535,65535,65535,65535,65535,65535
2026-07-31 10:05:06.789,123.62,51550,42393,65534,65535,65535,65535,65535,65535,65535
2026-07-31 10:05:06.842,123.67,51550,42393,65534,65535,65535,65535,65535,65535,65535
2026-07-31 10:05:06.891,123.72,63209,38133,65534,65535,65535,65535,65535,65535,65535
2026-07-31 10:05:06.940,123.77,63209,38133,65534,65535,65535,65535,65535,65535,65535
2026-07-31 10:05:06.986,123.82,63209,38133,65534,65535,65535,65535,65535,65535,65535
2026-07-31 10:05:07.038,123.87,63209,38133,65534,65535,65535,65535,65535,65535,65535
2026-07-31 10:05:07.092,123.92,63209,38133,65534,65535,65535,65535,65535,65535,65535
2026-07-31 10:05:07.133,123.96,63209,38133,65534,65535,65535,65535,65535,65535,65535
2026-07-31 10:05:07.172,124.0,63209,38133,65534,65535,65535,65535,65535,65535,65535
2026-07-31 10:05:07.232,124.06,63209,38133,65534,65535,65535,65535,65535,65535,65535
2026-07-31 10:05:07.280,124.11,63209,38133,65534,65535,65535,65535,65535,65535,65535
2026-07-31 10:05:07.334,124.16,63209,38133,65534,65535,65535,65535,65535,65535,65535
2026-07-31 10:05:07.378,124.21,63209,38133,65534,65535,65535,65535,65535,65535,65535
2026-07-31 10:05:07.456,124.29,63406,37910,61576,65535,65535,65535,65535,65535,65535
2026-07-31 10:05:07.506,124.34,63406,37910,61576,65535,65535,65535,65535,65535,65535
2026-07-31 10:05:07.553,124.38,63406,37910,61576,65535,65535,65535,65535,65535,65535
2026-07-31 10:05:07.601,124.43,63406,37910,61576,65535,65535,65535,65535,65535,65535
2026-07-31 10:05:07.635,124.46,63406,37910,61576,65535,65535,65535,65535,65535,65535
2026-07-31 10:05:07.682,124.51,63406,37910,61576,65535,65535,65535,65535,65535,65535
2026-07-31 10:05:07.730,124.56,63406,37910,61576,65535,65535,65535,65535,65535,65535
2026-07-31 10:05:07.779,124.61,63406,37910,61576,65535,65535,65535,65535,65535,65535
2026-07-31 10:05:07.825,124.65,63406,37910,61576,65535,65535,65535,65535,65535,65535
2026-07-31 10:05:07.875,124.7,63406,37910,61576,65535,65535,65535,65535,65535,65535
2026-07-31 10:05:07.928,124.76,63406,37910,61576,65535,65535,65535,65535,65535,65535
2026-07-31 10:05:07.974,124.8,63406,37910,61725,65535,65535,65535,65535,65535,65535
2026-07-31 10:05:08.020,124.85,65534,45022,61725,65535,65535,65535,65535,65535,65535
2026-07-31 10:05:08.067,124.9,65534,45022,61725,65535,65535,65535,65535,65535,65535
2026-07-31 10:05:08.110,124.94,65534,45022,61725,65535,65535,65535,65535,65535,65535
2026-07-31 10:05:08.146,124.98,65534,45022,61725,65535,65535,65535,65535,65535,65535
2026-07-31 10:05:08.230,125.06,65534,45022,61725,65535,65535,65535,65535,65535,65535
2026-07-31 10:05:08.278,125.11,65534,45022,61725,65535,65535,65535,65535,65535,65535
2026-07-31 10:05:08.324,125.15,65534,45022,61725,65535,65535,65535,65535,65535,65535
2026-07-31 10:05:08.373,125.2,65534,45022,61725,65535,65535,65535,65535,65535,65535
2026-07-31 10:05:08.420,125.25,65534,45022,61725,65535,65535,65535,65535,65535,65535
2026-07-31 10:05:08.468,125.3,65534,45022,61725,65535,65535,65535,65535,65535,65535
2026-07-31 10:05:08.512,125.34,65534,45022,61725,65535,65535,65535,65535,65535,65535
2026-07-31 10:05:08.566,125.4,63110,45022,61873,65535,65535,65535,65535,65535,65535
2026-07-31 10:05:08.618,125.45,63110,43580,61873,65535,65535,65535,65535,65535,65535
2026-07-31 10:05:08.657,125.49,63110,43580,61873,65535,65535,65535,65535,65535,65535
2026-07-31 10:05:08.706,125.54,63110,43580,61873,65535,65535,65535,65535,65535,65535
2026-07-31 10:05:08.756,125.59,63110,43580,61873,65535,65535,65535,65535,65535,65535
2026-07-31 10:05:08.807,125.64,63110,43580,61873,65535,65535,65535,65535,65535,65535
2026-07-31 10:05:08.858,125.69,63110,43580,61873,65535,65535,65535,65535,65535,65535
2026-07-31 10:05:08.909,125.74,63110,43580,61873,65535,65535,65535,65535,65535,65535
2026-07-31 10:05:08.960,125.79,63110,43580,61873,65535,65535,65535,65535,65535,65535
2026-07-31 10:05:09.040,125.87,63110,43580,61873,65535,65535,65535,65535,65535,65535
2026-07-31 10:05:09.091,125.92,63110,43580,61280,65535,65535,65535,65535,65535,65535
2026-07-31 10:05:09.125,125.95,54348,43580,61280,65535,65535,65535,65535,65535,65535
2026-07-31 10:05:09.160,125.99,54348,50646,61280,65535,65535,65535,65535,65535,65535
2026-07-31 10:05:09.208,126.04,54348,50646,61280,65535,65535,65535,65535,65535,65535
2026-07-31 10:05:09.258,126.09,54348,50646,61280,65535,65535,65535,65535,65535,65535
2026-07-31 10:05:09.309,126.14,54348,50646,61280,65535,65535,65535,65535,65535,65535
2026-07-31 10:05:09.354,126.18,54348,50646,61280,65535,65535,65535,65535,65535,65535
2026-07-31 10:05:09.399,126.23,54348,50646,61280,65535,65535,65535,65535,65535,65535
2026-07-31 10:05:09.448,126.28,54348,50646,61280,65535,65535,65535,65535,65535,65535
2026-07-31 10:05:09.496,126.33,54348,50646,61280,65535,65535,65535,65535,65535,65535
2026-07-31 10:05:09.542,126.37,54348,50646,61280,65535,65535,65535,65535,65535,65535
2026-07-31 10:05:09.591,126.42,54348,50646,61280,65535,65535,65535,65535,65535,65535
2026-07-31 10:05:09.638,126.47,54348,50646,61280,65535,65535,65535,65535,65535,65535
2026-07-31 10:05:09.674,126.5,54348,50646,60983,65535,65535,65535,65535,65535,65535
2026-07-31 10:05:09.723,126.55,63406,43919,60983,65535,65535,65535,65535,65535,65535
2026-07-31 10:05:09.799,126.63,63406,43919,60983,65535,65535,65535,65535,65535,65535
2026-07-31 10:05:09.847,126.68,63406,43919,60983,65535,65535,65535,65535,65535,65535
2026-07-31 10:05:09.894,126.72,63406,43919,60983,65535,65535,65535,65535,65535,65535
2026-07-31 10:05:09.941,126.77,63406,43919,60983,65535,65535,65535,65535,65535,65535
2026-07-31 10:05:09.989,126.82,63406,43919,60983,65535,65535,65535,65535,65535,65535
2026-07-31 10:05:10.035,126.86,63406,43919,60983,65535,65535,65535,65535,65535,65535
2026-07-31 10:05:10.084,126.91,63406,43919,60983,65535,65535,65535,65535,65535,65535
2026-07-31 10:05:10.132,126.96,63406,43919,60983,65535,65535,65535,65535,65535,65535
2026-07-31 10:05:10.167,127.0,63406,43919,60983,65535,65535,65535,65535,65535,65535
2026-07-31 10:05:10.217,127.05,63406,43919,60983,65535,65535,65535,65535,65535,65535
2026-07-31 10:05:10.270,127.1,54603,50943,61725,65535,65535,65535,65535,65535,65535
2026-07-31 10:05:10.318,127.15,54603,50943,61725,65535,65535,65535,65535,65535,65535
2026-07-31 10:05:10.372,127.2,54603,50943,61725,65535,65535,65535,65535,65535,65535
2026-07-31 10:05:10.424,127.25,54603,50943,61725,65535,65535,65535,65535,65535,65535
2026-07-31 10:05:10.504,127.33,54603,50943,61725,65535,65535,65535,65535,65535,65535
2026-07-31 10:05:10.560,127.39,54603,50943,61725,65535,65535,65535,65535,65535,65535
2026-07-31 10:05:10.667,127.5,54603,50943,61725,65535,65535,65535,65535,65535,65535
2026-07-31 10:05:10.702,127.53,54603,50943,61725,65535,65535,65535,65535,65535,65535
2026-07-31 10:05:10.751,127.58,54603,50943,61725,65535,65535,65535,65535,65535,65535
2026-07-31 10:05:10.798,127.63,54603,50943,61428,65535,65535,65535,65535,65535,65535
2026-07-31 10:05:10.847,127.68,54603,38281,61428,65535,65535,65535,65535,65535,65535
2026-07-31 10:05:10.893,127.72,54603,38281,61428,65535,65535,65535,65535,65535,65535
2026-07-31 10:05:10.943,127.77,54603,38281,61428,65535,65535,65535,65535,65535,65535
2026-07-31 10:05:10.987,127.82,54603,38281,61428,65535,65535,65535,65535,65535,65535
2026-07-31 10:05:11.034,127.86,54603,38281,61428,65535,65535,65535,65535,65535,65535
2026-07-31 10:05:11.080,127.91,54603,38281,61428,65535,65535,65535,65535,65535,65535
2026-07-31 10:05:11.124,127.95,54603,38281,61428,65535,65535,65535,65535,65535,65535
2026-07-31 10:05:11.161,127.99,54603,38281,61428,65535,65535,65535,65535,65535,65535
2026-07-31 10:05:11.210,128.04,54603,38281,61428,65535,65535,65535,65535,65535,65535
2026-07-31 10:05:11.263,128.09,54603,38281,61428,65535,65535,65535,65535,65535,65535
2026-07-31 10:05:11.315,128.14,54603,38281,61428,65535,65535,65535,65535,65535,65535
2026-07-31 10:05:11.364,128.19,54603,38281,61873,65535,65535,65535,65535,65535,65535
2026-07-31 10:05:11.439,128.27,54603,43580,61873,65535,65535,65535,65535,65535,65535
2026-07-31 10:05:11.490,128.32,54603,43580,61873,65535,65535,65535,65535,65535,65535
2026-07-31 10:05:11.541,128.37,54603,43580,61873,65535,65535,65535,65535,65535,65535
2026-07-31 10:05:11.590,128.42,54603,43580,61873,65535,65535,65535,65535,65535,65535
2026-07-31 10:05:11.628,128.46,54603,43580,61873,65535,65535,65535,65535,65535,65535
2026-07-31 10:05:11.666,128.49,54603,43580,61873,65535,65535,65535,65535,65535,65535
2026-07-31 10:05:11.712,128.54,54603,43580,61873,65535,65535,65535,65535,65535,65535
2026-07-31 10:05:11.763,128.59,54603,43580,61873,65535,65535,65535,65535,65535,65535
2026-07-31 10:05:11.823,128.65,54603,43580,61873,65535,65535,65535,65535,65535,65535
2026-07-31 10:05:11.868,128.7,54603,43580,61873,65535,65535,65535,65535,65535,65535
2026-07-31 10:05:11.919,128.75,54603,43580,61576,65535,65535,65535,65535,65535,65535
2026-07-31 10:05:11.963,128.79,60043,42224,61576,65535,65535,65535,65535,65535,65535
2026-07-31 10:05:12.018,128.85,60043,42224,61576,65535,65535,65535,65535,65535,65535
2026-07-31 10:05:12.069,128.9,60043,42224,61576,65535,65535,65535,65535,65535,65535
2026-07-31 10:05:12.124,128.95,60043,42224,61576,65535,65535,65535,65535,65535,65535
2026-07-31 10:05:12.162,128.99,60043,42224,61576,65535,65535,65535,65535,65535,65535
2026-07-31 10:05:12.241,129.07,60043,42224,61576,65535,65535,65535,65535,65535,65535
2026-07-31 10:05:12.295,129.12,60043,42224,61576,65535,65535,65535,65535,65535,65535
2026-07-31 10:05:12.346,129.18,60043,42224,61576,65535,65535,65535,65535,65535,65535
2026-07-31 10:05:12.394,129.22,60043,42224,61576,65535,65535,65535,65535,65535,65535
2026-07-31 10:05:12.443,129.27,60043,42224,61576,65535,65535,65535,65535,65535,65535
2026-07-31 10:05:12.491,129.32,54772,42224,60983,65535,65535,65535,65535,65535,65535
2026-07-31 10:05:12.539,129.37,54772,43580,60983,65535,65535,65535,65535,65535,65535
2026-07-31 10:05:12.586,129.42,54772,43580,60983,65535,65535,65535,65535,65535,65535
2026-07-31 10:05:12.626,129.46,54772,43580,60983,65535,65535,65535,65535,65535,65535
2026-07-31 10:05:12.663,129.49,54772,43580,60983,65535,65535,65535,65535,65535,65535
2026-07-31 10:05:12.709,129.54,54772,43580,60983,65535,65535,65535,65535,65535,65535
2026-07-31 10:05:12.762,129.59,54772,43580,60983,65535,65535,65535,65535,65535,65535
2026-07-31 10:05:12.814,129.64,54772,43580,60983,65535,65535,65535,65535,65535,65535
2026-07-31 10:05:12.861,129.69,54772,43580,60983,65535,65535,65535,65535,65535,65535
2026-07-31 10:05:12.918,129.75,54772,43580,60983,65535,65535,65535,65535,65535,65535
2026-07-31 10:05:12.972,129.8,54772,43580,60983,65535,65535,65535,65535,65535,65535
2026-07-31 10:05:13.152,129.98,54348,43580,61280,65535,65535,65535,65535,65535,65535
2026-07-31 10:05:13.190,130.02,54348,43580,61280,65535,65535,65535,65535,65535,65535
2026-07-31 10:05:13.234,130.06,54348,43580,61280,65535,65535,65535,65535,65535,65535
2026-07-31 10:05:13.285,130.11,54348,43580,61280,65535,65535,65535,65535,65535,65535
2026-07-31 10:05:13.332,130.16,54348,43580,61280,65535,65535,65535,65535,65535,65535
2026-07-31 10:05:13.383,130.21,54348,43580,61280,65535,65535,65535,65535,65535,65535
2026-07-31 10:05:13.437,130.27,54348,43580,61280,65535,65535,65535,65535,65535,65535
2026-07-31 10:05:13.486,130.32,54348,43580,61280,65535,65535,65535,65535,65535,65535
2026-07-31 10:05:13.537,130.37,54348,43580,61280,65535,65535,65535,65535,65535,65535
2026-07-31 10:05:13.581,130.41,54348,43580,61280,65535,65535,65535,65535,65535,65535
2026-07-31 10:05:13.633,130.46,65534,46463,61725,65535,65535,65535,65535,65535,65535
2026-07-31 10:05:13.672,130.5,65534,46463,61725,65535,65535,65535,65535,65535,65535
2026-07-31 10:05:13.718,130.55,65534,46463,61725,65535,65535,65535,65535,65535,65535
2026-07-31 10:05:13.767,130.6,65534,46463,61725,65535,65535,65535,65535,65535,65535
2026-07-31 10:05:13.819,130.65,65534,46463,61725,65535,65535,65535,65535,65535,65535
2026-07-31 10:05:13.871,130.7,65534,46463,61725,65535,65535,65535,65535,65535,65535
2026-07-31 10:05:13.949,130.78,65534,46463,61725,65535,65535,65535,65535,65535,65535
2026-07-31 10:05:13.996,130.83,65534,46463,61725,65535,65535,65535,65535,65535,65535
2026-07-31 10:05:14.043,130.87,65534,46463,61725,65535,65535,65535,65535,65535,65535
2026-07-31 10:05:14.094,130.92,65534,46463,61725,65535,65535,65535,65535,65535,65535
2026-07-31 10:05:14.134,130.96,65534,46463,61725,65535,65535,65535,65535,65535,65535
2026-07-31 10:05:14.171,131.0,65534,46463,62022,65535,65535,65535,65535,65535,65535
2026-07-31 10:05:14.219,131.05,54433,38133,62022,65535,65535,65535,65535,65535,65535
2026-07-31 10:05:14.267,131.1,54433,38133,62022,65535,65535,65535,65535,65535,65535
2026-07-31 10:05:14.315,131.14,54433,38133,62022,65535,65535,65535,65535,65535,65535
2026-07-31 10:05:14.364,131.19,54433,38133,62022,65535,65535,65535,65535,65535,65535
2026-07-31 10:05:14.411,131.24,54433,38133,62022,65535,65535,65535,65535,65535,65535
2026-07-31 10:05:14.457,131.29,54433,38133,62022,65535,65535,65535,65535,65535,65535
2026-07-31 10:05:14.508,131.34,54433,38133,62022,65535,65535,65535,65535,65535,65535
2026-07-31 10:05:14.556,131.39,54433,38133,62022,65535,65535,65535,65535,65535,65535
2026-07-31 10:05:14.616,131.44,54433,38133,62022,65535,65535,65535,65535,65535,65535
2026-07-31 10:05:14.654,131.48,54433,38133,62022,65535,65535,65535,65535,65535,65535
2026-07-31 10:05:14.727,131.56,54433,38133,61725,65535,65535,65535,65535,65535,65535
2026-07-31 10:05:14.774,131.6,63406,63505,61725,65535,65535,65535,65535,65535,65535
2026-07-31 10:05:14.817,131.65,63406,63505,61725,65535,65535,65535,65535,65535,65535
2026-07-31 10:05:14.867,131.7,63406,63505,61725,65535,65535,65535,65535,65535,65535
2026-07-31 10:05:14.917,131.75,63406,63505,61725,65535,65535,65535,65535,65535,65535
2026-07-31 10:05:14.963,131.79,63406,63505,61725,65535,65535,65535,65535,65535,65535
2026-07-31 10:05:15.010,131.84,63406,63505,61725,65535,65535,65535,65535,65535,65535
2026-07-31 10:05:15.057,131.89,63406,63505,61725,65535,65535,65535,65535,65535,65535
2026-07-31 10:05:15.104,131.93,63406,63505,61725,65535,65535,65535,65535,65535,65535
2026-07-31 10:05:15.140,131.97,63406,63505,61725,65535,65535,65535,65535,65535,65535
2026-07-31 10:05:15.186,132.02,63406,63505,61725,65535,65535,65535,65535,65535,65535
2026-07-31 10:05:15.236,132.07,63406,63505,61725,65535,65535,65535,65535,65535,65535
2026-07-31 10:05:15.289,132.12,63406,63505,61576,65535,65535,65535,65535,65535,65535
2026-07-31 10:05:15.337,132.17,54433,43750,61576,65535,65535,65535,65535,65535,65535
2026-07-31 10:05:15.392,132.22,54433,43750,61576,65535,65535,65535,65535,65535,65535
2026-07-31 10:05:15.444,132.27,54433,43750,61576,65535,65535,65535,65535,65535,65535
2026-07-31 10:05:15.524,132.35,54433,43750,61576,65535,65535,65535,65535,65535,65535
2026-07-31 10:05:15.574,132.4,54433,43750,61576,65535,65535,65535,65535,65535,65535
2026-07-31 10:05:15.624,132.45,54433,43750,61576,65535,65535,65535,65535,65535,65535
2026-07-31 10:05:15.661,132.49,54433,43750,61576,65535,65535,65535,65535,65535,65535
2026-07-31 10:05:15.709,132.54,54433,43750,61576,65535,65535,65535,65535,65535,65535
2026-07-31 10:05:15.757,132.59,54433,43750,61576,65535,65535,65535,65535,65535,65535
2026-07-31 10:05:15.802,132.63,54433,43750,61576,65535,65535,65535,65535,65535,65535
2026-07-31 10:05:15.853,132.68,54433,43750,61428,65535,65535,65535,65535,65535,65535
2026-07-31 10:05:15.905,132.73,63604,43495,61428,65535,65535,65535,65535,65535,65535
2026-07-31 10:05:15.951,132.78,63604,43495,61428,65535,65535,65535,65535,65535,65535
2026-07-31 10:05:16.001,132.83,63604,43495,61428,65535,65535,65535,65535,65535,65535
2026-07-31 10:05:16.051,132.88,63604,43495,61428,65535,65535,65535,65535,65535,65535
2026-07-31 10:05:16.104,132.93,63604,43495,61428,65535,65535,65535,65535,65535,65535
2026-07-31 10:05:16.144,132.97,63604,43495,61428,65535,65535,65535,65535,65535,65535
2026-07-31 10:05:16.195,133.02,63604,43495,61428,65535,65535,65535,65535,65535,65535
2026-07-31 10:05:16.248,133.08,63604,43495,61428,65535,65535,65535,65535,65535,65535
2026-07-31 10:05:16.327,133.16,63604,43495,61428,65535,65535,65535,65535,65535,65535
2026-07-31 10:05:16.378,133.21,63604,43495,61428,65535,65535,65535,65535,65535,65535
2026-07-31 10:05:16.428,133.26,57570,43495,61576,65535,65535,65535,65535,65535,65535
2026-07-31 10:05:16.479,133.31,57570,43750,61576,65535,65535,65535,65535,65535,65535
2026-07-31 10:05:16.534,133.36,57570,43750,61576,65535,65535,65535,65535,65535,65535
2026-07-31 10:05:16.583,133.41,57570,43750,61576,65535,65535,65535,65535,65535,65535
2026-07-31 10:05:16.634,133.46,57570,43750,61576,65535,65535,65535,65535,65535,65535
2026-07-31 10:05:16.674,133.5,57570,43750,61576,65535,65535,65535,65535,65535,65535
2026-07-31 10:05:16.723,133.55,57570,43750,61576,65535,65535,65535,65535,65535,65535
2026-07-31 10:05:16.768,133.6,57570,43750,61576,65535,65535,65535,65535,65535,65535
2026-07-31 10:05:16.817,133.65,57570,43750,61576,65535,65535,65535,65535,65535,65535
2026-07-31 10:05:16.863,133.69,57570,43750,61576,65535,65535,65535,65535,65535,65535
2026-07-31 10:05:16.915,133.74,57570,43750,61576,65535,65535,65535,65535,65535,65535
2026-07-31 10:05:16.963,133.79,57570,43750,61576,65535,65535,65535,65535,65535,65535
2026-07-31 10:05:17.014,133.84,54264,43580,61576,65535,65535,65535,65535,65535,65535
2026-07-31 10:05:17.065,133.89,54264,43580,61576,65535,65535,65535,65535,65535,65535
2026-07-31 10:05:17.162,133.99,54264,43580,61576,65535,65535,65535,65535,65535,65535
2026-07-31 10:05:17.199,134.03,54264,43580,61576,65535,65535,65535,65535,65535,65535
2026-07-31 10:05:17.247,134.08,54264,43580,61576,65535,65535,65535,65535,65535,65535
2026-07-31 10:05:17.293,134.12,54264,43580,61576,65535,65535,65535,65535,65535,65535
2026-07-31 10:05:17.347,134.18,54264,43580,61576,65535,65535,65535,65535,65535,65535
2026-07-31 10:05:17.396,134.23,54264,43580,61576,65535,65535,65535,65535,65535,65535
2026-07-31 10:05:17.443,134.27,54264,43580,61576,65535,65535,65535,65535,65535,65535
2026-07-31 10:05:17.491,134.32,54264,43580,61576,65535,65535,65535,65535,65535,65535
2026-07-31 10:05:17.540,134.37,54264,43580,61725,65535,65535,65535,65535,65535,65535
2026-07-31 10:05:17.596,134.43,60241,49459,61725,65535,65535,65535,65535,65535,65535
2026-07-31 10:05:17.647,134.48,60241,49459,61725,65535,65535,65535,65535,65535,65535
2026-07-31 10:05:17.682,134.51,60241,49459,61725,65535,65535,65535,65535,65535,65535
2026-07-31 10:05:17.727,134.56,60241,49459,61725,65535,65535,65535,65535,65535,65535
2026-07-31 10:05:17.777,134.61,60241,49459,61725,65535,65535,65535,65535,65535,65535
2026-07-31 10:05:17.827,134.66,60241,49459,61725,65535,65535,65535,65535,65535,65535
2026-07-31 10:05:17.879,134.71,60241,49459,61725,65535,65535,65535,65535,65535,65535
2026-07-31 10:05:17.956,134.79,60241,49459,61725,65535,65535,65535,65535,65535,65535
2026-07-31 10:05:18.005,134.83,60241,49459,61725,65535,65535,65535,65535,65535,65535
2026-07-31 10:05:18.052,134.88,60241,49459,61725,65535,65535,65535,65535,65535,65535
2026-07-31 10:05:18.098,134.93,60241,49459,61280,65535,65535,65535,65535,65535,65535
2026-07-31 10:05:18.145,134.97,54772,42139,61280,65535,65535,65535,65535,65535,65535
2026-07-31 10:05:18.183,135.01,54772,42139,61280,65535,65535,65535,65535,65535,65535
2026-07-31 10:05:18.233,135.06,54772,42139,61280,65535,65535,65535,65535,65535,65535
2026-07-31 10:05:18.285,135.11,54772,42139,61280,65535,65535,65535,65535,65535,65535
2026-07-31 10:05:18.337,135.17,54772,42139,61280,65535,65535,65535,65535,65535,65535
2026-07-31 10:05:18.382,135.21,54772,42139,61280,65535,65535,65535,65535,65535,65535
2026-07-31 10:05:18.434,135.26,54772,42139,61280,65535,65535,65535,65535,65535,65535
2026-07-31 10:05:18.486,135.32,54772,42139,61280,65535,65535,65535,65535,65535,65535
2026-07-31 10:05:18.535,135.36,54772,42139,61280,65535,65535,65535,65535,65535,65535
2026-07-31 10:05:18.588,135.42,54772,42139,61280,65535,65535,65535,65535,65535,65535
2026-07-31 10:05:18.642,135.47,54772,42139,61280,65535,65535,65535,65535,65535,65535
2026-07-31 10:05:18.682,135.51,54518,42139,61725,65535,65535,65535,65535,65535,65535
2026-07-31 10:05:18.762,135.59,54518,43411,61725,65535,65535,65535,65535,65535,65535
2026-07-31 10:05:18.809,135.64,54518,43411,61725,65535,65535,65535,65535,65535,65535
2026-07-31 10:05:18.858,135.69,54518,43411,61725,65535,65535,65535,65535,65535,65535
2026-07-31 10:05:18.909,135.74,54518,43411,61725,65535,65535,65535,65535,65535,65535
2026-07-31 10:05:18.960,135.79,54518,43411,61725,65535,65535,65535,65535,65535,65535
2026-07-31 10:05:19.007,135.84,54518,43411,61725,65535,65535,65535,65535,65535,65535
2026-07-31 10:05:19.056,135.89,54518,43411,61725,65535,65535,65535,65535,65535,65535
2026-07-31 10:05:19.104,135.93,54518,43411,61725,65535,65535,65535,65535,65535,65535
2026-07-31 10:05:19.153,135.98,54518,43411,61725,65535,65535,65535,65535,65535,65535
2026-07-31 10:05:19.193,136.02,54518,43411,61725,65535,65535,65535,65535,65535,65535
2026-07-31 10:05:19.241,136.07,57316,43411,61725,65535,65535,65535,65535,65535,65535
2026-07-31 10:05:19.291,136.12,57316,44683,61725,65535,65535,65535,65535,65535,65535
2026-07-31 10:05:19.341,136.17,57316,44683,61725,65535,65535,65535,65535,65535,65535
2026-07-31 10:05:19.391,136.22,57316,44683,61725,65535,65535,65535,65535,65535,65535
2026-07-31 10:05:19.443,136.27,57316,44683,61725,65535,65535,65535,65535,65535,65535
2026-07-31 10:05:19.493,136.32,57316,44683,61725,65535,65535,65535,65535,65535,65535
2026-07-31 10:05:19.556,136.39,57316,44683,61725,65535,65535,65535,65535,65535,65535
2026-07-31 10:05:19.605,136.43,57316,44683,61725,65535,65535,65535,65535,65535,65535
2026-07-31 10:05:19.656,136.49,57316,44683,61725,65535,65535,65535,65535,65535,65535
2026-07-31 10:05:19.695,136.52,57316,44683,61725,65535,65535,65535,65535,65535,65535
2026-07-31 10:05:19.742,136.57,57316,44683,61725,65535,65535,65535,65535,65535,65535
2026-07-31 10:05:19.791,136.62,57316,44683,61725,65535,65535,65535,65535,65535,65535
2026-07-31 10:05:19.840,136.67,54264,43495,61725,65535,65535,65535,65535,65535,65535
2026-07-31 10:05:19.892,136.72,54264,43495,61725,65535,65535,65535,65535,65535,65535
2026-07-31 10:05:19.941,136.77,54264,43495,61725,65535,65535,65535,65535,65535,65535
2026-07-31 10:05:19.987,136.82,54264,43495,61725,65535,65535,65535,65535,65535,65535
2026-07-31 10:05:20.034,136.86,54264,43495,61725,65535,65535,65535,65535,65535,65535
2026-07-31 10:05:20.079,136.91,54264,43495,61725,65535,65535,65535,65535,65535,65535
2026-07-31 10:05:20.132,136.96,54264,43495,61725,65535,65535,65535,65535,65535,65535
2026-07-31 10:05:20.171,137.0,54264,43495,61725,65535,65535,65535,65535,65535,65535
2026-07-31 10:05:20.223,137.05,54264,43495,61725,65535,65535,65535,65535,65535,65535
2026-07-31 10:05:20.273,137.1,54264,43495,61725,65535,65535,65535,65535,65535,65535
2026-07-31 10:05:20.352,137.18,54264,43495,61873,65535,65535,65535,65535,65535,65535
2026-07-31 10:05:20.405,137.23,63604,38207,61873,65535,65535,65535,65535,65535,65535
2026-07-31 10:05:20.449,137.28,63604,38207,61873,65535,65535,65535,65535,65535,65535
2026-07-31 10:05:20.497,137.33,63604,38207,61873,65535,65535,65535,65535,65535,65535
2026-07-31 10:05:20.544,137.37,63604,38207,61873,65535,65535,65535,65535,65535,65535
2026-07-31 10:05:20.596,137.43,63604,38207,61873,65535,65535,65535,65535,65535,65535
2026-07-31 10:05:20.647,137.48,63604,38207,61873,65535,65535,65535,65535,65535,65535
2026-07-31 10:05:20.683,137.51,63604,38207,61873,65535,65535,65535,65535,65535,65535
2026-07-31 10:05:20.730,137.56,63604,38207,61873,65535,65535,65535,65535,65535,65535
2026-07-31 10:05:20.779,137.61,63604,38207,61873,65535,65535,65535,65535,65535,65535
2026-07-31 10:05:20.824,137.65,63604,38207,61873,65535,65535,65535,65535,65535,65535
2026-07-31 10:05:20.874,137.7,63604,38207,61873,65535,65535,65535,65535,65535,65535
2026-07-31 10:05:20.920,137.75,63604,38207,61280,65535,65535,65535,65535,65535,65535
2026-07-31 10:05:20.968,137.8,54348,51140,61280,65535,65535,65535,65535,65535,65535
2026-07-31 10:05:21.021,137.85,54348,51140,61280,65535,65535,65535,65535,65535,65535
2026-07-31 10:05:21.068,137.9,54348,51140,61280,65535,65535,65535,65535,65535,65535
2026-07-31 10:05:21.153,137.98,54348,51140,61280,65535,65535,65535,65535,65535,65535
2026-07-31 10:05:21.189,138.02,54348,51140,61280,65535,65535,65535,65535,65535,65535
2026-07-31 10:05:21.234,138.06,54348,51140,61280,65535,65535,65535,65535,65535,65535
2026-07-31 10:05:21.282,138.11,54348,51140,61280,65535,65535,65535,65535,65535,65535
2026-07-31 10:05:21.332,138.16,54348,51140,61280,65535,65535,65535,65535,65535,65535
2026-07-31 10:05:21.377,138.21,54348,51140,61280,65535,65535,65535,65535,65535,65535
2026-07-31 10:05:21.429,138.26,54348,51140,61280,65535,65535,65535,65535,65535,65535
2026-07-31 10:05:21.474,138.3,54348,51140,61725,65535,65535,65535,65535,65535,65535
2026-07-31 10:05:21.525,138.35,54603,43665,61725,65535,65535,65535,65535,65535,65535
2026-07-31 10:05:21.578,138.41,54603,43665,61725,65535,65535,65535,65535,65535,65535
2026-07-31 10:05:21.627,138.46,54603,43665,61725,65535,65535,65535,65535,65535,65535
2026-07-31 10:05:21.666,138.49,54603,43665,61725,65535,65535,65535,65535,65535,65535
2026-07-31 10:05:21.700,138.53,54603,43665,61725,65535,65535,65535,65535,65535,65535
2026-07-31 10:05:21.751,138.58,54603,43665,61725,65535,65535,65535,65535,65535,65535
2026-07-31 10:05:21.806,138.63,54603,43665,61725,65535,65535,65535,65535,65535,65535
2026-07-31 10:05:21.857,138.69,54603,43665,61725,65535,65535,65535,65535,65535,65535
2026-07-31 10:05:21.942,138.77,54603,43665,61725,65535,65535,65535,65535,65535,65535
2026-07-31 10:05:21.989,138.82,54603,43665,61725,65535,65535,65535,65535,65535,65535
2026-07-31 10:05:22.039,138.87,54603,43665,61428,65535,65535,65535,65535,65535,65535
2026-07-31 10:05:22.085,138.91,54518,59775,61428,65535,65535,65535,65535,65535,65535
2026-07-31 10:05:22.140,138.97,54518,59775,61428,65535,65535,65535,65535,65535,65535
2026-07-31 10:05:22.175,139.0,54518,59775,61428,65535,65535,65535,65535,65535,65535
2026-07-31 10:05:22.221,139.05,54518,59775,61428,65535,65535,65535,65535,65535,65535
2026-07-31 10:05:22.272,139.1,54518,59775,61428,65535,65535,65535,65535,65535,65535
2026-07-31 10:05:22.317,139.15,54518,59775,61428,65535,65535,65535,65535,65535,65535
2026-07-31 10:05:22.364,139.19,54518,59775,61428,65535,65535,65535,65535,65535,65535
2026-07-31 10:05:22.413,139.24,54518,59775,61428,65535,65535,65535,65535,65535,65535
2026-07-31 10:05:22.459,139.29,54518,59775,61428,65535,65535,65535,65535,65535,65535
2026-07-31 10:05:22.509,139.34,54518,59775,61428,65535,65535,65535,65535,65535,65535
2026-07-31 10:05:22.557,139.39,54518,59775,61428,65535,65535,65535,65535,65535,65535
2026-07-31 10:05:22.611,139.44,63505,59775,61280,65535,65535,65535,65535,65535,65535
2026-07-31 10:05:22.662,139.49,63505,43411,61280,65535,65535,65535,65535,65535,65535
2026-07-31 10:05:22.706,139.54,63505,43411,61280,65535,65535,65535,65535,65535,65535
2026-07-31 10:05:22.740,139.57,63505,43411,61280,65535,65535,65535,65535,65535,65535
2026-07-31 10:05:22.787,139.62,63505,43411,61280,65535,65535,65535,65535,65535,65535
2026-07-31 10:05:22.833,139.66,63505,43411,61280,65535,65535,65535,65535,65535,65535
2026-07-31 10:05:22.886,139.72,63505,43411,61280,65535,65535,65535,65535,65535,65535
2026-07-31 10:05:22.937,139.77,63505,43411,61280,65535,65535,65535,65535,65535,65535
2026-07-31 10:05:22.982,139.81,63505,43411,61280,65535,65535,65535,65535,65535,65535
2026-07-31 10:05:23.031,139.86,63505,43411,61280,65535,65535,65535,65535,65535,65535
2026-07-31 10:05:23.080,139.91,63505,43411,61280,65535,65535,65535,65535,65535,65535
2026-07-31 10:05:23.130,139.96,63505,43411,61280,65535,65535,65535,65535,65535,65535
2026-07-31 10:05:23.167,140.0,63505,43411,61576,65535,65535,65535,65535,65535,65535
2026-07-31 10:05:23.202,140.03,51550,40698,61576,65535,65535,65535,65535,65535,65535
2026-07-31 10:05:23.249,140.08,51550,40698,61576,65535,65535,65535,65535,65535,65535
2026-07-31 10:05:23.298,140.13,51550,40698,61576,65535,65535,65535,65535,65535,65535
2026-07-31 10:05:23.350,140.18,51550,40698,61576,65535,65535,65535,65535,65535,65535
2026-07-31 10:05:23.395,140.22,51550,40698,61576,65535,65535,65535,65535,65535,65535
2026-07-31 10:05:23.562,140.39,51550,40698,61576,65535,65535,65535,65535,65535,65535
2026-07-31 10:05:23.610,140.44,51550,40698,61576,65535,65535,65535,65535,65535,65535
2026-07-31 10:05:23.655,140.48,51550,40698,61576,65535,65535,65535,65535,65535,65535
2026-07-31 10:05:23.694,140.52,51550,40698,61576,65535,65535,65535,65535,65535,65535
2026-07-31 10:05:23.738,140.57,54433,40698,61280,65535,65535,65535,65535,65535,65535
2026-07-31 10:05:23.790,140.62,54433,43580,61280,65535,65535,65535,65535,65535,65535
2026-07-31 10:05:23.840,140.67,54433,43580,61280,65535,65535,65535,65535,65535,65535
2026-07-31 10:05:23.885,140.71,54433,43580,61280,65535,65535,65535,65535,65535,65535
2026-07-31 10:05:23.932,140.76,54433,43580,61280,65535,65535,65535,65535,65535,65535
2026-07-31 10:05:23.980,140.81,54433,43580,61280,65535,65535,65535,65535,65535,65535
2026-07-31 10:05:24.028,140.86,54433,43580,61280,65535,65535,65535,65535,65535,65535
2026-07-31 10:05:24.076,140.91,54433,43580,61280,65535,65535,65535,65535,65535,65535
2026-07-31 10:05:24.131,140.96,54433,43580,61280,65535,65535,65535,65535,65535,65535
2026-07-31 10:05:24.170,141.0,54433,43580,61280,65535,65535,65535,65535,65535,65535
2026-07-31 10:05:24.226,141.06,54433,43580,61280,65535,65535,65535,65535,65535,65535
2026-07-31 10:05:24.271,141.1,54433,43580,61280,65535,65535,65535,65535,65535,65535
2026-07-31 10:05:24.322,141.15,54518,50448,61725,65535,65535,65535,65535,65535,65535
2026-07-31 10:05:24.373,141.2,54518,50448,61725,65535,65535,65535,65535,65535,65535
2026-07-31 10:05:24.418,141.25,54518,50448,61725,65535,65535,65535,65535,65535,65535
2026-07-31 10:05:24.471,141.3,54518,50448,61725,65535,65535,65535,65535,65535,65535
2026-07-31 10:05:24.524,141.35,54518,50448,61725,65535,65535,65535,65535,65535,65535
2026-07-31 10:05:24.572,141.4,54518,50448,61725,65535,65535,65535,65535,65535,65535
2026-07-31 10:05:24.626,141.46,54518,50448,61725,65535,65535,65535,65535,65535,65535
2026-07-31 10:05:24.667,141.5,54518,50448,61725,65535,65535,65535,65535,65535,65535
2026-07-31 10:05:24.701,141.53,54518,50448,61725,65535,65535,65535,65535,65535,65535
2026-07-31 10:05:24.752,141.58,54518,50448,61725,65535,65535,65535,65535,65535,65535
2026-07-31 10:05:24.804,141.63,54518,50448,61725,65535,65535,65535,65535,65535,65535
2026-07-31 10:05:24.850,141.68,54518,50448,61576,65535,65535,65535,65535,65535,65535
2026-07-31 10:05:24.900,141.73,57316,50844,61576,65535,65535,65535,65535,65535,65535
2026-07-31 10:05:24.950,141.78,57316,50844,61576,65535,65535,65535,65535,65535,65535
2026-07-31 10:05:25.006,141.84,57316,50844,61576,65535,65535,65535,65535,65535,65535
2026-07-31 10:05:25.055,141.88,57316,50844,61576,65535,65535,65535,65535,65535,65535
2026-07-31 10:05:25.136,141.97,57316,50844,61576,65535,65535,65535,65535,65535,65535
2026-07-31 10:05:25.174,142.0,57316,50844,61576,65535,65535,65535,65535,65535,65535
2026-07-31 10:05:25.209,142.04,57316,50844,61576,65535,65535,65535,65535,65535,65535
2026-07-31 10:05:25.258,142.09,57316,50844,61576,65535,65535,65535,65535,65535,65535
2026-07-31 10:05:25.308,142.14,57316,50844,61576,65535,65535,65535,65535,65535,65535
2026-07-31 10:05:25.356,142.19,57316,50844,61576,65535,65535,65535,65535,65535,65535
2026-07-31 10:05:25.406,142.24,57316,50844,61873,65535,65535,65535,65535,65535,65535
2026-07-31 10:05:25.451,142.28,54433,50844,61873,65535,65535,65535,65535,65535,65535
2026-07-31 10:05:25.503,142.33,54433,50844,61873,65535,65535,65535,65535,65535,65535
2026-07-31 10:05:25.552,142.38,54433,50844,61873,65535,65535,65535,65535,65535,65535
2026-07-31 10:05:25.600,142.43,54433,50844,61873,65535,65535,65535,65535,65535,65535
2026-07-31 10:05:25.655,142.48,54433,50844,61873,65535,65535,65535,65535,65535,65535
2026-07-31 10:05:25.692,142.52,54433,50844,61873,65535,65535,65535,65535,65535,65535
2026-07-31 10:05:25.741,142.57,54433,50844,61873,65535,65535,65535,65535,65535,65535
2026-07-31 10:05:25.793,142.62,54433,50844,61873,65535,65535,65535,65535,65535,65535
2026-07-31 10:05:25.843,142.67,54433,50844,61873,65535,65535,65535,65535,65535,65535
2026-07-31 10:05:25.937,142.77,54433,50844,61873,65535,65535,65535,65535,65535,65535
2026-07-31 10:05:25.984,142.81,54433,50844,61576,65535,65535,65535,65535,65535,65535
2026-07-31 10:05:26.033,142.86,54518,43580,61576,65535,65535,65535,65535,65535,65535
2026-07-31 10:05:26.080,142.91,54518,43580,61576,65535,65535,65535,65535,65535,65535
2026-07-31 10:05:26.125,142.95,54518,43580,61576,65535,65535,65535,65535,65535,65535
2026-07-31 10:05:26.170,143.0,54518,43580,61576,65535,65535,65535,65535,65535,65535
2026-07-31 10:05:26.211,143.04,54518,43580,61576,65535,65535,65535,65535,65535,65535
2026-07-31 10:05:26.259,143.09,54518,43580,61576,65535,65535,65535,65535,65535,65535
2026-07-31 10:05:26.311,143.14,54518,43580,61576,65535,65535,65535,65535,65535,65535
2026-07-31 10:05:26.360,143.19,54518,43580,61576,65535,65535,65535,65535,65535,65535
2026-07-31 10:05:26.416,143.25,54518,43580,61576,65535,65535,65535,65535,65535,65535
2026-07-31 10:05:26.467,143.3,54518,43580,61576,65535,65535,65535,65535,65535,65535
2026-07-31 10:05:26.514,143.34,54518,43580,61576,65535,65535,65535,65535,65535,65535
2026-07-31 10:05:26.559,143.39,63604,43580,48905,65535,65535,65535,65535,65535,65535
2026-07-31 10:05:26.611,143.44,63604,43580,48905,65535,65535,65535,65535,65535,65535
2026-07-31 10:05:26.662,143.49,63604,43580,48905,65535,65535,65535,65535,65535,65535
2026-07-31 10:05:26.715,143.54,63604,43580,48905,65535,65535,65535,65535,65535,65535
2026-07-31 10:05:26.751,143.58,63604,43580,48905,65535,65535,65535,65535,65535,65535
2026-07-31 10:05:26.797,143.63,63604,43580,48905,65535,65535,65535,65535,65535,65535
2026-07-31 10:05:26.848,143.68,63604,43580,48905,65535,65535,65535,65535,65535,65535
2026-07-31 10:05:26.899,143.73,63604,43580,48905,65535,65535,65535,65535,65535,65535
2026-07-31 10:05:26.949,143.78,63604,43580,48905,65535,65535,65535,65535,65535,65535
2026-07-31 10:05:26.993,143.82,63604,43580,48905,65535,65535,65535,65535,65535,65535
2026-07-31 10:05:27.044,143.87,63604,43580,48905,65535,65535,65535,65535,65535,65535
2026-07-31 10:05:27.091,143.92,63604,43580,48905,65535,65535,65535,65535,65535,65535
2026-07-31 10:05:27.138,143.97,54857,43835,60983,65535,65535,65535,65535,65535,65535
2026-07-31 10:05:27.176,144.01,54857,43835,60983,65535,65535,65535,65535,65535,65535
2026-07-31 10:05:27.209,144.04,54857,43835,60983,65535,65535,65535,65535,65535,65535
2026-07-31 10:05:27.259,144.09,54857,43835,60983,65535,65535,65535,65535,65535,65535
2026-07-31 10:05:27.309,144.14,54857,43835,60983,65535,65535,65535,65535,65535,65535
2026-07-31 10:05:27.361,144.19,54857,43835,60983,65535,65535,65535,65535,65535,65535
2026-07-31 10:05:27.411,144.24,54857,43835,60983,65535,65535,65535,65535,65535,65535
2026-07-31 10:05:27.486,144.32,54857,43835,60983,65535,65535,65535,65535,65535,65535
2026-07-31 10:05:27.536,144.37,54857,43835,60983,65535,65535,65535,65535,65535,65535
2026-07-31 10:05:27.589,144.42,54857,43835,60983,65535,65535,65535,65535,65535,65535
2026-07-31 10:05:27.633,144.46,54857,43835,60983,65535,65535,65535,65535,65535,65535
2026-07-31 10:05:27.676,144.51,54857,43835,61576,65535,65535,65535,65535,65535,65535
2026-07-31 10:05:27.712,144.54,54687,50844,61576,65535,65535,65535,65535,65535,65535
2026-07-31 10:05:27.758,144.59,54687,50844,61576,65535,65535,65535,65535,65535,65535
2026-07-31 10:05:27.805,144.63,54687,50844,61576,65535,65535,65535,65535,65535,65535
2026-07-31 10:05:27.855,144.68,54687,50844,61576,65535,65535,65535,65535,65535,65535
2026-07-31 10:05:27.903,144.73,54687,50844,61576,65535,65535,65535,65535,65535,65535
2026-07-31 10:05:27.951,144.78,54687,50844,61576,65535,65535,65535,65535,65535,65535
2026-07-31 10:05:27.995,144.82,54687,50844,61576,65535,65535,65535,65535,65535,65535
2026-07-31 10:05:28.044,144.87,54687,50844,61576,65535,65535,65535,65535,65535,65535
2026-07-31 10:05:28.096,144.93,54687,50844,61576,65535,65535,65535,65535,65535,65535
2026-07-31 10:05:28.158,144.99,54687,50844,61576,65535,65535,65535,65535,65535,65535
2026-07-31 10:05:28.194,145.02,54687,50844,61576,65535,65535,65535,65535,65535,65535
2026-07-31 10:05:28.268,145.1,54687,43750,61725,65535,65535,65535,65535,65535,65535
2026-07-31 10:05:28.317,145.15,54687,43750,61725,65535,65535,65535,65535,65535,65535
2026-07-31 10:05:28.362,145.19,54687,43750,61725,65535,65535,65535,65535,65535,65535
2026-07-31 10:05:28.412,145.24,54687,43750,61725,65535,65535,65535,65535,65535,65535
2026-07-31 10:05:28.459,145.29,54687,43750,61725,65535,65535,65535,65535,65535,65535
2026-07-31 10:05:28.509,145.34,54687,43750,61725,65535,65535,65535,65535,65535,65535
2026-07-31 10:05:28.555,145.38,54687,43750,61725,65535,65535,65535,65535,65535,65535
2026-07-31 10:05:28.604,145.43,54687,43750,61725,65535,65535,65535,65535,65535,65535
2026-07-31 10:05:28.653,145.48,54687,43750,61725,65535,65535,65535,65535,65535,65535
2026-07-31 10:05:28.687,145.52,54687,43750,61725,65535,65535,65535,65535,65535,65535
2026-07-31 10:05:28.733,145.56,54687,43750,61725,65535,65535,65535,65535,65535,65535
2026-07-31 10:05:28.785,145.61,54687,43750,61725,65535,65535,65535,65535,65535,65535
2026-07-31 10:05:28.835,145.66,60043,40358,61725,65535,65535,65535,65535,65535,65535
2026-07-31 10:05:28.884,145.71,60043,40358,61725,65535,65535,65535,65535,65535,65535
2026-07-31 10:05:28.939,145.77,60043,40358,61725,65535,65535,65535,65535,65535,65535
2026-07-31 10:05:28.984,145.81,60043,40358,61725,65535,65535,65535,65535,65535,65535
2026-07-31 10:05:29.063,145.89,60043,40358,61725,65535,65535,65535,65535,65535,65535
2026-07-31 10:05:29.109,145.94,60043,40358,61725,65535,65535,65535,65535,65535,65535
2026-07-31 10:05:29.160,145.99,60043,40358,61725,65535,65535,65535,65535,65535,65535
2026-07-31 10:05:29.194,146.02,60043,40358,61725,65535,65535,65535,65535,65535,65535
2026-07-31 10:05:29.241,146.07,60043,40358,61725,65535,65535,65535,65535,65535,65535
2026-07-31 10:05:29.288,146.12,60043,40358,61725,65535,65535,65535,65535,65535,65535
2026-07-31 10:05:29.337,146.17,60043,40358,61725,65535,65535,65535,65535,65535,65535
2026-07-31 10:05:29.384,146.21,63406,40358,61131,65535,65535,65535,65535,65535,65535
2026-07-31 10:05:29.435,146.26,63406,43495,61131,65535,65535,65535,65535,65535,65535
2026-07-31 10:05:29.485,146.31,63406,43495,61131,65535,65535,65535,65535,65535,65535
2026-07-31 10:05:29.533,146.36,63406,43495,61131,65535,65535,65535,65535,65535,65535
2026-07-31 10:05:29.583,146.41,63406,43495,61131,65535,65535,65535,65535,65535,65535
2026-07-31 10:05:29.633,146.46,63406,43495,61131,65535,65535,65535,65535,65535,65535
2026-07-31 10:05:29.678,146.51,63406,43495,61131,65535,65535,65535,65535,65535,65535
2026-07-31 10:05:29.714,146.54,63406,43495,61131,65535,65535,65535,65535,65535,65535
2026-07-31 10:05:29.758,146.59,63406,43495,61131,65535,65535,65535,65535,65535,65535
2026-07-31 10:05:29.839,146.67,63406,43495,61131,65535,65535,65535,65535,65535,65535
2026-07-31 10:05:29.884,146.71,63406,43495,61131,65535,65535,65535,65535,65535,65535
2026-07-31 10:05:29.934,146.76,63406,43495,65534,65535,65535,65535,65535,65535,65535
2026-07-31 10:05:29.982,146.81,63703,50943,65534,65535,65535,65535,65535,65535,65535
2026-07-31 10:05:30.032,146.86,63703,50943,65534,65535,65535,65535,65535,65535,65535
2026-07-31 10:05:30.085,146.91,63703,50943,65534,65535,65535,65535,65535,65535,65535
2026-07-31 10:05:30.133,146.96,63703,50943,65534,65535,65535,65535,65535,65535,65535
2026-07-31 10:05:30.173,147.0,63703,50943,65534,65535,65535,65535,65535,65535,65535
2026-07-31 10:05:30.207,147.04,63703,50943,65534,65535,65535,65535,65535,65535,65535
2026-07-31 10:05:30.254,147.08,63703,50943,65534,65535,65535,65535,65535,65535,65535
2026-07-31 10:05:30.307,147.14,63703,50943,65534,65535,65535,65535,65535,65535,65535
2026-07-31 10:05:30.357,147.19,63703,50943,65534,65535,65535,65535,65535,65535,65535
2026-07-31 10:05:30.403,147.23,63703,50943,65534,65535,65535,65535,65535,65535,65535
2026-07-31 10:05:30.456,147.29,63703,50943,65534,65535,65535,65535,65535,65535,65535
2026-07-31 10:05:30.508,147.34,65534,50943,61428,65535,65535,65535,65535,65535,65535
2026-07-31 10:05:30.559,147.39,65534,44937,61428,65535,65535,65535,65535,65535,65535
2026-07-31 10:05:30.632,147.46,65534,44937,61428,65535,65535,65535,65535,65535,65535
2026-07-31 10:05:30.672,147.5,65534,44937,61428,65535,65535,65535,65535,65535,65535
2026-07-31 10:05:30.709,147.54,65534,44937,61428,65535,65535,65535,65535,65535,65535
2026-07-31 10:05:30.753,147.58,65534,44937,61428,65535,65535,65535,65535,65535,65535
2026-07-31 10:05:30.803,147.63,65534,44937,61428,65535,65535,65535,65535,65535,65535
2026-07-31 10:05:30.850,147.68,65534,44937,61428,65535,65535,65535,65535,65535,65535
2026-07-31 10:05:30.901,147.73,65534,44937,61428,65535,65535,65535,65535,65535,65535
2026-07-31 10:05:30.945,147.77,65534,44937,61428,65535,65535,65535,65535,65535,65535
2026-07-31 10:05:30.994,147.82,65534,44937,61428,65535,65535,65535,65535,65535,65535
2026-07-31 10:05:31.043,147.87,65534,44937,65534,65535,65535,65535,65535,65535,65535
2026-07-31 10:05:31.090,147.92,54433,43665,65534,65535,65535,65535,65535,65535,65535
2026-07-31 10:05:31.137,147.97,54433,43665,65534,65535,65535,65535,65535,65535,65535
2026-07-31 10:05:31.184,148.01,54433,43665,65534,65535,65535,65535,65535,65535,65535
2026-07-31 10:05:31.221,148.05,54433,43665,65534,65535,65535,65535,65535,65535,65535
2026-07-31 10:05:31.274,148.1,54433,43665,65534,65535,65535,65535,65535,65535,65535
2026-07-31 10:05:31.322,148.15,54433,43665,65534,65535,65535,65535,65535,65535,65535
2026-07-31 10:05:31.397,148.23,54433,43665,65534,65535,65535,65535,65535,65535,65535
2026-07-31 10:05:31.448,148.28,54433,43665,65534,65535,65535,65535,65535,65535,65535
2026-07-31 10:05:31.491,148.32,54433,43665,65534,65535,65535,65535,65535,65535,65535
2026-07-31 10:05:31.543,148.37,54433,43665,65534,65535,65535,65535,65535,65535,65535
2026-07-31 10:05:31.589,148.42,54433,43665,65534,65535,65535,65535,65535,65535,65535
2026-07-31 10:05:31.636,148.46,60241,43665,61725,65535,65535,65535,65535,65535,65535
2026-07-31 10:05:31.678,148.51,60241,43495,61725,65535,65535,65535,65535,65535,65535
2026-07-31 10:05:31.715,148.54,60241,43495,61725,65535,65535,65535,65535,65535,65535
2026-07-31 10:05:31.766,148.6,60241,43495,61725,65535,65535,65535,65535,65535,65535
2026-07-31 10:05:31.817,148.65,60241,43495,61725,65535,65535,65535,65535,65535,65535
2026-07-31 10:05:31.863,148.69,60241,43495,61725,65535,65535,65535,65535,65535,65535
2026-07-31 10:05:31.911,148.74,60241,43495,61725,65535,65535,65535,65535,65535,65535
2026-07-31 10:05:31.958,148.79,60241,43495,61725,65535,65535,65535,65535,65535,65535
2026-07-31 10:05:32.011,148.84,60241,43495,61725,65535,65535,65535,65535,65535,65535
2026-07-31 10:05:32.065,148.89,60241,43495,61725,65535,65535,65535,65535,65535,65535
2026-07-31 10:05:32.113,148.94,60241,43495,61725,65535,65535,65535,65535,65535,65535
2026-07-31 10:05:32.200,149.03,54518,43495,65534,65535,65535,65535,65535,65535,65535
2026-07-31 10:05:32.240,149.07,54518,43665,65534,65535,65535,65535,65535,65535,65535
2026-07-31 10:05:32.288,149.12,54518,43665,65534,65535,65535,65535,65535,65535,65535
2026-07-31 10:05:32.335,149.16,54518,43665,65534,65535,65535,65535,65535,65535,65535
2026-07-31 10:05:32.386,149.22,54518,43665,65534,65535,65535,65535,65535,65535,65535
2026-07-31 10:05:32.437,149.27,54518,43665,65534,65535,65535,65535,65535,65535,65535
2026-07-31 10:05:32.485,149.31,54518,43665,65534,65535,65535,65535,65535,65535,65535
2026-07-31 10:05:32.530,149.36,54518,43665,65534,65535,65535,65535,65535,65535,65535
2026-07-31 10:05:32.579,149.41,54518,43665,65534,65535,65535,65535,65535,65535,65535
2026-07-31 10:05:32.629,149.46,54518,43665,65534,65535,65535,65535,65535,65535,65535
2026-07-31 10:05:32.679,149.51,54518,43665,65534,65535,65535,65535,65535,65535,65535
2026-07-31 10:05:32.715,149.54,54518,43665,65534,65535,65535,65535,65535,65535,65535
2026-07-31 10:05:32.762,149.59,63604,43665,61725,65535,65535,65535,65535,65535,65535
2026-07-31 10:05:32.809,149.64,63604,50943,61725,65535,65535,65535,65535,65535,65535
2026-07-31 10:05:32.862,149.69,63604,50943,61725,65535,65535,65535,65535,65535,65535
2026-07-31 10:05:32.911,149.74,63604,50943,61725,65535,65535,65535,65535,65535,65535
2026-07-31 10:05:32.982,149.81,63604,50943,61725,65535,65535,65535,65535,65535,65535
2026-07-31 10:05:33.030,149.86,63604,50943,61725,65535,65535,65535,65535,65535,65535
2026-07-31 10:05:33.077,149.91,63604,50943,61725,65535,65535,65535,65535,65535,65535
2026-07-31 10:05:33.124,149.95,63604,50943,61725,65535,65535,65535,65535,65535,65535
2026-07-31 10:05:33.171,150.0,63604,50943,61725,65535,65535,65535,65535,65535,65535
2026-07-31 10:05:33.208,150.04,63604,50943,61725,65535,65535,65535,65535,65535,65535
2026-07-31 10:05:33.257,150.09,63604,50943,61725,65535,65535,65535,65535,65535,65535
2026-07-31 10:05:33.299,150.13,63604,50943,61725,65535,65535,65535,65535,65535,65535
2026-07-31 10:05:33.351,150.18,63604,44852,61725,65535,65535,65535,65535,65535,65535
2026-07-31 10:05:33.397,150.23,63604,44852,61725,65535,65535,65535,65535,65535,65535
2026-07-31 10:05:33.447,150.28,63604,44852,61725,65535,65535,65535,65535,65535,65535
2026-07-31 10:05:33.494,150.32,63604,44852,61725,65535,65535,65535,65535,65535,65535
2026-07-31 10:05:33.539,150.37,63604,44852,61725,65535,65535,65535,65535,65535,65535
2026-07-31 10:05:33.590,150.42,63604,44852,61725,65535,65535,65535,65535,65535,65535
2026-07-31 10:05:33.646,150.48,63604,44852,61725,65535,65535,65535,65535,65535,65535
2026-07-31 10:05:33.687,150.52,63604,44852,61725,65535,65535,65535,65535,65535,65535
2026-07-31 10:05:33.730,150.56,63604,44852,61725,65535,65535,65535,65535,65535,65535
2026-07-31 10:05:33.766,150.6,63604,44852,61725,65535,65535,65535,65535,65535,65535
2026-07-31 10:05:33.814,150.64,63604,44852,61725,65535,65535,65535,65535,65535,65535
2026-07-31 10:05:33.857,150.69,63604,44852,61725,65535,65535,65535,65535,65535,65535
2026-07-31 10:05:33.912,150.74,54518,43495,49261,65535,65535,65535,65535,65535,65535
2026-07-31 10:05:33.965,150.79,54518,43495,49261,65535,65535,65535,65535,65535,65535
2026-07-31 10:05:34.007,150.84,54518,43495,49261,65535,65535,65535,65535,65535,65535
2026-07-31 10:05:34.060,150.89,54518,43495,49261,65535,65535,65535,65535,65535,65535
2026-07-31 10:05:34.109,150.94,54518,43495,49261,65535,65535,65535,65535,65535,65535
2026-07-31 10:05:34.164,150.99,54518,43495,49261,65535,65535,65535,65535,65535,65535
2026-07-31 10:05:34.201,151.03,54518,43495,49261,65535,65535,65535,65535,65535,65535
2026-07-31 10:05:34.249,151.08,54518,43495,49261,65535,65535,65535,65535,65535,65535
2026-07-31 10:05:34.296,151.13,54518,43495,49261,65535,65535,65535,65535,65535,65535
2026-07-31 10:05:34.345,151.17,54518,43495,49261,65535,65535,65535,65535,65535,65535
2026-07-31 10:05:34.395,151.22,54518,43495,49261,65535,65535,65535,65535,65535,65535
2026-07-31 10:05:34.445,151.27,54518,43495,61576,65535,65535,65535,65535,65535,65535
2026-07-31 10:05:34.524,151.35,60142,42224,61576,65535,65535,65535,65535,65535,65535
2026-07-31 10:05:34.569,151.4,60142,42224,61576,65535,65535,65535,65535,65535,65535
2026-07-31 10:05:34.617,151.45,60142,42224,61576,65535,65535,65535,65535,65535,65535
2026-07-31 10:05:34.664,151.49,60142,42224,61576,65535,65535,65535,65535,65535,65535
2026-07-31 10:05:34.702,151.53,60142,42224,61576,65535,65535,65535,65535,65535,65535
2026-07-31 10:05:34.737,151.57,60142,42224,61576,65535,65535,65535,65535,65535,65535
2026-07-31 10:05:34.785,151.61,60142,42224,61576,65535,65535,65535,65535,65535,65535
2026-07-31 10:05:34.832,151.66,60142,42224,61576,65535,65535,65535,65535,65535,65535
2026-07-31 10:05:34.877,151.71,60142,42224,61576,65535,65535,65535,65535,65535,65535
2026-07-31 10:05:34.929,151.76,60142,42224,61576,65535,65535,65535,65535,65535,65535
2026-07-31 10:05:34.981,151.81,60142,42224,61576,65535,65535,65535,65535,65535,65535
2026-07-31 10:05:35.028,151.86,54687,42224,61280,65535,65535,65535,65535,65535,65535
2026-07-31 10:05:35.075,151.9,54687,43665,61280,65535,65535,65535,65535,65535,65535
2026-07-31 10:05:35.127,151.96,54687,43665,61280,65535,65535,65535,65535,65535,65535
2026-07-31 10:05:35.187,152.02,54687,43665,61280,65535,65535,65535,65535,65535,65535
2026-07-31 10:05:35.225,152.05,54687,43665,61280,65535,65535,65535,65535,65535,65535
2026-07-31 10:05:35.305,152.13,54687,43665,61280,65535,65535,65535,65535,65535,65535
2026-07-31 10:05:35.359,152.19,54687,43665,61280,65535,65535,65535,65535,65535,65535
2026-07-31 10:05:35.411,152.24,54687,43665,61280,65535,65535,65535,65535,65535,65535
2026-07-31 10:05:35.464,152.29,54687,43665,61280,65535,65535,65535,65535,65535,65535
2026-07-31 10:05:35.512,152.34,54687,43665,61280,65535,65535,65535,65535,65535,65535
2026-07-31 10:05:35.560,152.39,54687,43665,61873,65535,65535,65535,65535,65535,65535
2026-07-31 10:05:35.608,152.44,63604,50745,61873,65535,65535,65535,65535,65535,65535
2026-07-31 10:05:35.657,152.49,63604,50745,61873,65535,65535,65535,65535,65535,65535
2026-07-31 10:05:35.696,152.52,63604,50745,61873,65535,65535,65535,65535,65535,65535
2026-07-31 10:05:35.745,152.57,63604,50745,61873,65535,65535,65535,65535,65535,65535
2026-07-31 10:05:35.792,152.62,63604,50745,61873,65535,65535,65535,65535,65535,65535
2026-07-31 10:05:35.842,152.67,63604,50745,61873,65535,65535,65535,65535,65535,65535
2026-07-31 10:05:35.892,152.72,63604,50745,61873,65535,65535,65535,65535,65535,65535
2026-07-31 10:05:35.935,152.76,63604,50745,61873,65535,65535,65535,65535,65535,65535
2026-07-31 10:05:35.995,152.82,63604,50745,61873,65535,65535,65535,65535,65535,65535
2026-07-31 10:05:36.050,152.88,63604,50745,61873,65535,65535,65535,65535,65535,65535
2026-07-31 10:05:36.124,152.95,63604,50745,61576,65535,65535,65535,65535,65535,65535
2026-07-31 10:05:36.173,153.0,65534,44852,61576,65535,65535,65535,65535,65535,65535
2026-07-31 10:05:36.211,153.04,65534,44852,61576,65535,65535,65535,65535,65535,65535
2026-07-31 10:05:36.262,153.09,65534,44852,61576,65535,65535,65535,65535,65535,65535
2026-07-31 10:05:36.314,153.14,65534,44852,61576,65535,65535,65535,65535,65535,65535
2026-07-31 10:05:36.368,153.2,65534,44852,61576,65535,65535,65535,65535,65535,65535
2026-07-31 10:05:36.421,153.25,65534,44852,61576,65535,65535,65535,65535,65535,65535
2026-07-31 10:05:36.469,153.3,65534,44852,61576,65535,65535,65535,65535,65535,65535
2026-07-31 10:05:36.522,153.35,65534,44852,61576,65535,65535,65535,65535,65535,65535
2026-07-31 10:05:36.569,153.4,65534,44852,61576,65535,65535,65535,65535,65535,65535
2026-07-31 10:05:36.616,153.45,65534,44852,61576,65535,65535,65535,65535,65535,65535
2026-07-31 10:05:36.664,153.49,65534,44852,61576,65535,65535,65535,65535,65535,65535
2026-07-31 10:05:36.700,153.53,54687,44852,62170,65535,65535,65535,65535,65535,65535
2026-07-31 10:05:36.735,153.56,54687,43580,62170,65535,65535,65535,65535,65535,65535
2026-07-31 10:05:36.785,153.61,54687,43580,62170,65535,65535,65535,65535,65535,65535
2026-07-31 10:05:36.837,153.67,54687,43580,62170,65535,65535,65535,65535,65535,65535
2026-07-31 10:05:36.938,153.77,54687,43580,62170,65535,65535,65535,65535,65535,65535
2026-07-31 10:05:36.990,153.82,54687,43580,62170,65535,65535,65535,65535,65535,65535
2026-07-31 10:05:37.036,153.87,54687,43580,62170,65535,65535,65535,65535,65535,65535
2026-07-31 10:05:37.088,153.92,54687,43580,62170,65535,65535,65535,65535,65535,65535
2026-07-31 10:05:37.133,153.96,54687,43580,62170,65535,65535,65535,65535,65535,65535
2026-07-31 10:05:37.187,154.02,54687,43580,62170,65535,65535,65535,65535,65535,65535
2026-07-31 10:05:37.224,154.05,54687,43580,62170,65535,65535,65535,65535,65535,65535
2026-07-31 10:05:37.272,154.1,54433,43580,61725,65535,65535,65535,65535,65535,65535
2026-07-31 10:05:37.317,154.15,54433,43750,61725,65535,65535,65535,65535,65535,65535
2026-07-31 10:05:37.367,154.2,54433,43750,61725,65535,65535,65535,65535,65535,65535
2026-07-31 10:05:37.411,154.24,54433,43750,61725,65535,65535,65535,65535,65535,65535
2026-07-31 10:05:37.463,154.29,54433,43750,61725,65535,65535,65535,65535,65535,65535
2026-07-31 10:05:37.514,154.34,54433,43750,61725,65535,65535,65535,65535,65535,65535
2026-07-31 10:05:37.562,154.39,54433,43750,61725,65535,65535,65535,65535,65535,65535
2026-07-31 10:05:37.615,154.44,54433,43750,61725,65535,65535,65535,65535,65535,65535
2026-07-31 10:05:37.661,154.49,54433,43750,61725,65535,65535,65535,65535,65535,65535
2026-07-31 10:05:37.745,154.57,54433,43750,61725,65535,65535,65535,65535,65535,65535
2026-07-31 10:05:37.782,154.61,54433,43750,61725,65535,65535,65535,65535,65535,65535
2026-07-31 10:05:37.832,154.66,63703,43750,65534,65535,65535,65535,65535,65535,65535
2026-07-31 10:05:37.879,154.71,63703,43580,65534,65535,65535,65535,65535,65535,65535
2026-07-31 10:05:37.932,154.76,63703,43580,65534,65535,65535,65535,65535,65535,65535
2026-07-31 10:05:37.982,154.81,63703,43580,65534,65535,65535,65535,65535,65535,65535
2026-07-31 10:05:38.029,154.86,63703,43580,65534,65535,65535,65535,65535,65535,65535
2026-07-31 10:05:38.079,154.91,63703,43580,65534,65535,65535,65535,65535,65535,65535
2026-07-31 10:05:38.129,154.96,63703,43580,65534,65535,65535,65535,65535,65535,65535
2026-07-31 10:05:38.181,155.01,63703,43580,65534,65535,65535,65535,65535,65535,65535
2026-07-31 10:05:38.220,155.05,63703,43580,65534,65535,65535,65535,65535,65535,65535
2026-07-31 10:05:38.268,155.1,63703,43580,65534,65535,65535,65535,65535,65535,65535
2026-07-31 10:05:38.314,155.14,63703,43580,65534,65535,65535,65535,65535,65535,65535
2026-07-31 10:05:38.365,155.19,63703,43580,61873,65535,65535,65535,65535,65535,65535
2026-07-31 10:05:38.422,155.25,54348,50943,61873,65535,65535,65535,65535,65535,65535
2026-07-31 10:05:38.467,155.3,54348,50943,61873,65535,65535,65535,65535,65535,65535
2026-07-31 10:05:38.530,155.36,54348,50943,61873,65535,65535,65535,65535,65535,65535
2026-07-31 10:05:38.578,155.41,54348,50943,61873,65535,65535,65535,65535,65535,65535
2026-07-31 10:05:38.627,155.46,54348,50943,61873,65535,65535,65535,65535,65535,65535
2026-07-31 10:05:38.677,155.51,54348,50943,61873,65535,65535,65535,65535,65535,65535
2026-07-31 10:05:38.717,155.55,54348,50943,61873,65535,65535,65535,65535,65535,65535
2026-07-31 10:05:38.755,155.58,54348,50943,61873,65535,65535,65535,65535,65535,65535
2026-07-31 10:05:38.804,155.63,54348,50943,61873,65535,65535,65535,65535,65535,65535
2026-07-31 10:05:38.856,155.69,54348,50943,61873,65535,65535,65535,65535,65535,65535
2026-07-31 10:05:38.907,155.74,54348,50943,61873,65535,65535,65535,65535,65535,65535
2026-07-31 10:05:38.956,155.79,54772,50943,61725,65535,65535,65535,65535,65535,65535
2026-07-31 10:05:39.004,155.83,54772,38207,61725,65535,65535,65535,65535,65535,65535
2026-07-31 10:05:39.054,155.88,54772,38207,61725,65535,65535,65535,65535,65535,65535
2026-07-31 10:05:39.105,155.93,54772,38207,61725,65535,65535,65535,65535,65535,65535
2026-07-31 10:05:39.151,155.98,54772,38207,61725,65535,65535,65535,65535,65535,65535
2026-07-31 10:05:39.210,156.04,54772,38207,61725,65535,65535,65535,65535,65535,65535
2026-07-31 10:05:39.250,156.08,54772,38207,61725,65535,65535,65535,65535,65535,65535
2026-07-31 10:05:39.327,156.16,54772,38207,61725,65535,65535,65535,65535,65535,65535
2026-07-31 10:05:39.370,156.2,54772,38207,61725,65535,65535,65535,65535,65535,65535
2026-07-31 10:05:39.420,156.25,54772,38207,61725,65535,65535,65535,65535,65535,65535
2026-07-31 10:05:39.466,156.3,54772,38207,61725,65535,65535,65535,65535,65535,65535
2026-07-31 10:05:39.516,156.35,54603,38207,61131,65535,65535,65535,65535,65535,65535
2026-07-31 10:05:39.562,156.39,54603,50547,61131,65535,65535,65535,65535,65535,65535
2026-07-31 10:05:39.613,156.44,54603,50547,61131,65535,65535,65535,65535,65535,65535
2026-07-31 10:05:39.664,156.49,54603,50547,61131,65535,65535,65535,65535,65535,65535
2026-07-31 10:05:39.712,156.54,54603,50547,61131,65535,65535,65535,65535,65535,65535
2026-07-31 10:05:39.747,156.58,54603,50547,61131,65535,65535,65535,65535,65535,65535
2026-07-31 10:05:39.795,156.62,54603,50547,61131,65535,65535,65535,65535,65535,65535
2026-07-31 10:05:39.840,156.67,54603,50547,61131,65535,65535,65535,65535,65535,65535
2026-07-31 10:05:39.891,156.72,54603,50547,61131,65535,65535,65535,65535,65535,65535
2026-07-31 10:05:39.938,156.77,54603,50547,61131,65535,65535,65535,65535,65535,65535
2026-07-31 10:05:39.992,156.82,54603,50547,61131,65535,65535,65535,65535,65535,65535
2026-07-31 10:05:40.041,156.87,54603,50547,61131,65535,65535,65535,65535,65535,65535
2026-07-31 10:05:40.127,156.96,60043,42224,61576,65535,65535,65535,65535,65535,65535
2026-07-31 10:05:40.176,157.01,60043,42224,61576,65535,65535,65535,65535,65535,65535
2026-07-31 10:05:40.222,157.05,60043,42224,61576,65535,65535,65535,65535,65535,65535
2026-07-31 10:05:40.260,157.09,60043,42224,61576,65535,65535,65535,65535,65535,65535
2026-07-31 10:05:40.306,157.14,60043,42224,61576,65535,65535,65535,65535,65535,65535
2026-07-31 10:05:40.374,157.2,60043,42224,61576,65535,65535,65535,65535,65535,65535
2026-07-31 10:05:40.425,157.25,60043,42224,61576,65535,65535,65535,65535,65535,65535
2026-07-31 10:05:40.477,157.31,60043,42224,61576,65535,65535,65535,65535,65535,65535
2026-07-31 10:05:40.526,157.36,60043,42224,61576,65535,65535,65535,65535,65535,65535
2026-07-31 10:05:40.580,157.41,60043,42224,61576,65535,65535,65535,65535,65535,65535
2026-07-31 10:05:40.630,157.46,54433,42224,61131,65535,65535,65535,65535,65535,65535
2026-07-31 10:05:40.679,157.51,54433,38281,61131,65535,65535,65535,65535,65535,65535
2026-07-31 10:05:40.730,157.56,54433,38281,61131,65535,65535,65535,65535,65535,65535
2026-07-31 10:05:40.767,157.6,54433,38281,61131,65535,65535,65535,65535,65535,65535
2026-07-31 10:05:40.818,157.65,54433,38281,61131,65535,65535,65535,65535,65535,65535
2026-07-31 10:05:40.871,157.7,54433,38281,61131,65535,65535,65535,65535,65535,65535
2026-07-31 10:05:40.928,157.76,54433,38281,61131,65535,65535,65535,65535,65535,65535
2026-07-31 10:05:40.975,157.8,54433,38281,61131,65535,65535,65535,65535,65535,65535
2026-07-31 10:05:41.020,157.85,54433,38281,61131,65535,65535,65535,65535,65535,65535
2026-07-31 10:05:41.073,157.9,54433,38281,61131,65535,65535,65535,65535,65535,65535
2026-07-31 10:05:41.125,157.95,54433,38281,61131,65535,65535,65535,65535,65535,65535
2026-07-31 10:05:41.175,158.0,54433,38281,61576,65535,65535,65535,65535,65535,65535
2026-07-31 10:05:41.221,158.05,54687,43665,61576,65535,65535,65535,65535,65535,65535
2026-07-31 10:05:41.255,158.08,54687,43665,61576,65535,65535,65535,65535,65535,65535
2026-07-31 10:05:41.304,158.13,54687,43665,61576,65535,65535,65535,65535,65535,65535
2026-07-31 10:05:41.358,158.19,54687,43665,61576,65535,65535,65535,65535,65535,65535
2026-07-31 10:05:41.408,158.24,54687,43665,61576,65535,65535,65535,65535,65535,65535
2026-07-31 10:05:41.454,158.28,54687,43665,61576,65535,65535,65535,65535,65535,65535
2026-07-31 10:05:41.502,158.33,54687,43665,61576,65535,65535,65535,65535,65535,65535
2026-07-31 10:05:41.549,158.38,54687,43665,61576,65535,65535,65535,65535,65535,65535
2026-07-31 10:05:41.600,158.43,54687,43665,61576,65535,65535,65535,65535,65535,65535
2026-07-31 10:05:41.647,158.48,54687,43665,61576,65535,65535,65535,65535,65535,65535
2026-07-31 10:05:41.743,158.57,54687,43665,61725,65535,65535,65535,65535,65535,65535
2026-07-31 10:05:41.778,158.61,65534,52426,61725,65535,65535,65535,65535,65535,65535
2026-07-31 10:05:41.825,158.65,65534,52426,61725,65535,65535,65535,65535,65535,65535
2026-07-31 10:05:41.872,158.7,65534,52426,61725,65535,65535,65535,65535,65535,65535
2026-07-31 10:05:41.920,158.75,65534,52426,61725,65535,65535,65535,65535,65535,65535
2026-07-31 10:05:41.965,158.79,65534,52426,61725,65535,65535,65535,65535,65535,65535
2026-07-31 10:05:42.013,158.84,65534,52426,61725,65535,65535,65535,65535,65535,65535
2026-07-31 10:05:42.062,158.89,65534,52426,61725,65535,65535,65535,65535,65535,65535
2026-07-31 10:05:42.111,158.94,65534,52426,61725,65535,65535,65535,65535,65535,65535
2026-07-31 10:05:42.158,158.99,65534,52426,61725,65535,65535,65535,65535,65535,65535
2026-07-31 10:05:42.210,159.04,65534,52426,61725,65535,65535,65535,65535,65535,65535
2026-07-31 10:05:42.248,159.08,65534,52426,61725,65535,65535,65535,65535,65535,65535
2026-07-31 10:05:42.296,159.13,65534,52426,61725,65535,65535,65535,65535,65535,65535
2026-07-31 10:05:42.342,159.17,54433,43495,62022,65535,65535,65535,65535,65535,65535
2026-07-31 10:05:42.396,159.23,54433,43495,62022,65535,65535,65535,65535,65535,65535
2026-07-31 10:05:42.448,159.28,54433,43495,62022,65535,65535,65535,65535,65535,65535
2026-07-31 10:05:42.527,159.36,54433,43495,62022,65535,65535,65535,65535,65535,65535
2026-07-31 10:05:42.576,159.41,54433,43495,62022,65535,65535,65535,65535,65535,65535
2026-07-31 10:05:42.622,159.45,54433,43495,62022,65535,65535,65535,65535,65535,65535
2026-07-31 10:05:42.672,159.5,54433,43495,62022,65535,65535,65535,65535,65535,65535
2026-07-31 10:05:42.721,159.55,54433,43495,62022,65535,65535,65535,65535,65535,65535
2026-07-31 10:05:42.760,159.59,54433,43495,62022,65535,65535,65535,65535,65535,65535
2026-07-31 10:05:42.810,159.64,54433,43495,62022,65535,65535,65535,65535,65535,65535
2026-07-31 10:05:42.860,159.69,54433,43495,61428,65535,65535,65535,65535,65535,65535
2026-07-31 10:05:42.906,159.74,63604,43326,61428,65535,65535,65535,65535,65535,65535
2026-07-31 10:05:42.957,159.79,63604,43326,61428,65535,65535,65535,65535,65535,65535
2026-07-31 10:05:43.009,159.84,63604,43326,61428,65535,65535,65535,65535,65535,65535
2026-07-31 10:05:43.056,159.89,63604,43326,61428,65535,65535,65535,65535,65535,65535
2026-07-31 10:05:43.104,159.93,63604,43326,61428,65535,65535,65535,65535,65535,65535
2026-07-31 10:05:43.151,159.98,63604,43326,61428,65535,65535,65535,65535,65535,65535
2026-07-31 10:05:43.207,160.04,63604,43326,61428,65535,65535,65535,65535,65535,65535
2026-07-31 10:05:43.247,160.08,63604,43326,61428,65535,65535,65535,65535,65535,65535
2026-07-31 10:05:43.290,160.12,63604,43326,61428,65535,65535,65535,65535,65535,65535
2026-07-31 10:05:43.338,160.17,63604,43326,61428,65535,65535,65535,65535,65535,65535
2026-07-31 10:05:43.386,160.21,63604,43326,61428,65535,65535,65535,65535,65535,65535
2026-07-31 10:05:43.434,160.26,63604,43326,61576,65535,65535,65535,65535,65535,65535
2026-07-31 10:05:43.479,160.31,54518,65534,61576,65535,65535,65535,65535,65535,65535
2026-07-31 10:05:43.540,160.37,54518,65534,61576,65535,65535,65535,65535,65535,65535
2026-07-31 10:05:43.589,160.42,54518,65534,61576,65535,65535,65535,65535,65535,65535
2026-07-31 10:05:43.633,160.46,54518,65534,61576,65535,65535,65535,65535,65535,65535
2026-07-31 10:05:43.683,160.51,54518,65534,61576,65535,65535,65535,65535,65535,65535
2026-07-31 10:05:43.732,160.56,54518,65534,61576,65535,65535,65535,65535,65535,65535
2026-07-31 10:05:43.771,160.6,54518,65534,61576,65535,65535,65535,65535,65535,65535
2026-07-31 10:05:43.816,160.65,54518,65534,61576,65535,65535,65535,65535,65535,65535
2026-07-31 10:05:43.864,160.69,54518,65534,61576,65535,65535,65535,65535,65535,65535
2026-07-31 10:05:43.912,160.74,54518,65534,61576,65535,65535,65535,65535,65535,65535
2026-07-31 10:05:43.968,160.8,54518,65534,61576,65535,65535,65535,65535,65535,65535
2026-07-31 10:05:44.014,160.84,54518,65534,61725,65535,65535,65535,65535,65535,65535
2026-07-31 10:05:44.084,160.91,54518,43411,61725,65535,65535,65535,65535,65535,65535
2026-07-31 10:05:44.134,160.96,54518,43411,61725,65535,65535,65535,65535,65535,65535
2026-07-31 10:05:44.182,161.01,54518,43411,61725,65535,65535,65535,65535,65535,65535
2026-07-31 10:05:44.232,161.06,54518,43411,61725,65535,65535,65535,65535,65535,65535
2026-07-31 10:05:44.270,161.1,54518,43411,61725,65535,65535,65535,65535,65535,65535
2026-07-31 10:05:44.317,161.15,54518,43411,61725,65535,65535,65535,65535,65535,65535
2026-07-31 10:05:44.363,161.19,54518,43411,61725,65535,65535,65535,65535,65535,65535
2026-07-31 10:05:44.412,161.24,54518,43411,61725,65535,65535,65535,65535,65535,65535
2026-07-31 10:05:44.463,161.29,54518,43411,61725,65535,65535,65535,65535,65535,65535
2026-07-31 10:05:44.509,161.34,54518,43411,61725,65535,65535,65535,65535,65535,65535
2026-07-31 10:05:44.558,161.39,54518,43411,61725,65535,65535,65535,65535,65535,65535
2026-07-31 10:05:44.611,161.44,63703,43665,61725,65535,65535,65535,65535,65535,65535
2026-07-31 10:05:44.657,161.49,63703,43665,61725,65535,65535,65535,65535,65535,65535
2026-07-31 10:05:44.705,161.53,63703,43665,61725,65535,65535,65535,65535,65535,65535
2026-07-31 10:05:44.760,161.59,63703,43665,61725,65535,65535,65535,65535,65535,65535
2026-07-31 10:05:44.801,161.63,63703,43665,61725,65535,65535,65535,65535,65535,65535
2026-07-31 10:05:44.894,161.72,63703,43665,61725,65535,65535,65535,65535,65535,65535
2026-07-31 10:05:44.940,161.77,63703,43665,61725,65535,65535,65535,65535,65535,65535
2026-07-31 10:05:44.988,161.82,63703,43665,61725,65535,65535,65535,65535,65535,65535
2026-07-31 10:05:45.039,161.87,63703,43665,61725,65535,65535,65535,65535,65535,65535
2026-07-31 10:05:45.087,161.92,63703,43665,61725,65535,65535,65535,65535,65535,65535
2026-07-31 10:05:45.147,161.98,63802,43665,61725,65535,65535,65535,65535,65535,65535
2026-07-31 10:05:45.193,162.02,63802,43580,61725,65535,65535,65535,65535,65535,65535
2026-07-31 10:05:45.244,162.07,63802,43580,61725,65535,65535,65535,65535,65535,65535
2026-07-31 10:05:45.281,162.11,63802,43580,61725,65535,65535,65535,65535,65535,65535
2026-07-31 10:05:45.330,162.16,63802,43580,61725,65535,65535,65535,65535,65535,65535
2026-07-31 10:05:45.382,162.21,63802,43580,61725,65535,65535,65535,65535,65535,65535
2026-07-31 10:05:45.428,162.26,63802,43580,61725,65535,65535,65535,65535,65535,65535
2026-07-31 10:05:45.477,162.31,63802,43580,61725,65535,65535,65535,65535,65535,65535
2026-07-31 10:05:45.530,162.36,63802,43580,61725,65535,65535,65535,65535,65535,65535
2026-07-31 10:05:45.582,162.41,63802,43580,61725,65535,65535,65535,65535,65535,65535
2026-07-31 10:05:45.631,162.46,63802,43580,61725,65535,65535,65535,65535,65535,65535
2026-07-31 10:05:45.716,162.54,60241,42054,61576,65535,65535,65535,65535,65535,65535
2026-07-31 10:05:45.751,162.58,60241,42054,61576,65535,65535,65535,65535,65535,65535
2026-07-31 10:05:45.787,162.62,60241,42054,61576,65535,65535,65535,65535,65535,65535
2026-07-31 10:05:45.832,162.66,60241,42054,61576,65535,65535,65535,65535,65535,65535
2026-07-31 10:05:45.885,162.71,60241,42054,61576,65535,65535,65535,65535,65535,65535
2026-07-31 10:05:45.973,162.8,60241,42054,61576,65535,65535,65535,65535,65535,65535
2026-07-31 10:05:46.020,162.85,60241,42054,61576,65535,65535,65535,65535,65535,65535
2026-07-31 10:05:46.064,162.89,60241,42054,61576,65535,65535,65535,65535,65535,65535
2026-07-31 10:05:46.114,162.94,60241,42054,61576,65535,65535,65535,65535,65535,65535
2026-07-31 10:05:46.165,162.99,60241,42054,61576,65535,65535,65535,65535,65535,65535
2026-07-31 10:05:46.217,163.05,60241,42054,61576,65535,65535,65535,65535,65535,65535
2026-07-31 10:05:46.252,163.08,63703,42054,60983,65535,65535,65535,65535,65535,65535
2026-07-31 10:05:46.289,163.12,63703,43326,60983,65535,65535,65535,65535,65535,65535
2026-07-31 10:05:46.339,163.17,63703,43326,60983,65535,65535,65535,65535,65535,65535
2026-07-31 10:05:46.394,163.22,63703,43326,60983,65535,65535,65535,65535,65535,65535
2026-07-31 10:05:46.445,163.27,63703,43326,60983,65535,65535,65535,65535,65535,65535
2026-07-31 10:05:46.538,163.37,63703,43326,60983,65535,65535,65535,65535,65535,65535
2026-07-31 10:05:46.586,163.42,63703,43326,60983,65535,65535,65535,65535,65535,65535
2026-07-31 10:05:46.633,163.46,63703,43326,60983,65535,65535,65535,65535,65535,65535
2026-07-31 10:05:46.681,163.51,63703,43326,60983,65535,65535,65535,65535,65535,65535
2026-07-31 10:05:46.728,163.56,63703,43326,60983,65535,65535,65535,65535,65535,65535
2026-07-31 10:05:46.765,163.59,63703,43326,60983,65535,65535,65535,65535,65535,65535
2026-07-31 10:05:46.810,163.64,63703,43326,61576,65535,65535,65535,65535,65535,65535
2026-07-31 10:05:46.861,163.69,63703,38281,61576,65535,65535,65535,65535,65535,65535
2026-07-31 10:05:46.911,163.74,63703,38281,61576,65535,65535,65535,65535,65535,65535
2026-07-31 10:05:46.959,163.79,63703,38281,61576,65535,65535,65535,65535,65535,65535
2026-07-31 10:05:47.010,163.84,63703,38281,61576,65535,65535,65535,65535,65535,65535
2026-07-31 10:05:47.063,163.89,63703,38281,61576,65535,65535,65535,65535,65535,65535
2026-07-31 10:05:47.112,163.94,63703,38281,61576,65535,65535,65535,65535,65535,65535
2026-07-31 10:05:47.157,163.99,63703,38281,61576,65535,65535,65535,65535,65535,65535
2026-07-31 10:05:47.211,164.04,63703,38281,61576,65535,65535,65535,65535,65535,65535
2026-07-31 10:05:47.272,164.1,63703,38281,61576,65535,65535,65535,65535,65535,65535
2026-07-31 10:05:47.311,164.14,63703,38281,61576,65535,65535,65535,65535,65535,65535
2026-07-31 10:05:47.346,164.18,63703,38281,61576,65535,65535,65535,65535,65535,65535
2026-07-31 10:05:47.393,164.22,65534,38281,61280,65535,65535,65535,65535,65535,65535
2026-07-31 10:05:47.442,164.27,65534,52426,61280,65535,65535,65535,65535,65535,65535
2026-07-31 10:05:47.491,164.32,65534,52426,61280,65535,65535,65535,65535,65535,65535
2026-07-31 10:05:47.541,164.37,65534,52426,61280,65535,65535,65535,65535,65535,65535
2026-07-31 10:05:47.588,164.42,65534,52426,61280,65535,65535,65535,65535,65535,65535
2026-07-31 10:05:47.636,164.47,65534,52426,61280,65535,65535,65535,65535,65535,65535
2026-07-31 10:05:47.687,164.52,65534,52426,61280,65535,65535,65535,65535,65535,65535
2026-07-31 10:05:47.732,164.56,65534,52426,61280,65535,65535,65535,65535,65535,65535
2026-07-31 10:05:47.775,164.6,65534,52426,61280,65535,65535,65535,65535,65535,65535
2026-07-31 10:05:47.811,164.64,65534,52426,61280,65535,65535,65535,65535,65535,65535
2026-07-31 10:05:47.862,164.69,65534,52426,61280,65535,65535,65535,65535,65535,65535
2026-07-31 10:05:47.912,164.74,65534,52426,61280,65535,65535,65535,65535,65535,65535
2026-07-31 10:05:47.959,164.79,65534,52426,61873,65535,65535,65535,65535,65535,65535
2026-07-31 10:05:48.007,164.84,65534,50547,61873,65535,65535,65535,65535,65535,65535
2026-07-31 10:05:48.087,164.92,65534,50547,61873,65535,65535,65535,65535,65535,65535
2026-07-31 10:05:48.138,164.97,65534,50547,61873,65535,65535,65535,65535,65535,65535
2026-07-31 10:05:48.182,165.01,65534,50547,61873,65535,65535,65535,65535,65535,65535
2026-07-31 10:05:48.230,165.06,65534,50547,61873,65535,65535,65535,65535,65535,65535
2026-07-31 10:05:48.278,165.11,65534,50547,61873,65535,65535,65535,65535,65535,65535
2026-07-31 10:05:48.314,165.14,65534,50547,61873,65535,65535,65535,65535,65535,65535
2026-07-31 10:05:48.360,165.19,65534,50547,61873,65535,65535,65535,65535,65535,65535
2026-07-31 10:05:48.408,165.24,65534,50547,61873,65535,65535,65535,65535,65535,65535
2026-07-31 10:05:48.456,165.29,65534,50547,61873,65535,65535,65535,65535,65535,65535
2026-07-31 10:05:48.502,165.33,63604,50547,61280,65535,65535,65535,65535,65535,65535
2026-07-31 10:05:48.550,165.38,63604,49261,61280,65535,65535,65535,65535,65535,65535
2026-07-31 10:05:48.596,165.43,63604,49261,61280,65535,65535,65535,65535,65535,65535
2026-07-31 10:05:48.643,165.47,63604,49261,61280,65535,65535,65535,65535,65535,65535
2026-07-31 10:05:48.695,165.52,63604,49261,61280,65535,65535,65535,65535,65535,65535
2026-07-31 10:05:48.743,165.57,63604,49261,61280,65535,65535,65535,65535,65535,65535
2026-07-31 10:05:48.776,165.61,63604,49261,61280,65535,65535,65535,65535,65535,65535
2026-07-31 10:05:48.818,165.65,63604,49261,61280,65535,65535,65535,65535,65535,65535
2026-07-31 10:05:48.865,165.69,63604,49261,61280,65535,65535,65535,65535,65535,65535
2026-07-31 10:05:48.913,165.74,63604,49261,61280,65535,65535,65535,65535,65535,65535
2026-07-31 10:05:48.959,165.79,63604,49261,61280,65535,65535,65535,65535,65535,65535
2026-07-31 10:05:49.005,165.83,63604,49261,61280,65535,65535,65535,65535,65535,65535
2026-07-31 10:05:49.052,165.88,63604,49261,61725,65535,65535,65535,65535,65535,65535
2026-07-31 10:05:49.098,165.93,54857,43665,61725,65535,65535,65535,65535,65535,65535
2026-07-31 10:05:49.148,165.98,54857,43665,61725,65535,65535,65535,65535,65535,65535
2026-07-31 10:05:49.193,166.02,54857,43665,61725,65535,65535,65535,65535,65535,65535
2026-07-31 10:05:49.241,166.07,54857,43665,61725,65535,65535,65535,65535,65535,65535
2026-07-31 10:05:49.276,166.11,54857,43665,61725,65535,65535,65535,65535,65535,65535
2026-07-31 10:05:49.312,166.14,54857,43665,61725,65535,65535,65535,65535,65535,65535
2026-07-31 10:05:49.358,166.19,54857,43665,61725,65535,65535,65535,65535,65535,65535
2026-07-31 10:05:49.407,166.24,54857,43665,61725,65535,65535,65535,65535,65535,65535
2026-07-31 10:05:49.459,166.29,54857,43665,61725,65535,65535,65535,65535,65535,65535
2026-07-31 10:05:49.505,166.33,54857,43665,61725,65535,65535,65535,65535,65535,65535
2026-07-31 10:05:49.558,166.39,54857,43665,61725,65535,65535,65535,65535,65535,65535
2026-07-31 10:05:49.601,166.43,54857,43665,61725,65535,65535,65535,65535,65535,65535
2026-07-31 10:05:49.651,166.48,65534,43665,61725,65535,65535,65535,65535,65535,65535
2026-07-31 10:05:49.698,166.53,65534,50844,61725,65535,65535,65535,65535,65535,65535
2026-07-31 10:05:49.751,166.58,65534,50844,61725,65535,65535,65535,65535,65535,65535
2026-07-31 10:05:49.790,166.62,65534,50844,61725,65535,65535,65535,65535,65535,65535
2026-07-31 10:05:49.827,166.66,65534,50844,61725,65535,65535,65535,65535,65535,65535
2026-07-31 10:05:49.873,166.7,65534,50844,61725,65535,65535,65535,65535,65535,65535
2026-07-31 10:05:49.919,166.75,65534,50844,61725,65535,65535,65535,65535,65535,65535
2026-07-31 10:05:49.969,166.8,65534,50844,61725,65535,65535,65535,65535,65535,65535
2026-07-31 10:05:50.016,166.85,65534,50844,61725,65535,65535,65535,65535,65535,65535
2026-07-31 10:05:50.062,166.89,65534,50844,61725,65535,65535,65535,65535,65535,65535
2026-07-31 10:05:50.113,166.94,65534,50844,61725,65535,65535,65535,65535,65535,65535
2026-07-31 10:05:50.157,166.99,65534,50844,61725,65535,65535,65535,65535,65535,65535
2026-07-31 10:05:50.210,167.04,54603,50844,61873,65535,65535,65535,65535,65535,65535
2026-07-31 10:05:50.258,167.09,54603,43495,61873,65535,65535,65535,65535,65535,65535
2026-07-31 10:05:50.295,167.12,54603,43495,61873,65535,65535,65535,65535,65535,65535
2026-07-31 10:05:50.341,167.17,54603,43495,61873,65535,65535,65535,65535,65535,65535
2026-07-31 10:05:50.391,167.22,54603,43495,61873,65535,65535,65535,65535,65535,65535
2026-07-31 10:05:50.437,167.27,54603,43495,61873,65535,65535,65535,65535,65535,65535
2026-07-31 10:05:50.484,167.31,54603,43495,61873,65535,65535,65535,65535,65535,65535
2026-07-31 10:05:50.529,167.36,54603,43495,61873,65535,65535,65535,65535,65535,65535
2026-07-31 10:05:50.576,167.41,54603,43495,61873,65535,65535,65535,65535,65535,65535
2026-07-31 10:05:50.622,167.45,54603,43495,61873,65535,65535,65535,65535,65535,65535
2026-07-31 10:05:50.670,167.5,54603,43495,61873,65535,65535,65535,65535,65535,65535
2026-07-31 10:05:50.716,167.55,54603,43495,61873,65535,65535,65535,65535,65535,65535
2026-07-31 10:05:50.763,167.59,54603,43495,65534,65535,65535,65535,65535,65535,65535
2026-07-31 10:05:50.801,167.63,63802,43750,65534,65535,65535,65535,65535,65535,65535
2026-07-31 10:05:50.845,167.67,63802,43750,65534,65535,65535,65535,65535,65535,65535
2026-07-31 10:05:50.893,167.72,63802,43750,65534,65535,65535,65535,65535,65535,65535
2026-07-31 10:05:50.938,167.77,63802,43750,65534,65535,65535,65535,65535,65535,65535
2026-07-31 10:05:50.990,167.82,63802,43750,65534,65535,65535,65535,65535,65535,65535
2026-07-31 10:05:51.036,167.87,63802,43750,65534,65535,65535,65535,65535,65535,65535
2026-07-31 10:05:51.086,167.91,63802,43750,65534,65535,65535,65535,65535,65535,65535
2026-07-31 10:05:51.128,167.96,63802,43750,65534,65535,65535,65535,65535,65535,65535
2026-07-31 10:05:51.178,168.01,63802,43750,65534,65535,65535,65535,65535,65535,65535
2026-07-31 10:05:51.226,168.05,63802,43750,65534,65535,65535,65535,65535,65535,65535
2026-07-31 10:05:51.262,168.09,63802,43750,65534,65535,65535,65535,65535,65535,65535
2026-07-31 10:05:51.299,168.13,63802,43750,65534,65535,65535,65535,65535,65535,65535
2026-07-31 10:05:51.348,168.18,51720,43750,61131,65535,65535,65535,65535,65535,65535
2026-07-31 10:05:51.399,168.23,51720,42478,61131,65535,65535,65535,65535,65535,65535
2026-07-31 10:05:51.445,168.27,51720,42478,61131,65535,65535,65535,65535,65535,65535
2026-07-31 10:05:51.493,168.32,51720,42478,61131,65535,65535,65535,65535,65535,65535
2026-07-31 10:05:51.544,168.37,51720,42478,61131,65535,65535,65535,65535,65535,65535
2026-07-31 10:05:51.589,168.42,51720,42478,61131,65535,65535,65535,65535,65535,65535
2026-07-31 10:05:51.638,168.47,51720,42478,61131,65535,65535,65535,65535,65535,65535
2026-07-31 10:05:51.683,168.51,51720,42478,61131,65535,65535,65535,65535,65535,65535
2026-07-31 10:05:51.732,168.56,51720,42478,61131,65535,65535,65535,65535,65535,65535
2026-07-31 10:05:51.770,168.6,51720,42478,61131,65535,65535,65535,65535,65535,65535
2026-07-31 10:05:51.804,168.63,51720,42478,61131,65535,65535,65535,65535,65535,65535
2026-07-31 10:05:51.851,168.68,51720,42478,61131,65535,65535,65535,65535,65535,65535
2026-07-31 10:05:51.895,168.72,51720,42478,65534,65535,65535,65535,65535,65535,65535
2026-07-31 10:05:51.947,168.78,54518,43580,65534,65535,65535,65535,65535,65535,65535
2026-07-31 10:05:51.991,168.82,54518,43580,65534,65535,65535,65535,65535,65535,65535
2026-07-31 10:05:52.035,168.86,54518,43580,65534,65535,65535,65535,65535,65535,65535
2026-07-31 10:05:52.084,168.91,54518,43580,65534,65535,65535,65535,65535,65535,65535
2026-07-31 10:05:52.134,168.96,54518,43580,65534,65535,65535,65535,65535,65535,65535
2026-07-31 10:05:52.177,169.01,54518,43580,65534,65535,65535,65535,65535,65535,65535
2026-07-31 10:05:52.229,169.06,54518,43580,65534,65535,65535,65535,65535,65535,65535
2026-07-31 10:05:52.268,169.1,54518,43580,65534,65535,65535,65535,65535,65535,65535
2026-07-31 10:05:52.308,169.14,54518,43580,65534,65535,65535,65535,65535,65535,65535
2026-07-31 10:05:52.354,169.18,54518,43580,65534,65535,65535,65535,65535,65535,65535
2026-07-31 10:05:52.399,169.23,54518,43580,65534,65535,65535,65535,65535,65535,65535
2026-07-31 10:05:52.449,169.28,54518,43580,65534,65535,65535,65535,65535,65535,65535
2026-07-31 10:05:52.496,169.33,63802,43580,61576,65535,65535,65535,65535,65535,65535
2026-07-31 10:05:52.545,169.37,63802,43495,61576,65535,65535,65535,65535,65535,65535
2026-07-31 10:05:52.593,169.42,63802,43495,61576,65535,65535,65535,65535,65535,65535
2026-07-31 10:05:52.638,169.47,63802,43495,61576,65535,65535,65535,65535,65535,65535
2026-07-31 10:05:52.688,169.52,63802,43495,61576,65535,65535,65535,65535,65535,65535
2026-07-31 10:05:52.737,169.57,63802,43495,61576,65535,65535,65535,65535,65535,65535
2026-07-31 10:05:52.775,169.6,63802,43495,61576,65535,65535,65535,65535,65535,65535
2026-07-31 10:05:52.812,169.64,63802,43495,61576,65535,65535,65535,65535,65535,65535
2026-07-31 10:05:52.858,169.69,63802,43495,61576,65535,65535,65535,65535,65535,65535
2026-07-31 10:05:52.908,169.74,63802,43495,61576,65535,65535,65535,65535,65535,65535
2026-07-31 10:05:52.952,169.78,63802,43495,61576,65535,65535,65535,65535,65535,65535
2026-07-31 10:05:53.002,169.83,63802,43495,61576,65535,65535,65535,65535,65535,65535
2026-07-31 10:05:53.046,169.88,57655,43495,61280,65535,65535,65535,65535,65535,65535
2026-07-31 10:05:53.096,169.93,57655,44852,61280,65535,65535,65535,65535,65535,65535
2026-07-31 10:05:53.142,169.97,57655,44852,61280,65535,65535,65535,65535,65535,65535
2026-07-31 10:05:53.192,170.02,57655,44852,61280,65535,65535,65535,65535,65535,65535
2026-07-31 10:05:53.236,170.07,57655,44852,61280,65535,65535,65535,65535,65535,65535
2026-07-31 10:05:53.275,170.1,57655,44852,61280,65535,65535,65535,65535,65535,65535
2026-07-31 10:05:53.322,170.15,57655,44852,61280,65535,65535,65535,65535,65535,65535
2026-07-31 10:05:53.371,170.2,57655,44852,61280,65535,65535,65535,65535,65535,65535
2026-07-31 10:05:53.416,170.25,57655,44852,61280,65535,65535,65535,65535,65535,65535
2026-07-31 10:05:53.464,170.29,57655,44852,61280,65535,65535,65535,65535,65535,65535
2026-07-31 10:05:53.510,170.34,57655,44852,61280,65535,65535,65535,65535,65535,65535
2026-07-31 10:05:53.561,170.39,57655,44852,61280,65535,65535,65535,65535,65535,65535
2026-07-31 10:05:53.607,170.44,57655,44852,61873,65535,65535,65535,65535,65535,65535
2026-07-31 10:05:53.655,170.48,63802,43665,61873,65535,65535,65535,65535,65535,65535
2026-07-31 10:05:53.698,170.53,63802,43665,61873,65535,65535,65535,65535,65535,65535
2026-07-31 10:05:53.752,170.58,63802,43665,61873,65535,65535,65535,65535,65535,65535
2026-07-31 10:05:53.794,170.62,63802,43665,61873,65535,65535,65535,65535,65535,65535
2026-07-31 10:05:53.833,170.66,63802,43665,61873,65535,65535,65535,65535,65535,65535
2026-07-31 10:05:53.878,170.71,63802,43665,61873,65535,65535,65535,65535,65535,65535
2026-07-31 10:05:53.924,170.75,63802,43665,61873,65535,65535,65535,65535,65535,65535
2026-07-31 10:05:53.975,170.8,63802,43665,61873,65535,65535,65535,65535,65535,65535
2026-07-31 10:05:54.021,170.85,63802,43665,61873,65535,65535,65535,65535,65535,65535
2026-07-31 10:05:54.069,170.9,63802,43665,61873,65535,65535,65535,65535,65535,65535
2026-07-31 10:05:54.118,170.95,63802,43665,61873,65535,65535,65535,65535,65535,65535
2026-07-31 10:05:54.166,171.0,63802,43665,61725,65535,65535,65535,65535,65535,65535
2026-07-31 10:05:54.214,171.04,54433,42224,61725,65535,65535,65535,65535,65535,65535
2026-07-31 10:05:54.261,171.09,54433,42224,61725,65535,65535,65535,65535,65535,65535
2026-07-31 10:05:54.298,171.13,54433,42224,61725,65535,65535,65535,65535,65535,65535
2026-07-31 10:05:54.342,171.17,54433,42224,61725,65535,65535,65535,65535,65535,65535
2026-07-31 10:05:54.390,171.22,54433,42224,61725,65535,65535,65535,65535,65535,65535
2026-07-31 10:05:54.439,171.27,54433,42224,61725,65535,65535,65535,65535,65535,65535
2026-07-31 10:05:54.485,171.31,54433,42224,61725,65535,65535,65535,65535,65535,65535
2026-07-31 10:05:54.531,171.36,54433,42224,61725,65535,65535,65535,65535,65535,65535
2026-07-31 10:05:54.582,171.41,54433,42224,61725,65535,65535,65535,65535,65535,65535
2026-07-31 10:05:54.629,171.46,54433,42224,61725,65535,65535,65535,65535,65535,65535
2026-07-31 10:05:54.678,171.51,54433,42224,61725,65535,65535,65535,65535,65535,65535
2026-07-31 10:05:54.722,171.55,54433,42224,61576,65535,65535,65535,65535,65535,65535
2026-07-31 10:05:54.774,171.6,64000,43665,61576,65535,65535,65535,65535,65535,65535
2026-07-31 10:05:54.809,171.64,64000,43665,61576,65535,65535,65535,65535,65535,65535
2026-07-31 10:05:54.854,171.68,64000,43665,61576,65535,65535,65535,65535,65535,65535
2026-07-31 10:05:54.903,171.73,64000,43665,61576,65535,65535,65535,65535,65535,65535
2026-07-31 10:05:54.951,171.78,64000,43665,61576,65535,65535,65535,65535,65535,65535
2026-07-31 10:05:54.996,171.83,64000,43665,61576,65535,65535,65535,65535,65535,65535
2026-07-31 10:05:55.047,171.88,64000,43665,61576,65535,65535,65535,65535,65535,65535
2026-07-31 10:05:55.095,171.92,64000,43665,61576,65535,65535,65535,65535,65535,65535
2026-07-31 10:05:55.142,171.97,64000,43665,61576,65535,65535,65535,65535,65535,65535
2026-07-31 10:05:55.191,172.02,64000,43665,61576,65535,65535,65535,65535,65535,65535
2026-07-31 10:05:55.242,172.07,64000,43665,61576,65535,65535,65535,65535,65535,65535
2026-07-31 10:05:55.294,172.12,64000,43665,61576,65535,65535,65535,65535,65535,65535
2026-07-31 10:05:55.332,172.16,63505,43580,61576,65535,65535,65535,65535,65535,65535
2026-07-31 10:05:55.379,172.21,63505,43580,61576,65535,65535,65535,65535,65535,65535
2026-07-31 10:05:55.427,172.26,63505,43580,61576,65535,65535,65535,65535,65535,65535
2026-07-31 10:05:55.475,172.3,63505,43580,61576,65535,65535,65535,65535,65535,65535
2026-07-31 10:05:55.522,172.35,63505,43580,61576,65535,65535,65535,65535,65535,65535
2026-07-31 10:05:55.570,172.4,63505,43580,61576,65535,65535,65535,65535,65535,65535
2026-07-31 10:05:55.618,172.45,63505,43580,61576,65535,65535,65535,65535,65535,65535
2026-07-31 10:05:55.666,172.5,63505,43580,61576,65535,65535,65535,65535,65535,65535
2026-07-31 10:05:55.712,172.54,63505,43580,61576,65535,65535,65535,65535,65535,65535
2026-07-31 10:05:55.761,172.59,63505,43580,61576,65535,65535,65535,65535,65535,65535
2026-07-31 10:05:55.799,172.63,63505,43580,61576,65535,65535,65535,65535,65535,65535
2026-07-31 10:05:55.844,172.67,63505,43580,61576,65535,65535,65535,65535,65535,65535
2026-07-31 10:05:55.892,172.72,64000,43580,61725,65535,65535,65535,65535,65535,65535
2026-07-31 10:05:55.939,172.77,64000,51239,61725,65535,65535,65535,65535,65535,65535
2026-07-31 10:05:55.988,172.82,64000,51239,61725,65535,65535,65535,65535,65535,65535
2026-07-31 10:05:56.037,172.87,64000,51239,61725,65535,65535,65535,65535,65535,65535
2026-07-31 10:05:56.083,172.91,64000,51239,61725,65535,65535,65535,65535,65535,65535
2026-07-31 10:05:56.133,172.96,64000,51239,61725,65535,65535,65535,65535,65535,65535
2026-07-31 10:05:56.178,173.01,64000,51239,61725,65535,65535,65535,65535,65535,65535
2026-07-31 10:05:56.228,173.06,64000,51239,61725,65535,65535,65535,65535,65535,65535
2026-07-31 10:05:56.277,173.11,64000,51239,61725,65535,65535,65535,65535,65535,65535
2026-07-31 10:05:56.313,173.14,64000,51239,61725,65535,65535,65535,65535,65535,65535
2026-07-31 10:05:56.361,173.19,64000,51239,61725,65535,65535,65535,65535,65535,65535
2026-07-31 10:05:56.405,173.23,64000,51239,61725,65535,65535,65535,65535,65535,65535
2026-07-31 10:05:56.453,173.28,54348,51239,61428,65535,65535,65535,65535,65535,65535
2026-07-31 10:05:56.502,173.33,54348,43495,61428,65535,65535,65535,65535,65535,65535
2026-07-31 10:05:56.550,173.38,54348,43495,61428,65535,65535,65535,65535,65535,65535
2026-07-31 10:05:56.599,173.43,54348,43495,61428,65535,65535,65535,65535,65535,65535
2026-07-31 10:05:56.648,173.48,54348,43495,61428,65535,65535,65535,65535,65535,65535
2026-07-31 10:05:56.695,173.52,54348,43495,61428,65535,65535,65535,65535,65535,65535
2026-07-31 10:05:56.745,173.57,54348,43495,61428,65535,65535,65535,65535,65535,65535
2026-07-31 10:05:56.788,173.62,54348,43495,61428,65535,65535,65535,65535,65535,65535
2026-07-31 10:05:56.823,173.65,54348,43495,61428,65535,65535,65535,65535,65535,65535
2026-07-31 10:05:56.868,173.7,54348,43495,61428,65535,65535,65535,65535,65535,65535
2026-07-31 10:05:56.917,173.75,54348,43495,61428,65535,65535,65535,65535,65535,65535
2026-07-31 10:05:56.965,173.79,54348,43495,61428,65535,65535,65535,65535,65535,65535
2026-07-31 10:05:57.014,173.84,51550,43495,54128,65535,65535,65535,65535,65535,65535
2026-07-31 10:05:57.060,173.89,51550,49459,54128,65535,65535,65535,65535,65535,65535
2026-07-31 10:05:57.109,173.94,51550,49459,54128,65535,65535,65535,65535,65535,65535
2026-07-31 10:05:57.155,173.98,51550,49459,54128,65535,65535,65535,65535,65535,65535
2026-07-31 10:05:57.205,174.03,51550,49459,54128,65535,65535,65535,65535,65535,65535
2026-07-31 10:05:57.251,174.08,51550,49459,54128,65535,65535,65535,65535,65535,65535
2026-07-31 10:05:57.289,174.12,51550,49459,54128,65535,65535,65535,65535,65535,65535
2026-07-31 10:05:57.324,174.15,51550,49459,54128,65535,65535,65535,65535,65535,65535
2026-07-31 10:05:57.370,174.2,51550,49459,54128,65535,65535,65535,65535,65535,65535
2026-07-31 10:05:57.420,174.25,51550,49459,54128,65535,65535,65535,65535,65535,65535
2026-07-31 10:05:57.465,174.29,51550,49459,54128,65535,65535,65535,65535,65535,65535
2026-07-31 10:05:57.514,174.34,51550,49459,54128,65535,65535,65535,65535,65535,65535
2026-07-31 10:05:57.562,174.39,51550,49459,61280,65535,65535,65535,65535,65535,65535
2026-07-31 10:05:57.609,174.44,54687,35833,61280,65535,65535,65535,65535,65535,65535
2026-07-31 10:05:57.658,174.49,54687,35833,61280,65535,65535,65535,65535,65535,65535
2026-07-31 10:05:57.702,174.53,54687,35833,61280,65535,65535,65535,65535,65535,65535
2026-07-31 10:05:57.751,174.58,54687,35833,61280,65535,65535,65535,65535,65535,65535
2026-07-31 10:05:57.789,174.62,54687,35833,61280,65535,65535,65535,65535,65535,65535
2026-07-31 10:05:57.825,174.65,54687,35833,61280,65535,65535,65535,65535,65535,65535
2026-07-31 10:05:57.873,174.7,54687,35833,61280,65535,65535,65535,65535,65535,65535
2026-07-31 10:05:57.918,174.75,54687,35833,61280,65535,65535,65535,65535,65535,65535
2026-07-31 10:05:57.966,174.8,54687,35833,61280,65535,65535,65535,65535,65535,65535
2026-07-31 10:05:58.015,174.84,54687,35833,61280,65535,65535,65535,65535,65535,65535
2026-07-31 10:05:58.064,174.89,54687,35833,61280,65535,65535,65535,65535,65535,65535
2026-07-31 10:05:58.109,174.94,54687,35833,61280,65535,65535,65535,65535,65535,65535
2026-07-31 10:05:58.157,174.99,65534,35833,61873,65535,65535,65535,65535,65535,65535
2026-07-31 10:05:58.205,175.03,65534,43580,61873,65535,65535,65535,65535,65535,65535
2026-07-31 10:05:58.254,175.08,65534,43580,61873,65535,65535,65535,65535,65535,65535
2026-07-31 10:05:58.303,175.13,65534,43580,61873,65535,65535,65535,65535,65535,65535
2026-07-31 10:05:58.337,175.17,65534,43580,61873,65535,65535,65535,65535,65535,65535
2026-07-31 10:05:58.382,175.21,65534,43580,61873,65535,65535,65535,65535,65535,65535
2026-07-31 10:05:58.430,175.26,65534,43580,61873,65535,65535,65535,65535,65535,65535
2026-07-31 10:05:58.479,175.31,65534,43580,61873,65535,65535,65535,65535,65535,65535
2026-07-31 10:05:58.525,175.35,65534,43580,61873,65535,65535,65535,65535,65535,65535
2026-07-31 10:05:58.572,175.4,65534,43580,61873,65535,65535,65535,65535,65535,65535
2026-07-31 10:05:58.624,175.45,65534,43580,61873,65535,65535,65535,65535,65535,65535
2026-07-31 10:05:58.670,175.5,65534,43580,61873,65535,65535,65535,65535,65535,65535
2026-07-31 10:05:58.721,175.55,65534,43580,61873,65535,65535,65535,65535,65535,65535
2026-07-31 10:05:58.764,175.59,65534,45191,61873,65535,65535,65535,65535,65535,65535
2026-07-31 10:05:58.801,175.63,65534,45191,61873,65535,65535,65535,65535,65535,65535
2026-07-31 10:05:58.846,175.68,65534,45191,61873,65535,65535,65535,65535,65535,65535
2026-07-31 10:05:58.895,175.72,65534,45191,61873,65535,65535,65535,65535,65535,65535
2026-07-31 10:05:58.942,175.77,65534,45191,61873,65535,65535,65535,65535,65535,65535
2026-07-31 10:05:58.989,175.82,65534,45191,61873,65535,65535,65535,65535,65535,65535
2026-07-31 10:05:59.037,175.87,65534,45191,61873,65535,65535,65535,65535,65535,65535
2026-07-31 10:05:59.086,175.92,65534,45191,61873,65535,65535,65535,65535,65535,65535
2026-07-31 10:05:59.134,175.96,65534,45191,61873,65535,65535,65535,65535,65535,65535
2026-07-31 10:05:59.178,176.01,65534,45191,61873,65535,65535,65535,65535,65535,65535
2026-07-31 10:05:59.227,176.06,65534,45191,61873,65535,65535,65535,65535,65535,65535
2026-07-31 10:05:59.275,176.1,54518,45191,62022,65535,65535,65535,65535,65535,65535
2026-07-31 10:05:59.322,176.15,54518,43580,62022,65535,65535,65535,65535,65535,65535
2026-07-31 10:05:59.359,176.19,54518,43580,62022,65535,65535,65535,65535,65535,65535
2026-07-31 10:05:59.406,176.24,54518,43580,62022,65535,65535,65535,65535,65535,65535
2026-07-31 10:05:59.451,176.28,54518,43580,62022,65535,65535,65535,65535,65535,65535
2026-07-31 10:05:59.502,176.33,54518,43580,62022,65535,65535,65535,65535,65535,65535
2026-07-31 10:05:59.548,176.38,54518,43580,62022,65535,65535,65535,65535,65535,65535
2026-07-31 10:05:59.596,176.43,54518,43580,62022,65535,65535,65535,65535,65535,65535
2026-07-31 10:05:59.641,176.47,54518,43580,62022,65535,65535,65535,65535,65535,65535
2026-07-31 10:05:59.689,176.52,54518,43580,62022,65535,65535,65535,65535,65535,65535
2026-07-31 10:05:59.736,176.57,54518,43580,62022,65535,65535,65535,65535,65535,65535
2026-07-31 10:05:59.783,176.61,54518,43580,62022,65535,65535,65535,65535,65535,65535
2026-07-31 10:05:59.822,176.65,54518,43580,61725,65535,65535,65535,65535,65535,65535
2026-07-31 10:05:59.862,176.69,54433,43750,61725,65535,65535,65535,65535,65535,65535
2026-07-31 10:05:59.908,176.74,54433,43750,61725,65535,65535,65535,65535,65535,65535
2026-07-31 10:05:59.956,176.79,54433,43750,61725,65535,65535,65535,65535,65535,65535
2026-07-31 10:06:00.002,176.83,54433,43750,61725,65535,65535,65535,65535,65535,65535
2026-07-31 10:06:00.049,176.88,54433,43750,61725,65535,65535,65535,65535,65535,65535
2026-07-31 10:06:00.099,176.93,54433,43750,61725,65535,65535,65535,65535,65535,65535
2026-07-31 10:06:00.143,176.97,54433,43750,61725,65535,65535,65535,65535,65535,65535
2026-07-31 10:06:00.192,177.02,54433,43750,61725,65535,65535,65535,65535,65535,65535
2026-07-31 10:06:00.239,177.07,54433,43750,61725,65535,65535,65535,65535,65535,65535
2026-07-31 10:06:00.285,177.11,54433,43750,61725,65535,65535,65535,65535,65535,65535
2026-07-31 10:06:00.322,177.15,54433,43750,61725,65535,65535,65535,65535,65535,65535
2026-07-31 10:06:00.361,177.19,54433,43750,61725,65535,65535,65535,65535,65535,65535
2026-07-31 10:06:00.406,177.24,54433,43750,61576,65535,65535,65535,65535,65535,65535
2026-07-31 10:06:00.456,177.29,54518,43665,61576,65535,65535,65535,65535,65535,65535
2026-07-31 10:06:00.502,177.33,54518,43665,61576,65535,65535,65535,65535,65535,65535
2026-07-31 10:06:00.552,177.38,54518,43665,61576,65535,65535,65535,65535,65535,65535
2026-07-31 10:06:00.599,177.43,54518,43665,61576,65535,65535,65535,65535,65535,65535
2026-07-31 10:06:00.648,177.48,54518,43665,61576,65535,65535,65535,65535,65535,65535
2026-07-31 10:06:00.693,177.52,54518,43665,61576,65535,65535,65535,65535,65535,65535
2026-07-31 10:06:00.741,177.57,54518,43665,61576,65535,65535,65535,65535,65535,65535
2026-07-31 10:06:00.790,177.62,54518,43665,61576,65535,65535,65535,65535,65535,65535
2026-07-31 10:06:00.832,177.66,54518,43665,61576,65535,65535,65535,65535,65535,65535
2026-07-31 10:06:00.868,177.7,54518,43665,61576,65535,65535,65535,65535,65535,65535
2026-07-31 10:06:00.912,177.74,54518,43665,61576,65535,65535,65535,65535,65535,65535
2026-07-31 10:06:00.963,177.79,54518,43665,61576,65535,65535,65535,65535,65535,65535
2026-07-31 10:06:01.007,177.84,63703,43580,61576,65535,65535,65535,65535,65535,65535
2026-07-31 10:06:01.058,177.89,63703,43580,61576,65535,65535,65535,65535,65535,65535
2026-07-31 10:06:01.103,177.93,63703,43580,61576,65535,65535,65535,65535,65535,65535
2026-07-31 10:06:01.154,177.98,63703,43580,61576,65535,65535,65535,65535,65535,65535
2026-07-31 10:06:01.201,178.03,63703,43580,61576,65535,65535,65535,65535,65535,65535
2026-07-31 10:06:01.248,178.08,63703,43580,61576,65535,65535,65535,65535,65535,65535
2026-07-31 10:06:01.297,178.13,63703,43580,61576,65535,65535,65535,65535,65535,65535
2026-07-31 10:06:01.333,178.16,63703,43580,61576,65535,65535,65535,65535,65535,65535
2026-07-31 10:06:01.368,178.2,63703,43580,61576,65535,65535,65535,65535,65535,65535
2026-07-31 10:06:01.415,178.24,63703,43580,61576,65535,65535,65535,65535,65535,65535
2026-07-31 10:06:01.462,178.29,63703,43580,61576,65535,65535,65535,65535,65535,65535
2026-07-31 10:06:01.509,178.34,63703,43580,61576,65535,65535,65535,65535,65535,65535
2026-07-31 10:06:01.557,178.39,54603,43580,61576,65535,65535,65535,65535,65535,65535
2026-07-31 10:06:01.607,178.44,54603,38207,61576,65535,65535,65535,65535,65535,65535
2026-07-31 10:06:01.654,178.48,54603,38207,61576,65535,65535,65535,65535,65535,65535
2026-07-31 10:06:01.701,178.53,54603,38207,61576,65535,65535,65535,65535,65535,65535
2026-07-31 10:06:01.746,178.58,54603,38207,61576,65535,65535,65535,65535,65535,65535
2026-07-31 10:06:01.792,178.62,54603,38207,61576,65535,65535,65535,65535,65535,65535
2026-07-31 10:06:01.829,178.66,54603,38207,61576,65535,65535,65535,65535,65535,65535
2026-07-31 10:06:01.864,178.69,54603,38207,61576,65535,65535,65535,65535,65535,65535
2026-07-31 10:06:01.907,178.74,54603,38207,61576,65535,65535,65535,65535,65535,65535
2026-07-31 10:06:01.958,178.79,54603,38207,61576,65535,65535,65535,65535,65535,65535
2026-07-31 10:06:02.005,178.83,54603,38207,61576,65535,65535,65535,65535,65535,65535
2026-07-31 10:06:02.053,178.88,54603,38207,61576,65535,65535,65535,65535,65535,65535
2026-07-31 10:06:02.102,178.93,54603,38207,61131,65535,65535,65535,65535,65535,65535
2026-07-31 10:06:02.150,178.98,54603,43495,61131,65535,65535,65535,65535,65535,65535
2026-07-31 10:06:02.195,179.02,54603,43495,61131,65535,65535,65535,65535,65535,65535
2026-07-31 10:06:02.246,179.08,54603,43495,61131,65535,65535,65535,65535,65535,65535
2026-07-31 10:06:02.295,179.12,54603,43495,61131,65535,65535,65535,65535,65535,65535
2026-07-31 10:06:02.337,179.17,54603,43495,61131,65535,65535,65535,65535,65535,65535
2026-07-31 10:06:02.375,179.2,54603,43495,61131,65535,65535,65535,65535,65535,65535
2026-07-31 10:06:02.424,179.25,54603,43495,61131,65535,65535,65535,65535,65535,65535
2026-07-31 10:06:02.474,179.3,54603,43495,61131,65535,65535,65535,65535,65535,65535
2026-07-31 10:06:02.525,179.35,54603,43495,61131,65535,65535,65535,65535,65535,65535
2026-07-31 10:06:02.574,179.4,54603,43495,61131,65535,65535,65535,65535,65535,65535
2026-07-31 10:06:02.616,179.45,54603,43495,61131,65535,65535,65535,65535,65535,65535
2026-07-31 10:06:02.660,179.49,54603,43495,61576,65535,65535,65535,65535,65535,65535
2026-07-31 10:06:02.709,179.54,51635,42308,61576,65535,65535,65535,65535,65535,65535
2026-07-31 10:06:02.756,179.59,51635,42308,61576,65535,65535,65535,65535,65535,65535
2026-07-31 10:06:02.799,179.63,51635,42308,61576,65535,65535,65535,65535,65535,65535
2026-07-31 10:06:02.837,179.67,51635,42308,61576,65535,65535,65535,65535,65535,65535
2026-07-31 10:06:02.878,179.71,51635,42308,61576,65535,65535,65535,65535,65535,65535
2026-07-31 10:06:02.926,179.76,51635,42308,61576,65535,65535,65535,65535,65535,65535
2026-07-31 10:06:02.977,179.81,51635,42308,61576,65535,65535,65535,65535,65535,65535
2026-07-31 10:06:03.020,179.85,51635,42308,61576,65535,65535,65535,65535,65535,65535
2026-07-31 10:06:03.072,179.9,51635,42308,61576,65535,65535,65535,65535,65535,65535
2026-07-31 10:06:03.122,179.95,51635,42308,61576,65535,65535,65535,65535,65535,65535
2026-07-31 10:06:03.171,180.0,51635,42308,61576,65535,65535,65535,65535,65535,65535
2026-07-31 10:06:03.218,180.05,51635,42308,61576,65535,65535,65535,65535,65535,65535
2026-07-31 10:06:03.266,180.1,54603,43580,61131,65535,65535,65535,65535,65535,65535
2026-07-31 10:06:03.316,180.14,54603,43580,61131,65535,65535,65535,65535,65535,65535
2026-07-31 10:06:03.353,180.18,54603,43580,61131,65535,65535,65535,65535,65535,65535
2026-07-31 10:06:03.402,180.23,54603,43580,61131,65535,65535,65535,65535,65535,65535
2026-07-31 10:06:03.452,180.28,54603,43580,61131,65535,65535,65535,65535,65535,65535
2026-07-31 10:06:03.497,180.33,54603,43580,61131,65535,65535,65535,65535,65535,65535
2026-07-31 10:06:03.546,180.38,54603,43580,61131,65535,65535,65535,65535,65535,65535
2026-07-31 10:06:03.595,180.42,54603,43580,61131,65535,65535,65535,65535,65535,65535
2026-07-31 10:06:03.639,180.47,54603,43580,61131,65535,65535,65535,65535,65535,65535
2026-07-31 10:06:03.689,180.52,54603,43580,61131,65535,65535,65535,65535,65535,65535
2026-07-31 10:06:03.734,180.56,54603,43580,61131,65535,65535,65535,65535,65535,65535
2026-07-31 10:06:03.786,180.62,54603,43580,61131,65535,65535,65535,65535,65535,65535
2026-07-31 10:06:03.830,180.66,54603,43580,49261,65535,65535,65535,65535,65535,65535
2026-07-31 10:06:03.867,180.7,54603,50943,49261,65535,65535,65535,65535,65535,65535
2026-07-31 10:06:03.911,180.74,54603,50943,49261,65535,65535,65535,65535,65535,65535
2026-07-31 10:06:03.960,180.79,54603,50943,49261,65535,65535,65535,65535,65535,65535
2026-07-31 10:06:04.010,180.84,54603,50943,49261,65535,65535,65535,65535,65535,65535
2026-07-31 10:06:04.056,180.89,54603,50943,49261,65535,65535,65535,65535,65535,65535
2026-07-31 10:06:04.102,180.93,54603,50943,49261,65535,65535,65535,65535,65535,65535
2026-07-31 10:06:04.151,180.98,54603,50943,49261,65535,65535,65535,65535,65535,65535
2026-07-31 10:06:04.199,181.03,54603,50943,49261,65535,65535,65535,65535,65535,65535
2026-07-31 10:06:04.246,181.08,54603,50943,49261,65535,65535,65535,65535,65535,65535
2026-07-31 10:06:04.294,181.12,54603,50943,49261,65535,65535,65535,65535,65535,65535
2026-07-31 10:06:04.340,181.17,54603,50943,49261,65535,65535,65535,65535,65535,65535
2026-07-31 10:06:04.375,181.2,54603,50943,61725,65535,65535,65535,65535,65535,65535
2026-07-31 10:06:04.419,181.25,65534,44852,61725,65535,65535,65535,65535,65535,65535
2026-07-31 10:06:04.468,181.3,65534,44852,61725,65535,65535,65535,65535,65535,65535
2026-07-31 10:06:04.513,181.34,65534,44852,61725,65535,65535,65535,65535,65535,65535
2026-07-31 10:06:04.564,181.39,65534,44852,61725,65535,65535,65535,65535,65535,65535
2026-07-31 10:06:04.609,181.44,65534,44852,61725,65535,65535,65535,65535,65535,65535
2026-07-31 10:06:04.658,181.49,65534,44852,61725,65535,65535,65535,65535,65535,65535
2026-07-31 10:06:04.704,181.53,65534,44852,61725,65535,65535,65535,65535,65535,65535
2026-07-31 10:06:04.750,181.58,65534,44852,61725,65535,65535,65535,65535,65535,65535
2026-07-31 10:06:04.795,181.62,65534,44852,61725,65535,65535,65535,65535,65535,65535
2026-07-31 10:06:04.847,181.68,65534,44852,61725,65535,65535,65535,65535,65535,65535
2026-07-31 10:06:04.888,181.72,65534,44852,61725,65535,65535,65535,65535,65535,65535
2026-07-31 10:06:04.935,181.76,65534,44852,61873,65535,65535,65535,65535,65535,65535
2026-07-31 10:06:04.985,181.81,63604,43919,61873,65535,65535,65535,65535,65535,65535
2026-07-31 10:06:05.033,181.86,63604,43919,61873,65535,65535,65535,65535,65535,65535
2026-07-31 10:06:05.078,181.91,63604,43919,61873,65535,65535,65535,65535,65535,65535
2026-07-31 10:06:05.129,181.96,63604,43919,61873,65535,65535,65535,65535,65535,65535
2026-07-31 10:06:05.182,182.01,63604,43919,61873,65535,65535,65535,65535,65535,65535
2026-07-31 10:06:05.226,182.05,63604,43919,61873,65535,65535,65535,65535,65535,65535
2026-07-31 10:06:05.278,182.11,63604,43919,61873,65535,65535,65535,65535,65535,65535
2026-07-31 10:06:05.330,182.16,63604,43919,61873,65535,65535,65535,65535,65535,65535
2026-07-31 10:06:05.364,182.19,63604,43919,61873,65535,65535,65535,65535,65535,65535
2026-07-31 10:06:05.401,182.23,63604,43919,61873,65535,65535,65535,65535,65535,65535
2026-07-31 10:06:05.448,182.28,63604,43919,61873,65535,65535,65535,65535,65535,65535
2026-07-31 10:06:05.493,182.32,63604,43919,61725,65535,65535,65535,65535,65535,65535
2026-07-31 10:06:05.543,182.37,54772,43580,61725,65535,65535,65535,65535,65535,65535
2026-07-31 10:06:05.587,182.42,54772,43580,61725,65535,65535,65535,65535,65535,65535
2026-07-31 10:06:05.634,182.46,54772,43580,61725,65535,65535,65535,65535,65535,65535
2026-07-31 10:06:05.680,182.51,54772,43580,61725,65535,65535,65535,65535,65535,65535
2026-07-31 10:06:05.731,182.56,54772,43580,61725,65535,65535,65535,65535,65535,65535
2026-07-31 10:06:05.780,182.61,54772,43580,61725,65535,65535,65535,65535,65535,65535
2026-07-31 10:06:05.830,182.66,54772,43580,61725,65535,65535,65535,65535,65535,65535
2026-07-31 10:06:05.869,182.7,54772,43580,61725,65535,65535,65535,65535,65535,65535
2026-07-31 10:06:05.915,182.74,54772,43580,61725,65535,65535,65535,65535,65535,65535
2026-07-31 10:06:05.960,182.79,54772,43580,61725,65535,65535,65535,65535,65535,65535
2026-07-31 10:06:06.010,182.84,54772,43580,61725,65535,65535,65535,65535,65535,65535
2026-07-31 10:06:06.054,182.88,54772,43580,61725,65535,65535,65535,65535,65535,65535
2026-07-31 10:06:06.102,182.93,54603,38281,48905,65535,65535,65535,65535,65535,65535
2026-07-31 10:06:06.152,182.98,54603,38281,48905,65535,65535,65535,65535,65535,65535
2026-07-31 10:06:06.201,183.03,54603,38281,48905,65535,65535,65535,65535,65535,65535
2026-07-31 10:06:06.249,183.08,54603,38281,48905,65535,65535,65535,65535,65535,65535
2026-07-31 10:06:06.298,183.13,54603,38281,48905,65535,65535,65535,65535,65535,65535
2026-07-31 10:06:06.345,183.17,54603,38281,48905,65535,65535,65535,65535,65535,65535
2026-07-31 10:06:06.384,183.21,54603,38281,48905,65535,65535,65535,65535,65535,65535
2026-07-31 10:06:06.429,183.26,54603,38281,48905,65535,65535,65535,65535,65535,65535
2026-07-31 10:06:06.479,183.31,54603,38281,48905,65535,65535,65535,65535,65535,65535
2026-07-31 10:06:06.524,183.35,54603,38281,48905,65535,65535,65535,65535,65535,65535
2026-07-31 10:06:06.574,183.4,54603,38281,48905,65535,65535,65535,65535,65535,65535
2026-07-31 10:06:06.622,183.45,54603,38281,61725,65535,65535,65535,65535,65535,65535
2026-07-31 10:06:06.674,183.5,63110,50844,61725,65535,65535,65535,65535,65535,65535
2026-07-31 10:06:06.721,183.55,63110,50844,61725,65535,65535,65535,65535,65535,65535
2026-07-31 10:06:06.763,183.59,63110,50844,61725,65535,65535,65535,65535,65535,65535
2026-07-31 10:06:06.814,183.64,63110,50844,61725,65535,65535,65535,65535,65535,65535
2026-07-31 10:06:06.860,183.69,63110,50844,61725,65535,65535,65535,65535,65535,65535
2026-07-31 10:06:06.899,183.73,63110,50844,61725,65535,65535,65535,65535,65535,65535
2026-07-31 10:06:06.949,183.78,63110,50844,61725,65535,65535,65535,65535,65535,65535
2026-07-31 10:06:06.998,183.83,63110,50844,61725,65535,65535,65535,65535,65535,65535
2026-07-31 10:06:07.048,183.88,63110,50844,61725,65535,65535,65535,65535,65535,65535
2026-07-31 10:06:07.098,183.93,63110,50844,61725,65535,65535,65535,65535,65535,65535
2026-07-31 10:06:07.149,183.98,63110,50844,61725,65535,65535,65535,65535,65535,65535
2026-07-31 10:06:07.192,184.02,63110,50844,61576,65535,65535,65535,65535,65535,65535
2026-07-31 10:06:07.244,184.07,54857,58588,61576,65535,65535,65535,65535,65535,65535
2026-07-31 10:06:07.292,184.12,54857,58588,61576,65535,65535,65535,65535,65535,65535
2026-07-31 10:06:07.340,184.17,54857,58588,61576,65535,65535,65535,65535,65535,65535
2026-07-31 10:06:07.379,184.21,54857,58588,61576,65535,65535,65535,65535,65535,65535
2026-07-31 10:06:07.427,184.26,54857,58588,61576,65535,65535,65535,65535,65535,65535
2026-07-31 10:06:07.473,184.3,54857,58588,61576,65535,65535,65535,65535,65535,65535
2026-07-31 10:06:07.521,184.35,54857,58588,61576,65535,65535,65535,65535,65535,65535
2026-07-31 10:06:07.566,184.4,54857,58588,61576,65535,65535,65535,65535,65535,65535
2026-07-31 10:06:07.613,184.44,54857,58588,61576,65535,65535,65535,65535,65535,65535
2026-07-31 10:06:07.661,184.49,54857,58588,61576,65535,65535,65535,65535,65535,65535
2026-07-31 10:06:07.711,184.54,54857,58588,61576,65535,65535,65535,65535,65535,65535
2026-07-31 10:06:07.757,184.59,54857,58588,49261,65535,65535,65535,65535,65535,65535
2026-07-31 10:06:07.803,184.63,63604,43411,49261,65535,65535,65535,65535,65535,65535
2026-07-31 10:06:07.852,184.68,63604,43411,49261,65535,65535,65535,65535,65535,65535
2026-07-31 10:06:07.889,184.72,63604,43411,49261,65535,65535,65535,65535,65535,65535
2026-07-31 10:06:07.934,184.76,63604,43411,49261,65535,65535,65535,65535,65535,65535
2026-07-31 10:06:07.981,184.81,63604,43411,49261,65535,65535,65535,65535,65535,65535
2026-07-31 10:06:08.030,184.86,63604,43411,49261,65535,65535,65535,65535,65535,65535
2026-07-31 10:06:08.076,184.91,63604,43411,49261,65535,65535,65535,65535,65535,65535
2026-07-31 10:06:08.123,184.95,63604,43411,49261,65535,65535,65535,65535,65535,65535
2026-07-31 10:06:08.173,185.0,63604,43411,49261,65535,65535,65535,65535,65535,65535
2026-07-31 10:06:08.221,185.05,63604,43411,49261,65535,65535,65535,65535,65535,65535
2026-07-31 10:06:08.270,185.1,63604,43411,49261,65535,65535,65535,65535,65535,65535
2026-07-31 10:06:08.315,185.14,63604,43411,61576,65535,65535,65535,65535,65535,65535
2026-07-31 10:06:08.353,185.18,51635,43411,61576,65535,65535,65535,65535,65535,65535
2026-07-31 10:06:08.400,185.23,51635,42393,61576,65535,65535,65535,65535,65535,65535
2026-07-31 10:06:08.448,185.28,51635,42393,61576,65535,65535,65535,65535,65535,65535
2026-07-31 10:06:08.494,185.32,51635,42393,61576,65535,65535,65535,65535,65535,65535
2026-07-31 10:06:08.544,185.37,51635,42393,61576,65535,65535,65535,65535,65535,65535
2026-07-31 10:06:08.590,185.42,51635,42393,61576,65535,65535,65535,65535,65535,65535
2026-07-31 10:06:08.636,185.47,51635,42393,61576,65535,65535,65535,65535,65535,65535
2026-07-31 10:06:08.692,185.52,51635,42393,61576,65535,65535,65535,65535,65535,65535
2026-07-31 10:06:08.740,185.57,51635,42393,61576,65535,65535,65535,65535,65535,65535
2026-07-31 10:06:08.784,185.61,51635,42393,61576,65535,65535,65535,65535,65535,65535
2026-07-31 10:06:08.836,185.67,51635,42393,61576,65535,65535,65535,65535,65535,65535
2026-07-31 10:06:08.870,185.7,51635,42393,61576,65535,65535,65535,65535,65535,65535
2026-07-31 10:06:08.916,185.75,54518,42393,61131,65535,65535,65535,65535,65535,65535
2026-07-31 10:06:08.964,185.79,54518,43665,61131,65535,65535,65535,65535,65535,65535
2026-07-31 10:06:09.012,185.84,54518,43665,61131,65535,65535,65535,65535,65535,65535
2026-07-31 10:06:09.057,185.89,54518,43665,61131,65535,65535,65535,65535,65535,65535
2026-07-31 10:06:09.105,185.93,54518,43665,61131,65535,65535,65535,65535,65535,65535
2026-07-31 10:06:09.157,185.99,54518,43665,61131,65535,65535,65535,65535,65535,65535
2026-07-31 10:06:09.205,186.03,54518,43665,61131,65535,65535,65535,65535,65535,65535
2026-07-31 10:06:09.256,186.08,54518,43665,61131,65535,65535,65535,65535,65535,65535
2026-07-31 10:06:09.302,186.13,54518,43665,61131,65535,65535,65535,65535,65535,65535
2026-07-31 10:06:09.351,186.18,54518,43665,61131,65535,65535,65535,65535,65535,65535
2026-07-31 10:06:09.389,186.22,54518,43665,61131,65535,65535,65535,65535,65535,65535
2026-07-31 10:06:09.439,186.27,54518,43665,61131,65535,65535,65535,65535,65535,65535
2026-07-31 10:06:09.487,186.32,63802,43750,61428,65535,65535,65535,65535,65535,65535
2026-07-31 10:06:09.531,186.36,63802,43750,61428,65535,65535,65535,65535,65535,65535
2026-07-31 10:06:09.578,186.41,63802,43750,61428,65535,65535,65535,65535,65535,65535
2026-07-31 10:06:09.630,186.46,63802,43750,61428,65535,65535,65535,65535,65535,65535
2026-07-31 10:06:09.674,186.5,63802,43750,61428,65535,65535,65535,65535,65535,65535
2026-07-31 10:06:09.722,186.55,63802,43750,61428,65535,65535,65535,65535,65535,65535
2026-07-31 10:06:09.770,186.6,63802,43750,61428,65535,65535,65535,65535,65535,65535
2026-07-31 10:06:09.818,186.65,63802,43750,61428,65535,65535,65535,65535,65535,65535
2026-07-31 10:06:09.866,186.7,63802,43750,61428,65535,65535,65535,65535,65535,65535
2026-07-31 10:06:09.903,186.73,63802,43750,61428,65535,65535,65535,65535,65535,65535
2026-07-31 10:06:09.950,186.78,63802,43750,61428,65535,65535,65535,65535,65535,65535
2026-07-31 10:06:09.993,186.82,63802,43750,61428,65535,65535,65535,65535,65535,65535
2026-07-31 10:06:10.046,186.88,63703,43750,61725,65535,65535,65535,65535,65535,65535
2026-07-31 10:06:10.096,186.93,63703,45276,61725,65535,65535,65535,65535,65535,65535
2026-07-31 10:06:10.142,186.97,63703,45276,61725,65535,65535,65535,65535,65535,65535
2026-07-31 10:06:10.189,187.02,63703,45276,61725,65535,65535,65535,65535,65535,65535
2026-07-31 10:06:10.237,187.07,63703,45276,61725,65535,65535,65535,65535,65535,65535
2026-07-31 10:06:10.288,187.12,63703,45276,61725,65535,65535,65535,65535,65535,65535
2026-07-31 10:06:10.333,187.16,63703,45276,61725,65535,65535,65535,65535,65535,65535
2026-07-31 10:06:10.370,187.2,63703,45276,61725,65535,65535,65535,65535,65535,65535
2026-07-31 10:06:10.416,187.25,63703,45276,61725,65535,65535,65535,65535,65535,65535
2026-07-31 10:06:10.465,187.29,63703,45276,61725,65535,65535,65535,65535,65535,65535
2026-07-31 10:06:10.512,187.34,63703,45276,61725,65535,65535,65535,65535,65535,65535
2026-07-31 10:06:10.560,187.39,63703,45276,61725,65535,65535,65535,65535,65535,65535
2026-07-31 10:06:10.609,187.44,65534,45276,62170,65535,65535,65535,65535,65535,65535
2026-07-31 10:06:10.657,187.49,65534,51140,62170,65535,65535,65535,65535,65535,65535
2026-07-31 10:06:10.704,187.53,65534,51140,62170,65535,65535,65535,65535,65535,65535
2026-07-31 10:06:10.756,187.59,65534,51140,62170,65535,65535,65535,65535,65535,65535
2026-07-31 10:06:10.802,187.63,65534,51140,62170,65535,65535,65535,65535,65535,65535
2026-07-31 10:06:10.852,187.68,65534,51140,62170,65535,65535,65535,65535,65535,65535
2026-07-31 10:06:10.891,187.72,65534,51140,62170,65535,65535,65535,65535,65535,65535
2026-07-31 10:06:10.941,187.77,65534,51140,62170,65535,65535,65535,65535,65535,65535
2026-07-31 10:06:10.982,187.81,65534,51140,62170,65535,65535,65535,65535,65535,65535
2026-07-31 10:06:11.026,187.86,65534,51140,62170,65535,65535,65535,65535,65535,65535
2026-07-31 10:06:11.072,187.9,65534,51140,62170,65535,65535,65535,65535,65535,65535
2026-07-31 10:06:11.121,187.95,65534,51140,62170,65535,65535,65535,65535,65535,65535
2026-07-31 10:06:11.170,188.0,54603,51140,61576,65535,65535,65535,65535,65535,65535
2026-07-31 10:06:11.216,188.05,54603,43750,61576,65535,65535,65535,65535,65535,65535
2026-07-31 10:06:11.262,188.09,54603,43750,61576,65535,65535,65535,65535,65535,65535
2026-07-31 10:06:11.311,188.14,54603,43750,61576,65535,65535,65535,65535,65535,65535
2026-07-31 10:06:11.356,188.19,54603,43750,61576,65535,65535,65535,65535,65535,65535
2026-07-31 10:06:11.393,188.22,54603,43750,61576,65535,65535,65535,65535,65535,65535
2026-07-31 10:06:11.440,188.27,54603,43750,61576,65535,65535,65535,65535,65535,65535
2026-07-31 10:06:11.485,188.31,54603,43750,61576,65535,65535,65535,65535,65535,65535
2026-07-31 10:06:11.533,188.36,54603,43750,61576,65535,65535,65535,65535,65535,65535
2026-07-31 10:06:11.583,188.41,54603,43750,61576,65535,65535,65535,65535,65535,65535
2026-07-31 10:06:11.631,188.46,54603,43750,61576,65535,65535,65535,65535,65535,65535
2026-07-31 10:06:11.676,188.51,54603,43750,61576,65535,65535,65535,65535,65535,65535
2026-07-31 10:06:11.725,188.55,63406,43750,65534,65535,65535,65535,65535,65535,65535
2026-07-31 10:06:11.772,188.6,63406,43750,65534,65535,65535,65535,65535,65535,65535
2026-07-31 10:06:11.820,188.65,63406,43750,65534,65535,65535,65535,65535,65535,65535
2026-07-31 10:06:11.870,188.7,63406,43750,65534,65535,65535,65535,65535,65535,65535
2026-07-31 10:06:11.906,188.73,63406,43750,65534,65535,65535,65535,65535,65535,65535
2026-07-31 10:06:11.942,188.77,63406,43750,65534,65535,65535,65535,65535,65535,65535
2026-07-31 10:06:11.988,188.82,63406,43750,65534,65535,65535,65535,65535,65535,65535
2026-07-31 10:06:12.036,188.87,63406,43750,65534,65535,65535,65535,65535,65535,65535
2026-07-31 10:06:12.084,188.91,63406,43750,65534,65535,65535,65535,65535,65535,65535
2026-07-31 10:06:12.130,188.96,63406,43750,65534,65535,65535,65535,65535,65535,65535
2026-07-31 10:06:12.180,189.01,63406,43750,65534,65535,65535,65535,65535,65535,65535
2026-07-31 10:06:12.224,189.05,63406,43750,65534,65535,65535,65535,65535,65535,65535
2026-07-31 10:06:12.272,189.1,63406,43750,61280,65535,65535,65535,65535,65535,65535
2026-07-31 10:06:12.318,189.15,63703,50844,61280,65535,65535,65535,65535,65535,65535
2026-07-31 10:06:12.363,189.19,63703,50844,61280,65535,65535,65535,65535,65535,65535
2026-07-31 10:06:12.400,189.23,63703,50844,61280,65535,65535,65535,65535,65535,65535
2026-07-31 10:06:12.448,189.28,63703,50844,61280,65535,65535,65535,65535,65535,65535
2026-07-31 10:06:12.492,189.32,63703,50844,61280,65535,65535,65535,65535,65535,65535
2026-07-31 10:06:12.538,189.37,63703,50844,61280,65535,65535,65535,65535,65535,65535
2026-07-31 10:06:12.591,189.42,63703,50844,61280,65535,65535,65535,65535,65535,65535
2026-07-31 10:06:12.637,189.47,63703,50844,61280,65535,65535,65535,65535,65535,65535
2026-07-31 10:06:12.682,189.51,63703,50844,61280,65535,65535,65535,65535,65535,65535
2026-07-31 10:06:12.729,189.56,63703,50844,61280,65535,65535,65535,65535,65535,65535
2026-07-31 10:06:12.777,189.61,63703,50844,61280,65535,65535,65535,65535,65535,65535
2026-07-31 10:06:12.827,189.66,63703,50844,61280,65535,65535,65535,65535,65535,65535
2026-07-31 10:06:12.875,189.7,65534,51140,61576,65535,65535,65535,65535,65535,65535
2026-07-31 10:06:12.913,189.74,65534,51140,61576,65535,65535,65535,65535,65535,65535
2026-07-31 10:06:12.959,189.79,65534,51140,61576,65535,65535,65535,65535,65535,65535
2026-07-31 10:06:13.002,189.83,65534,51140,61576,65535,65535,65535,65535,65535,65535
2026-07-31 10:06:13.054,189.88,65534,51140,61576,65535,65535,65535,65535,65535,65535
2026-07-31 10:06:13.100,189.93,65534,51140,61576,65535,65535,65535,65535,65535,65535
2026-07-31 10:06:13.145,189.97,65534,51140,61576,65535,65535,65535,65535,65535,65535
2026-07-31 10:06:13.193,190.02,65534,51140,61576,65535,65535,65535,65535,65535,65535
2026-07-31 10:06:13.243,190.07,65534,51140,61576,65535,65535,65535,65535,65535,65535
2026-07-31 10:06:13.290,190.12,65534,51140,61576,65535,65535,65535,65535,65535,65535
2026-07-31 10:06:13.335,190.16,65534,51140,61576,65535,65535,65535,65535,65535,65535
2026-07-31 10:06:13.374,190.2,65534,51140,61576,65535,65535,65535,65535,65535,65535
2026-07-31 10:06:13.410,190.24,65534,51140,49024,65535,65535,65535,65535,65535,65535
2026-07-31 10:06:13.456,190.29,54687,43580,49024,65535,65535,65535,65535,65535,65535
2026-07-31 10:06:13.501,190.33,54687,43580,49024,65535,65535,65535,65535,65535,65535
2026-07-31 10:06:13.549,190.38,54687,43580,49024,65535,65535,65535,65535,65535,65535
2026-07-31 10:06:13.598,190.43,54687,43580,49024,65535,65535,65535,65535,65535,65535
2026-07-31 10:06:13.646,190.48,54687,43580,49024,65535,65535,65535,65535,65535,65535
2026-07-31 10:06:13.690,190.52,54687,43580,49024,65535,65535,65535,65535,65535,65535
2026-07-31 10:06:13.737,190.57,54687,43580,49024,65535,65535,65535,65535,65535,65535
2026-07-31 10:06:13.785,190.61,54687,43580,49024,65535,65535,65535,65535,65535,65535
2026-07-31 10:06:13.833,190.66,54687,43580,49024,65535,65535,65535,65535,65535,65535
2026-07-31 10:06:13.884,190.71,54687,43580,49024,65535,65535,65535,65535,65535,65535
2026-07-31 10:06:13.918,190.75,54687,43580,49024,65535,65535,65535,65535,65535,65535
2026-07-31 10:06:13.962,190.79,54687,43580,61428,65535,65535,65535,65535,65535,65535
2026-07-31 10:06:14.012,190.84,51720,36946,61428,65535,65535,65535,65535,65535,65535
2026-07-31 10:06:14.061,190.89,51720,36946,61428,65535,65535,65535,65535,65535,65535
2026-07-31 10:06:14.108,190.94,51720,36946,61428,65535,65535,65535,65535,65535,65535
2026-07-31 10:06:14.159,190.99,51720,36946,61428,65535,65535,65535,65535,65535,65535
2026-07-31 10:06:14.208,191.04,51720,36946,61428,65535,65535,65535,65535,65535,65535
2026-07-31 10:06:14.257,191.09,51720,36946,61428,65535,65535,65535,65535,65535,65535
2026-07-31 10:06:14.302,191.13,51720,36946,61428,65535,65535,65535,65535,65535,65535
2026-07-31 10:06:14.354,191.18,51720,36946,61428,65535,65535,65535,65535,65535,65535
2026-07-31 10:06:14.394,191.22,51720,36946,61428,65535,65535,65535,65535,65535,65535
2026-07-31 10:06:14.442,191.27,51720,36946,61428,65535,65535,65535,65535,65535,65535
2026-07-31 10:06:14.489,191.32,51720,36946,61428,65535,65535,65535,65535,65535,65535
2026-07-31 10:06:14.536,191.37,51720,36946,61131,65535,65535,65535,65535,65535,65535
2026-07-31 10:06:14.582,191.41,63505,43665,61131,65535,65535,65535,65535,65535,65535
2026-07-31 10:06:14.628,191.46,63505,43665,61131,65535,65535,65535,65535,65535,65535
2026-07-31 10:06:14.675,191.5,63505,43665,61131,65535,65535,65535,65535,65535,65535
2026-07-31 10:06:14.727,191.56,63505,43665,61131,65535,65535,65535,65535,65535,65535
2026-07-31 10:06:14.770,191.6,63505,43665,61131,65535,65535,65535,65535,65535,65535
2026-07-31 10:06:14.817,191.65,63505,43665,61131,65535,65535,65535,65535,65535,65535
2026-07-31 10:06:14.867,191.7,63505,43665,61131,65535,65535,65535,65535,65535,65535
2026-07-31 10:06:14.906,191.74,63505,43665,61131,65535,65535,65535,65535,65535,65535
2026-07-31 10:06:14.952,191.78,63505,43665,61131,65535,65535,65535,65535,65535,65535
2026-07-31 10:06:14.998,191.83,63505,43665,61131,65535,65535,65535,65535,65535,65535
2026-07-31 10:06:15.046,191.88,63505,43665,61131,65535,65535,65535,65535,65535,65535
2026-07-31 10:06:15.093,191.92,63505,43665,61576,65535,65535,65535,65535,65535,65535
2026-07-31 10:06:15.141,191.97,54603,43580,61576,65535,65535,65535,65535,65535,65535
2026-07-31 10:06:15.188,192.02,54603,43580,61576,65535,65535,65535,65535,65535,65535
2026-07-31 10:06:15.237,192.07,54603,43580,61576,65535,65535,65535,65535,65535,65535
2026-07-31 10:06:15.292,192.12,54603,43580,61576,65535,65535,65535,65535,65535,65535
2026-07-31 10:06:15.345,192.17,54603,43580,61576,65535,65535,65535,65535,65535,65535
2026-07-31 10:06:15.391,192.22,54603,43580,61576,65535,65535,65535,65535,65535,65535
2026-07-31 10:06:15.428,192.26,54603,43580,61576,65535,65535,65535,65535,65535,65535
2026-07-31 10:06:15.474,192.3,54603,43580,61576,65535,65535,65535,65535,65535,65535
2026-07-31 10:06:15.519,192.35,54603,43580,61576,65535,65535,65535,65535,65535,65535
2026-07-31 10:06:15.570,192.4,54603,43580,61576,65535,65535,65535,65535,65535,65535
2026-07-31 10:06:15.621,192.45,54603,43580,61576,65535,65535,65535,65535,65535,65535
2026-07-31 10:06:15.669,192.5,54603,43580,61873,65535,65535,65535,65535,65535,65535
2026-07-31 10:06:15.715,192.54,65534,65534,61873,65535,65535,65535,65535,65535,65535
2026-07-31 10:06:15.764,192.59,65534,65534,61873,65535,65535,65535,65535,65535,65535
2026-07-31 10:06:15.811,192.64,65534,65534,61873,65535,65535,65535,65535,65535,65535
2026-07-31 10:06:15.856,192.69,65534,65534,61873,65535,65535,65535,65535,65535,65535
2026-07-31 10:06:15.894,192.72,65534,65534,61873,65535,65535,65535,65535,65535,65535
2026-07-31 10:06:15.941,192.77,65534,65534,61873,65535,65535,65535,65535,65535,65535
2026-07-31 10:06:15.987,192.82,65534,65534,61873,65535,65535,65535,65535,65535,65535
2026-07-31 10:06:16.038,192.87,65534,65534,61873,65535,65535,65535,65535,65535,65535
2026-07-31 10:06:16.087,192.92,65534,65534,61873,65535,65535,65535,65535,65535,65535
2026-07-31 10:06:16.134,192.96,65534,65534,61873,65535,65535,65535,65535,65535,65535
2026-07-31 10:06:16.180,193.01,65534,65534,61873,65535,65535,65535,65535,65535,65535
2026-07-31 10:06:16.229,193.06,65534,65534,62022,65535,65535,65535,65535,65535,65535
2026-07-31 10:06:16.275,193.1,63901,43580,62022,65535,65535,65535,65535,65535,65535
2026-07-31 10:06:16.319,193.15,63901,43580,62022,65535,65535,65535,65535,65535,65535
2026-07-31 10:06:16.368,193.2,63901,43580,62022,65535,65535,65535,65535,65535,65535
2026-07-31 10:06:16.405,193.23,63901,43580,62022,65535,65535,65535,65535,65535,65535
2026-07-31 10:06:16.457,193.29,63901,43580,62022,65535,65535,65535,65535,65535,65535
2026-07-31 10:06:16.503,193.33,63901,43580,62022,65535,65535,65535,65535,65535,65535
2026-07-31 10:06:16.550,193.38,63901,43580,62022,65535,65535,65535,65535,65535,65535
2026-07-31 10:06:16.599,193.43,63901,43580,62022,65535,65535,65535,65535,65535,65535
2026-07-31 10:06:16.646,193.48,63901,43580,62022,65535,65535,65535,65535,65535,65535
2026-07-31 10:06:16.692,193.52,63901,43580,62022,65535,65535,65535,65535,65535,65535
2026-07-31 10:06:16.740,193.57,63901,43580,62022,65535,65535,65535,65535,65535,65535
2026-07-31 10:06:16.787,193.62,63901,43580,61576,65535,65535,65535,65535,65535,65535
2026-07-31 10:06:16.832,193.66,54433,43750,61576,65535,65535,65535,65535,65535,65535
2026-07-31 10:06:16.871,193.7,54433,43750,61576,65535,65535,65535,65535,65535,65535
2026-07-31 10:06:16.905,193.73,54433,43750,61576,65535,65535,65535,65535,65535,65535
2026-07-31 10:06:16.952,193.78,54433,43750,61576,65535,65535,65535,65535,65535,65535
2026-07-31 10:06:16.998,193.83,54433,43750,61576,65535,65535,65535,65535,65535,65535
2026-07-31 10:06:17.047,193.88,54433,43750,61576,65535,65535,65535,65535,65535,65535
2026-07-31 10:06:17.093,193.92,54433,43750,61576,65535,65535,65535,65535,65535,65535
2026-07-31 10:06:17.141,193.97,54433,43750,61576,65535,65535,65535,65535,65535,65535
2026-07-31 10:06:17.186,194.01,54433,43750,61576,65535,65535,65535,65535,65535,65535
2026-07-31 10:06:17.236,194.07,54433,43750,61576,65535,65535,65535,65535,65535,65535
2026-07-31 10:06:17.281,194.11,54433,43750,61576,65535,65535,65535,65535,65535,65535
2026-07-31 10:06:17.328,194.16,54433,43750,61576,65535,65535,65535,65535,65535,65535
2026-07-31 10:06:17.376,194.21,63703,43750,61576,65535,65535,65535,65535,65535,65535
2026-07-31 10:06:17.412,194.24,63703,43750,61576,65535,65535,65535,65535,65535,65535
2026-07-31 10:06:17.458,194.29,63703,43750,61576,65535,65535,65535,65535,65535,65535
2026-07-31 10:06:17.503,194.33,63703,43750,61576,65535,65535,65535,65535,65535,65535
2026-07-31 10:06:17.552,194.38,63703,43750,61576,65535,65535,65535,65535,65535,65535
2026-07-31 10:06:17.597,194.43,63703,43750,61576,65535,65535,65535,65535,65535,65535
2026-07-31 10:06:17.649,194.48,63703,43750,61576,65535,65535,65535,65535,65535,65535
2026-07-31 10:06:17.701,194.53,63703,43750,61576,65535,65535,65535,65535,65535,65535
2026-07-31 10:06:17.748,194.58,63703,43750,61576,65535,65535,65535,65535,65535,65535
2026-07-31 10:06:17.795,194.62,63703,43750,61576,65535,65535,65535,65535,65535,65535
2026-07-31 10:06:17.843,194.67,63703,43750,61576,65535,65535,65535,65535,65535,65535
2026-07-31 10:06:17.880,194.71,63703,43750,61576,65535,65535,65535,65535,65535,65535
2026-07-31 10:06:17.927,194.76,63703,43750,61576,65535,65535,65535,65535,65535,65535
2026-07-31 10:06:17.971,194.8,63406,58588,61576,65535,65535,65535,65535,65535,65535
2026-07-31 10:06:18.019,194.85,63406,58588,61576,65535,65535,65535,65535,65535,65535
2026-07-31 10:06:18.066,194.9,63406,58588,61576,65535,65535,65535,65535,65535,65535
2026-07-31 10:06:18.119,194.95,63406,58588,61576,65535,65535,65535,65535,65535,65535
2026-07-31 10:06:18.164,194.99,63406,58588,61576,65535,65535,65535,65535,65535,65535
2026-07-31 10:06:18.213,195.04,63406,58588,61576,65535,65535,65535,65535,65535,65535
2026-07-31 10:06:18.260,195.09,63406,58588,61576,65535,65535,65535,65535,65535,65535
2026-07-31 10:06:18.308,195.14,63406,58588,61576,65535,65535,65535,65535,65535,65535
2026-07-31 10:06:18.357,195.19,63406,58588,61576,65535,65535,65535,65535,65535,65535
2026-07-31 10:06:18.393,195.22,63406,58588,61576,65535,65535,65535,65535,65535,65535
2026-07-31 10:06:18.428,195.26,63406,58588,61576,65535,65535,65535,65535,65535,65535
2026-07-31 10:06:18.475,195.3,63406,58588,61576,65535,65535,65535,65535,65535,65535
2026-07-31 10:06:18.524,195.35,54603,58588,61428,65535,65535,65535,65535,65535,65535
2026-07-31 10:06:18.572,195.4,54603,43835,61428,65535,65535,65535,65535,65535,65535
2026-07-31 10:06:18.618,195.45,54603,43835,61428,65535,65535,65535,65535,65535,65535
2026-07-31 10:06:18.666,195.5,54603,43835,61428,65535,65535,65535,65535,65535,65535
2026-07-31 10:06:18.712,195.54,54603,43835,61428,65535,65535,65535,65535,65535,65535
2026-07-31 10:06:18.763,195.59,54603,43835,61428,65535,65535,65535,65535,65535,65535
2026-07-31 10:06:18.811,195.64,54603,43835,61428,65535,65535,65535,65535,65535,65535
2026-07-31 10:06:18.857,195.69,54603,43835,61428,65535,65535,65535,65535,65535,65535
2026-07-31 10:06:18.897,195.73,54603,43835,61428,65535,65535,65535,65535,65535,65535
2026-07-31 10:06:18.936,195.77,54603,43835,61428,65535,65535,65535,65535,65535,65535
2026-07-31 10:06:18.982,195.81,54603,43835,61428,65535,65535,65535,65535,65535,65535
2026-07-31 10:06:19.028,195.86,54603,43835,61428,65535,65535,65535,65535,65535,65535
2026-07-31 10:06:19.076,195.91,54518,43835,61873,65535,65535,65535,65535,65535,65535
2026-07-31 10:06:19.126,195.96,54518,43495,61873,65535,65535,65535,65535,65535,65535
2026-07-31 10:06:19.173,196.0,54518,43495,61873,65535,65535,65535,65535,65535,65535
2026-07-31 10:06:19.223,196.05,54518,43495,61873,65535,65535,65535,65535,65535,65535
2026-07-31 10:06:19.268,196.1,54518,43495,61873,65535,65535,65535,65535,65535,65535
2026-07-31 10:06:19.315,196.14,54518,43495,61873,65535,65535,65535,65535,65535,65535
2026-07-31 10:06:19.366,196.2,54518,43495,61873,65535,65535,65535,65535,65535,65535
2026-07-31 10:06:19.403,196.23,54518,43495,61873,65535,65535,65535,65535,65535,65535
2026-07-31 10:06:19.442,196.27,54518,43495,61873,65535,65535,65535,65535,65535,65535
2026-07-31 10:06:19.488,196.32,54518,43495,61873,65535,65535,65535,65535,65535,65535
2026-07-31 10:06:19.534,196.36,54518,43495,61873,65535,65535,65535,65535,65535,65535
2026-07-31 10:06:19.584,196.41,54518,43495,61873,65535,65535,65535,65535,65535,65535
2026-07-31 10:06:19.631,196.46,54518,43495,61280,65535,65535,65535,65535,65535,65535
2026-07-31 10:06:19.682,196.51,51635,42139,61280,65535,65535,65535,65535,65535,65535
2026-07-31 10:06:19.733,196.56,51635,42139,61280,65535,65535,65535,65535,65535,65535
2026-07-31 10:06:19.779,196.61,51635,42139,61280,65535,65535,65535,65535,65535,65535
2026-07-31 10:06:19.829,196.66,51635,42139,61280,65535,65535,65535,65535,65535,65535
2026-07-31 10:06:19.880,196.71,51635,42139,61280,65535,65535,65535,65535,65535,65535
2026-07-31 10:06:19.919,196.75,51635,42139,61280,65535,65535,65535,65535,65535,65535
2026-07-31 10:06:19.962,196.79,51635,42139,61280,65535,65535,65535,65535,65535,65535
2026-07-31 10:06:20.012,196.84,51635,42139,61280,65535,65535,65535,65535,65535,65535
2026-07-31 10:06:20.059,196.89,51635,42139,61280,65535,65535,65535,65535,65535,65535
2026-07-31 10:06:20.108,196.94,51635,42139,61280,65535,65535,65535,65535,65535,65535
2026-07-31 10:06:20.153,196.98,51635,42139,61280,65535,65535,65535,65535,65535,65535
2026-07-31 10:06:20.205,197.03,63406,42139,61131,65535,65535,65535,65535,65535,65535
2026-07-31 10:06:20.249,197.08,63406,43580,61131,65535,65535,65535,65535,65535,65535
2026-07-31 10:06:20.297,197.13,63406,43580,61131,65535,65535,65535,65535,65535,65535
2026-07-31 10:06:20.343,197.17,63406,43580,61131,65535,65535,65535,65535,65535,65535
2026-07-31 10:06:20.386,197.22,63406,43580,61131,65535,65535,65535,65535,65535,65535
2026-07-31 10:06:20.425,197.25,63406,43580,61131,65535,65535,65535,65535,65535,65535
2026-07-31 10:06:20.460,197.29,63406,43580,61131,65535,65535,65535,65535,65535,65535
2026-07-31 10:06:20.506,197.34,63406,43580,61131,65535,65535,65535,65535,65535,65535
2026-07-31 10:06:20.553,197.38,63406,43580,61131,65535,65535,65535,65535,65535,65535
2026-07-31 10:06:20.605,197.43,63406,43580,61131,65535,65535,65535,65535,65535,65535
2026-07-31 10:06:20.652,197.48,63406,43580,61131,65535,65535,65535,65535,65535,65535
2026-07-31 10:06:20.701,197.53,63406,43580,61131,65535,65535,65535,65535,65535,65535
2026-07-31 10:06:20.750,197.58,63406,43580,65534,65535,65535,65535,65535,65535,65535
2026-07-31 10:06:20.798,197.63,63505,43580,65534,65535,65535,65535,65535,65535,65535
2026-07-31 10:06:20.848,197.68,63505,43580,65534,65535,65535,65535,65535,65535,65535
2026-07-31 10:06:20.898,197.73,63505,43580,65534,65535,65535,65535,65535,65535,65535
2026-07-31 10:06:20.936,197.76,63505,43580,65534,65535,65535,65535,65535,65535,65535
2026-07-31 10:06:20.983,197.81,63505,43580,65534,65535,65535,65535,65535,65535,65535
2026-07-31 10:06:21.024,197.85,63505,43580,65534,65535,65535,65535,65535,65535,65535
2026-07-31 10:06:21.072,197.9,63505,43580,65534,65535,65535,65535,65535,65535,65535
2026-07-31 10:06:21.123,197.95,63505,43580,65534,65535,65535,65535,65535,65535,65535
2026-07-31 10:06:21.168,198.0,63505,43580,65534,65535,65535,65535,65535,65535,65535
2026-07-31 10:06:21.214,198.04,63505,43580,65534,65535,65535,65535,65535,65535,65535
2026-07-31 10:06:21.260,198.09,63505,43580,65534,65535,65535,65535,65535,65535,65535
2026-07-31 10:06:21.310,198.14,63505,43580,65534,65535,65535,65535,65535,65535,65535
2026-07-31 10:06:21.356,198.19,65534,43580,61725,65535,65535,65535,65535,65535,65535
2026-07-31 10:06:21.406,198.24,65534,44937,61725,65535,65535,65535,65535,65535,65535
2026-07-31 10:06:21.442,198.27,65534,44937,61725,65535,65535,65535,65535,65535,65535
2026-07-31 10:06:21.489,198.32,65534,44937,61725,65535,65535,65535,65535,65535,65535
2026-07-31 10:06:21.535,198.36,65534,44937,61725,65535,65535,65535,65535,65535,65535
2026-07-31 10:06:21.586,198.42,65534,44937,61725,65535,65535,65535,65535,65535,65535
2026-07-31 10:06:21.636,198.47,65534,44937,61725,65535,65535,65535,65535,65535,65535
2026-07-31 10:06:21.681,198.51,65534,44937,61725,65535,65535,65535,65535,65535,65535
2026-07-31 10:06:21.729,198.56,65534,44937,61725,65535,65535,65535,65535,65535,65535
2026-07-31 10:06:21.776,198.61,65534,44937,61725,65535,65535,65535,65535,65535,65535
2026-07-31 10:06:21.823,198.65,65534,44937,61725,65535,65535,65535,65535,65535,65535
2026-07-31 10:06:21.872,198.7,65534,44937,61725,65535,65535,65535,65535,65535,65535
2026-07-31 10:06:21.909,198.74,59944,44937,49855,65535,65535,65535,65535,65535,65535
2026-07-31 10:06:21.945,198.77,59944,43665,49855,65535,65535,65535,65535,65535,65535
2026-07-31 10:06:21.997,198.83,59944,43665,49855,65535,65535,65535,65535,65535,65535
2026-07-31 10:06:22.042,198.87,59944,43665,49855,65535,65535,65535,65535,65535,65535
2026-07-31 10:06:22.090,198.92,59944,43665,49855,65535,65535,65535,65535,65535,65535
2026-07-31 10:06:22.135,198.96,59944,43665,49855,65535,65535,65535,65535,65535,65535
2026-07-31 10:06:22.183,199.01,59944,43665,49855,65535,65535,65535,65535,65535,65535
2026-07-31 10:06:22.234,199.06,59944,43665,49855,65535,65535,65535,65535,65535,65535
2026-07-31 10:06:22.278,199.11,59944,43665,49855,65535,65535,65535,65535,65535,65535
2026-07-31 10:06:22.324,199.15,59944,43665,49855,65535,65535,65535,65535,65535,65535
2026-07-31 10:06:22.374,199.2,59944,43665,49855,65535,65535,65535,65535,65535,65535
2026-07-31 10:06:22.414,199.24,59944,43665,49855,65535,65535,65535,65535,65535,65535
2026-07-31 10:06:22.452,199.28,59944,43665,49855,65535,65535,65535,65535,65535,65535
2026-07-31 10:06:22.497,199.33,54687,50943,61576,65535,65535,65535,65535,65535,65535
2026-07-31 10:06:22.544,199.37,54687,50943,61576,65535,65535,65535,65535,65535,65535
2026-07-31 10:06:22.592,199.42,54687,50943,61576,65535,65535,65535,65535,65535,65535
2026-07-31 10:06:22.639,199.47,54687,50943,61576,65535,65535,65535,65535,65535,65535
2026-07-31 10:06:22.685,199.51,54687,50943,61576,65535,65535,65535,65535,65535,65535
2026-07-31 10:06:22.733,199.56,54687,50943,61576,65535,65535,65535,65535,65535,65535
2026-07-31 10:06:22.783,199.61,54687,50943,61576,65535,65535,65535,65535,65535,65535
2026-07-31 10:06:22.828,199.66,54687,50943,61576,65535,65535,65535,65535,65535,65535
2026-07-31 10:06:22.876,199.7,54687,50943,61576,65535,65535,65535,65535,65535,65535
2026-07-31 10:06:22.911,199.74,54687,50943,61576,65535,65535,65535,65535,65535,65535
2026-07-31 10:06:22.944,199.77,54687,50943,61576,65535,65535,65535,65535,65535,65535
2026-07-31 10:06:22.990,199.82,54687,50943,61576,65535,65535,65535,65535,65535,65535
2026-07-31 10:06:23.037,199.87,54687,50943,61576,65535,65535,65535,65535,65535,65535
2026-07-31 10:06:23.086,199.92,63505,43750,61576,65535,65535,65535,65535,65535,65535
2026-07-31 10:06:23.130,199.96,63505,43750,61576,65535,65535,65535,65535,65535,65535
2026-07-31 10:06:23.176,200.01,63505,43750,61576,65535,65535,65535,65535,65535,65535
2026-07-31 10:06:23.222,200.05,63505,43750,61576,65535,65535,65535,65535,65535,65535
2026-07-31 10:06:23.269,200.1,63505,43750,61576,65535,65535,65535,65535,65535,65535
2026-07-31 10:06:23.314,200.14,63505,43750,61576,65535,65535,65535,65535,65535,65535
2026-07-31 10:06:23.363,200.19,63505,43750,61576,65535,65535,65535,65535,65535,65535
2026-07-31 10:06:23.404,200.23,63505,43750,61576,65535,65535,65535,65535,65535,65535
2026-07-31 10:06:23.441,200.27,63505,43750,61576,65535,65535,65535,65535,65535,65535
2026-07-31 10:06:23.493,200.32,63505,43750,61576,65535,65535,65535,65535,65535,65535
2026-07-31 10:06:23.536,200.37,63505,43750,61576,65535,65535,65535,65535,65535,65535
2026-07-31 10:06:23.583,200.41,63505,43750,61428,65535,65535,65535,65535,65535,65535
2026-07-31 10:06:23.629,200.46,63505,50844,61428,65535,65535,65535,65535,65535,65535
2026-07-31 10:06:23.680,200.51,63505,50844,61428,65535,65535,65535,65535,65535,65535
2026-07-31 10:06:23.724,200.55,63505,50844,61428,65535,65535,65535,65535,65535,65535
2026-07-31 10:06:23.770,200.6,63505,50844,61428,65535,65535,65535,65535,65535,65535
2026-07-31 10:06:23.816,200.65,63505,50844,61428,65535,65535,65535,65535,65535,65535
2026-07-31 10:06:23.865,200.69,63505,50844,61428,65535,65535,65535,65535,65535,65535
2026-07-31 10:06:23.914,200.74,63505,50844,61428,65535,65535,65535,65535,65535,65535
2026-07-31 10:06:23.949,200.78,63505,50844,61428,65535,65535,65535,65535,65535,65535
2026-07-31 10:06:23.998,200.83,63505,50844,61428,65535,65535,65535,65535,65535,65535
2026-07-31 10:06:24.047,200.88,63505,50844,61428,65535,65535,65535,65535,65535,65535
2026-07-31 10:06:24.097,200.93,63505,50844,61428,65535,65535,65535,65535,65535,65535
2026-07-31 10:06:24.145,200.97,63505,50844,61428,65535,65535,65535,65535,65535,65535
2026-07-31 10:06:24.192,201.02,63703,50745,61873,65535,65535,65535,65535,65535,65535
2026-07-31 10:06:24.236,201.07,63703,50745,61873,65535,65535,65535,65535,65535,65535
2026-07-31 10:06:24.286,201.12,63703,50745,61873,65535,65535,65535,65535,65535,65535
2026-07-31 10:06:24.338,201.17,63703,50745,61873,65535,65535,65535,65535,65535,65535
2026-07-31 10:06:24.384,201.21,63703,50745,61873,65535,65535,65535,65535,65535,65535
2026-07-31 10:06:24.421,201.25,63703,50745,61873,65535,65535,65535,65535,65535,65535
2026-07-31 10:06:24.456,201.29,63703,50745,61873,65535,65535,65535,65535,65535,65535
2026-07-31 10:06:24.502,201.33,63703,50745,61873,65535,65535,65535,65535,65535,65535
2026-07-31 10:06:24.549,201.38,63703,50745,61873,65535,65535,65535,65535,65535,65535
2026-07-31 10:06:24.598,201.43,63703,50745,61873,65535,65535,65535,65535,65535,65535
2026-07-31 10:06:24.643,201.47,63703,50745,61873,65535,65535,65535,65535,65535,65535
2026-07-31 10:06:24.695,201.52,63703,50745,61873,65535,65535,65535,65535,65535,65535
2026-07-31 10:06:24.743,201.57,63604,50745,61576,65535,65535,65535,65535,65535,65535
2026-07-31 10:06:24.792,201.62,63604,43665,61576,65535,65535,65535,65535,65535,65535
2026-07-31 10:06:24.840,201.67,63604,43665,61576,65535,65535,65535,65535,65535,65535
2026-07-31 10:06:24.890,201.72,63604,43665,61576,65535,65535,65535,65535,65535,65535
2026-07-31 10:06:24.929,201.76,63604,43665,61576,65535,65535,65535,65535,65535,65535
2026-07-31 10:06:24.968,201.8,63604,43665,61576,65535,65535,65535,65535,65535,65535
2026-07-31 10:06:25.012,201.84,63604,43665,61576,65535,65535,65535,65535,65535,65535
2026-07-31 10:06:25.058,201.89,63604,43665,61576,65535,65535,65535,65535,65535,65535
2026-07-31 10:06:25.101,201.93,63604,43665,61576,65535,65535,65535,65535,65535,65535
2026-07-31 10:06:25.148,201.98,63604,43665,61576,65535,65535,65535,65535,65535,65535
2026-07-31 10:06:25.195,202.02,63604,43665,61576,65535,65535,65535,65535,65535,65535
2026-07-31 10:06:25.245,202.07,63604,43665,61576,65535,65535,65535,65535,65535,65535
2026-07-31 10:06:25.290,202.12,63604,43665,61131,65535,65535,65535,65535,65535,65535
2026-07-31 10:06:25.340,202.17,51635,42308,61131,65535,65535,65535,65535,65535,65535
2026-07-31 10:06:25.392,202.22,51635,42308,61131,65535,65535,65535,65535,65535,65535
2026-07-31 10:06:25.428,202.26,51635,42308,61131,65535,65535,65535,65535,65535,65535
2026-07-31 10:06:25.462,202.29,51635,42308,61131,65535,65535,65535,65535,65535,65535
2026-07-31 10:06:25.509,202.34,51635,42308,61131,65535,65535,65535,65535,65535,65535
2026-07-31 10:06:25.555,202.38,51635,42308,61131,65535,65535,65535,65535,65535,65535
2026-07-31 10:06:25.606,202.44,51635,42308,61131,65535,65535,65535,65535,65535,65535
2026-07-31 10:06:25.650,202.48,51635,42308,61131,65535,65535,65535,65535,65535,65535
2026-07-31 10:06:25.697,202.53,51635,42308,61131,65535,65535,65535,65535,65535,65535
2026-07-31 10:06:25.746,202.58,51635,42308,61131,65535,65535,65535,65535,65535,65535
2026-07-31 10:06:25.794,202.62,51635,42308,61131,65535,65535,65535,65535,65535,65535
2026-07-31 10:06:25.845,202.67,51635,42308,48668,65535,65535,65535,65535,65535,65535
2026-07-31 10:06:25.890,202.72,54518,43750,48668,65535,65535,65535,65535,65535,65535
2026-07-31 10:06:25.929,202.76,54518,43750,48668,65535,65535,65535,65535,65535,65535
2026-07-31 10:06:25.964,202.79,54518,43750,48668,65535,65535,65535,65535,65535,65535
2026-07-31 10:06:26.012,202.84,54518,43750,48668,65535,65535,65535,65535,65535,65535
2026-07-31 10:06:26.060,202.89,54518,43750,48668,65535,65535,65535,65535,65535,65535
2026-07-31 10:06:26.107,202.94,54518,43750,48668,65535,65535,65535,65535,65535,65535
2026-07-31 10:06:26.152,202.98,54518,43750,48668,65535,65535,65535,65535,65535,65535
2026-07-31 10:06:26.202,203.03,54518,43750,48668,65535,65535,65535,65535,65535,65535
2026-07-31 10:06:26.251,203.08,54518,43750,48668,65535,65535,65535,65535,65535,65535
2026-07-31 10:06:26.298,203.13,54518,43750,48668,65535,65535,65535,65535,65535,65535
2026-07-31 10:06:26.345,203.17,54518,43750,48668,65535,65535,65535,65535,65535,65535
2026-07-31 10:06:26.393,203.22,54518,43750,48668,65535,65535,65535,65535,65535,65535
2026-07-31 10:06:26.433,203.26,63406,43750,61725,65535,65535,65535,65535,65535,65535
2026-07-31 10:06:26.471,203.3,63406,43835,61725,65535,65535,65535,65535,65535,65535
2026-07-31 10:06:26.517,203.35,63406,43835,61725,65535,65535,65535,65535,65535,65535
2026-07-31 10:06:26.562,203.39,63406,43835,61725,65535,65535,65535,65535,65535,65535
2026-07-31 10:06:26.612,203.44,63406,43835,61725,65535,65535,65535,65535,65535,65535
2026-07-31 10:06:26.657,203.49,63406,43835,61725,65535,65535,65535,65535,65535,65535
2026-07-31 10:06:26.706,203.54,63406,43835,61725,65535,65535,65535,65535,65535,65535
2026-07-31 10:06:26.750,203.58,63406,43835,61725,65535,65535,65535,65535,65535,65535
2026-07-31 10:06:26.801,203.63,63406,43835,61725,65535,65535,65535,65535,65535,65535
2026-07-31 10:06:26.847,203.68,63406,43835,61725,65535,65535,65535,65535,65535,65535
2026-07-31 10:06:26.897,203.73,63406,43835,61725,65535,65535,65535,65535,65535,65535
2026-07-31 10:06:26.935,203.76,63406,43835,61725,65535,65535,65535,65535,65535,65535
2026-07-31 10:06:26.980,203.81,63406,43835,61576,65535,65535,65535,65535,65535,65535
2026-07-31 10:06:27.030,203.86,57485,40433,61576,65535,65535,65535,65535,65535,65535
2026-07-31 10:06:27.078,203.91,57485,40433,61576,65535,65535,65535,65535,65535,65535
2026-07-31 10:06:27.129,203.96,57485,40433,61576,65535,65535,65535,65535,65535,65535
2026-07-31 10:06:27.178,204.01,57485,40433,61576,65535,65535,65535,65535,65535,65535
2026-07-31 10:06:27.222,204.05,57485,40433,61576,65535,65535,65535,65535,65535,65535
2026-07-31 10:06:27.268,204.1,57485,40433,61576,65535,65535,65535,65535,65535,65535
2026-07-31 10:06:27.317,204.15,57485,40433,61576,65535,65535,65535,65535,65535,65535
2026-07-31 10:06:27.363,204.19,57485,40433,61576,65535,65535,65535,65535,65535,65535
2026-07-31 10:06:27.408,204.24,57485,40433,61576,65535,65535,65535,65535,65535,65535
2026-07-31 10:06:27.450,204.28,57485,40433,61576,65535,65535,65535,65535,65535,65535
2026-07-31 10:06:27.486,204.32,57485,40433,61576,65535,65535,65535,65535,65535,65535
2026-07-31 10:06:27.533,204.36,57485,40433,61576,65535,65535,65535,65535,65535,65535
2026-07-31 10:06:27.582,204.41,63802,40433,62467,65535,65535,65535,65535,65535,65535
2026-07-31 10:06:27.629,204.46,63802,51239,62467,65535,65535,65535,65535,65535,65535
2026-07-31 10:06:27.678,204.51,63802,51239,62467,65535,65535,65535,65535,65535,65535
2026-07-31 10:06:27.730,204.56,63802,51239,62467,65535,65535,65535,65535,65535,65535
2026-07-31 10:06:27.774,204.6,63802,51239,62467,65535,65535,65535,65535,65535,65535
2026-07-31 10:06:27.821,204.65,63802,51239,62467,65535,65535,65535,65535,65535,65535
2026-07-31 10:06:27.869,204.7,63802,51239,62467,65535,65535,65535,65535,65535,65535
2026-07-31 10:06:27.918,204.75,63802,51239,62467,65535,65535,65535,65535,65535,65535
2026-07-31 10:06:27.960,204.79,63802,51239,62467,65535,65535,65535,65535,65535,65535
2026-07-31 10:06:27.995,204.82,63802,51239,62467,65535,65535,65535,65535,65535,65535
2026-07-31 10:06:28.039,204.87,63802,51239,62467,65535,65535,65535,65535,65535,65535
2026-07-31 10:06:28.090,204.92,63802,51239,62467,65535,65535,65535,65535,65535,65535
2026-07-31 10:06:28.136,204.97,51635,51239,61576,65535,65535,65535,65535,65535,65535
2026-07-31 10:06:28.183,205.01,51635,50943,61576,65535,65535,65535,65535,65535,65535
2026-07-31 10:06:28.226,205.06,51635,50943,61576,65535,65535,65535,65535,65535,65535
2026-07-31 10:06:28.274,205.1,51635,50943,61576,65535,65535,65535,65535,65535,65535
2026-07-31 10:06:28.324,205.15,51635,50943,61576,65535,65535,65535,65535,65535,65535
2026-07-31 10:06:28.369,205.2,51635,50943,61576,65535,65535,65535,65535,65535,65535
2026-07-31 10:06:28.415,205.24,51635,50943,61576,65535,65535,65535,65535,65535,65535
2026-07-31 10:06:28.453,205.28,51635,50943,61576,65535,65535,65535,65535,65535,65535
2026-07-31 10:06:28.493,205.32,51635,50943,61576,65535,65535,65535,65535,65535,65535
2026-07-31 10:06:28.539,205.37,51635,50943,61576,65535,65535,65535,65535,65535,65535
2026-07-31 10:06:28.588,205.42,51635,50943,61576,65535,65535,65535,65535,65535,65535
2026-07-31 10:06:28.638,205.47,51635,50943,61576,65535,65535,65535,65535,65535,65535
2026-07-31 10:06:28.685,205.51,51635,50943,61873,65535,65535,65535,65535,65535,65535
2026-07-31 10:06:28.734,205.56,54772,60283,61873,65535,65535,65535,65535,65535,65535
2026-07-31 10:06:28.781,205.61,54772,60283,61873,65535,65535,65535,65535,65535,65535
2026-07-31 10:06:28.827,205.66,54772,60283,61873,65535,65535,65535,65535,65535,65535
2026-07-31 10:06:28.874,205.7,54772,60283,61873,65535,65535,65535,65535,65535,65535
2026-07-31 10:06:28.919,205.75,54772,60283,61873,65535,65535,65535,65535,65535,65535
2026-07-31 10:06:28.958,205.79,54772,60283,61873,65535,65535,65535,65535,65535,65535
2026-07-31 10:06:28.993,205.82,54772,60283,61873,65535,65535,65535,65535,65535,65535
2026-07-31 10:06:29.039,205.87,54772,60283,61873,65535,65535,65535,65535,65535,65535
2026-07-31 10:06:29.085,205.91,54772,60283,61873,65535,65535,65535,65535,65535,65535
2026-07-31 10:06:29.132,205.96,54772,60283,61873,65535,65535,65535,65535,65535,65535
2026-07-31 10:06:29.179,206.01,54772,60283,61873,65535,65535,65535,65535,65535,65535
2026-07-31 10:06:29.228,206.06,54772,60283,61873,65535,65535,65535,65535,65535,65535
2026-07-31 10:06:29.275,206.1,64198,60283,61725,65535,65535,65535,65535,65535,65535
2026-07-31 10:06:29.321,206.15,64198,51239,61725,65535,65535,65535,65535,65535,65535
2026-07-31 10:06:29.369,206.2,64198,51239,61725,65535,65535,65535,65535,65535,65535
2026-07-31 10:06:29.416,206.25,64198,51239,61725,65535,65535,65535,65535,65535,65535
2026-07-31 10:06:29.462,206.29,64198,51239,61725,65535,65535,65535,65535,65535,65535
2026-07-31 10:06:29.498,206.33,64198,51239,61725,65535,65535,65535,65535,65535,65535
2026-07-31 10:06:29.542,206.37,64198,51239,61725,65535,65535,65535,65535,65535,65535
2026-07-31 10:06:29.591,206.42,64198,51239,61725,65535,65535,65535,65535,65535,65535
2026-07-31 10:06:29.639,206.47,64198,51239,61725,65535,65535,65535,65535,65535,65535
2026-07-31 10:06:29.688,206.52,64198,51239,61725,65535,65535,65535,65535,65535,65535
2026-07-31 10:06:29.732,206.56,64198,51239,61725,65535,65535,65535,65535,65535,65535
2026-07-31 10:06:29.781,206.61,64198,51239,61725,65535,65535,65535,65535,65535,65535
2026-07-31 10:06:29.827,206.66,64198,51239,60983,65535,65535,65535,65535,65535,65535
2026-07-31 10:06:29.875,206.7,63802,52328,60983,65535,65535,65535,65535,65535,65535
2026-07-31 10:06:29.921,206.75,63802,52328,60983,65535,65535,65535,65535,65535,65535
2026-07-31 10:06:29.959,206.79,63802,52328,60983,65535,65535,65535,65535,65535,65535
2026-07-31 10:06:29.997,206.83,63802,52328,60983,65535,65535,65535,65535,65535,65535
2026-07-31 10:06:30.041,206.87,63802,52328,60983,65535,65535,65535,65535,65535,65535
2026-07-31 10:06:30.091,206.92,63802,52328,60983,65535,65535,65535,65535,65535,65535
2026-07-31 10:06:30.137,206.97,63802,52328,60983,65535,65535,65535,65535,65535,65535
2026-07-31 10:06:30.187,207.02,63802,52328,60983,65535,65535,65535,65535,65535,65535
2026-07-31 10:06:30.233,207.06,63802,52328,60983,65535,65535,65535,65535,65535,65535
2026-07-31 10:06:30.285,207.11,63802,52328,60983,65535,65535,65535,65535,65535,65535
2026-07-31 10:06:30.330,207.16,63802,52328,60983,65535,65535,65535,65535,65535,65535
2026-07-31 10:06:30.376,207.21,63802,52328,61725,65535,65535,65535,65535,65535,65535
2026-07-31 10:06:30.424,207.25,63703,50943,61725,65535,65535,65535,65535,65535,65535
2026-07-31 10:06:30.463,207.29,63703,50943,61725,65535,65535,65535,65535,65535,65535
2026-07-31 10:06:30.509,207.34,63703,50943,61725,65535,65535,65535,65535,65535,65535
2026-07-31 10:06:30.556,207.39,63703,50943,61725,65535,65535,65535,65535,65535,65535
2026-07-31 10:06:30.603,207.43,63703,50943,61725,65535,65535,65535,65535,65535,65535
2026-07-31 10:06:30.649,207.48,63703,50943,61725,65535,65535,65535,65535,65535,65535
2026-07-31 10:06:30.698,207.53,63703,50943,61725,65535,65535,65535,65535,65535,65535
2026-07-31 10:06:30.745,207.57,63703,50943,61725,65535,65535,65535,65535,65535,65535
2026-07-31 10:06:30.797,207.63,63703,50943,61725,65535,65535,65535,65535,65535,65535
2026-07-31 10:06:30.840,207.67,63703,50943,61725,65535,65535,65535,65535,65535,65535
2026-07-31 10:06:30.891,207.72,63703,50943,61725,65535,65535,65535,65535,65535,65535
2026-07-31 10:06:30.937,207.77,63703,50943,61873,65535,65535,65535,65535,65535,65535
2026-07-31 10:06:30.972,207.8,51126,50943,61873,65535,65535,65535,65535,65535,65535
2026-07-31 10:06:31.016,207.85,51126,49459,61873,65535,65535,65535,65535,65535,65535
2026-07-31 10:06:31.058,207.89,51126,49459,61873,65535,65535,65535,65535,65535,65535
2026-07-31 10:06:31.108,207.94,51126,49459,61873,65535,65535,65535,65535,65535,65535
2026-07-31 10:06:31.158,207.99,51126,49459,61873,65535,65535,65535,65535,65535,65535
2026-07-31 10:06:31.204,208.03,51126,49459,61873,65535,65535,65535,65535,65535,65535
2026-07-31 10:06:31.249,208.08,51126,49459,61873,65535,65535,65535,65535,65535,65535
2026-07-31 10:06:31.298,208.13,51126,49459,61873,65535,65535,65535,65535,65535,65535
2026-07-31 10:06:31.342,208.17,51126,49459,61873,65535,65535,65535,65535,65535,65535
2026-07-31 10:06:31.389,208.22,51126,49459,61873,65535,65535,65535,65535,65535,65535
2026-07-31 10:06:31.436,208.26,51126,49459,61873,65535,65535,65535,65535,65535,65535
2026-07-31 10:06:31.474,208.3,51126,49459,61873,65535,65535,65535,65535,65535,65535
2026-07-31 10:06:31.517,208.35,51126,49459,65534,65535,65535,65535,65535,65535,65535
2026-07-31 10:06:31.569,208.4,54857,51042,65534,65535,65535,65535,65535,65535,65535
2026-07-31 10:06:31.619,208.45,54857,51042,65534,65535,65535,65535,65535,65535,65535
2026-07-31 10:06:31.663,208.49,54857,51042,65534,65535,65535,65535,65535,65535,65535
2026-07-31 10:06:31.713,208.54,54857,51042,65534,65535,65535,65535,65535,65535,65535
2026-07-31 10:06:31.760,208.59,54857,51042,65534,65535,65535,65535,65535,65535,65535
2026-07-31 10:06:31.808,208.64,54857,51042,65534,65535,65535,65535,65535,65535,65535
2026-07-31 10:06:31.852,208.68,54857,51042,65534,65535,65535,65535,65535,65535,65535
2026-07-31 10:06:31.898,208.73,54857,51042,65534,65535,65535,65535,65535,65535,65535
2026-07-31 10:06:31.949,208.78,54857,51042,65534,65535,65535,65535,65535,65535,65535
2026-07-31 10:06:31.985,208.81,54857,51042,65534,65535,65535,65535,65535,65535,65535
2026-07-31 10:06:32.029,208.86,54857,51042,65534,65535,65535,65535,65535,65535,65535
2026-07-31 10:06:32.078,208.91,54857,51042,61576,65535,65535,65535,65535,65535,65535
2026-07-31 10:06:32.127,208.96,63505,42393,61576,65535,65535,65535,65535,65535,65535
2026-07-31 10:06:32.175,209.0,63505,42393,61576,65535,65535,65535,65535,65535,65535
2026-07-31 10:06:32.224,209.05,63505,42393,61576,65535,65535,65535,65535,65535,65535
2026-07-31 10:06:32.269,209.1,63505,42393,61576,65535,65535,65535,65535,65535,65535
2026-07-31 10:06:32.320,209.15,63505,42393,61576,65535,65535,65535,65535,65535,65535
2026-07-31 10:06:32.365,209.19,63505,42393,61576,65535,65535,65535,65535,65535,65535
2026-07-31 10:06:32.415,209.24,63505,42393,61576,65535,65535,65535,65535,65535,65535
2026-07-31 10:06:32.458,209.29,63505,42393,61576,65535,65535,65535,65535,65535,65535
2026-07-31 10:06:32.495,209.32,63505,42393,61576,65535,65535,65535,65535,65535,65535
2026-07-31 10:06:32.541,209.37,63505,42393,61576,65535,65535,65535,65535,65535,65535
2026-07-31 10:06:32.592,209.42,63505,42393,61576,65535,65535,65535,65535,65535,65535
2026-07-31 10:06:32.636,209.46,63505,42393,61576,65535,65535,65535,65535,65535,65535
2026-07-31 10:06:32.683,209.51,65534,45191,61576,65535,65535,65535,65535,65535,65535
2026-07-31 10:06:32.730,209.56,65534,45191,61576,65535,65535,65535,65535,65535,65535
2026-07-31 10:06:32.778,209.61,65534,45191,61576,65535,65535,65535,65535,65535,65535
2026-07-31 10:06:32.827,209.66,65534,45191,61576,65535,65535,65535,65535,65535,65535
2026-07-31 10:06:32.873,209.7,65534,45191,61576,65535,65535,65535,65535,65535,65535
2026-07-31 10:06:32.919,209.75,65534,45191,61576,65535,65535,65535,65535,65535,65535
2026-07-31 10:06:32.970,209.8,65534,45191,61576,65535,65535,65535,65535,65535,65535
2026-07-31 10:06:33.005,209.83,65534,45191,61576,65535,65535,65535,65535,65535,65535
2026-07-31 10:06:33.052,209.88,65534,45191,61576,65535,65535,65535,65535,65535,65535
2026-07-31 10:06:33.096,209.92,65534,45191,61576,65535,65535,65535,65535,65535,65535
2026-07-31 10:06:33.143,209.97,65534,45191,61576,65535,65535,65535,65535,65535,65535
2026-07-31 10:06:33.189,210.02,65534,45191,61576,65535,65535,65535,65535,65535,65535
2026-07-31 10:06:33.233,210.06,54603,45191,62318,65535,65535,65535,65535,65535,65535
2026-07-31 10:06:33.279,210.11,54603,50646,62318,65535,65535,65535,65535,65535,65535
2026-07-31 10:06:33.326,210.15,54603,50646,62318,65535,65535,65535,65535,65535,65535
2026-07-31 10:06:33.371,210.2,54603,50646,62318,65535,65535,65535,65535,65535,65535
2026-07-31 10:06:33.417,210.25,54603,50646,62318,65535,65535,65535,65535,65535,65535
2026-07-31 10:06:33.467,210.3,54603,50646,62318,65535,65535,65535,65535,65535,65535
2026-07-31 10:06:33.502,210.33,54603,50646,62318,65535,65535,65535,65535,65535,65535
2026-07-31 10:06:33.546,210.38,54603,50646,62318,65535,65535,65535,65535,65535,65535
2026-07-31 10:06:33.596,210.43,54603,50646,62318,65535,65535,65535,65535,65535,65535
2026-07-31 10:06:33.641,210.47,54603,50646,62318,65535,65535,65535,65535,65535,65535
2026-07-31 10:06:33.690,210.52,54603,50646,62318,65535,65535,65535,65535,65535,65535
2026-07-31 10:06:33.736,210.57,54603,50646,62318,65535,65535,65535,65535,65535,65535
2026-07-31 10:06:33.783,210.61,54603,50646,61725,65535,65535,65535,65535,65535,65535
2026-07-31 10:06:33.832,210.66,54772,43495,61725,65535,65535,65535,65535,65535,65535
2026-07-31 10:06:33.878,210.71,54772,43495,61725,65535,65535,65535,65535,65535,65535
2026-07-31 10:06:33.925,210.75,54772,43495,61725,65535,65535,65535,65535,65535,65535
2026-07-31 10:06:33.970,210.8,54772,43495,61725,65535,65535,65535,65535,65535,65535
2026-07-31 10:06:34.005,210.83,54772,43495,61725,65535,65535,65535,65535,65535,65535
2026-07-31 10:06:34.052,210.88,54772,43495,61725,65535,65535,65535,65535,65535,65535
2026-07-31 10:06:34.098,210.93,54772,43495,61725,65535,65535,65535,65535,65535,65535
2026-07-31 10:06:34.147,210.98,54772,43495,61725,65535,65535,65535,65535,65535,65535
2026-07-31 10:06:34.193,211.02,54772,43495,61725,65535,65535,65535,65535,65535,65535
2026-07-31 10:06:34.239,211.07,54772,43495,61725,65535,65535,65535,65535,65535,65535
2026-07-31 10:06:34.290,211.12,54772,43495,61725,65535,65535,65535,65535,65535,65535
2026-07-31 10:06:34.338,211.17,54772,43495,61725,65535,65535,65535,65535,65535,65535
2026-07-31 10:06:34.395,211.22,54603,43665,61725,65535,65535,65535,65535,65535,65535
2026-07-31 10:06:34.441,211.27,54603,43665,61725,65535,65535,65535,65535,65535,65535
2026-07-31 10:06:34.475,211.3,54603,43665,61725,65535,65535,65535,65535,65535,65535
2026-07-31 10:06:34.511,211.34,54603,43665,61725,65535,65535,65535,65535,65535,65535
2026-07-31 10:06:34.564,211.39,54603,43665,61725,65535,65535,65535,65535,65535,65535
2026-07-31 10:06:34.615,211.44,54603,43665,61725,65535,65535,65535,65535,65535,65535
2026-07-31 10:06:34.668,211.5,54603,43665,61725,65535,65535,65535,65535,65535,65535
2026-07-31 10:06:34.717,211.55,54603,43665,61725,65535,65535,65535,65535,65535,65535
2026-07-31 10:06:34.764,211.59,54603,43665,61725,65535,65535,65535,65535,65535,65535
2026-07-31 10:06:34.814,211.64,54603,43665,61725,65535,65535,65535,65535,65535,65535
2026-07-31 10:06:34.870,211.7,54603,43665,61725,65535,65535,65535,65535,65535,65535
2026-07-31 10:06:34.918,211.75,54603,43665,61576,65535,65535,65535,65535,65535,65535
2026-07-31 10:06:34.968,211.8,54603,43580,61576,65535,65535,65535,65535,65535,65535
2026-07-31 10:06:35.003,211.83,54603,43580,61576,65535,65535,65535,65535,65535,65535
2026-07-31 10:06:35.049,211.88,54603,43580,61576,65535,65535,65535,65535,65535,65535
2026-07-31 10:06:35.096,211.93,54603,43580,61576,65535,65535,65535,65535,65535,65535
2026-07-31 10:06:35.144,211.97,54603,43580,61576,65535,65535,65535,65535,65535,65535
2026-07-31 10:06:35.191,212.02,54603,43580,61576,65535,65535,65535,65535,65535,65535
2026-07-31 10:06:35.242,212.07,54603,43580,61576,65535,65535,65535,65535,65535,65535
2026-07-31 10:06:35.292,212.12,54603,43580,61576,65535,65535,65535,65535,65535,65535
2026-07-31 10:06:35.336,212.17,54603,43580,61576,65535,65535,65535,65535,65535,65535
2026-07-31 10:06:35.388,212.22,54603,43580,61576,65535,65535,65535,65535,65535,65535
2026-07-31 10:06:35.438,212.27,54603,43580,61576,65535,65535,65535,65535,65535,65535
2026-07-31 10:06:35.483,212.31,54603,43580,61725,65535,65535,65535,65535,65535,65535
2026-07-31 10:06:35.520,212.35,54772,43665,61725,65535,65535,65535,65535,65535,65535
2026-07-31 10:06:35.566,212.4,54772,43665,61725,65535,65535,65535,65535,65535,65535
2026-07-31 10:06:35.612,212.44,54772,43665,61725,65535,65535,65535,65535,65535,65535
2026-07-31 10:06:35.660,212.49,54772,43665,61725,65535,65535,65535,65535,65535,65535
2026-07-31 10:06:35.704,212.53,54772,43665,61725,65535,65535,65535,65535,65535,65535
2026-07-31 10:06:35.752,212.58,54772,43665,61725,65535,65535,65535,65535,65535,65535
2026-07-31 10:06:35.798,212.63,54772,43665,61725,65535,65535,65535,65535,65535,65535
2026-07-31 10:06:35.847,212.68,54772,43665,61725,65535,65535,65535,65535,65535,65535
2026-07-31 10:06:35.892,212.72,54772,43665,61725,65535,65535,65535,65535,65535,65535
2026-07-31 10:06:35.939,212.77,54772,43665,61725,65535,65535,65535,65535,65535,65535
2026-07-31 10:06:35.975,212.8,54772,43665,61725,65535,65535,65535,65535,65535,65535
2026-07-31 10:06:36.017,212.85,54772,43665,61725,65535,65535,65535,65535,65535,65535
2026-07-31 10:06:36.062,212.89,63901,43665,61725,65535,65535,65535,65535,65535,65535
2026-07-31 10:06:36.107,212.94,63901,50943,61725,65535,65535,65535,65535,65535,65535
2026-07-31 10:06:36.157,212.99,63901,50943,61725,65535,65535,65535,65535,65535,65535
2026-07-31 10:06:36.199,213.03,63901,50943,61725,65535,65535,65535,65535,65535,65535
2026-07-31 10:06:36.251,213.08,63901,50943,61725,65535,65535,65535,65535,65535,65535
2026-07-31 10:06:36.299,213.13,63901,50943,61725,65535,65535,65535,65535,65535,65535
2026-07-31 10:06:36.346,213.18,63901,50943,61725,65535,65535,65535,65535,65535,65535
2026-07-31 10:06:36.391,213.22,63901,50943,61725,65535,65535,65535,65535,65535,65535
2026-07-31 10:06:36.444,213.27,63901,50943,61725,65535,65535,65535,65535,65535,65535
2026-07-31 10:06:36.483,213.31,63901,50943,61725,65535,65535,65535,65535,65535,65535
2026-07-31 10:06:36.536,213.37,63901,50943,61725,65535,65535,65535,65535,65535,65535
2026-07-31 10:06:36.581,213.41,63901,50943,61725,65535,65535,65535,65535,65535,65535
2026-07-31 10:06:36.628,213.46,51466,50943,61725,65535,65535,65535,65535,65535,65535
2026-07-31 10:06:36.673,213.5,51466,42393,61725,65535,65535,65535,65535,65535,65535
2026-07-31 10:06:36.723,213.55,51466,42393,61725,65535,65535,65535,65535,65535,65535
2026-07-31 10:06:36.765,213.59,51466,42393,61725,65535,65535,65535,65535,65535,65535
2026-07-31 10:06:36.814,213.64,51466,42393,61725,65535,65535,65535,65535,65535,65535
2026-07-31 10:06:36.862,213.69,51466,42393,61725,65535,65535,65535,65535,65535,65535
2026-07-31 10:06:36.910,213.74,51466,42393,61725,65535,65535,65535,65535,65535,65535
2026-07-31 10:06:36.960,213.79,51466,42393,61725,65535,65535,65535,65535,65535,65535
2026-07-31 10:06:36.996,213.83,51466,42393,61725,65535,65535,65535,65535,65535,65535
2026-07-31 10:06:37.032,213.86,51466,42393,61725,65535,65535,65535,65535,65535,65535
2026-07-31 10:06:37.077,213.91,51466,42393,61725,65535,65535,65535,65535,65535,65535
2026-07-31 10:06:37.128,213.96,51466,42393,61725,65535,65535,65535,65535,65535,65535
2026-07-31 10:06:37.173,214.0,51466,42393,60538,65535,65535,65535,65535,65535,65535
2026-07-31 10:06:37.219,214.05,63703,65534,60538,65535,65535,65535,65535,65535,65535
2026-07-31 10:06:37.265,214.09,63703,65534,60538,65535,65535,65535,65535,65535,65535
2026-07-31 10:06:37.315,214.14,63703,65534,60538,65535,65535,65535,65535,65535,65535
2026-07-31 10:06:37.359,214.19,63703,65534,60538,65535,65535,65535,65535,65535,65535
2026-07-31 10:06:37.408,214.24,63703,65534,60538,65535,65535,65535,65535,65535,65535
2026-07-31 10:06:37.454,214.28,63703,65534,60538,65535,65535,65535,65535,65535,65535
2026-07-31 10:06:37.493,214.32,63703,65534,60538,65535,65535,65535,65535,65535,65535
2026-07-31 10:06:37.538,214.37,63703,65534,60538,65535,65535,65535,65535,65535,65535
2026-07-31 10:06:37.589,214.42,63703,65534,60538,65535,65535,65535,65535,65535,65535
2026-07-31 10:06:37.636,214.47,63703,65534,60538,65535,65535,65535,65535,65535,65535
2026-07-31 10:06:37.685,214.51,63703,65534,60538,65535,65535,65535,65535,65535,65535
2026-07-31 10:06:37.732,214.56,63703,65534,61725,65535,65535,65535,65535,65535,65535
2026-07-31 10:06:37.780,214.61,54603,43580,61725,65535,65535,65535,65535,65535,65535
2026-07-31 10:06:37.826,214.66,54603,43580,61725,65535,65535,65535,65535,65535,65535
2026-07-31 10:06:37.875,214.7,54603,43580,61725,65535,65535,65535,65535,65535,65535
2026-07-31 10:06:37.922,214.75,54603,43580,61725,65535,65535,65535,65535,65535,65535
2026-07-31 10:06:37.970,214.8,54603,43580,61725,65535,65535,65535,65535,65535,65535
2026-07-31 10:06:38.006,214.84,54603,43580,61725,65535,65535,65535,65535,65535,65535
2026-07-31 10:06:38.052,214.88,54603,43580,61725,65535,65535,65535,65535,65535,65535
2026-07-31 10:06:38.094,214.92,54603,43580,61725,65535,65535,65535,65535,65535,65535
2026-07-31 10:06:38.141,214.97,54603,43580,61725,65535,65535,65535,65535,65535,65535
2026-07-31 10:06:38.186,215.02,54603,43580,61725,65535,65535,65535,65535,65535,65535
2026-07-31 10:06:38.234,215.06,54603,43580,61725,65535,65535,65535,65535,65535,65535
2026-07-31 10:06:38.280,215.11,54603,43580,61725,65535,65535,65535,65535,65535,65535
2026-07-31 10:06:38.328,215.16,65534,43580,61725,65535,65535,65535,65535,65535,65535
2026-07-31 10:06:38.378,215.21,65534,45106,61725,65535,65535,65535,65535,65535,65535
2026-07-31 10:06:38.429,215.26,65534,45106,61725,65535,65535,65535,65535,65535,65535
2026-07-31 10:06:38.468,215.3,65534,45106,61725,65535,65535,65535,65535,65535,65535
2026-07-31 10:06:38.514,215.34,65534,45106,61725,65535,65535,65535,65535,65535,65535
2026-07-31 10:06:38.563,215.39,65534,45106,61725,65535,65535,65535,65535,65535,65535
2026-07-31 10:06:38.610,215.44,65534,45106,61725,65535,65535,65535,65535,65535,65535
2026-07-31 10:06:38.657,215.49,65534,45106,61725,65535,65535,65535,65535,65535,65535
2026-07-31 10:06:38.704,215.53,65534,45106,61725,65535,65535,65535,65535,65535,65535
2026-07-31 10:06:38.749,215.58,65534,45106,61725,65535,65535,65535,65535,65535,65535
2026-07-31 10:06:38.801,215.63,65534,45106,61725,65535,65535,65535,65535,65535,65535
2026-07-31 10:06:38.851,215.68,65534,45106,61725,65535,65535,65535,65535,65535,65535
2026-07-31 10:06:38.899,215.73,65534,45106,62318,65535,65535,65535,65535,65535,65535
2026-07-31 10:06:38.945,215.77,65534,43665,62318,65535,65535,65535,65535,65535,65535
2026-07-31 10:06:38.982,215.81,65534,43665,62318,65535,65535,65535,65535,65535,65535
2026-07-31 10:06:39.018,215.85,65534,43665,62318,65535,65535,65535,65535,65535,65535
2026-07-31 10:06:39.062,215.89,65534,43665,62318,65535,65535,65535,65535,65535,65535
2026-07-31 10:06:39.112,215.94,65534,43665,62318,65535,65535,65535,65535,65535,65535
2026-07-31 10:06:39.156,215.99,65534,43665,62318,65535,65535,65535,65535,65535,65535
2026-07-31 10:06:39.208,216.04,65534,43665,62318,65535,65535,65535,65535,65535,65535
2026-07-31 10:06:39.252,216.08,65534,43665,62318,65535,65535,65535,65535,65535,65535
2026-07-31 10:06:39.302,216.13,65534,43665,62318,65535,65535,65535,65535,65535,65535
2026-07-31 10:06:39.346,216.18,65534,43665,62318,65535,65535,65535,65535,65535,65535
2026-07-31 10:06:39.396,216.22,65534,43665,62318,65535,65535,65535,65535,65535,65535
2026-07-31 10:06:39.442,216.27,65534,43665,61280,65535,65535,65535,65535,65535,65535
2026-07-31 10:06:39.493,216.32,63802,43665,61280,65535,65535,65535,65535,65535,65535
2026-07-31 10:06:39.528,216.36,63802,43665,61280,65535,65535,65535,65535,65535,65535
2026-07-31 10:06:39.564,216.39,63802,43665,61280,65535,65535,65535,65535,65535,65535
2026-07-31 10:06:39.611,216.44,63802,43665,61280,65535,65535,65535,65535,65535,65535
2026-07-31 10:06:39.654,216.48,63802,43665,61280,65535,65535,65535,65535,65535,65535
2026-07-31 10:06:39.701,216.53,63802,43665,61280,65535,65535,65535,65535,65535,65535
2026-07-31 10:06:39.751,216.58,63802,43665,61280,65535,65535,65535,65535,65535,65535
2026-07-31 10:06:39.800,216.63,63802,43665,61280,65535,65535,65535,65535,65535,65535
2026-07-31 10:06:39.844,216.67,63802,43665,61280,65535,65535,65535,65535,65535,65535
2026-07-31 10:06:39.894,216.72,63802,43665,61280,65535,65535,65535,65535,65535,65535
2026-07-31 10:06:39.938,216.77,63802,43665,61280,65535,65535,65535,65535,65535,65535
2026-07-31 10:06:39.977,216.81,63802,43665,61280,65535,65535,65535,65535,65535,65535
2026-07-31 10:06:40.015,216.84,63802,43665,61725,65535,65535,65535,65535,65535,65535
2026-07-31 10:06:40.059,216.89,54687,38058,61725,65535,65535,65535,65535,65535,65535
2026-07-31 10:06:40.111,216.94,54687,38058,61725,65535,65535,65535,65535,65535,65535
2026-07-31 10:06:40.162,216.99,54687,38058,61725,65535,65535,65535,65535,65535,65535
2026-07-31 10:06:40.208,217.04,54687,38058,61725,65535,65535,65535,65535,65535,65535
2026-07-31 10:06:40.255,217.08,54687,38058,61725,65535,65535,65535,65535,65535,65535
2026-07-31 10:06:40.301,217.13,54687,38058,61725,65535,65535,65535,65535,65535,65535
2026-07-31 10:06:40.351,217.18,54687,38058,61725,65535,65535,65535,65535,65535,65535
2026-07-31 10:06:40.396,217.23,54687,38058,61725,65535,65535,65535,65535,65535,65535
2026-07-31 10:06:40.443,217.27,54687,38058,61725,65535,65535,65535,65535,65535,65535
2026-07-31 10:06:40.478,217.31,54687,38058,61725,65535,65535,65535,65535,65535,65535
2026-07-31 10:06:40.514,217.34,54687,38058,61725,65535,65535,65535,65535,65535,65535
2026-07-31 10:06:40.559,217.39,54687,38058,61725,65535,65535,65535,65535,65535,65535
2026-07-31 10:06:40.610,217.44,54603,38429,61725,65535,65535,65535,65535,65535,65535
2026-07-31 10:06:40.661,217.49,54603,38429,61725,65535,65535,65535,65535,65535,65535
2026-07-31 10:06:40.704,217.53,54603,38429,61725,65535,65535,65535,65535,65535,65535
2026-07-31 10:06:40.753,217.58,54603,38429,61725,65535,65535,65535,65535,65535,65535
2026-07-31 10:06:40.802,217.63,54603,38429,61725,65535,65535,65535,65535,65535,65535
2026-07-31 10:06:40.849,217.68,54603,38429,61725,65535,65535,65535,65535,65535,65535
2026-07-31 10:06:40.893,217.72,54603,38429,61725,65535,65535,65535,65535,65535,65535
2026-07-31 10:06:40.940,217.77,54603,38429,61725,65535,65535,65535,65535,65535,65535
2026-07-31 10:06:40.976,217.81,54603,38429,61725,65535,65535,65535,65535,65535,65535
2026-07-31 10:06:41.011,217.84,54603,38429,61725,65535,65535,65535,65535,65535,65535
2026-07-31 10:06:41.055,217.88,54603,38429,61725,65535,65535,65535,65535,65535,65535
2026-07-31 10:06:41.103,217.93,54603,38429,61725,65535,65535,65535,65535,65535,65535
2026-07-31 10:06:41.146,217.97,54603,38429,61576,65535,65535,65535,65535,65535,65535
2026-07-31 10:06:41.200,218.03,64000,50844,61576,65535,65535,65535,65535,65535,65535
2026-07-31 10:06:41.249,218.08,64000,50844,61576,65535,65535,65535,65535,65535,65535
2026-07-31 10:06:41.296,218.13,64000,50844,61576,65535,65535,65535,65535,65535,65535
2026-07-31 10:06:41.342,218.17,64000,50844,61576,65535,65535,65535,65535,65535,65535
2026-07-31 10:06:41.390,218.22,64000,50844,61576,65535,65535,65535,65535,65535,65535
2026-07-31 10:06:41.437,218.27,64000,50844,61576,65535,65535,65535,65535,65535,65535
2026-07-31 10:06:41.471,218.3,64000,50844,61576,65535,65535,65535,65535,65535,65535
2026-07-31 10:06:41.507,218.34,64000,50844,61576,65535,65535,65535,65535,65535,65535
2026-07-31 10:06:41.549,218.38,64000,50844,61576,65535,65535,65535,65535,65535,65535
2026-07-31 10:06:41.595,218.42,64000,50844,61576,65535,65535,65535,65535,65535,65535
2026-07-31 10:06:41.642,218.47,64000,50844,61576,65535,65535,65535,65535,65535,65535
2026-07-31 10:06:41.690,218.52,64000,50844,61576,65535,65535,65535,65535,65535,65535
2026-07-31 10:06:41.737,218.57,63505,50844,61576,65535,65535,65535,65535,65535,65535
2026-07-31 10:06:41.782,218.61,63505,43580,61576,65535,65535,65535,65535,65535,65535
2026-07-31 10:06:41.827,218.66,63505,43580,61576,65535,65535,65535,65535,65535,65535
2026-07-31 10:06:41.877,218.71,63505,43580,61576,65535,65535,65535,65535,65535,65535
2026-07-31 10:06:41.926,218.76,63505,43580,61576,65535,65535,65535,65535,65535,65535
2026-07-31 10:06:41.976,218.81,63505,43580,61576,65535,65535,65535,65535,65535,65535
2026-07-31 10:06:42.012,218.84,63505,43580,61576,65535,65535,65535,65535,65535,65535
2026-07-31 10:06:42.059,218.89,63505,43580,61576,65535,65535,65535,65535,65535,65535
2026-07-31 10:06:42.107,218.94,63505,43580,61576,65535,65535,65535,65535,65535,65535
2026-07-31 10:06:42.152,218.98,63505,43580,61576,65535,65535,65535,65535,65535,65535
2026-07-31 10:06:42.199,219.03,63505,43580,61576,65535,65535,65535,65535,65535,65535
2026-07-31 10:06:42.250,219.08,63505,43580,61576,65535,65535,65535,65535,65535,65535
2026-07-31 10:06:42.293,219.12,51720,43580,61428,65535,65535,65535,65535,65535,65535
2026-07-31 10:06:42.344,219.17,51720,42224,61428,65535,65535,65535,65535,65535,65535
2026-07-31 10:06:42.389,219.22,51720,42224,61428,65535,65535,65535,65535,65535,65535
2026-07-31 10:06:42.439,219.27,51720,42224,61428,65535,65535,65535,65535,65535,65535
2026-07-31 10:06:42.485,219.31,51720,42224,61428,65535,65535,65535,65535,65535,65535
2026-07-31 10:06:42.521,219.35,51720,42224,61428,65535,65535,65535,65535,65535,65535
2026-07-31 10:06:42.565,219.39,51720,42224,61428,65535,65535,65535,65535,65535,65535
2026-07-31 10:06:42.614,219.44,51720,42224,61428,65535,65535,65535,65535,65535,65535
2026-07-31 10:06:42.661,219.49,51720,42224,61428,65535,65535,65535,65535,65535,65535
2026-07-31 10:06:42.711,219.54,51720,42224,61428,65535,65535,65535,65535,65535,65535
2026-07-31 10:06:42.756,219.59,51720,42224,61428,65535,65535,65535,65535,65535,65535
2026-07-31 10:06:42.803,219.63,51720,42224,61428,65535,65535,65535,65535,65535,65535
2026-07-31 10:06:42.850,219.68,63901,42224,60983,65535,65535,65535,65535,65535,65535
2026-07-31 10:06:42.901,219.73,63901,43665,60983,65535,65535,65535,65535,65535,65535
2026-07-31 10:06:42.944,219.77,63901,43665,60983,65535,65535,65535,65535,65535,65535
2026-07-31 10:06:42.984,219.81,63901,43665,60983,65535,65535,65535,65535,65535,65535
2026-07-31 10:06:43.019,219.85,63901,43665,60983,65535,65535,65535,65535,65535,65535
2026-07-31 10:06:43.066,219.89,63901,43665,60983,65535,65535,65535,65535,65535,65535
2026-07-31 10:06:43.114,219.94,63901,43665,60983,65535,65535,65535,65535,65535,65535
2026-07-31 10:06:43.162,219.99,63901,43665,60983,65535,65535,65535,65535,65535,65535
2026-07-31 10:06:43.210,220.04,63901,43665,60983,65535,65535,65535,65535,65535,65535
2026-07-31 10:06:43.255,220.08,63901,43665,60983,65535,65535,65535,65535,65535,65535
2026-07-31 10:06:43.306,220.14,63901,43665,60983,65535,65535,65535,65535,65535,65535
2026-07-31 10:06:43.353,220.18,63901,43665,60983,65535,65535,65535,65535,65535,65535
2026-07-31 10:06:43.399,220.23,63901,43665,61725,65535,65535,65535,65535,65535,65535
2026-07-31 10:06:43.445,220.27,63703,38207,61725,65535,65535,65535,65535,65535,65535
2026-07-31 10:06:43.498,220.33,63703,38207,61725,65535,65535,65535,65535,65535,65535
2026-07-31 10:06:43.538,220.37,63703,38207,61725,65535,65535,65535,65535,65535,65535
2026-07-31 10:06:43.585,220.41,63703,38207,61725,65535,65535,65535,65535,65535,65535
2026-07-31 10:06:43.628,220.46,63703,38207,61725,65535,65535,65535,65535,65535,65535
2026-07-31 10:06:43.671,220.5,63703,38207,61725,65535,65535,65535,65535,65535,65535
2026-07-31 10:06:43.718,220.55,63703,38207,61725,65535,65535,65535,65535,65535,65535
2026-07-31 10:06:43.770,220.6,63703,38207,61725,65535,65535,65535,65535,65535,65535
2026-07-31 10:06:43.812,220.64,63703,38207,61725,65535,65535,65535,65535,65535,65535
2026-07-31 10:06:43.862,220.69,63703,38207,61725,65535,65535,65535,65535,65535,65535
2026-07-31 10:06:43.909,220.74,63703,38207,61725,65535,65535,65535,65535,65535,65535
2026-07-31 10:06:43.957,220.79,63703,38207,61725,65535,65535,65535,65535,65535,65535
2026-07-31 10:06:43.997,220.83,65534,38207,61576,65535,65535,65535,65535,65535,65535
2026-07-31 10:06:44.032,220.86,65534,44852,61576,65535,65535,65535,65535,65535,65535
2026-07-31 10:06:44.078,220.91,65534,44852,61576,65535,65535,65535,65535,65535,65535
2026-07-31 10:06:44.124,220.95,65534,44852,61576,65535,65535,65535,65535,65535,65535
2026-07-31 10:06:44.176,221.01,65534,44852,61576,65535,65535,65535,65535,65535,65535
2026-07-31 10:06:44.232,221.06,65534,44852,61576,65535,65535,65535,65535,65535,65535
2026-07-31 10:06:44.278,221.11,65534,44852,61576,65535,65535,65535,65535,65535,65535
2026-07-31 10:06:44.323,221.15,65534,44852,61576,65535,65535,65535,65535,65535,65535
2026-07-31 10:06:44.372,221.2,65534,44852,61576,65535,65535,65535,65535,65535,65535
2026-07-31 10:06:44.417,221.25,65534,44852,61576,65535,65535,65535,65535,65535,65535
2026-07-31 10:06:44.469,221.3,65534,44852,61576,65535,65535,65535,65535,65535,65535
2026-07-31 10:06:44.509,221.34,65534,44852,61576,65535,65535,65535,65535,65535,65535
2026-07-31 10:06:44.546,221.38,65534,44852,65534,65535,65535,65535,65535,65535,65535
2026-07-31 10:06:44.593,221.42,54772,42224,65534,65535,65535,65535,65535,65535,65535
2026-07-31 10:06:44.640,221.47,54772,42224,65534,65535,65535,65535,65535,65535,65535
2026-07-31 10:06:44.686,221.52,54772,42224,65534,65535,65535,65535,65535,65535,65535
2026-07-31 10:06:44.730,221.56,54772,42224,65534,65535,65535,65535,65535,65535,65535
2026-07-31 10:06:44.783,221.61,54772,42224,65534,65535,65535,65535,65535,65535,65535
2026-07-31 10:06:44.836,221.67,54772,42224,65534,65535,65535,65535,65535,65535,65535
2026-07-31 10:06:44.883,221.71,54772,42224,65534,65535,65535,65535,65535,65535,65535
2026-07-31 10:06:44.926,221.76,54772,42224,65534,65535,65535,65535,65535,65535,65535
2026-07-31 10:06:44.976,221.81,54772,42224,65534,65535,65535,65535,65535,65535,65535
2026-07-31 10:06:45.017,221.85,54772,42224,65534,65535,65535,65535,65535,65535,65535
2026-07-31 10:06:45.052,221.88,54772,42224,65534,65535,65535,65535,65535,65535,65535
2026-07-31 10:06:45.096,221.93,54772,42224,65534,65535,65535,65535,65535,65535,65535
2026-07-31 10:06:45.144,221.97,54433,42308,61873,65535,65535,65535,65535,65535,65535
2026-07-31 10:06:45.191,222.02,54433,42308,61873,65535,65535,65535,65535,65535,65535
2026-07-31 10:06:45.243,222.07,54433,42308,61873,65535,65535,65535,65535,65535,65535
2026-07-31 10:06:45.292,222.12,54433,42308,61873,65535,65535,65535,65535,65535,65535
2026-07-31 10:06:45.341,222.17,54433,42308,61873,65535,65535,65535,65535,65535,65535
2026-07-31 10:06:45.389,222.22,54433,42308,61873,65535,65535,65535,65535,65535,65535
2026-07-31 10:06:45.436,222.27,54433,42308,61873,65535,65535,65535,65535,65535,65535
2026-07-31 10:06:45.485,222.31,54433,42308,61873,65535,65535,65535,65535,65535,65535
2026-07-31 10:06:45.519,222.35,54433,42308,61873,65535,65535,65535,65535,65535,65535
2026-07-31 10:06:45.562,222.39,54433,42308,61873,65535,65535,65535,65535,65535,65535
2026-07-31 10:06:45.615,222.44,54433,42308,61873,65535,65535,65535,65535,65535,65535
2026-07-31 10:06:45.666,222.5,54433,42308,61725,65535,65535,65535,65535,65535,65535
2026-07-31 10:06:45.712,222.54,63901,43580,61725,65535,65535,65535,65535,65535,65535
2026-07-31 10:06:45.758,222.59,63901,43580,61725,65535,65535,65535,65535,65535,65535
2026-07-31 10:06:45.806,222.64,63901,43580,61725,65535,65535,65535,65535,65535,65535
2026-07-31 10:06:45.853,222.68,63901,43580,61725,65535,65535,65535,65535,65535,65535
2026-07-31 10:06:45.898,222.73,63901,43580,61725,65535,65535,65535,65535,65535,65535
2026-07-31 10:06:45.947,222.78,63901,43580,61725,65535,65535,65535,65535,65535,65535
2026-07-31 10:06:45.993,222.82,63901,43580,61725,65535,65535,65535,65535,65535,65535
2026-07-31 10:06:46.033,222.86,63901,43580,61725,65535,65535,65535,65535,65535,65535
2026-07-31 10:06:46.089,222.92,63901,43580,61725,65535,65535,65535,65535,65535,65535
2026-07-31 10:06:46.135,222.96,63901,43580,61725,65535,65535,65535,65535,65535,65535
2026-07-31 10:06:46.182,223.01,63901,43580,61725,65535,65535,65535,65535,65535,65535
2026-07-31 10:06:46.233,223.06,63901,43580,61725,65535,65535,65535,65535,65535,65535
2026-07-31 10:06:46.280,223.11,54518,43750,61725,65535,65535,65535,65535,65535,65535
2026-07-31 10:06:46.326,223.16,54518,43750,61725,65535,65535,65535,65535,65535,65535
2026-07-31 10:06:46.372,223.2,54518,43750,61725,65535,65535,65535,65535,65535,65535
2026-07-31 10:06:46.421,223.25,54518,43750,61725,65535,65535,65535,65535,65535,65535
2026-07-31 10:06:46.468,223.3,54518,43750,61725,65535,65535,65535,65535,65535,65535
2026-07-31 10:06:46.520,223.35,54518,43750,61725,65535,65535,65535,65535,65535,65535
2026-07-31 10:06:46.558,223.39,54518,43750,61725,65535,65535,65535,65535,65535,65535
2026-07-31 10:06:46.602,223.43,54518,43750,61725,65535,65535,65535,65535,65535,65535
2026-07-31 10:06:46.648,223.48,54518,43750,61725,65535,65535,65535,65535,65535,65535
2026-07-31 10:06:46.698,223.53,54518,43750,61725,65535,65535,65535,65535,65535,65535
2026-07-31 10:06:46.745,223.57,54518,43750,61725,65535,65535,65535,65535,65535,65535
2026-07-31 10:06:46.789,223.62,54518,43750,61725,65535,65535,65535,65535,65535,65535
2026-07-31 10:06:46.833,223.66,54772,43750,61576,65535,65535,65535,65535,65535,65535
2026-07-31 10:06:46.882,223.71,54772,51042,61576,65535,65535,65535,65535,65535,65535
2026-07-31 10:06:46.925,223.75,54772,51042,61576,65535,65535,65535,65535,65535,65535
2026-07-31 10:06:46.974,223.8,54772,51042,61576,65535,65535,65535,65535,65535,65535
2026-07-31 10:06:47.016,223.85,54772,51042,61576,65535,65535,65535,65535,65535,65535
2026-07-31 10:06:47.053,223.88,54772,51042,61576,65535,65535,65535,65535,65535,65535
2026-07-31 10:06:47.096,223.93,54772,51042,61576,65535,65535,65535,65535,65535,65535
2026-07-31 10:06:47.147,223.98,54772,51042,61576,65535,65535,65535,65535,65535,65535
2026-07-31 10:06:47.194,224.02,54772,51042,61576,65535,65535,65535,65535,65535,65535
2026-07-31 10:06:47.238,224.07,54772,51042,61576,65535,65535,65535,65535,65535,65535
2026-07-31 10:06:47.287,224.12,54772,51042,61576,65535,65535,65535,65535,65535,65535
2026-07-31 10:06:47.337,224.17,54772,51042,61576,65535,65535,65535,65535,65535,65535
2026-07-31 10:06:47.381,224.21,54603,51042,62318,65535,65535,65535,65535,65535,65535
2026-07-31 10:06:47.426,224.26,54603,43495,62318,65535,65535,65535,65535,65535,65535
2026-07-31 10:06:47.477,224.31,54603,43495,62318,65535,65535,65535,65535,65535,65535
2026-07-31 10:06:47.512,224.34,54603,43495,62318,65535,65535,65535,65535,65535,65535
2026-07-31 10:06:47.547,224.38,54603,43495,62318,65535,65535,65535,65535,65535,65535
2026-07-31 10:06:47.595,224.42,54603,43495,62318,65535,65535,65535,65535,65535,65535
2026-07-31 10:06:47.644,224.47,54603,43495,62318,65535,65535,65535,65535,65535,65535
2026-07-31 10:06:47.691,224.52,54603,43495,62318,65535,65535,65535,65535,65535,65535
2026-07-31 10:06:47.740,224.57,54603,43495,62318,65535,65535,65535,65535,65535,65535
2026-07-31 10:06:47.788,224.62,54603,43495,62318,65535,65535,65535,65535,65535,65535
2026-07-31 10:06:47.831,224.66,54603,43495,62318,65535,65535,65535,65535,65535,65535
2026-07-31 10:06:47.882,224.71,54603,43495,62318,65535,65535,65535,65535,65535,65535
2026-07-31 10:06:47.935,224.76,54603,43495,61576,65535,65535,65535,65535,65535,65535
2026-07-31 10:06:47.980,224.81,60439,42224,61576,65535,65535,65535,65535,65535,65535
2026-07-31 10:06:48.030,224.86,60439,42224,61576,65535,65535,65535,65535,65535,65535
2026-07-31 10:06:48.066,224.9,60439,42224,61576,65535,65535,65535,65535,65535,65535
2026-07-31 10:06:48.115,224.94,60439,42224,61576,65535,65535,65535,65535,65535,65535
2026-07-31 10:06:48.163,224.99,60439,42224,61576,65535,65535,65535,65535,65535,65535
2026-07-31 10:06:48.208,225.04,60439,42224,61576,65535,65535,65535,65535,65535,65535
2026-07-31 10:06:48.255,225.08,60439,42224,61576,65535,65535,65535,65535,65535,65535
2026-07-31 10:06:48.306,225.13,60439,42224,61576,65535,65535,65535,65535,65535,65535
2026-07-31 10:06:48.354,225.18,60439,42224,61576,65535,65535,65535,65535,65535,65535
2026-07-31 10:06:48.398,225.23,60439,42224,61576,65535,65535,65535,65535,65535,65535
2026-07-31 10:06:48.446,225.28,60439,42224,61576,65535,65535,65535,65535,65535,65535
2026-07-31 10:06:48.494,225.32,60439,42224,61280,65535,65535,65535,65535,65535,65535
2026-07-31 10:06:48.537,225.37,54603,43665,61280,65535,65535,65535,65535,65535,65535
2026-07-31 10:06:48.576,225.41,54603,43665,61280,65535,65535,65535,65535,65535,65535
2026-07-31 10:06:48.624,225.45,54603,43665,61280,65535,65535,65535,65535,65535,65535
2026-07-31 10:06:48.673,225.5,54603,43665,61280,65535,65535,65535,65535,65535,65535
2026-07-31 10:06:48.723,225.55,54603,43665,61280,65535,65535,65535,65535,65535,65535
2026-07-31 10:06:48.770,225.6,54603,43665,61280,65535,65535,65535,65535,65535,65535
2026-07-31 10:06:48.819,225.65,54603,43665,61280,65535,65535,65535,65535,65535,65535
2026-07-31 10:06:48.865,225.69,54603,43665,61280,65535,65535,65535,65535,65535,65535
2026-07-31 10:06:48.911,225.74,54603,43665,61280,65535,65535,65535,65535,65535,65535
2026-07-31 10:06:48.959,225.79,54603,43665,61280,65535,65535,65535,65535,65535,65535
2026-07-31 10:06:49.008,225.84,54603,43665,61280,65535,65535,65535,65535,65535,65535
2026-07-31 10:06:49.044,225.87,54603,43665,61280,65535,65535,65535,65535,65535,65535
2026-07-31 10:06:49.089,225.92,63604,43665,61725,65535,65535,65535,65535,65535,65535
2026-07-31 10:06:49.137,225.97,63604,43580,61725,65535,65535,65535,65535,65535,65535
2026-07-31 10:06:49.183,226.01,63604,43580,61725,65535,65535,65535,65535,65535,65535
2026-07-31 10:06:49.232,226.06,63604,43580,61725,65535,65535,65535,65535,65535,65535
2026-07-31 10:06:49.280,226.11,63604,43580,61725,65535,65535,65535,65535,65535,65535
2026-07-31 10:06:49.328,226.16,63604,43580,61725,65535,65535,65535,65535,65535,65535
2026-07-31 10:06:49.372,226.2,63604,43580,61725,65535,65535,65535,65535,65535,65535
2026-07-31 10:06:49.417,226.25,63604,43580,61725,65535,65535,65535,65535,65535,65535
2026-07-31 10:06:49.464,226.29,63604,43580,61725,65535,65535,65535,65535,65535,65535
2026-07-31 10:06:49.513,226.34,63604,43580,61725,65535,65535,65535,65535,65535,65535
2026-07-31 10:06:49.548,226.38,63604,43580,61725,65535,65535,65535,65535,65535,65535
2026-07-31 10:06:49.584,226.41,63604,43580,61725,65535,65535,65535,65535,65535,65535
2026-07-31 10:06:49.630,226.46,63604,43580,61280,65535,65535,65535,65535,65535,65535
2026-07-31 10:06:49.678,226.51,65534,52328,61280,65535,65535,65535,65535,65535,65535
2026-07-31 10:06:49.726,226.56,65534,52328,61280,65535,65535,65535,65535,65535,65535
2026-07-31 10:06:49.771,226.6,65534,52328,61280,65535,65535,65535,65535,65535,65535
2026-07-31 10:06:49.820,226.65,65534,52328,61280,65535,65535,65535,65535,65535,65535
2026-07-31 10:06:49.865,226.69,65534,52328,61280,65535,65535,65535,65535,65535,65535
2026-07-31 10:06:49.915,226.74,65534,52328,61280,65535,65535,65535,65535,65535,65535
2026-07-31 10:06:49.967,226.8,65534,52328,61280,65535,65535,65535,65535,65535,65535
2026-07-31 10:06:50.014,226.84,65534,52328,61280,65535,65535,65535,65535,65535,65535
2026-07-31 10:06:50.050,226.88,65534,52328,61280,65535,65535,65535,65535,65535,65535
2026-07-31 10:06:50.086,226.92,65534,52328,61280,65535,65535,65535,65535,65535,65535
2026-07-31 10:06:50.134,226.96,65534,52328,61280,65535,65535,65535,65535,65535,65535
2026-07-31 10:06:50.179,227.01,65534,52328,61280,65535,65535,65535,65535,65535,65535
2026-07-31 10:06:50.228,227.06,54687,52328,61873,65535,65535,65535,65535,65535,65535
2026-07-31 10:06:50.277,227.11,54687,43580,61873,65535,65535,65535,65535,65535,65535
2026-07-31 10:06:50.329,227.16,54687,43580,61873,65535,65535,65535,65535,65535,65535
2026-07-31 10:06:50.376,227.21,54687,43580,61873,65535,65535,65535,65535,65535,65535
2026-07-31 10:06:50.422,227.25,54687,43580,61873,65535,65535,65535,65535,65535,65535
2026-07-31 10:06:50.471,227.3,54687,43580,61873,65535,65535,65535,65535,65535,65535
2026-07-31 10:06:50.522,227.35,54687,43580,61873,65535,65535,65535,65535,65535,65535
2026-07-31 10:06:50.563,227.39,54687,43580,61873,65535,65535,65535,65535,65535,65535
2026-07-31 10:06:50.598,227.43,54687,43580,61873,65535,65535,65535,65535,65535,65535
2026-07-31 10:06:50.644,227.47,54687,43580,61873,65535,65535,65535,65535,65535,65535
2026-07-31 10:06:50.690,227.52,54687,43580,61873,65535,65535,65535,65535,65535,65535
2026-07-31 10:06:50.738,227.57,54687,43580,61873,65535,65535,65535,65535,65535,65535
2026-07-31 10:06:50.784,227.61,54518,43580,65534,65535,65535,65535,65535,65535,65535
2026-07-31 10:06:50.832,227.66,54518,43580,65534,65535,65535,65535,65535,65535,65535
2026-07-31 10:06:50.880,227.71,54518,43580,65534,65535,65535,65535,65535,65535,65535
2026-07-31 10:06:50.926,227.76,54518,43580,65534,65535,65535,65535,65535,65535,65535
2026-07-31 10:06:50.975,227.8,54518,43580,65534,65535,65535,65535,65535,65535,65535
2026-07-31 10:06:51.025,227.85,54518,43580,65534,65535,65535,65535,65535,65535,65535
2026-07-31 10:06:51.060,227.89,54518,43580,65534,65535,65535,65535,65535,65535,65535
2026-07-31 10:06:51.105,227.93,54518,43580,65534,65535,65535,65535,65535,65535,65535
2026-07-31 10:06:51.154,227.98,54518,43580,65534,65535,65535,65535,65535,65535,65535
2026-07-31 10:06:51.203,228.03,54518,43580,65534,65535,65535,65535,65535,65535,65535
2026-07-31 10:06:51.248,228.08,54518,43580,65534,65535,65535,65535,65535,65535,65535
2026-07-31 10:06:51.294,228.12,54518,43580,65534,65535,65535,65535,65535,65535,65535
2026-07-31 10:06:51.344,228.17,63604,43580,61576,65535,65535,65535,65535,65535,65535
2026-07-31 10:06:51.389,228.22,63604,43495,61576,65535,65535,65535,65535,65535,65535
2026-07-31 10:06:51.438,228.27,63604,43495,61576,65535,65535,65535,65535,65535,65535
2026-07-31 10:06:51.484,228.31,63604,43495,61576,65535,65535,65535,65535,65535,65535
2026-07-31 10:06:51.528,228.36,63604,43495,61576,65535,65535,65535,65535,65535,65535
2026-07-31 10:06:51.565,228.39,63604,43495,61576,65535,65535,65535,65535,65535,65535
2026-07-31 10:06:51.612,228.44,63604,43495,61576,65535,65535,65535,65535,65535,65535
2026-07-31 10:06:51.657,228.49,63604,43495,61576,65535,65535,65535,65535,65535,65535
2026-07-31 10:06:51.705,228.53,63604,43495,61576,65535,65535,65535,65535,65535,65535
2026-07-31 10:06:51.752,228.58,63604,43495,61576,65535,65535,65535,65535,65535,65535
2026-07-31 10:06:51.802,228.63,63604,43495,61576,65535,65535,65535,65535,65535,65535
2026-07-31 10:06:51.850,228.68,63604,43495,61576,65535,65535,65535,65535,65535,65535
2026-07-31 10:06:51.895,228.72,63604,43495,61280,65535,65535,65535,65535,65535,65535
2026-07-31 10:06:51.942,228.77,54348,51042,61280,65535,65535,65535,65535,65535,65535
2026-07-31 10:06:51.994,228.82,54348,51042,61280,65535,65535,65535,65535,65535,65535
2026-07-31 10:06:52.041,228.87,54348,51042,61280,65535,65535,65535,65535,65535,65535
2026-07-31 10:06:52.078,228.91,54348,51042,61280,65535,65535,65535,65535,65535,65535
2026-07-31 10:06:52.123,228.95,54348,51042,61280,65535,65535,65535,65535,65535,65535
2026-07-31 10:06:52.169,229.0,54348,51042,61280,65535,65535,65535,65535,65535,65535
2026-07-31 10:06:52.212,229.04,54348,51042,61280,65535,65535,65535,65535,65535,65535
2026-07-31 10:06:52.259,229.09,54348,51042,61280,65535,65535,65535,65535,65535,65535
2026-07-31 10:06:52.309,229.14,54348,51042,61280,65535,65535,65535,65535,65535,65535
2026-07-31 10:06:52.353,229.18,54348,51042,61280,65535,65535,65535,65535,65535,65535
2026-07-31 10:06:52.396,229.23,54348,51042,61280,65535,65535,65535,65535,65535,65535
2026-07-31 10:06:52.449,229.28,54348,51042,61280,65535,65535,65535,65535,65535,65535
2026-07-31 10:06:52.494,229.32,51720,51042,61725,65535,65535,65535,65535,65535,65535
2026-07-31 10:06:52.541,229.37,51720,51140,61725,65535,65535,65535,65535,65535,65535
2026-07-31 10:06:52.579,229.41,51720,51140,61725,65535,65535,65535,65535,65535,65535
2026-07-31 10:06:52.624,229.45,51720,51140,61725,65535,65535,65535,65535,65535,65535
2026-07-31 10:06:52.671,229.5,51720,51140,61725,65535,65535,65535,65535,65535,65535
2026-07-31 10:06:52.723,229.55,51720,51140,61725,65535,65535,65535,65535,65535,65535
2026-07-31 10:06:52.769,229.6,51720,51140,61725,65535,65535,65535,65535,65535,65535
2026-07-31 10:06:52.817,229.65,51720,51140,61725,65535,65535,65535,65535,65535,65535
2026-07-31 10:06:52.864,229.69,51720,51140,61725,65535,65535,65535,65535,65535,65535
2026-07-31 10:06:52.912,229.74,51720,51140,61725,65535,65535,65535,65535,65535,65535
2026-07-31 10:06:52.958,229.79,51720,51140,61725,65535,65535,65535,65535,65535,65535
2026-07-31 10:06:53.004,229.83,51720,51140,61725,65535,65535,65535,65535,65535,65535
2026-07-31 10:06:53.046,229.87,63703,51140,61576,65535,65535,65535,65535,65535,65535
2026-07-31 10:06:53.085,229.91,63703,43835,61576,65535,65535,65535,65535,65535,65535
2026-07-31 10:06:53.132,229.96,63703,43835,61576,65535,65535,65535,65535,65535,65535
2026-07-31 10:06:53.176,230.01,63703,43835,61576,65535,65535,65535,65535,65535,65535
2026-07-31 10:06:53.225,230.05,63703,43835,61576,65535,65535,65535,65535,65535,65535
2026-07-31 10:06:53.272,230.1,63703,43835,61576,65535,65535,65535,65535,65535,65535
2026-07-31 10:06:53.322,230.15,63703,43835,61576,65535,65535,65535,65535,65535,65535
2026-07-31 10:06:53.370,230.2,63703,43835,61576,65535,65535,65535,65535,65535,65535
2026-07-31 10:06:53.418,230.25,63703,43835,61576,65535,65535,65535,65535,65535,65535
2026-07-31 10:06:53.466,230.3,63703,43835,61576,65535,65535,65535,65535,65535,65535
2026-07-31 10:06:53.514,230.34,63703,43835,61576,65535,65535,65535,65535,65535,65535
2026-07-31 10:06:53.559,230.39,63703,43835,61576,65535,65535,65535,65535,65535,65535
2026-07-31 10:06:53.598,230.43,63703,43835,61725,65535,65535,65535,65535,65535,65535
2026-07-31 10:06:53.644,230.47,51805,39765,61725,65535,65535,65535,65535,65535,65535
2026-07-31 10:06:53.691,230.52,51805,39765,61725,65535,65535,65535,65535,65535,65535
2026-07-31 10:06:53.739,230.57,51805,39765,61725,65535,65535,65535,65535,65535,65535
2026-07-31 10:06:53.788,230.62,51805,39765,61725,65535,65535,65535,65535,65535,65535
2026-07-31 10:06:53.834,230.66,51805,39765,61725,65535,65535,65535,65535,65535,65535
2026-07-31 10:06:53.885,230.71,51805,39765,61725,65535,65535,65535,65535,65535,65535
2026-07-31 10:06:53.931,230.76,51805,39765,61725,65535,65535,65535,65535,65535,65535
2026-07-31 10:06:53.978,230.81,51805,39765,61725,65535,65535,65535,65535,65535,65535
2026-07-31 10:06:54.027,230.86,51805,39765,61725,65535,65535,65535,65535,65535,65535
2026-07-31 10:06:54.062,230.89,51805,39765,61725,65535,65535,65535,65535,65535,65535
2026-07-31 10:06:54.099,230.93,51805,39765,61725,65535,65535,65535,65535,65535,65535
2026-07-31 10:06:54.148,230.98,51805,39765,61725,65535,65535,65535,65535,65535,65535
2026-07-31 10:06:54.194,231.02,65534,39765,61280,65535,65535,65535,65535,65535,65535
2026-07-31 10:06:54.242,231.07,65534,43495,61280,65535,65535,65535,65535,65535,65535
2026-07-31 10:06:54.286,231.12,65534,43495,61280,65535,65535,65535,65535,65535,65535
2026-07-31 10:06:54.338,231.17,65534,43495,61280,65535,65535,65535,65535,65535,65535
2026-07-31 10:06:54.384,231.21,65534,43495,61280,65535,65535,65535,65535,65535,65535
2026-07-31 10:06:54.435,231.26,65534,43495,61280,65535,65535,65535,65535,65535,65535
2026-07-31 10:06:54.482,231.31,65534,43495,61280,65535,65535,65535,65535,65535,65535
2026-07-31 10:06:54.531,231.36,65534,43495,61280,65535,65535,65535,65535,65535,65535
2026-07-31 10:06:54.566,231.4,65534,43495,61280,65535,65535,65535,65535,65535,65535
2026-07-31 10:06:54.614,231.44,65534,43495,61280,65535,65535,65535,65535,65535,65535
2026-07-31 10:06:54.658,231.49,65534,43495,61280,65535,65535,65535,65535,65535,65535
2026-07-31 10:06:54.709,231.54,65534,43495,61280,65535,65535,65535,65535,65535,65535
2026-07-31 10:06:54.752,231.58,54687,43495,61576,65535,65535,65535,65535,65535,65535
2026-07-31 10:06:54.799,231.63,54687,50844,61576,65535,65535,65535,65535,65535,65535
2026-07-31 10:06:54.842,231.67,54687,50844,61576,65535,65535,65535,65535,65535,65535
2026-07-31 10:06:54.893,231.72,54687,50844,61576,65535,65535,65535,65535,65535,65535
2026-07-31 10:06:54.939,231.77,54687,50844,61576,65535,65535,65535,65535,65535,65535
2026-07-31 10:06:54.989,231.82,54687,50844,61576,65535,65535,65535,65535,65535,65535
2026-07-31 10:06:55.037,231.87,54687,50844,61576,65535,65535,65535,65535,65535,65535
2026-07-31 10:06:55.071,231.9,54687,50844,61576,65535,65535,65535,65535,65535,65535
2026-07-31 10:06:55.116,231.95,54687,50844,61576,65535,65535,65535,65535,65535,65535
2026-07-31 10:06:55.161,231.99,54687,50844,61576,65535,65535,65535,65535,65535,65535
2026-07-31 10:06:55.212,232.04,54687,50844,61576,65535,65535,65535,65535,65535,65535
2026-07-31 10:06:55.264,232.09,54687,50844,61576,65535,65535,65535,65535,65535,65535
2026-07-31 10:06:55.311,232.14,57740,50844,61576,65535,65535,65535,65535,65535,65535
2026-07-31 10:06:55.357,232.19,57740,52426,61576,65535,65535,65535,65535,65535,65535
2026-07-31 10:06:55.407,232.24,57740,52426,61576,65535,65535,65535,65535,65535,65535
2026-07-31 10:06:55.460,232.29,57740,52426,61576,65535,65535,65535,65535,65535,65535
2026-07-31 10:06:55.505,232.33,57740,52426,61576,65535,65535,65535,65535,65535,65535
2026-07-31 10:06:55.555,232.38,57740,52426,61576,65535,65535,65535,65535,65535,65535
2026-07-31 10:06:55.593,232.42,57740,52426,61576,65535,65535,65535,65535,65535,65535
2026-07-31 10:06:55.641,232.47,57740,52426,61576,65535,65535,65535,65535,65535,65535
2026-07-31 10:06:55.691,232.52,57740,52426,61576,65535,65535,65535,65535,65535,65535
2026-07-31 10:06:55.738,232.57,57740,52426,61576,65535,65535,65535,65535,65535,65535
2026-07-31 10:06:55.785,232.61,57740,52426,61576,65535,65535,65535,65535,65535,65535
2026-07-31 10:06:55.833,232.66,57740,52426,61576,65535,65535,65535,65535,65535,65535
2026-07-31 10:06:55.881,232.71,54772,52426,49736,65535,65535,65535,65535,65535,65535
2026-07-31 10:06:55.927,232.76,54772,43580,49736,65535,65535,65535,65535,65535,65535
2026-07-31 10:06:55.976,232.81,54772,43580,49736,65535,65535,65535,65535,65535,65535
2026-07-31 10:06:56.022,232.85,54772,43580,49736,65535,65535,65535,65535,65535,65535
2026-07-31 10:06:56.058,232.89,54772,43580,49736,65535,65535,65535,65535,65535,65535
2026-07-31 10:06:56.094,232.92,54772,43580,49736,65535,65535,65535,65535,65535,65535
2026-07-31 10:06:56.143,232.97,54772,43580,49736,65535,65535,65535,65535,65535,65535
2026-07-31 10:06:56.192,233.02,54772,43580,49736,65535,65535,65535,65535,65535,65535
2026-07-31 10:06:56.242,233.07,54772,43580,49736,65535,65535,65535,65535,65535,65535
2026-07-31 10:06:56.294,233.12,54772,43580,49736,65535,65535,65535,65535,65535,65535
2026-07-31 10:06:56.338,233.17,54772,43580,49736,65535,65535,65535,65535,65535,65535
2026-07-31 10:06:56.388,233.22,54772,43580,49736,65535,65535,65535,65535,65535,65535
2026-07-31 10:06:56.441,233.27,63901,43580,61576,65535,65535,65535,65535,65535,65535
2026-07-31 10:06:56.489,233.32,63901,43835,61576,65535,65535,65535,65535,65535,65535
2026-07-31 10:06:56.536,233.37,63901,43835,61576,65535,65535,65535,65535,65535,65535
2026-07-31 10:06:56.574,233.4,63901,43835,61576,65535,65535,65535,65535,65535,65535
2026-07-31 10:06:56.610,233.44,63901,43835,61576,65535,65535,65535,65535,65535,65535
2026-07-31 10:06:56.655,233.48,63901,43835,61576,65535,65535,65535,65535,65535,65535
2026-07-31 10:06:56.700,233.53,63901,43835,61576,65535,65535,65535,65535,65535,65535
2026-07-31 10:06:56.750,233.58,63901,43835,61576,65535,65535,65535,65535,65535,65535
2026-07-31 10:06:56.795,233.62,63901,43835,61576,65535,65535,65535,65535,65535,65535
2026-07-31 10:06:56.846,233.68,63901,43835,61576,65535,65535,65535,65535,65535,65535
2026-07-31 10:06:56.893,233.72,63901,43835,61576,65535,65535,65535,65535,65535,65535
2026-07-31 10:06:56.940,233.77,63901,43835,61576,65535,65535,65535,65535,65535,65535
2026-07-31 10:06:56.985,233.81,63901,43835,61576,65535,65535,65535,65535,65535,65535
2026-07-31 10:06:57.032,233.86,54942,43665,61576,65535,65535,65535,65535,65535,65535
2026-07-31 10:06:57.070,233.9,54942,43665,61576,65535,65535,65535,65535,65535,65535
2026-07-31 10:06:57.106,233.94,54942,43665,61576,65535,65535,65535,65535,65535,65535
2026-07-31 10:06:57.152,233.98,54942,43665,61576,65535,65535,65535,65535,65535,65535
2026-07-31 10:06:57.198,234.03,54942,43665,61576,65535,65535,65535,65535,65535,65535
2026-07-31 10:06:57.253,234.08,54942,43665,61576,65535,65535,65535,65535,65535,65535
2026-07-31 10:06:57.299,234.13,54942,43665,61576,65535,65535,65535,65535,65535,65535
2026-07-31 10:06:57.349,234.18,54942,43665,61576,65535,65535,65535,65535,65535,65535
2026-07-31 10:06:57.392,234.22,54942,43665,61576,65535,65535,65535,65535,65535,65535
2026-07-31 10:06:57.442,234.27,54942,43665,61576,65535,65535,65535,65535,65535,65535
2026-07-31 10:06:57.490,234.32,54942,43665,61576,65535,65535,65535,65535,65535,65535
2026-07-31 10:06:57.537,234.37,54942,43665,61576,65535,65535,65535,65535,65535,65535
2026-07-31 10:06:57.575,234.4,54942,43665,61576,65535,65535,65535,65535,65535,65535
2026-07-31 10:06:57.611,234.44,54942,43665,61576,65535,65535,65535,65535,65535,65535
2026-07-31 10:06:57.659,234.49,54942,43665,61576,65535,65535,65535,65535,65535,65535
2026-07-31 10:06:57.705,234.53,54942,43665,61576,65535,65535,65535,65535,65535,65535
2026-07-31 10:06:57.753,234.58,54942,43665,61576,65535,65535,65535,65535,65535,65535
2026-07-31 10:06:57.801,234.63,54942,43665,61576,65535,65535,65535,65535,65535,65535
2026-07-31 10:06:57.846,234.68,54942,43665,61576,65535,65535,65535,65535,65535,65535
2026-07-31 10:06:57.895,234.72,54942,43665,61576,65535,65535,65535,65535,65535,65535
2026-07-31 10:06:57.940,234.77,54942,43665,61576,65535,65535,65535,65535,65535,65535
2026-07-31 10:06:57.989,234.82,54942,43665,61576,65535,65535,65535,65535,65535,65535
2026-07-31 10:06:58.036,234.87,54942,43665,61576,65535,65535,65535,65535,65535,65535
2026-07-31 10:06:58.072,234.9,54942,43665,61576,65535,65535,65535,65535,65535,65535
2026-07-31 10:06:58.108,234.94,54942,43665,61576,65535,65535,65535,65535,65535,65535
2026-07-31 10:06:58.155,234.98,63802,43665,61280,65535,65535,65535,65535,65535,65535
2026-07-31 10:06:58.198,235.03,63802,38281,61280,65535,65535,65535,65535,65535,65535
2026-07-31 10:06:58.248,235.08,63802,38281,61280,65535,65535,65535,65535,65535,65535
2026-07-31 10:06:58.294,235.12,63802,38281,61280,65535,65535,65535,65535,65535,65535
2026-07-31 10:06:58.345,235.17,63802,38281,61280,65535,65535,65535,65535,65535,65535
2026-07-31 10:06:58.391,235.22,63802,38281,61280,65535,65535,65535,65535,65535,65535
2026-07-31 10:06:58.439,235.27,63802,38281,61280,65535,65535,65535,65535,65535,65535
2026-07-31 10:06:58.487,235.32,63802,38281,61280,65535,65535,65535,65535,65535,65535
2026-07-31 10:06:58.533,235.36,63802,38281,61280,65535,65535,65535,65535,65535,65535
2026-07-31 10:06:58.570,235.4,63802,38281,61280,65535,65535,65535,65535,65535,65535
2026-07-31 10:06:58.605,235.43,63802,38281,61280,65535,65535,65535,65535,65535,65535
2026-07-31 10:06:58.654,235.48,63802,38281,61280,65535,65535,65535,65535,65535,65535
2026-07-31 10:06:58.696,235.53,63802,38281,61873,65535,65535,65535,65535,65535,65535
2026-07-31 10:06:58.744,235.57,63505,51858,61873,65535,65535,65535,65535,65535,65535
2026-07-31 10:06:58.789,235.62,63505,51858,61873,65535,65535,65535,65535,65535,65535
2026-07-31 10:06:58.840,235.67,63505,51858,61873,65535,65535,65535,65535,65535,65535
2026-07-31 10:06:58.884,235.71,63505,51858,61873,65535,65535,65535,65535,65535,65535
2026-07-31 10:06:58.932,235.76,63505,51858,61873,65535,65535,65535,65535,65535,65535
2026-07-31 10:06:58.974,235.8,63505,51858,61873,65535,65535,65535,65535,65535,65535
2026-07-31 10:06:59.027,235.86,63505,51858,61873,65535,65535,65535,65535,65535,65535
2026-07-31 10:06:59.066,235.9,63505,51858,61873,65535,65535,65535,65535,65535,65535
2026-07-31 10:06:59.101,235.93,63505,51858,61873,65535,65535,65535,65535,65535,65535
2026-07-31 10:06:59.146,235.98,63505,51858,61873,65535,65535,65535,65535,65535,65535
2026-07-31 10:06:59.190,236.02,63505,51858,61873,65535,65535,65535,65535,65535,65535
2026-07-31 10:06:59.242,236.07,63505,51858,61873,65535,65535,65535,65535,65535,65535
2026-07-31 10:06:59.285,236.11,47820,51858,61576,65535,65535,65535,65535,65535,65535
2026-07-31 10:06:59.338,236.17,47820,37094,61576,65535,65535,65535,65535,65535,65535
2026-07-31 10:06:59.390,236.22,47820,37094,61576,65535,65535,65535,65535,65535,65535
2026-07-31 10:06:59.435,236.26,47820,37094,61576,65535,65535,65535,65535,65535,65535
2026-07-31 10:06:59.484,236.31,47820,37094,61576,65535,65535,65535,65535,65535,65535
2026-07-31 10:06:59.529,236.36,47820,37094,61576,65535,65535,65535,65535,65535,65535
2026-07-31 10:06:59.566,236.4,47820,37094,61576,65535,65535,65535,65535,65535,65535
2026-07-31 10:06:59.614,236.44,47820,37094,61576,65535,65535,65535,65535,65535,65535
2026-07-31 10:06:59.659,236.49,47820,37094,61576,65535,65535,65535,65535,65535,65535
2026-07-31 10:06:59.709,236.54,47820,37094,61576,65535,65535,65535,65535,65535,65535
2026-07-31 10:06:59.754,236.58,47820,37094,61576,65535,65535,65535,65535,65535,65535
2026-07-31 10:06:59.802,236.63,47820,37094,61576,65535,65535,65535,65535,65535,65535
2026-07-31 10:06:59.851,236.68,54772,37094,61280,65535,65535,65535,65535,65535,65535
2026-07-31 10:06:59.900,236.73,54772,43750,61280,65535,65535,65535,65535,65535,65535
2026-07-31 10:06:59.948,236.78,54772,43750,61280,65535,65535,65535,65535,65535,65535
2026-07-31 10:06:59.995,236.82,54772,43750,61280,65535,65535,65535,65535,65535,65535
2026-07-31 10:07:00.048,236.88,54772,43750,61280,65535,65535,65535,65535,65535,65535
2026-07-31 10:07:00.083,236.91,54772,43750,61280,65535,65535,65535,65535,65535,65535
2026-07-31 10:07:00.129,236.96,54772,43750,61280,65535,65535,65535,65535,65535,65535
2026-07-31 10:07:00.175,237.0,54772,43750,61280,65535,65535,65535,65535,65535,65535
2026-07-31 10:07:00.224,237.05,54772,43750,61280,65535,65535,65535,65535,65535,65535
2026-07-31 10:07:00.270,237.1,54772,43750,61280,65535,65535,65535,65535,65535,65535
2026-07-31 10:07:00.322,237.15,54772,43750,61280,65535,65535,65535,65535,65535,65535
2026-07-31 10:07:00.367,237.2,54772,43750,61280,65535,65535,65535,65535,65535,65535
2026-07-31 10:07:00.416,237.25,65534,43750,61280,65535,65535,65535,65535,65535,65535
2026-07-31 10:07:00.460,237.29,65534,43750,61280,65535,65535,65535,65535,65535,65535
2026-07-31 10:07:00.510,237.34,65534,43750,61280,65535,65535,65535,65535,65535,65535
2026-07-31 10:07:00.555,237.38,65534,43750,61280,65535,65535,65535,65535,65535,65535
2026-07-31 10:07:00.594,237.42,65534,43750,61280,65535,65535,65535,65535,65535,65535
2026-07-31 10:07:00.642,237.47,65534,43750,61280,65535,65535,65535,65535,65535,65535
2026-07-31 10:07:00.689,237.52,65534,43750,61280,65535,65535,65535,65535,65535,65535
2026-07-31 10:07:00.738,237.57,65534,43750,61280,65535,65535,65535,65535,65535,65535
2026-07-31 10:07:00.785,237.61,65534,43750,61280,65535,65535,65535,65535,65535,65535
2026-07-31 10:07:00.831,237.66,65534,43750,61280,65535,65535,65535,65535,65535,65535
2026-07-31 10:07:00.879,237.71,65534,43750,61280,65535,65535,65535,65535,65535,65535
2026-07-31 10:07:00.926,237.76,65534,43750,61280,65535,65535,65535,65535,65535,65535
2026-07-31 10:07:00.977,237.81,57570,43750,61576,65535,65535,65535,65535,65535,65535
2026-07-31 10:07:01.024,237.85,57570,45106,61576,65535,65535,65535,65535,65535,65535
2026-07-31 10:07:01.061,237.89,57570,45106,61576,65535,65535,65535,65535,65535,65535
2026-07-31 10:07:01.101,237.93,57570,45106,61576,65535,65535,65535,65535,65535,65535
2026-07-31 10:07:01.147,237.98,57570,45106,61576,65535,65535,65535,65535,65535,65535
2026-07-31 10:07:01.197,238.03,57570,45106,61576,65535,65535,65535,65535,65535,65535
2026-07-31 10:07:01.243,238.07,57570,45106,61576,65535,65535,65535,65535,65535,65535
2026-07-31 10:07:01.290,238.12,57570,45106,61576,65535,65535,65535,65535,65535,65535
2026-07-31 10:07:01.340,238.17,57570,45106,61576,65535,65535,65535,65535,65535,65535
2026-07-31 10:07:01.386,238.22,57570,45106,61576,65535,65535,65535,65535,65535,65535
2026-07-31 10:07:01.442,238.27,57570,45106,61576,65535,65535,65535,65535,65535,65535
2026-07-31 10:07:01.492,238.32,57570,45106,61576,65535,65535,65535,65535,65535,65535
2026-07-31 10:07:01.541,238.37,63802,45106,65534,65535,65535,65535,65535,65535,65535
2026-07-31 10:07:01.578,238.41,63802,43835,65534,65535,65535,65535,65535,65535,65535
2026-07-31 10:07:01.618,238.45,63802,43835,65534,65535,65535,65535,65535,65535,65535
2026-07-31 10:07:01.666,238.5,63802,43835,65534,65535,65535,65535,65535,65535,65535
2026-07-31 10:07:01.717,238.55,63802,43835,65534,65535,65535,65535,65535,65535,65535
2026-07-31 10:07:01.765,238.59,63802,43835,65534,65535,65535,65535,65535,65535,65535
2026-07-31 10:07:01.814,238.64,63802,43835,65534,65535,65535,65535,65535,65535,65535
2026-07-31 10:07:01.861,238.69,63802,43835,65534,65535,65535,65535,65535,65535,65535
2026-07-31 10:07:01.909,238.74,63802,43835,65534,65535,65535,65535,65535,65535,65535
2026-07-31 10:07:01.958,238.79,63802,43835,65534,65535,65535,65535,65535,65535,65535
2026-07-31 10:07:02.005,238.83,63802,43835,65534,65535,65535,65535,65535,65535,65535
2026-07-31 10:07:02.053,238.88,63802,43835,65534,65535,65535,65535,65535,65535,65535
2026-07-31 10:07:02.090,238.92,63802,43835,60835,65535,65535,65535,65535,65535,65535
2026-07-31 10:07:02.134,238.96,54603,50745,60835,65535,65535,65535,65535,65535,65535
2026-07-31 10:07:02.184,239.01,54603,50745,60835,65535,65535,65535,65535,65535,65535
2026-07-31 10:07:02.233,239.06,54603,50745,60835,65535,65535,65535,65535,65535,65535
2026-07-31 10:07:02.277,239.11,54603,50745,60835,65535,65535,65535,65535,65535,65535
2026-07-31 10:07:02.327,239.16,54603,50745,60835,65535,65535,65535,65535,65535,65535
2026-07-31 10:07:02.375,239.2,54603,50745,60835,65535,65535,65535,65535,65535,65535
2026-07-31 10:07:02.424,239.25,54603,50745,60835,65535,65535,65535,65535,65535,65535
2026-07-31 10:07:02.475,239.3,54603,50745,60835,65535,65535,65535,65535,65535,65535
2026-07-31 10:07:02.523,239.35,54603,50745,60835,65535,65535,65535,65535,65535,65535
2026-07-31 10:07:02.570,239.4,54603,50745,60835,65535,65535,65535,65535,65535,65535
2026-07-31 10:07:02.606,239.44,54603,50745,60835,65535,65535,65535,65535,65535,65535
2026-07-31 10:07:02.652,239.48,54603,50745,60835,65535,65535,65535,65535,65535,65535
2026-07-31 10:07:02.699,239.53,54857,59944,60835,65535,65535,65535,65535,65535,65535
2026-07-31 10:07:02.745,239.57,54857,59944,60835,65535,65535,65535,65535,65535,65535
2026-07-31 10:07:02.792,239.62,54857,59944,60835,65535,65535,65535,65535,65535,65535
2026-07-31 10:07:02.839,239.67,54857,59944,60835,65535,65535,65535,65535,65535,65535
2026-07-31 10:07:02.888,239.72,54857,59944,60835,65535,65535,65535,65535,65535,65535
2026-07-31 10:07:02.933,239.76,54857,59944,60835,65535,65535,65535,65535,65535,65535
2026-07-31 10:07:02.984,239.81,54857,59944,60835,65535,65535,65535,65535,65535,65535
2026-07-31 10:07:03.029,239.86,54857,59944,60835,65535,65535,65535,65535,65535,65535
2026-07-31 10:07:03.081,239.91,54857,59944,60835,65535,65535,65535,65535,65535,65535
2026-07-31 10:07:03.121,239.95,54857,59944,60835,65535,65535,65535,65535,65535,65535
2026-07-31 10:07:03.167,240.0,54857,59944,60835,65535,65535,65535,65535,65535,65535
2026-07-31 10:07:03.213,240.04,54857,59944,61428,65535,65535,65535,65535,65535,65535
2026-07-31 10:07:03.268,240.1,54687,43580,61428,65535,65535,65535,65535,65535,65535
2026-07-31 10:07:03.317,240.15,54687,43580,61428,65535,65535,65535,65535,65535,65535
2026-07-31 10:07:03.366,240.2,54687,43580,61428,65535,65535,65535,65535,65535,65535
2026-07-31 10:07:03.413,240.24,54687,43580,61428,65535,65535,65535,65535,65535,65535
2026-07-31 10:07:03.462,240.29,54687,43580,61428,65535,65535,65535,65535,65535,65535
2026-07-31 10:07:03.510,240.34,54687,43580,61428,65535,65535,65535,65535,65535,65535
2026-07-31 10:07:03.560,240.39,54687,43580,61428,65535,65535,65535,65535,65535,65535
2026-07-31 10:07:03.600,240.43,54687,43580,61428,65535,65535,65535,65535,65535,65535
2026-07-31 10:07:03.634,240.46,54687,43580,61428,65535,65535,65535,65535,65535,65535
2026-07-31 10:07:03.681,240.51,54687,43580,61428,65535,65535,65535,65535,65535,65535
2026-07-31 10:07:03.729,240.56,54687,43580,61428,65535,65535,65535,65535,65535,65535
2026-07-31 10:07:03.775,240.6,54687,43580,61873,65535,65535,65535,65535,65535,65535
2026-07-31 10:07:03.821,240.65,54772,50844,61873,65535,65535,65535,65535,65535,65535
2026-07-31 10:07:03.872,240.7,54772,50844,61873,65535,65535,65535,65535,65535,65535
2026-07-31 10:07:03.921,240.75,54772,50844,61873,65535,65535,65535,65535,65535,65535
2026-07-31 10:07:03.973,240.8,54772,50844,61873,65535,65535,65535,65535,65535,65535
2026-07-31 10:07:04.017,240.85,54772,50844,61873,65535,65535,65535,65535,65535,65535
2026-07-31 10:07:04.066,240.89,54772,50844,61873,65535,65535,65535,65535,65535,65535
2026-07-31 10:07:04.105,240.93,54772,50844,61873,65535,65535,65535,65535,65535,65535
2026-07-31 10:07:04.142,240.97,54772,50844,61873,65535,65535,65535,65535,65535,65535
2026-07-31 10:07:04.191,241.02,54772,50844,61873,65535,65535,65535,65535,65535,65535
2026-07-31 10:07:04.236,241.06,54772,50844,61873,65535,65535,65535,65535,65535,65535
2026-07-31 10:07:04.286,241.11,54772,50844,61873,65535,65535,65535,65535,65535,65535
2026-07-31 10:07:04.332,241.16,54772,50844,61873,65535,65535,65535,65535,65535,65535
2026-07-31 10:07:04.379,241.21,64000,50844,61725,65535,65535,65535,65535,65535,65535
2026-07-31 10:07:04.427,241.26,64000,43665,61725,65535,65535,65535,65535,65535,65535
2026-07-31 10:07:04.472,241.3,64000,43665,61725,65535,65535,65535,65535,65535,65535
2026-07-31 10:07:04.525,241.35,64000,43665,61725,65535,65535,65535,65535,65535,65535
2026-07-31 10:07:04.570,241.4,64000,43665,61725,65535,65535,65535,65535,65535,65535
2026-07-31 10:07:04.609,241.44,64000,43665,61725,65535,65535,65535,65535,65535,65535
2026-07-31 10:07:04.643,241.47,64000,43665,61725,65535,65535,65535,65535,65535,65535
2026-07-31 10:07:04.690,241.52,64000,43665,61725,65535,65535,65535,65535,65535,65535
2026-07-31 10:07:04.739,241.57,64000,43665,61725,65535,65535,65535,65535,65535,65535
2026-07-31 10:07:04.784,241.61,64000,43665,61725,65535,65535,65535,65535,65535,65535
2026-07-31 10:07:04.835,241.66,64000,43665,61725,65535,65535,65535,65535,65535,65535
2026-07-31 10:07:04.879,241.71,64000,43665,61725,65535,65535,65535,65535,65535,65535
2026-07-31 10:07:04.927,241.76,60538,43665,61428,65535,65535,65535,65535,65535,65535
2026-07-31 10:07:04.976,241.81,60538,42308,61428,65535,65535,65535,65535,65535,65535
2026-07-31 10:07:05.023,241.85,60538,42308,61428,65535,65535,65535,65535,65535,65535
2026-07-31 10:07:05.071,241.9,60538,42308,61428,65535,65535,65535,65535,65535,65535
2026-07-31 10:07:05.108,241.94,60538,42308,61428,65535,65535,65535,65535,65535,65535
2026-07-31 10:07:05.158,241.99,60538,42308,61428,65535,65535,65535,65535,65535,65535
2026-07-31 10:07:05.210,242.04,60538,42308,61428,65535,65535,65535,65535,65535,65535
2026-07-31 10:07:05.267,242.1,60538,42308,61428,65535,65535,65535,65535,65535,65535
2026-07-31 10:07:05.317,242.15,60538,42308,61428,65535,65535,65535,65535,65535,65535
2026-07-31 10:07:05.369,242.2,60538,42308,61428,65535,65535,65535,65535,65535,65535
2026-07-31 10:07:05.426,242.25,60538,42308,61428,65535,65535,65535,65535,65535,65535
2026-07-31 10:07:05.476,242.31,60538,42308,61280,65535,65535,65535,65535,65535,65535
2026-07-31 10:07:05.523,242.35,54857,43665,61280,65535,65535,65535,65535,65535,65535
2026-07-31 10:07:05.572,242.4,54857,43665,61280,65535,65535,65535,65535,65535,65535
2026-07-31 10:07:05.632,242.46,54857,43665,61280,65535,65535,65535,65535,65535,65535
2026-07-31 10:07:05.691,242.52,54857,43665,61280,65535,65535,65535,65535,65535,65535
2026-07-31 10:07:05.742,242.57,54857,43665,61280,65535,65535,65535,65535,65535,65535
2026-07-31 10:07:05.788,242.62,54857,43665,61280,65535,65535,65535,65535,65535,65535
2026-07-31 10:07:05.838,242.67,54857,43665,61280,65535,65535,65535,65535,65535,65535
2026-07-31 10:07:05.887,242.72,54857,43665,61280,65535,65535,65535,65535,65535,65535
2026-07-31 10:07:05.934,242.76,54857,43665,61280,65535,65535,65535,65535,65535,65535
2026-07-31 10:07:05.981,242.81,54857,43665,61280,65535,65535,65535,65535,65535,65535
2026-07-31 10:07:06.029,242.86,54857,43665,61280,65535,65535,65535,65535,65535,65535
2026-07-31 10:07:06.079,242.91,54603,43919,61576,65535,65535,65535,65535,65535,65535
2026-07-31 10:07:06.114,242.94,54603,43919,61576,65535,65535,65535,65535,65535,65535
2026-07-31 10:07:06.162,242.99,54603,43919,61576,65535,65535,65535,65535,65535,65535
2026-07-31 10:07:06.210,243.04,54603,43919,61576,65535,65535,65535,65535,65535,65535
2026-07-31 10:07:06.258,243.09,54603,43919,61576,65535,65535,65535,65535,65535,65535
2026-07-31 10:07:06.306,243.14,54603,43919,61576,65535,65535,65535,65535,65535,65535
2026-07-31 10:07:06.352,243.18,54603,43919,61576,65535,65535,65535,65535,65535,65535
2026-07-31 10:07:06.402,243.23,54603,43919,61576,65535,65535,65535,65535,65535,65535
2026-07-31 10:07:06.449,243.28,54603,43919,61576,65535,65535,65535,65535,65535,65535
2026-07-31 10:07:06.494,243.32,54603,43919,61576,65535,65535,65535,65535,65535,65535
2026-07-31 10:07:06.542,243.37,54603,43919,61576,65535,65535,65535,65535,65535,65535
2026-07-31 10:07:06.591,243.42,54603,43919,61576,65535,65535,65535,65535,65535,65535
2026-07-31 10:07:06.626,243.46,65534,43919,49380,65535,65535,65535,65535,65535,65535
2026-07-31 10:07:06.674,243.5,65534,47141,49380,65535,65535,65535,65535,65535,65535
2026-07-31 10:07:06.718,243.55,65534,47141,49380,65535,65535,65535,65535,65535,65535
2026-07-31 10:07:06.768,243.6,65534,47141,49380,65535,65535,65535,65535,65535,65535
2026-07-31 10:07:06.813,243.64,65534,47141,49380,65535,65535,65535,65535,65535,65535
2026-07-31 10:07:06.862,243.69,65534,47141,49380,65535,65535,65535,65535,65535,65535
2026-07-31 10:07:06.911,243.74,65534,47141,49380,65535,65535,65535,65535,65535,65535
2026-07-31 10:07:06.956,243.79,65534,47141,49380,65535,65535,65535,65535,65535,65535
2026-07-31 10:07:07.004,243.83,65534,47141,49380,65535,65535,65535,65535,65535,65535
2026-07-31 10:07:07.052,243.88,65534,47141,49380,65535,65535,65535,65535,65535,65535
2026-07-31 10:07:07.099,243.93,65534,47141,49380,65535,65535,65535,65535,65535,65535
2026-07-31 10:07:07.133,243.96,65534,47141,49380,65535,65535,65535,65535,65535,65535
2026-07-31 10:07:07.179,244.01,65534,47141,61725,65535,65535,65535,65535,65535,65535
2026-07-31 10:07:07.225,244.05,54687,43665,61725,65535,65535,65535,65535,65535,65535
2026-07-31 10:07:07.273,244.1,54687,43665,61725,65535,65535,65535,65535,65535,65535
2026-07-31 10:07:07.322,244.15,54687,43665,61725,65535,65535,65535,65535,65535,65535
2026-07-31 10:07:07.368,244.2,54687,43665,61725,65535,65535,65535,65535,65535,65535
2026-07-31 10:07:07.414,244.24,54687,43665,61725,65535,65535,65535,65535,65535,65535
2026-07-31 10:07:07.461,244.29,54687,43665,61725,65535,65535,65535,65535,65535,65535
2026-07-31 10:07:07.506,244.34,54687,43665,61725,65535,65535,65535,65535,65535,65535
2026-07-31 10:07:07.553,244.38,54687,43665,61725,65535,65535,65535,65535,65535,65535
2026-07-31 10:07:07.603,244.43,54687,43665,61725,65535,65535,65535,65535,65535,65535
2026-07-31 10:07:07.642,244.47,54687,43665,61725,65535,65535,65535,65535,65535,65535
2026-07-31 10:07:07.689,244.52,54687,43665,61725,65535,65535,65535,65535,65535,65535
2026-07-31 10:07:07.739,244.57,54687,43665,61576,65535,65535,65535,65535,65535,65535
2026-07-31 10:07:07.786,244.62,63308,50745,61576,65535,65535,65535,65535,65535,65535
2026-07-31 10:07:07.831,244.66,63308,50745,61576,65535,65535,65535,65535,65535,65535
2026-07-31 10:07:07.879,244.71,63308,50745,61576,65535,65535,65535,65535,65535,65535
2026-07-31 10:07:07.930,244.76,63308,50745,61576,65535,65535,65535,65535,65535,65535
2026-07-31 10:07:07.977,244.81,63308,50745,61576,65535,65535,65535,65535,65535,65535
2026-07-31 10:07:08.023,244.85,63308,50745,61576,65535,65535,65535,65535,65535,65535
2026-07-31 10:07:08.068,244.9,63308,50745,61576,65535,65535,65535,65535,65535,65535
2026-07-31 10:07:08.102,244.93,63308,50745,61576,65535,65535,65535,65535,65535,65535
2026-07-31 10:07:08.149,244.98,63308,50745,61576,65535,65535,65535,65535,65535,65535
2026-07-31 10:07:08.195,245.02,63308,50745,61576,65535,65535,65535,65535,65535,65535
2026-07-31 10:07:08.242,245.07,63308,50745,61576,65535,65535,65535,65535,65535,65535
2026-07-31 10:07:08.290,245.12,63308,50745,61576,65535,65535,65535,65535,65535,65535
2026-07-31 10:07:08.336,245.17,54772,50745,61725,65535,65535,65535,65535,65535,65535
2026-07-31 10:07:08.386,245.22,54772,50943,61725,65535,65535,65535,65535,65535,65535
2026-07-31 10:07:08.434,245.26,54772,50943,61725,65535,65535,65535,65535,65535,65535
2026-07-31 10:07:08.480,245.31,54772,50943,61725,65535,65535,65535,65535,65535,65535
2026-07-31 10:07:08.526,245.35,54772,50943,61725,65535,65535,65535,65535,65535,65535
2026-07-31 10:07:08.572,245.4,54772,50943,61725,65535,65535,65535,65535,65535,65535
2026-07-31 10:07:08.607,245.44,54772,50943,61725,65535,65535,65535,65535,65535,65535
2026-07-31 10:07:08.641,245.47,54772,50943,61725,65535,65535,65535,65535,65535,65535
2026-07-31 10:07:08.685,245.51,54772,50943,61725,65535,65535,65535,65535,65535,65535
2026-07-31 10:07:08.737,245.57,54772,50943,61725,65535,65535,65535,65535,65535,65535
2026-07-31 10:07:08.782,245.61,54772,50943,61725,65535,65535,65535,65535,65535,65535
2026-07-31 10:07:08.832,245.66,54772,50943,61725,65535,65535,65535,65535,65535,65535
2026-07-31 10:07:08.877,245.71,54772,50943,61576,65535,65535,65535,65535,65535,65535
2026-07-31 10:07:08.926,245.76,54687,43495,61576,65535,65535,65535,65535,65535,65535
2026-07-31 10:07:08.974,245.8,54687,43495,61576,65535,65535,65535,65535,65535,65535
2026-07-31 10:07:09.022,245.85,54687,43495,61576,65535,65535,65535,65535,65535,65535
2026-07-31 10:07:09.069,245.9,54687,43495,61576,65535,65535,65535,65535,65535,65535
2026-07-31 10:07:09.115,245.94,54687,43495,61576,65535,65535,65535,65535,65535,65535
2026-07-31 10:07:09.151,245.98,54687,43495,61576,65535,65535,65535,65535,65535,65535
2026-07-31 10:07:09.200,246.03,54687,43495,61576,65535,65535,65535,65535,65535,65535
2026-07-31 10:07:09.249,246.08,54687,43495,61576,65535,65535,65535,65535,65535,65535
2026-07-31 10:07:09.299,246.13,54687,43495,61576,65535,65535,65535,65535,65535,65535
2026-07-31 10:07:09.344,246.17,54687,43495,61576,65535,65535,65535,65535,65535,65535
2026-07-31 10:07:09.393,246.22,54687,43495,61576,65535,65535,65535,65535,65535,65535
2026-07-31 10:07:09.437,246.27,54687,43495,49380,65535,65535,65535,65535,65535,65535
2026-07-31 10:07:09.488,246.32,65534,43835,49380,65535,65535,65535,65535,65535,65535
2026-07-31 10:07:09.532,246.36,65534,43835,49380,65535,65535,65535,65535,65535,65535
2026-07-31 10:07:09.581,246.41,65534,43835,49380,65535,65535,65535,65535,65535,65535
2026-07-31 10:07:09.617,246.45,65534,43835,49380,65535,65535,65535,65535,65535,65535
2026-07-31 10:07:09.653,246.48,65534,43835,49380,65535,65535,65535,65535,65535,65535
2026-07-31 10:07:09.698,246.53,65534,43835,49380,65535,65535,65535,65535,65535,65535
2026-07-31 10:07:09.743,246.57,65534,43835,49380,65535,65535,65535,65535,65535,65535
2026-07-31 10:07:09.794,246.62,65534,43835,49380,65535,65535,65535,65535,65535,65535
2026-07-31 10:07:09.843,246.67,65534,43835,49380,65535,65535,65535,65535,65535,65535
2026-07-31 10:07:09.889,246.72,65534,43835,49380,65535,65535,65535,65535,65535,65535
2026-07-31 10:07:09.933,246.76,65534,43835,49380,65535,65535,65535,65535,65535,65535
2026-07-31 10:07:09.984,246.81,65534,43835,49380,65535,65535,65535,65535,65535,65535
2026-07-31 10:07:10.030,246.86,63901,43835,61576,65535,65535,65535,65535,65535,65535
2026-07-31 10:07:10.078,246.91,63901,50943,61576,65535,65535,65535,65535,65535,65535
2026-07-31 10:07:10.118,246.95,63901,50943,61576,65535,65535,65535,65535,65535,65535
2026-07-31 10:07:10.156,246.99,63901,50943,61576,65535,65535,65535,65535,65535,65535
2026-07-31 10:07:10.201,247.03,63901,50943,61576,65535,65535,65535,65535,65535,65535
2026-07-31 10:07:10.250,247.08,63901,50943,61576,65535,65535,65535,65535,65535,65535
2026-07-31 10:07:10.295,247.12,63901,50943,61576,65535,65535,65535,65535,65535,65535
2026-07-31 10:07:10.344,247.17,63901,50943,61576,65535,65535,65535,65535,65535,65535
2026-07-31 10:07:10.390,247.22,63901,50943,61576,65535,65535,65535,65535,65535,65535
2026-07-31 10:07:10.442,247.27,63901,50943,61576,65535,65535,65535,65535,65535,65535
2026-07-31 10:07:10.491,247.32,63901,50943,61576,65535,65535,65535,65535,65535,65535
2026-07-31 10:07:10.541,247.37,63901,50943,61576,65535,65535,65535,65535,65535,65535
2026-07-31 10:07:10.587,247.42,60340,50943,62022,65535,65535,65535,65535,65535,65535
2026-07-31 10:07:10.625,247.45,60340,37168,62022,65535,65535,65535,65535,65535,65535
2026-07-31 10:07:10.674,247.5,60340,37168,62022,65535,65535,65535,65535,65535,65535
2026-07-31 10:07:10.726,247.56,60340,37168,62022,65535,65535,65535,65535,65535,65535
2026-07-31 10:07:10.775,247.6,60340,37168,62022,65535,65535,65535,65535,65535,65535
2026-07-31 10:07:10.824,247.65,60340,37168,62022,65535,65535,65535,65535,65535,65535
2026-07-31 10:07:10.870,247.7,60340,37168,62022,65535,65535,65535,65535,65535,65535
2026-07-31 10:07:10.918,247.75,60340,37168,62022,65535,65535,65535,65535,65535,65535
2026-07-31 10:07:10.966,247.8,60340,37168,62022,65535,65535,65535,65535,65535,65535
2026-07-31 10:07:11.011,247.84,60340,37168,62022,65535,65535,65535,65535,65535,65535
2026-07-31 10:07:11.061,247.89,60340,37168,62022,65535,65535,65535,65535,65535,65535
2026-07-31 10:07:11.109,247.94,60340,37168,62022,65535,65535,65535,65535,65535,65535
2026-07-31 10:07:11.145,247.97,60340,37168,48786,65535,65535,65535,65535,65535,65535
2026-07-31 10:07:11.193,248.02,63901,50745,48786,65535,65535,65535,65535,65535,65535
2026-07-31 10:07:11.237,248.07,63901,50745,48786,65535,65535,65535,65535,65535,65535
2026-07-31 10:07:11.287,248.12,63901,50745,48786,65535,65535,65535,65535,65535,65535
2026-07-31 10:07:11.334,248.16,63901,50745,48786,65535,65535,65535,65535,65535,65535
2026-07-31 10:07:11.383,248.21,63901,50745,48786,65535,65535,65535,65535,65535,65535
2026-07-31 10:07:11.439,248.27,63901,50745,48786,65535,65535,65535,65535,65535,65535
2026-07-31 10:07:11.486,248.32,63901,50745,48786,65535,65535,65535,65535,65535,65535
2026-07-31 10:07:11.535,248.36,63901,50745,48786,65535,65535,65535,65535,65535,65535
2026-07-31 10:07:11.584,248.41,63901,50745,48786,65535,65535,65535,65535,65535,65535
2026-07-31 10:07:11.624,248.45,63901,50745,48786,65535,65535,65535,65535,65535,65535
2026-07-31 10:07:11.659,248.49,63901,50745,48786,65535,65535,65535,65535,65535,65535
2026-07-31 10:07:11.704,248.53,63901,50745,61428,65535,65535,65535,65535,65535,65535
2026-07-31 10:07:11.751,248.58,54603,59944,61428,65535,65535,65535,65535,65535,65535
2026-07-31 10:07:11.798,248.63,54603,59944,61428,65535,65535,65535,65535,65535,65535
2026-07-31 10:07:11.847,248.68,54603,59944,61428,65535,65535,65535,65535,65535,65535
2026-07-31 10:07:11.899,248.73,54603,59944,61428,65535,65535,65535,65535,65535,65535
2026-07-31 10:07:11.942,248.77,54603,59944,61428,65535,65535,65535,65535,65535,65535
2026-07-31 10:07:11.991,248.82,54603,59944,61428,65535,65535,65535,65535,65535,65535
2026-07-31 10:07:12.039,248.87,54603,59944,61428,65535,65535,65535,65535,65535,65535
2026-07-31 10:07:12.087,248.92,54603,59944,61428,65535,65535,65535,65535,65535,65535
2026-07-31 10:07:12.123,248.95,54603,59944,61428,65535,65535,65535,65535,65535,65535
2026-07-31 10:07:12.158,248.99,54603,59944,61428,65535,65535,65535,65535,65535,65535
2026-07-31 10:07:12.204,249.03,54603,59944,61428,65535,65535,65535,65535,65535,65535
2026-07-31 10:07:12.250,249.08,54603,59944,61428,65535,65535,65535,65535,65535,65535
2026-07-31 10:07:12.298,249.13,65534,44767,61576,65535,65535,65535,65535,65535,65535
2026-07-31 10:07:12.343,249.17,65534,44767,61576,65535,65535,65535,65535,65535,65535
2026-07-31 10:07:12.395,249.22,65534,44767,61576,65535,65535,65535,65535,65535,65535
2026-07-31 10:07:12.439,249.27,65534,44767,61576,65535,65535,65535,65535,65535,65535
2026-07-31 10:07:12.486,249.32,65534,44767,61576,65535,65535,65535,65535,65535,65535
2026-07-31 10:07:12.533,249.36,65534,44767,61576,65535,65535,65535,65535,65535,65535
2026-07-31 10:07:12.583,249.41,65534,44767,61576,65535,65535,65535,65535,65535,65535
2026-07-31 10:07:12.629,249.46,65534,44767,61576,65535,65535,65535,65535,65535,65535
2026-07-31 10:07:12.666,249.5,65534,44767,61576,65535,65535,65535,65535,65535,65535
2026-07-31 10:07:12.709,249.54,65534,44767,61576,65535,65535,65535,65535,65535,65535
2026-07-31 10:07:12.757,249.59,65534,44767,61576,65535,65535,65535,65535,65535,65535
2026-07-31 10:07:12.805,249.63,65534,44767,61576,65535,65535,65535,65535,65535,65535
2026-07-31 10:07:12.854,249.68,54687,44767,62170,65535,65535,65535,65535,65535,65535
2026-07-31 10:07:12.899,249.73,54687,43750,62170,65535,65535,65535,65535,65535,65535
2026-07-31 10:07:12.945,249.77,54687,43750,62170,65535,65535,65535,65535,65535,65535
2026-07-31 10:07:12.992,249.82,54687,43750,62170,65535,65535,65535,65535,65535,65535
2026-07-31 10:07:13.041,249.87,54687,43750,62170,65535,65535,65535,65535,65535,65535
2026-07-31 10:07:13.088,249.92,54687,43750,62170,65535,65535,65535,65535,65535,65535
2026-07-31 10:07:13.125,249.95,54687,43750,62170,65535,65535,65535,65535,65535,65535
2026-07-31 10:07:13.161,249.99,54687,43750,62170,65535,65535,65535,65535,65535,65535
2026-07-31 10:07:13.207,250.04,54687,43750,62170,65535,65535,65535,65535,65535,65535
2026-07-31 10:07:13.256,250.09,54687,43750,62170,65535,65535,65535,65535,65535,65535
2026-07-31 10:07:13.303,250.13,54687,43750,62170,65535,65535,65535,65535,65535,65535
2026-07-31 10:07:13.350,250.18,54687,43750,62170,65535,65535,65535,65535,65535,65535
2026-07-31 10:07:13.397,250.23,54687,43750,65534,65535,65535,65535,65535,65535,65535
2026-07-31 10:07:13.444,250.27,63802,42139,65534,65535,65535,65535,65535,65535,65535
2026-07-31 10:07:13.490,250.32,63802,42139,65534,65535,65535,65535,65535,65535,65535
2026-07-31 10:07:13.540,250.37,63802,42139,65534,65535,65535,65535,65535,65535,65535
2026-07-31 10:07:13.584,250.41,63802,42139,65534,65535,65535,65535,65535,65535,65535
2026-07-31 10:07:13.629,250.46,63802,42139,65534,65535,65535,65535,65535,65535,65535
2026-07-31 10:07:13.666,250.5,63802,42139,65534,65535,65535,65535,65535,65535,65535
2026-07-31 10:07:13.709,250.54,63802,42139,65534,65535,65535,65535,65535,65535,65535
2026-07-31 10:07:13.758,250.59,63802,42139,65534,65535,65535,65535,65535,65535,65535
2026-07-31 10:07:13.804,250.63,63802,42139,65534,65535,65535,65535,65535,65535,65535
2026-07-31 10:07:13.852,250.68,63802,42139,65534,65535,65535,65535,65535,65535,65535
2026-07-31 10:07:13.904,250.73,63802,42139,65534,65535,65535,65535,65535,65535,65535
2026-07-31 10:07:13.950,250.78,63802,42139,65534,65535,65535,65535,65535,65535,65535
2026-07-31 10:07:13.997,250.83,63802,51140,49261,65535,65535,65535,65535,65535,65535
2026-07-31 10:07:14.043,250.87,63802,51140,49261,65535,65535,65535,65535,65535,65535
2026-07-31 10:07:14.092,250.92,63802,51140,49261,65535,65535,65535,65535,65535,65535
2026-07-31 10:07:14.129,250.96,63802,51140,49261,65535,65535,65535,65535,65535,65535
2026-07-31 10:07:14.164,250.99,63802,51140,49261,65535,65535,65535,65535,65535,65535
2026-07-31 10:07:14.208,251.04,63802,51140,49261,65535,65535,65535,65535,65535,65535
2026-07-31 10:07:14.260,251.09,63802,51140,49261,65535,65535,65535,65535,65535,65535
2026-07-31 10:07:14.305,251.13,63802,51140,49261,65535,65535,65535,65535,65535,65535
2026-07-31 10:07:14.353,251.18,63802,51140,49261,65535,65535,65535,65535,65535,65535
2026-07-31 10:07:14.399,251.23,63802,51140,49261,65535,65535,65535,65535,65535,65535
2026-07-31 10:07:14.447,251.28,63802,51140,49261,65535,65535,65535,65535,65535,65535
2026-07-31 10:07:14.495,251.32,63802,51140,49261,65535,65535,65535,65535,65535,65535
2026-07-31 10:07:14.542,251.37,54857,51140,49024,65535,65535,65535,65535,65535,65535
2026-07-31 10:07:14.592,251.42,54857,43835,49024,65535,65535,65535,65535,65535,65535
2026-07-31 10:07:14.635,251.46,54857,43835,49024,65535,65535,65535,65535,65535,65535
2026-07-31 10:07:14.676,251.51,54857,43835,49024,65535,65535,65535,65535,65535,65535
2026-07-31 10:07:14.722,251.55,54857,43835,49024,65535,65535,65535,65535,65535,65535
2026-07-31 10:07:14.767,251.6,54857,43835,49024,65535,65535,65535,65535,65535,65535
2026-07-31 10:07:14.816,251.65,54857,43835,49024,65535,65535,65535,65535,65535,65535
2026-07-31 10:07:14.865,251.69,54857,43835,49024,65535,65535,65535,65535,65535,65535
2026-07-31 10:07:14.912,251.74,54857,43835,49024,65535,65535,65535,65535,65535,65535
2026-07-31 10:07:14.958,251.79,54857,43835,49024,65535,65535,65535,65535,65535,65535
2026-07-31 10:07:15.005,251.83,54857,43835,49024,65535,65535,65535,65535,65535,65535
2026-07-31 10:07:15.054,251.88,54857,43835,49024,65535,65535,65535,65535,65535,65535
2026-07-31 10:07:15.101,251.93,54857,43835,61576,65535,65535,65535,65535,65535,65535
2026-07-31 10:07:15.153,251.98,54857,43665,61576,65535,65535,65535,65535,65535,65535
2026-07-31 10:07:15.192,252.02,54857,43665,61576,65535,65535,65535,65535,65535,65535
2026-07-31 10:07:15.238,252.07,54857,43665,61576,65535,65535,65535,65535,65535,65535
2026-07-31 10:07:15.288,252.12,54857,43665,61576,65535,65535,65535,65535,65535,65535
2026-07-31 10:07:15.336,252.17,54857,43665,61576,65535,65535,65535,65535,65535,65535
2026-07-31 10:07:15.384,252.21,54857,43665,61576,65535,65535,65535,65535,65535,65535
2026-07-31 10:07:15.432,252.26,54857,43665,61576,65535,65535,65535,65535,65535,65535
2026-07-31 10:07:15.477,252.31,54857,43665,61576,65535,65535,65535,65535,65535,65535
2026-07-31 10:07:15.527,252.36,54857,43665,61576,65535,65535,65535,65535,65535,65535
2026-07-31 10:07:15.573,252.4,54857,43665,61576,65535,65535,65535,65535,65535,65535
2026-07-31 10:07:15.621,252.45,54857,43665,61576,65535,65535,65535,65535,65535,65535
2026-07-31 10:07:15.659,252.49,54857,43665,61873,65535,65535,65535,65535,65535,65535
2026-07-31 10:07:15.693,252.52,54772,43665,61873,65535,65535,65535,65535,65535,65535
2026-07-31 10:07:15.740,252.57,54772,51042,61873,65535,65535,65535,65535,65535,65535
2026-07-31 10:07:15.786,252.62,54772,51042,61873,65535,65535,65535,65535,65535,65535
2026-07-31 10:07:15.834,252.66,54772,51042,61873,65535,65535,65535,65535,65535,65535
2026-07-31 10:07:15.880,252.71,54772,51042,61873,65535,65535,65535,65535,65535,65535
2026-07-31 10:07:15.931,252.76,54772,51042,61873,65535,65535,65535,65535,65535,65535
2026-07-31 10:07:15.975,252.8,54772,51042,61873,65535,65535,65535,65535,65535,65535
2026-07-31 10:07:16.029,252.86,54772,51042,61873,65535,65535,65535,65535,65535,65535
2026-07-31 10:07:16.081,252.91,54772,51042,61873,65535,65535,65535,65535,65535,65535
2026-07-31 10:07:16.128,252.96,54772,51042,61873,65535,65535,65535,65535,65535,65535
2026-07-31 10:07:16.165,252.99,54772,51042,61873,65535,65535,65535,65535,65535,65535
2026-07-31 10:07:16.214,253.04,54772,51042,61873,65535,65535,65535,65535,65535,65535
2026-07-31 10:07:16.261,253.09,60439,42139,61873,65535,65535,65535,65535,65535,65535
2026-07-31 10:07:16.308,253.14,60439,42139,61873,65535,65535,65535,65535,65535,65535
2026-07-31 10:07:16.352,253.18,60439,42139,61873,65535,65535,65535,65535,65535,65535
2026-07-31 10:07:16.405,253.23,60439,42139,61873,65535,65535,65535,65535,65535,65535
2026-07-31 10:07:16.459,253.29,60439,42139,61873,65535,65535,65535,65535,65535,65535
2026-07-31 10:07:16.508,253.34,60439,42139,61873,65535,65535,65535,65535,65535,65535
2026-07-31 10:07:16.557,253.39,60439,42139,61873,65535,65535,65535,65535,65535,65535
2026-07-31 10:07:16.604,253.43,60439,42139,61873,65535,65535,65535,65535,65535,65535
2026-07-31 10:07:16.644,253.47,60439,42139,61873,65535,65535,65535,65535,65535,65535
2026-07-31 10:07:16.684,253.51,60439,42139,61873,65535,65535,65535,65535,65535,65535
2026-07-31 10:07:16.727,253.56,60439,42139,61873,65535,65535,65535,65535,65535,65535
2026-07-31 10:07:16.776,253.61,60439,42139,61873,65535,65535,65535,65535,65535,65535
2026-07-31 10:07:16.824,253.65,63802,42139,60983,65535,65535,65535,65535,65535,65535
2026-07-31 10:07:16.876,253.71,63802,38058,60983,65535,65535,65535,65535,65535,65535
2026-07-31 10:07:16.927,253.76,63802,38058,60983,65535,65535,65535,65535,65535,65535
2026-07-31 10:07:16.970,253.8,63802,38058,60983,65535,65535,65535,65535,65535,65535
2026-07-31 10:07:17.018,253.85,63802,38058,60983,65535,65535,65535,65535,65535,65535
2026-07-31 10:07:17.067,253.9,63802,38058,60983,65535,65535,65535,65535,65535,65535
2026-07-31 10:07:17.118,253.95,63802,38058,60983,65535,65535,65535,65535,65535,65535
2026-07-31 10:07:17.153,253.98,63802,38058,60983,65535,65535,65535,65535,65535,65535
2026-07-31 10:07:17.199,254.03,63802,38058,60983,65535,65535,65535,65535,65535,65535
2026-07-31 10:07:17.247,254.08,63802,38058,60983,65535,65535,65535,65535,65535,65535
2026-07-31 10:07:17.295,254.12,63802,38058,60983,65535,65535,65535,65535,65535,65535
2026-07-31 10:07:17.340,254.17,63802,38058,60983,65535,65535,65535,65535,65535,65535
2026-07-31 10:07:17.391,254.22,54772,43665,61725,65535,65535,65535,65535,65535,65535
2026-07-31 10:07:17.436,254.27,54772,43665,61725,65535,65535,65535,65535,65535,65535
2026-07-31 10:07:17.488,254.32,54772,43665,61725,65535,65535,65535,65535,65535,65535
2026-07-31 10:07:17.531,254.36,54772,43665,61725,65535,65535,65535,65535,65535,65535
2026-07-31 10:07:17.582,254.41,54772,43665,61725,65535,65535,65535,65535,65535,65535
2026-07-31 10:07:17.624,254.45,54772,43665,61725,65535,65535,65535,65535,65535,65535
2026-07-31 10:07:17.660,254.49,54772,43665,61725,65535,65535,65535,65535,65535,65535
2026-07-31 10:07:17.696,254.52,54772,43665,61725,65535,65535,65535,65535,65535,65535
2026-07-31 10:07:17.742,254.57,54772,43665,61725,65535,65535,65535,65535,65535,65535
2026-07-31 10:07:17.788,254.62,54772,43665,61725,65535,65535,65535,65535,65535,65535
2026-07-31 10:07:17.836,254.67,54772,43665,61725,65535,65535,65535,65535,65535,65535
2026-07-31 10:07:17.887,254.72,54772,43665,61725,65535,65535,65535,65535,65535,65535
2026-07-31 10:07:17.931,254.76,54772,43665,61873,65535,65535,65535,65535,65535,65535
2026-07-31 10:07:17.983,254.81,57485,45022,61873,65535,65535,65535,65535,65535,65535
2026-07-31 10:07:18.026,254.86,57485,45022,61873,65535,65535,65535,65535,65535,65535
2026-07-31 10:07:18.077,254.91,57485,45022,61873,65535,65535,65535,65535,65535,65535
2026-07-31 10:07:18.124,254.95,57485,45022,61873,65535,65535,65535,65535,65535,65535
2026-07-31 10:07:18.165,254.99,57485,45022,61873,65535,65535,65535,65535,65535,65535
2026-07-31 10:07:18.203,255.03,57485,45022,61873,65535,65535,65535,65535,65535,65535
2026-07-31 10:07:18.248,255.08,57485,45022,61873,65535,65535,65535,65535,65535,65535
2026-07-31 10:07:18.295,255.12,57485,45022,61873,65535,65535,65535,65535,65535,65535
2026-07-31 10:07:18.344,255.17,57485,45022,61873,65535,65535,65535,65535,65535,65535
2026-07-31 10:07:18.389,255.22,57485,45022,61873,65535,65535,65535,65535,65535,65535
2026-07-31 10:07:18.439,255.27,57485,45022,61873,65535,65535,65535,65535,65535,65535
2026-07-31 10:07:18.488,255.32,57485,45022,62170,65535,65535,65535,65535,65535,65535
2026-07-31 10:07:18.535,255.36,63802,50943,62170,65535,65535,65535,65535,65535,65535
2026-07-31 10:07:18.581,255.41,63802,50943,62170,65535,65535,65535,65535,65535,65535
2026-07-31 10:07:18.628,255.46,63802,50943,62170,65535,65535,65535,65535,65535,65535
2026-07-31 10:07:18.663,255.49,63802,50943,62170,65535,65535,65535,65535,65535,65535
2026-07-31 10:07:18.699,255.53,63802,50943,62170,65535,65535,65535,65535,65535,65535
2026-07-31 10:07:18.744,255.57,63802,50943,62170,65535,65535,65535,65535,65535,65535
2026-07-31 10:07:18.793,255.62,63802,50943,62170,65535,65535,65535,65535,65535,65535
2026-07-31 10:07:18.838,255.67,63802,50943,62170,65535,65535,65535,65535,65535,65535
2026-07-31 10:07:18.886,255.72,63802,50943,62170,65535,65535,65535,65535,65535,65535
2026-07-31 10:07:18.933,255.76,63802,50943,62170,65535,65535,65535,65535,65535,65535
2026-07-31 10:07:18.986,255.82,63802,50943,62170,65535,65535,65535,65535,65535,65535
2026-07-31 10:07:19.034,255.86,63802,50943,62170,65535,65535,65535,65535,65535,65535
2026-07-31 10:07:19.084,255.91,65534,50943,61873,65535,65535,65535,65535,65535,65535
2026-07-31 10:07:19.132,255.96,65534,43750,61873,65535,65535,65535,65535,65535,65535
2026-07-31 10:07:19.173,256.0,65534,43750,61873,65535,65535,65535,65535,65535,65535
2026-07-31 10:07:19.207,256.04,65534,43750,61873,65535,65535,65535,65535,65535,65535
2026-07-31 10:07:19.253,256.08,65534,43750,61873,65535,65535,65535,65535,65535,65535
2026-07-31 10:07:19.301,256.13,65534,43750,61873,65535,65535,65535,65535,65535,65535
2026-07-31 10:07:19.351,256.18,65534,43750,61873,65535,65535,65535,65535,65535,65535
2026-07-31 10:07:19.398,256.23,65534,43750,61873,65535,65535,65535,65535,65535,65535
2026-07-31 10:07:19.444,256.27,65534,43750,61873,65535,65535,65535,65535,65535,65535
2026-07-31 10:07:19.490,256.32,65534,43750,61873,65535,65535,65535,65535,65535,65535
2026-07-31 10:07:19.542,256.37,65534,43750,61873,65535,65535,65535,65535,65535,65535
2026-07-31 10:07:19.592,256.42,65534,43750,61873,65535,65535,65535,65535,65535,65535
2026-07-31 10:07:19.640,256.47,54603,43750,62022,65535,65535,65535,65535,65535,65535
2026-07-31 10:07:19.684,256.51,54603,50943,62022,65535,65535,65535,65535,65535,65535
2026-07-31 10:07:19.723,256.55,54603,50943,62022,65535,65535,65535,65535,65535,65535
2026-07-31 10:07:19.770,256.6,54603,50943,62022,65535,65535,65535,65535,65535,65535
2026-07-31 10:07:19.817,256.65,54603,50943,62022,65535,65535,65535,65535,65535,65535
2026-07-31 10:07:19.863,256.69,54603,50943,62022,65535,65535,65535,65535,65535,65535
2026-07-31 10:07:19.912,256.74,54603,50943,62022,65535,65535,65535,65535,65535,65535
2026-07-31 10:07:19.958,256.79,54603,50943,62022,65535,65535,65535,65535,65535,65535
2026-07-31 10:07:20.007,256.84,54603,50943,62022,65535,65535,65535,65535,65535,65535
2026-07-31 10:07:20.051,256.88,54603,50943,62022,65535,65535,65535,65535,65535,65535
2026-07-31 10:07:20.102,256.93,54603,50943,62022,65535,65535,65535,65535,65535,65535
2026-07-31 10:07:20.149,256.98,54603,50943,62022,65535,65535,65535,65535,65535,65535
2026-07-31 10:07:20.187,257.02,54603,50943,49142,65535,65535,65535,65535,65535,65535
2026-07-31 10:07:20.223,257.05,54772,58757,49142,65535,65535,65535,65535,65535,65535
2026-07-31 10:07:20.267,257.1,54772,58757,49142,65535,65535,65535,65535,65535,65535
2026-07-31 10:07:20.314,257.14,54772,58757,49142,65535,65535,65535,65535,65535,65535
2026-07-31 10:07:20.363,257.19,54772,58757,49142,65535,65535,65535,65535,65535,65535
2026-07-31 10:07:20.411,257.24,54772,58757,49142,65535,65535,65535,65535,65535,65535
2026-07-31 10:07:20.458,257.29,54772,58757,49142,65535,65535,65535,65535,65535,65535
2026-07-31 10:07:20.505,257.33,54772,58757,49142,65535,65535,65535,65535,65535,65535
2026-07-31 10:07:20.553,257.38,54772,58757,49142,65535,65535,65535,65535,65535,65535
2026-07-31 10:07:20.604,257.43,54772,58757,49142,65535,65535,65535,65535,65535,65535
2026-07-31 10:07:20.650,257.48,54772,58757,49142,65535,65535,65535,65535,65535,65535
2026-07-31 10:07:20.687,257.52,54772,58757,49142,65535,65535,65535,65535,65535,65535
2026-07-31 10:07:20.721,257.55,54772,58757,49142,65535,65535,65535,65535,65535,65535
2026-07-31 10:07:20.765,257.59,54603,58757,61428,65535,65535,65535,65535,65535,65535
2026-07-31 10:07:20.815,257.64,54603,43495,61428,65535,65535,65535,65535,65535,65535
2026-07-31 10:07:20.863,257.69,54603,43495,61428,65535,65535,65535,65535,65535,65535
2026-07-31 10:07:20.908,257.74,54603,43495,61428,65535,65535,65535,65535,65535,65535
2026-07-31 10:07:20.957,257.79,54603,43495,61428,65535,65535,65535,65535,65535,65535
2026-07-31 10:07:21.005,257.83,54603,43495,61428,65535,65535,65535,65535,65535,65535
2026-07-31 10:07:21.055,257.88,54603,43495,61428,65535,65535,65535,65535,65535,65535
2026-07-31 10:07:21.099,257.93,54603,43495,61428,65535,65535,65535,65535,65535,65535
2026-07-31 10:07:21.144,257.97,54603,43495,61428,65535,65535,65535,65535,65535,65535
2026-07-31 10:07:21.183,258.01,54603,43495,61428,65535,65535,65535,65535,65535,65535
2026-07-31 10:07:21.219,258.05,54603,43495,61428,65535,65535,65535,65535,65535,65535
2026-07-31 10:07:21.265,258.09,54603,43495,61428,65535,65535,65535,65535,65535,65535
2026-07-31 10:07:21.312,258.14,54603,43495,61725,65535,65535,65535,65535,65535,65535
2026-07-31 10:07:21.358,258.19,63901,43750,61725,65535,65535,65535,65535,65535,65535
2026-07-31 10:07:21.407,258.24,63901,43750,61725,65535,65535,65535,65535,65535,65535
2026-07-31 10:07:21.453,258.28,63901,43750,61725,65535,65535,65535,65535,65535,65535
2026-07-31 10:07:21.501,258.33,63901,43750,61725,65535,65535,65535,65535,65535,65535
2026-07-31 10:07:21.547,258.38,63901,43750,61725,65535,65535,65535,65535,65535,65535
2026-07-31 10:07:21.596,258.43,63901,43750,61725,65535,65535,65535,65535,65535,65535
2026-07-31 10:07:21.642,258.47,63901,43750,61725,65535,65535,65535,65535,65535,65535
2026-07-31 10:07:21.679,258.51,63901,43750,61725,65535,65535,65535,65535,65535,65535
2026-07-31 10:07:21.715,258.54,63901,43750,61725,65535,65535,65535,65535,65535,65535
2026-07-31 10:07:21.760,258.59,63901,43750,61725,65535,65535,65535,65535,65535,65535
2026-07-31 10:07:21.807,258.64,63901,43750,61725,65535,65535,65535,65535,65535,65535
2026-07-31 10:07:21.851,258.68,63901,43750,61725,65535,65535,65535,65535,65535,65535
2026-07-31 10:07:21.901,258.73,60637,43750,61576,65535,65535,65535,65535,65535,65535
2026-07-31 10:07:21.947,258.78,60637,42224,61576,65535,65535,65535,65535,65535,65535
2026-07-31 10:07:21.994,258.82,60637,42224,61576,65535,65535,65535,65535,65535,65535
2026-07-31 10:07:22.041,258.87,60637,42224,61576,65535,65535,65535,65535,65535,65535
2026-07-31 10:07:22.088,258.92,60637,42224,61576,65535,65535,65535,65535,65535,65535
2026-07-31 10:07:22.132,258.96,60637,42224,61576,65535,65535,65535,65535,65535,65535
2026-07-31 10:07:22.180,259.01,60637,42224,61576,65535,65535,65535,65535,65535,65535
2026-07-31 10:07:22.217,259.05,60637,42224,61576,65535,65535,65535,65535,65535,65535
2026-07-31 10:07:22.261,259.09,60637,42224,61576,65535,65535,65535,65535,65535,65535
2026-07-31 10:07:22.309,259.14,60637,42224,61576,65535,65535,65535,65535,65535,65535
2026-07-31 10:07:22.356,259.19,60637,42224,61576,65535,65535,65535,65535,65535,65535
2026-07-31 10:07:22.402,259.23,60637,42224,61576,65535,65535,65535,65535,65535,65535
2026-07-31 10:07:22.448,259.28,60637,42224,60983,65535,65535,65535,65535,65535,65535
2026-07-31 10:07:22.497,259.33,63802,43835,60983,65535,65535,65535,65535,65535,65535
2026-07-31 10:07:22.545,259.37,63802,43835,60983,65535,65535,65535,65535,65535,65535
2026-07-31 10:07:22.592,259.42,63802,43835,60983,65535,65535,65535,65535,65535,65535
2026-07-31 10:07:22.646,259.48,63802,43835,60983,65535,65535,65535,65535,65535,65535
2026-07-31 10:07:22.683,259.51,63802,43835,60983,65535,65535,65535,65535,65535,65535
2026-07-31 10:07:22.729,259.56,63802,43835,60983,65535,65535,65535,65535,65535,65535
2026-07-31 10:07:22.777,259.61,63802,43835,60983,65535,65535,65535,65535,65535,65535
2026-07-31 10:07:22.821,259.65,63802,43835,60983,65535,65535,65535,65535,65535,65535
2026-07-31 10:07:22.870,259.7,63802,43835,60983,65535,65535,65535,65535,65535,65535
2026-07-31 10:07:22.919,259.75,63802,43835,60983,65535,65535,65535,65535,65535,65535
2026-07-31 10:07:22.963,259.79,63802,43835,60983,65535,65535,65535,65535,65535,65535
2026-07-31 10:07:23.011,259.84,63802,43835,61576,65535,65535,65535,65535,65535,65535
2026-07-31 10:07:23.056,259.89,63802,50943,61576,65535,65535,65535,65535,65535,65535
2026-07-31 10:07:23.107,259.94,63802,50943,61576,65535,65535,65535,65535,65535,65535
2026-07-31 10:07:23.154,259.98,63802,50943,61576,65535,65535,65535,65535,65535,65535
2026-07-31 10:07:23.199,260.03,63802,50943,61576,65535,65535,65535,65535,65535,65535
2026-07-31 10:07:23.238,260.07,63802,50943,61576,65535,65535,65535,65535,65535,65535
2026-07-31 10:07:23.283,260.11,63802,50943,61576,65535,65535,65535,65535,65535,65535
2026-07-31 10:07:23.332,260.16,63802,50943,61576,65535,65535,65535,65535,65535,65535
2026-07-31 10:07:23.380,260.21,63802,50943,61576,65535,65535,65535,65535,65535,65535
2026-07-31 10:07:23.428,260.26,63802,50943,61576,65535,65535,65535,65535,65535,65535
2026-07-31 10:07:23.478,260.31,63802,50943,61576,65535,65535,65535,65535,65535,65535
2026-07-31 10:07:23.523,260.35,63802,50943,61576,65535,65535,65535,65535,65535,65535
2026-07-31 10:07:23.571,260.4,63802,50943,61725,65535,65535,65535,65535,65535,65535
2026-07-31 10:07:23.618,260.45,59944,45276,61725,65535,65535,65535,65535,65535,65535
2026-07-31 10:07:23.670,260.5,59944,45276,61725,65535,65535,65535,65535,65535,65535
2026-07-31 10:07:23.709,260.54,59944,45276,61725,65535,65535,65535,65535,65535,65535
2026-07-31 10:07:23.754,260.58,59944,45276,61725,65535,65535,65535,65535,65535,65535
2026-07-31 10:07:23.800,260.63,59944,45276,61725,65535,65535,65535,65535,65535,65535
2026-07-31 10:07:23.848,260.68,59944,45276,61725,65535,65535,65535,65535,65535,65535
2026-07-31 10:07:23.898,260.73,59944,45276,61725,65535,65535,65535,65535,65535,65535
2026-07-31 10:07:23.944,260.77,59944,45276,61725,65535,65535,65535,65535,65535,65535
2026-07-31 10:07:23.991,260.82,59944,45276,61725,65535,65535,65535,65535,65535,65535
2026-07-31 10:07:24.040,260.87,59944,45276,61725,65535,65535,65535,65535,65535,65535
2026-07-31 10:07:24.087,260.92,59944,45276,61725,65535,65535,65535,65535,65535,65535
2026-07-31 10:07:24.135,260.96,59944,45276,62318,65535,65535,65535,65535,65535,65535
2026-07-31 10:07:24.177,261.01,63604,45276,62318,65535,65535,65535,65535,65535,65535
2026-07-31 10:07:24.216,261.05,63604,43665,62318,65535,65535,65535,65535,65535,65535
2026-07-31 10:07:24.264,261.09,63604,43665,62318,65535,65535,65535,65535,65535,65535
2026-07-31 10:07:24.313,261.14,63604,43665,62318,65535,65535,65535,65535,65535,65535
2026-07-31 10:07:24.360,261.19,63604,43665,62318,65535,65535,65535,65535,65535,65535
2026-07-31 10:07:24.404,261.23,63604,43665,62318,65535,65535,65535,65535,65535,65535
2026-07-31 10:07:24.453,261.28,63604,43665,62318,65535,65535,65535,65535,65535,65535
2026-07-31 10:07:24.499,261.33,63604,43665,62318,65535,65535,65535,65535,65535,65535
2026-07-31 10:07:24.545,261.37,63604,43665,62318,65535,65535,65535,65535,65535,65535
2026-07-31 10:07:24.593,261.42,63604,43665,62318,65535,65535,65535,65535,65535,65535
2026-07-31 10:07:24.645,261.47,63604,43665,62318,65535,65535,65535,65535,65535,65535
2026-07-31 10:07:24.683,261.51,63604,43665,62318,65535,65535,65535,65535,65535,65535
2026-07-31 10:07:24.730,261.56,60241,43665,61428,65535,65535,65535,65535,65535,65535
2026-07-31 10:07:24.777,261.61,60241,43835,61428,65535,65535,65535,65535,65535,65535
2026-07-31 10:07:24.823,261.65,60241,43835,61428,65535,65535,65535,65535,65535,65535
2026-07-31 10:07:24.868,261.7,60241,43835,61428,65535,65535,65535,65535,65535,65535
2026-07-31 10:07:24.917,261.75,60241,43835,61428,65535,65535,65535,65535,65535,65535
2026-07-31 10:07:24.970,261.8,60241,43835,61428,65535,65535,65535,65535,65535,65535
2026-07-31 10:07:25.015,261.84,60241,43835,61428,65535,65535,65535,65535,65535,65535
2026-07-31 10:07:25.062,261.89,60241,43835,61428,65535,65535,65535,65535,65535,65535
2026-07-31 10:07:25.112,261.94,60241,43835,61428,65535,65535,65535,65535,65535,65535
2026-07-31 10:07:25.159,261.99,60241,43835,61428,65535,65535,65535,65535,65535,65535
2026-07-31 10:07:25.200,262.03,60241,43835,61428,65535,65535,65535,65535,65535,65535
2026-07-31 10:07:25.237,262.07,60241,43835,61428,65535,65535,65535,65535,65535,65535
2026-07-31 10:07:25.285,262.11,60241,43835,61428,65535,65535,65535,65535,65535,65535
2026-07-31 10:07:25.329,262.16,54772,42478,61428,65535,65535,65535,65535,65535,65535
2026-07-31 10:07:25.379,262.21,54772,42478,61428,65535,65535,65535,65535,65535,65535
2026-07-31 10:07:25.421,262.25,54772,42478,61428,65535,65535,65535,65535,65535,65535
2026-07-31 10:07:25.472,262.3,54772,42478,61428,65535,65535,65535,65535,65535,65535
2026-07-31 10:07:25.516,262.35,54772,42478,61428,65535,65535,65535,65535,65535,65535
2026-07-31 10:07:25.566,262.4,54772,42478,61428,65535,65535,65535,65535,65535,65535
2026-07-31 10:07:25.611,262.44,54772,42478,61428,65535,65535,65535,65535,65535,65535
2026-07-31 10:07:25.657,262.49,54772,42478,61428,65535,65535,65535,65535,65535,65535
2026-07-31 10:07:25.706,262.54,54772,42478,61428,65535,65535,65535,65535,65535,65535
2026-07-31 10:07:25.742,262.57,54772,42478,61428,65535,65535,65535,65535,65535,65535
2026-07-31 10:07:25.787,262.62,54772,42478,61428,65535,65535,65535,65535,65535,65535
2026-07-31 10:07:25.836,262.67,54772,42478,61428,65535,65535,65535,65535,65535,65535
2026-07-31 10:07:25.880,262.71,65534,42478,61725,65535,65535,65535,65535,65535,65535
2026-07-31 10:07:25.930,262.76,65534,50745,61725,65535,65535,65535,65535,65535,65535
2026-07-31 10:07:25.977,262.81,65534,50745,61725,65535,65535,65535,65535,65535,65535
2026-07-31 10:07:26.027,262.86,65534,50745,61725,65535,65535,65535,65535,65535,65535
2026-07-31 10:07:26.071,262.9,65534,50745,61725,65535,65535,65535,65535,65535,65535
2026-07-31 10:07:26.120,262.95,65534,50745,61725,65535,65535,65535,65535,65535,65535
2026-07-31 10:07:26.164,262.99,65534,50745,61725,65535,65535,65535,65535,65535,65535
2026-07-31 10:07:26.206,263.04,65534,50745,61725,65535,65535,65535,65535,65535,65535
2026-07-31 10:07:26.245,263.07,65534,50745,61725,65535,65535,65535,65535,65535,65535
2026-07-31 10:07:26.289,263.12,65534,50745,61725,65535,65535,65535,65535,65535,65535
2026-07-31 10:07:26.337,263.17,65534,50745,61725,65535,65535,65535,65535,65535,65535
2026-07-31 10:07:26.384,263.21,65534,50745,61725,65535,65535,65535,65535,65535,65535
2026-07-31 10:07:26.433,263.26,63901,50745,61576,65535,65535,65535,65535,65535,65535
2026-07-31 10:07:26.487,263.32,63901,45191,61576,65535,65535,65535,65535,65535,65535
2026-07-31 10:07:26.539,263.37,63901,45191,61576,65535,65535,65535,65535,65535,65535
2026-07-31 10:07:26.585,263.41,63901,45191,61576,65535,65535,65535,65535,65535,65535
2026-07-31 10:07:26.632,263.46,63901,45191,61576,65535,65535,65535,65535,65535,65535
2026-07-31 10:07:26.679,263.51,63901,45191,61576,65535,65535,65535,65535,65535,65535
2026-07-31 10:07:26.714,263.54,63901,45191,61576,65535,65535,65535,65535,65535,65535
2026-07-31 10:07:26.761,263.59,63901,45191,61576,65535,65535,65535,65535,65535,65535
2026-07-31 10:07:26.807,263.64,63901,45191,61576,65535,65535,65535,65535,65535,65535
2026-07-31 10:07:26.857,263.69,63901,45191,61576,65535,65535,65535,65535,65535,65535
2026-07-31 10:07:26.907,263.74,63901,45191,61576,65535,65535,65535,65535,65535,65535
2026-07-31 10:07:26.956,263.79,63901,45191,61576,65535,65535,65535,65535,65535,65535
2026-07-31 10:07:27.001,263.83,55111,45191,61428,65535,65535,65535,65535,65535,65535
2026-07-31 10:07:27.050,263.88,55111,43580,61428,65535,65535,65535,65535,65535,65535
2026-07-31 10:07:27.095,263.92,55111,43580,61428,65535,65535,65535,65535,65535,65535
2026-07-31 10:07:27.143,263.97,55111,43580,61428,65535,65535,65535,65535,65535,65535
2026-07-31 10:07:27.198,264.03,55111,43580,61428,65535,65535,65535,65535,65535,65535
2026-07-31 10:07:27.234,264.06,55111,43580,61428,65535,65535,65535,65535,65535,65535
2026-07-31 10:07:27.269,264.1,55111,43580,61428,65535,65535,65535,65535,65535,65535
2026-07-31 10:07:27.313,264.14,55111,43580,61428,65535,65535,65535,65535,65535,65535
2026-07-31 10:07:27.362,264.19,55111,43580,61428,65535,65535,65535,65535,65535,65535
2026-07-31 10:07:27.411,264.24,55111,43580,61428,65535,65535,65535,65535,65535,65535
2026-07-31 10:07:27.460,264.29,55111,43580,61428,65535,65535,65535,65535,65535,65535
2026-07-31 10:07:27.506,264.33,55111,43580,61428,65535,65535,65535,65535,65535,65535
2026-07-31 10:07:27.553,264.38,55111,43580,61873,65535,65535,65535,65535,65535,65535
2026-07-31 10:07:27.603,264.43,60439,42308,61873,65535,65535,65535,65535,65535,65535
2026-07-31 10:07:27.651,264.48,60439,42308,61873,65535,65535,65535,65535,65535,65535
2026-07-31 10:07:27.705,264.53,60439,42308,61873,65535,65535,65535,65535,65535,65535
2026-07-31 10:07:27.745,264.57,60439,42308,61873,65535,65535,65535,65535,65535,65535
2026-07-31 10:07:27.790,264.62,60439,42308,61873,65535,65535,65535,65535,65535,65535
2026-07-31 10:07:27.840,264.67,60439,42308,61873,65535,65535,65535,65535,65535,65535
2026-07-31 10:07:27.889,264.72,60439,42308,61873,65535,65535,65535,65535,65535,65535
2026-07-31 10:07:27.935,264.76,60439,42308,61873,65535,65535,65535,65535,65535,65535
2026-07-31 10:07:27.983,264.81,60439,42308,61873,65535,65535,65535,65535,65535,65535
2026-07-31 10:07:28.030,264.86,60439,42308,61873,65535,65535,65535,65535,65535,65535
2026-07-31 10:07:28.076,264.91,60439,42308,61873,65535,65535,65535,65535,65535,65535
2026-07-31 10:07:28.125,264.95,60439,42308,61131,65535,65535,65535,65535,65535,65535
2026-07-31 10:07:28.172,265.0,54857,43665,61131,65535,65535,65535,65535,65535,65535
2026-07-31 10:07:28.209,265.04,54857,43665,61131,65535,65535,65535,65535,65535,65535
2026-07-31 10:07:28.243,265.07,54857,43665,61131,65535,65535,65535,65535,65535,65535
2026-07-31 10:07:28.288,265.12,54857,43665,61131,65535,65535,65535,65535,65535,65535
2026-07-31 10:07:28.338,265.17,54857,43665,61131,65535,65535,65535,65535,65535,65535
2026-07-31 10:07:28.385,265.21,54857,43665,61131,65535,65535,65535,65535,65535,65535
2026-07-31 10:07:28.430,265.26,54857,43665,61131,65535,65535,65535,65535,65535,65535
2026-07-31 10:07:28.478,265.31,54857,43665,61131,65535,65535,65535,65535,65535,65535
2026-07-31 10:07:28.530,265.36,54857,43665,61131,65535,65535,65535,65535,65535,65535
2026-07-31 10:07:28.576,265.41,54857,43665,61131,65535,65535,65535,65535,65535,65535
2026-07-31 10:07:28.621,265.45,54857,43665,61131,65535,65535,65535,65535,65535,65535
2026-07-31 10:07:28.667,265.5,54857,43665,61131,65535,65535,65535,65535,65535,65535
2026-07-31 10:07:28.705,265.53,63901,43665,61576,65535,65535,65535,65535,65535,65535
2026-07-31 10:07:28.739,265.57,63901,43665,61576,65535,65535,65535,65535,65535,65535
2026-07-31 10:07:28.787,265.62,63901,43665,61576,65535,65535,65535,65535,65535,65535
2026-07-31 10:07:28.833,265.66,63901,43665,61576,65535,65535,65535,65535,65535,65535
2026-07-31 10:07:28.878,265.71,63901,43665,61576,65535,65535,65535,65535,65535,65535
2026-07-31 10:07:28.927,265.76,63901,43665,61576,65535,65535,65535,65535,65535,65535
2026-07-31 10:07:28.973,265.8,63901,43665,61576,65535,65535,65535,65535,65535,65535
2026-07-31 10:07:29.023,265.85,63901,43665,61576,65535,65535,65535,65535,65535,65535
2026-07-31 10:07:29.068,265.9,63901,43665,61576,65535,65535,65535,65535,65535,65535
2026-07-31 10:07:29.116,265.95,63901,43665,61576,65535,65535,65535,65535,65535,65535
2026-07-31 10:07:29.165,265.99,63901,43665,61576,65535,65535,65535,65535,65535,65535
2026-07-31 10:07:29.213,266.04,63901,43665,61576,65535,65535,65535,65535,65535,65535
2026-07-31 10:07:29.252,266.08,63901,43665,49261,65535,65535,65535,65535,65535,65535
2026-07-31 10:07:29.298,266.13,65534,43750,49261,65535,65535,65535,65535,65535,65535
2026-07-31 10:07:29.347,266.18,65534,43750,49261,65535,65535,65535,65535,65535,65535
2026-07-31 10:07:29.391,266.22,65534,43750,49261,65535,65535,65535,65535,65535,65535
2026-07-31 10:07:29.442,266.27,65534,43750,49261,65535,65535,65535,65535,65535,65535
2026-07-31 10:07:29.487,266.32,65534,43750,49261,65535,65535,65535,65535,65535,65535
2026-07-31 10:07:29.535,266.36,65534,43750,49261,65535,65535,65535,65535,65535,65535
2026-07-31 10:07:29.583,266.41,65534,43750,49261,65535,65535,65535,65535,65535,65535
2026-07-31 10:07:29.629,266.46,65534,43750,49261,65535,65535,65535,65535,65535,65535
2026-07-31 10:07:29.677,266.51,65534,43750,49261,65535,65535,65535,65535,65535,65535
2026-07-31 10:07:29.719,266.55,65534,43750,49261,65535,65535,65535,65535,65535,65535
2026-07-31 10:07:29.754,266.58,65534,43750,49261,65535,65535,65535,65535,65535,65535
2026-07-31 10:07:29.803,266.63,65534,43750,49261,65535,65535,65535,65535,65535,65535
2026-07-31 10:07:29.849,266.68,63901,43750,62022,65535,65535,65535,65535,65535,65535
2026-07-31 10:07:29.895,266.72,63901,43919,62022,65535,65535,65535,65535,65535,65535
2026-07-31 10:07:29.944,266.77,63901,43919,62022,65535,65535,65535,65535,65535,65535
2026-07-31 10:07:29.993,266.82,63901,43919,62022,65535,65535,65535,65535,65535,65535
2026-07-31 10:07:30.037,266.87,63901,43919,62022,65535,65535,65535,65535,65535,65535
2026-07-31 10:07:30.085,266.91,63901,43919,62022,65535,65535,65535,65535,65535,65535
2026-07-31 10:07:30.134,266.96,63901,43919,62022,65535,65535,65535,65535,65535,65535
2026-07-31 10:07:30.182,267.01,63901,43919,62022,65535,65535,65535,65535,65535,65535
2026-07-31 10:07:30.219,267.05,63901,43919,62022,65535,65535,65535,65535,65535,65535
2026-07-31 10:07:30.256,267.09,63901,43919,62022,65535,65535,65535,65535,65535,65535
2026-07-31 10:07:30.307,267.14,63901,43919,62022,65535,65535,65535,65535,65535,65535
2026-07-31 10:07:30.353,267.18,63901,43919,62022,65535,65535,65535,65535,65535,65535
2026-07-31 10:07:30.402,267.23,54772,43919,61725,65535,65535,65535,65535,65535,65535
2026-07-31 10:07:30.450,267.28,54772,43580,61725,65535,65535,65535,65535,65535,65535
2026-07-31 10:07:30.497,267.33,54772,43580,61725,65535,65535,65535,65535,65535,65535
2026-07-31 10:07:30.543,267.37,54772,43580,61725,65535,65535,65535,65535,65535,65535
2026-07-31 10:07:30.594,267.42,54772,43580,61725,65535,65535,65535,65535,65535,65535
2026-07-31 10:07:30.642,267.47,54772,43580,61725,65535,65535,65535,65535,65535,65535
2026-07-31 10:07:30.689,267.52,54772,43580,61725,65535,65535,65535,65535,65535,65535
2026-07-31 10:07:30.732,267.56,54772,43580,61725,65535,65535,65535,65535,65535,65535
2026-07-31 10:07:30.767,267.6,54772,43580,61725,65535,65535,65535,65535,65535,65535
2026-07-31 10:07:30.812,267.64,54772,43580,61725,65535,65535,65535,65535,65535,65535
2026-07-31 10:07:30.864,267.69,54772,43580,61725,65535,65535,65535,65535,65535,65535
2026-07-31 10:07:30.909,267.74,54772,43580,61725,65535,65535,65535,65535,65535,65535
2026-07-31 10:07:30.956,267.79,54772,43580,65534,65535,65535,65535,65535,65535,65535
2026-07-31 10:07:31.003,267.83,54687,43665,65534,65535,65535,65535,65535,65535,65535
2026-07-31 10:07:31.052,267.88,54687,43665,65534,65535,65535,65535,65535,65535,65535
2026-07-31 10:07:31.099,267.93,54687,43665,65534,65535,65535,65535,65535,65535,65535
2026-07-31 10:07:31.149,267.98,54687,43665,65534,65535,65535,65535,65535,65535,65535
2026-07-31 10:07:31.197,268.03,54687,43665,65534,65535,65535,65535,65535,65535,65535
2026-07-31 10:07:31.234,268.06,54687,43665,65534,65535,65535,65535,65535,65535,65535
2026-07-31 10:07:31.280,268.11,54687,43665,65534,65535,65535,65535,65535,65535,65535
2026-07-31 10:07:31.326,268.16,54687,43665,65534,65535,65535,65535,65535,65535,65535
2026-07-31 10:07:31.374,268.2,54687,43665,65534,65535,65535,65535,65535,65535,65535
2026-07-31 10:07:31.421,268.25,54687,43665,65534,65535,65535,65535,65535,65535,65535
2026-07-31 10:07:31.468,268.3,54687,43665,65534,65535,65535,65535,65535,65535,65535
2026-07-31 10:07:31.516,268.35,54687,43665,61576,65535,65535,65535,65535,65535,65535
2026-07-31 10:07:31.564,268.39,63901,43665,61576,65535,65535,65535,65535,65535,65535
2026-07-31 10:07:31.611,268.44,63901,43665,61576,65535,65535,65535,65535,65535,65535
2026-07-31 10:07:31.659,268.49,63901,43665,61576,65535,65535,65535,65535,65535,65535
2026-07-31 10:07:31.711,268.54,63901,43665,61576,65535,65535,65535,65535,65535,65535
2026-07-31 10:07:31.750,268.58,63901,43665,61576,65535,65535,65535,65535,65535,65535
2026-07-31 10:07:31.786,268.62,63901,43665,61576,65535,65535,65535,65535,65535,65535
2026-07-31 10:07:31.831,268.66,63901,43665,61576,65535,65535,65535,65535,65535,65535
2026-07-31 10:07:31.877,268.71,63901,43665,61576,65535,65535,65535,65535,65535,65535
2026-07-31 10:07:31.928,268.76,63901,43665,61576,65535,65535,65535,65535,65535,65535
2026-07-31 10:07:31.979,268.81,63901,43665,61576,65535,65535,65535,65535,65535,65535
2026-07-31 10:07:32.023,268.85,63901,43665,61576,65535,65535,65535,65535,65535,65535
2026-07-31 10:07:32.071,268.9,63901,43665,61873,65535,65535,65535,65535,65535,65535
2026-07-31 10:07:32.122,268.95,54687,43665,61873,65535,65535,65535,65535,65535,65535
2026-07-31 10:07:32.169,269.0,54687,43665,61873,65535,65535,65535,65535,65535,65535
2026-07-31 10:07:32.215,269.04,54687,43665,61873,65535,65535,65535,65535,65535,65535
2026-07-31 10:07:32.253,269.08,54687,43665,61873,65535,65535,65535,65535,65535,65535
2026-07-31 10:07:32.300,269.13,54687,43665,61873,65535,65535,65535,65535,65535,65535
2026-07-31 10:07:32.350,269.18,54687,43665,61873,65535,65535,65535,65535,65535,65535
2026-07-31 10:07:32.394,269.22,54687,43665,61873,65535,65535,65535,65535,65535,65535
2026-07-31 10:07:32.441,269.27,54687,43665,61873,65535,65535,65535,65535,65535,65535
2026-07-31 10:07:32.492,269.32,54687,43665,61873,65535,65535,65535,65535,65535,65535
2026-07-31 10:07:32.538,269.37,54687,43665,61873,65535,65535,65535,65535,65535,65535
2026-07-31 10:07:32.587,269.42,54687,43665,61873,65535,65535,65535,65535,65535,65535
2026-07-31 10:07:32.632,269.46,54687,43665,61725,65535,65535,65535,65535,65535,65535
2026-07-31 10:07:32.681,269.51,64198,51140,61725,65535,65535,65535,65535,65535,65535
2026-07-31 10:07:32.730,269.56,64198,51140,61725,65535,65535,65535,65535,65535,65535
2026-07-31 10:07:32.766,269.6,64198,51140,61725,65535,65535,65535,65535,65535,65535
2026-07-31 10:07:32.812,269.64,64198,51140,61725,65535,65535,65535,65535,65535,65535
2026-07-31 10:07:32.856,269.69,64198,51140,61725,65535,65535,65535,65535,65535,65535
2026-07-31 10:07:32.905,269.73,64198,51140,61725,65535,65535,65535,65535,65535,65535
2026-07-31 10:07:32.956,269.79,64198,51140,61725,65535,65535,65535,65535,65535,65535
2026-07-31 10:07:33.007,269.84,64198,51140,61725,65535,65535,65535,65535,65535,65535
2026-07-31 10:07:33.053,269.88,64198,51140,61725,65535,65535,65535,65535,65535,65535
2026-07-31 10:07:33.097,269.93,64198,51140,61725,65535,65535,65535,65535,65535,65535
2026-07-31 10:07:33.140,269.97,64198,51140,61725,65535,65535,65535,65535,65535,65535
2026-07-31 10:07:33.188,270.02,64198,51140,61725,65535,65535,65535,65535,65535,65535
2026-07-31 10:07:33.233,270.06,51805,51140,61725,65535,65535,65535,65535,65535,65535
2026-07-31 10:07:33.270,270.1,51805,42393,61725,65535,65535,65535,65535,65535,65535
2026-07-31 10:07:33.313,270.14,51805,42393,61725,65535,65535,65535,65535,65535,65535
2026-07-31 10:07:33.361,270.19,51805,42393,61725,65535,65535,65535,65535,65535,65535
2026-07-31 10:07:33.409,270.24,51805,42393,61725,65535,65535,65535,65535,65535,65535
2026-07-31 10:07:33.458,270.29,51805,42393,61725,65535,65535,65535,65535,65535,65535
2026-07-31 10:07:33.501,270.33,51805,42393,61725,65535,65535,65535,65535,65535,65535
2026-07-31 10:07:33.550,270.38,51805,42393,61725,65535,65535,65535,65535,65535,65535
2026-07-31 10:07:33.599,270.43,51805,42393,61725,65535,65535,65535,65535,65535,65535
2026-07-31 10:07:33.644,270.47,51805,42393,61725,65535,65535,65535,65535,65535,65535
2026-07-31 10:07:33.691,270.52,51805,42393,61725,65535,65535,65535,65535,65535,65535
2026-07-31 10:07:33.739,270.57,51805,42393,61725,65535,65535,65535,65535,65535,65535
2026-07-31 10:07:33.775,270.6,51805,42393,49024,65535,65535,65535,65535,65535,65535
2026-07-31 10:07:33.822,270.65,64198,60368,49024,65535,65535,65535,65535,65535,65535
2026-07-31 10:07:33.869,270.7,64198,60368,49024,65535,65535,65535,65535,65535,65535
2026-07-31 10:07:33.916,270.74,64198,60368,49024,65535,65535,65535,65535,65535,65535
2026-07-31 10:07:33.960,270.79,64198,60368,49024,65535,65535,65535,65535,65535,65535
2026-07-31 10:07:34.008,270.84,64198,60368,49024,65535,65535,65535,65535,65535,65535
2026-07-31 10:07:34.055,270.88,64198,60368,49024,65535,65535,65535,65535,65535,65535
2026-07-31 10:07:34.104,270.93,64198,60368,49024,65535,65535,65535,65535,65535,65535
2026-07-31 10:07:34.151,270.98,64198,60368,49024,65535,65535,65535,65535,65535,65535
2026-07-31 10:07:34.197,271.03,64198,60368,49024,65535,65535,65535,65535,65535,65535
2026-07-31 10:07:34.241,271.07,64198,60368,49024,65535,65535,65535,65535,65535,65535
2026-07-31 10:07:34.275,271.1,64198,60368,49024,65535,65535,65535,65535,65535,65535
2026-07-31 10:07:34.322,271.15,64198,60368,49024,65535,65535,65535,65535,65535,65535
2026-07-31 10:07:34.367,271.2,63703,60368,61428,65535,65535,65535,65535,65535,65535
2026-07-31 10:07:34.414,271.24,63703,43665,61428,65535,65535,65535,65535,65535,65535
2026-07-31 10:07:34.461,271.29,63703,43665,61428,65535,65535,65535,65535,65535,65535
2026-07-31 10:07:34.510,271.34,63703,43665,61428,65535,65535,65535,65535,65535,65535
2026-07-31 10:07:34.555,271.38,63703,43665,61428,65535,65535,65535,65535,65535,65535
2026-07-31 10:07:34.606,271.44,63703,43665,61428,65535,65535,65535,65535,65535,65535
2026-07-31 10:07:34.650,271.48,63703,43665,61428,65535,65535,65535,65535,65535,65535
2026-07-31 10:07:34.700,271.53,63703,43665,61428,65535,65535,65535,65535,65535,65535
2026-07-31 10:07:34.749,271.58,63703,43665,61428,65535,65535,65535,65535,65535,65535
2026-07-31 10:07:34.783,271.61,63703,43665,61428,65535,65535,65535,65535,65535,65535
2026-07-31 10:07:34.827,271.66,63703,43665,61428,65535,65535,65535,65535,65535,65535
2026-07-31 10:07:34.875,271.7,63703,43665,61428,65535,65535,65535,65535,65535,65535
2026-07-31 10:07:34.925,271.75,57570,43665,61576,65535,65535,65535,65535,65535,65535
2026-07-31 10:07:34.972,271.8,57570,44937,61576,65535,65535,65535,65535,65535,65535
2026-07-31 10:07:35.018,271.85,57570,44937,61576,65535,65535,65535,65535,65535,65535
2026-07-31 10:07:35.065,271.89,57570,44937,61576,65535,65535,65535,65535,65535,65535
2026-07-31 10:07:35.112,271.94,57570,44937,61576,65535,65535,65535,65535,65535,65535
2026-07-31 10:07:35.163,271.99,57570,44937,61576,65535,65535,65535,65535,65535,65535
2026-07-31 10:07:35.211,272.04,57570,44937,61576,65535,65535,65535,65535,65535,65535
2026-07-31 10:07:35.250,272.08,57570,44937,61576,65535,65535,65535,65535,65535,65535
2026-07-31 10:07:35.288,272.12,57570,44937,61576,65535,65535,65535,65535,65535,65535
2026-07-31 10:07:35.335,272.16,57570,44937,61576,65535,65535,65535,65535,65535,65535
2026-07-31 10:07:35.382,272.21,57570,44937,61576,65535,65535,65535,65535,65535,65535
2026-07-31 10:07:35.430,272.26,57570,44937,61576,65535,65535,65535,65535,65535,65535
2026-07-31 10:07:35.474,272.3,57570,44937,49380,65535,65535,65535,65535,65535,65535
2026-07-31 10:07:35.524,272.35,63703,38207,49380,65535,65535,65535,65535,65535,65535
2026-07-31 10:07:35.574,272.4,63703,38207,49380,65535,65535,65535,65535,65535,65535
2026-07-31 10:07:35.617,272.45,63703,38207,49380,65535,65535,65535,65535,65535,65535
2026-07-31 10:07:35.664,272.49,63703,38207,49380,65535,65535,65535,65535,65535,65535
2026-07-31 10:07:35.714,272.54,63703,38207,49380,65535,65535,65535,65535,65535,65535
2026-07-31 10:07:35.758,272.59,63703,38207,49380,65535,65535,65535,65535,65535,65535
2026-07-31 10:07:35.793,272.62,63703,38207,49380,65535,65535,65535,65535,65535,65535
2026-07-31 10:07:35.840,272.67,63703,38207,49380,65535,65535,65535,65535,65535,65535
2026-07-31 10:07:35.885,272.71,63703,38207,49380,65535,65535,65535,65535,65535,65535
2026-07-31 10:07:35.930,272.76,63703,38207,49380,65535,65535,65535,65535,65535,65535
2026-07-31 10:07:35.975,272.8,63703,38207,49380,65535,65535,65535,65535,65535,65535
2026-07-31 10:07:36.023,272.85,63703,38207,49380,65535,65535,65535,65535,65535,65535
2026-07-31 10:07:36.072,272.9,65534,38207,61576,65535,65535,65535,65535,65535,65535
2026-07-31 10:07:36.115,272.94,65534,43580,61576,65535,65535,65535,65535,65535,65535
2026-07-31 10:07:36.165,272.99,65534,43580,61576,65535,65535,65535,65535,65535,65535
2026-07-31 10:07:36.214,273.04,65534,43580,61576,65535,65535,65535,65535,65535,65535
2026-07-31 10:07:36.257,273.09,65534,43580,61576,65535,65535,65535,65535,65535,65535
2026-07-31 10:07:36.297,273.13,65534,43580,61576,65535,65535,65535,65535,65535,65535
2026-07-31 10:07:36.343,273.17,65534,43580,61576,65535,65535,65535,65535,65535,65535
2026-07-31 10:07:36.391,273.22,65534,43580,61576,65535,65535,65535,65535,65535,65535
2026-07-31 10:07:36.442,273.27,65534,43580,61576,65535,65535,65535,65535,65535,65535
2026-07-31 10:07:36.495,273.32,65534,43580,61576,65535,65535,65535,65535,65535,65535
2026-07-31 10:07:36.541,273.37,65534,43580,61576,65535,65535,65535,65535,65535,65535
2026-07-31 10:07:36.592,273.42,65534,43580,61576,65535,65535,65535,65535,65535,65535
2026-07-31 10:07:36.638,273.47,64198,43750,49380,65535,65535,65535,65535,65535,65535
2026-07-31 10:07:36.686,273.52,64198,43750,49380,65535,65535,65535,65535,65535,65535
2026-07-31 10:07:36.731,273.56,64198,43750,49380,65535,65535,65535,65535,65535,65535
2026-07-31 10:07:36.769,273.6,64198,43750,49380,65535,65535,65535,65535,65535,65535
2026-07-31 10:07:36.815,273.64,64198,43750,49380,65535,65535,65535,65535,65535,65535
2026-07-31 10:07:36.870,273.7,64198,43750,49380,65535,65535,65535,65535,65535,65535
2026-07-31 10:07:36.917,273.75,64198,43750,49380,65535,65535,65535,65535,65535,65535
2026-07-31 10:07:36.961,273.79,64198,43750,49380,65535,65535,65535,65535,65535,65535
2026-07-31 10:07:37.008,273.84,64198,43750,49380,65535,65535,65535,65535,65535,65535
2026-07-31 10:07:37.060,273.89,64198,43750,49380,65535,65535,65535,65535,65535,65535
2026-07-31 10:07:37.104,273.93,64198,43750,49380,65535,65535,65535,65535,65535,65535
2026-07-31 10:07:37.155,273.98,64198,43750,49380,65535,65535,65535,65535,65535,65535
2026-07-31 10:07:37.199,274.03,63703,43750,61725,65535,65535,65535,65535,65535,65535
2026-07-31 10:07:37.252,274.08,63703,43580,61725,65535,65535,65535,65535,65535,65535
2026-07-31 10:07:37.291,274.12,63703,43580,61725,65535,65535,65535,65535,65535,65535
2026-07-31 10:07:37.338,274.17,63703,43580,61725,65535,65535,65535,65535,65535,65535
2026-07-31 10:07:37.383,274.21,63703,43580,61725,65535,65535,65535,65535,65535,65535
2026-07-31 10:07:37.431,274.26,63703,43580,61725,65535,65535,65535,65535,65535,65535
2026-07-31 10:07:37.477,274.31,63703,43580,61725,65535,65535,65535,65535,65535,65535
2026-07-31 10:07:37.527,274.36,63703,43580,61725,65535,65535,65535,65535,65535,65535
2026-07-31 10:07:37.571,274.4,63703,43580,61725,65535,65535,65535,65535,65535,65535
2026-07-31 10:07:37.622,274.45,63703,43580,61725,65535,65535,65535,65535,65535,65535
2026-07-31 10:07:37.667,274.5,63703,43580,61725,65535,65535,65535,65535,65535,65535
2026-07-31 10:07:37.717,274.55,63703,43580,61725,65535,65535,65535,65535,65535,65535
2026-07-31 10:07:37.759,274.59,54772,43580,61576,65535,65535,65535,65535,65535,65535
2026-07-31 10:07:37.798,274.63,54772,43750,61576,65535,65535,65535,65535,65535,65535
2026-07-31 10:07:37.843,274.67,54772,43750,61576,65535,65535,65535,65535,65535,65535
2026-07-31 10:07:37.895,274.72,54772,43750,61576,65535,65535,65535,65535,65535,65535
2026-07-31 10:07:37.943,274.77,54772,43750,61576,65535,65535,65535,65535,65535,65535
2026-07-31 10:07:37.993,274.82,54772,43750,61576,65535,65535,65535,65535,65535,65535
2026-07-31 10:07:38.038,274.87,54772,43750,61576,65535,65535,65535,65535,65535,65535
2026-07-31 10:07:38.088,274.92,54772,43750,61576,65535,65535,65535,65535,65535,65535
2026-07-31 10:07:38.135,274.96,54772,43750,61576,65535,65535,65535,65535,65535,65535
2026-07-31 10:07:38.184,275.01,54772,43750,61576,65535,65535,65535,65535,65535,65535
2026-07-31 10:07:38.229,275.06,54772,43750,61576,65535,65535,65535,65535,65535,65535
2026-07-31 10:07:38.268,275.1,54772,43750,61576,65535,65535,65535,65535,65535,65535
2026-07-31 10:07:38.311,275.14,54772,43750,61725,65535,65535,65535,65535,65535,65535
2026-07-31 10:07:38.362,275.19,55027,43750,61725,65535,65535,65535,65535,65535,65535
2026-07-31 10:07:38.412,275.24,55027,43750,61725,65535,65535,65535,65535,65535,65535
2026-07-31 10:07:38.462,275.29,55027,43750,61725,65535,65535,65535,65535,65535,65535
2026-07-31 10:07:38.505,275.33,55027,43750,61725,65535,65535,65535,65535,65535,65535
2026-07-31 10:07:38.556,275.39,55027,43750,61725,65535,65535,65535,65535,65535,65535
2026-07-31 10:07:38.602,275.43,55027,43750,61725,65535,65535,65535,65535,65535,65535
2026-07-31 10:07:38.649,275.48,55027,43750,61725,65535,65535,65535,65535,65535,65535
2026-07-31 10:07:38.696,275.53,55027,43750,61725,65535,65535,65535,65535,65535,65535
2026-07-31 10:07:38.742,275.57,55027,43750,61725,65535,65535,65535,65535,65535,65535
2026-07-31 10:07:38.788,275.62,55027,43750,61725,65535,65535,65535,65535,65535,65535
2026-07-31 10:07:38.823,275.65,55027,43750,61725,65535,65535,65535,65535,65535,65535
2026-07-31 10:07:38.867,275.7,55027,43750,61873,65535,65535,65535,65535,65535,65535
2026-07-31 10:07:38.916,275.75,60538,36946,61873,65535,65535,65535,65535,65535,65535
2026-07-31 10:07:38.964,275.79,60538,36946,61873,65535,65535,65535,65535,65535,65535
2026-07-31 10:07:39.010,275.84,60538,36946,61873,65535,65535,65535,65535,65535,65535
2026-07-31 10:07:39.056,275.88,60538,36946,61873,65535,65535,65535,65535,65535,65535
2026-07-31 10:07:39.102,275.93,60538,36946,61873,65535,65535,65535,65535,65535,65535
2026-07-31 10:07:39.149,275.98,60538,36946,61873,65535,65535,65535,65535,65535,65535
2026-07-31 10:07:39.198,276.03,60538,36946,61873,65535,65535,65535,65535,65535,65535
2026-07-31 10:07:39.248,276.08,60538,36946,61873,65535,65535,65535,65535,65535,65535
2026-07-31 10:07:39.287,276.12,60538,36946,61873,65535,65535,65535,65535,65535,65535
2026-07-31 10:07:39.331,276.16,60538,36946,61873,65535,65535,65535,65535,65535,65535
2026-07-31 10:07:39.381,276.21,60538,36946,61873,65535,65535,65535,65535,65535,65535
2026-07-31 10:07:39.428,276.26,60538,36946,60538,65535,65535,65535,65535,65535,65535
2026-07-31 10:07:39.478,276.31,64198,44004,60538,65535,65535,65535,65535,65535,65535
2026-07-31 10:07:39.522,276.35,64198,44004,60538,65535,65535,65535,65535,65535,65535
2026-07-31 10:07:39.570,276.4,64198,44004,60538,65535,65535,65535,65535,65535,65535
2026-07-31 10:07:39.614,276.44,64198,44004,60538,65535,65535,65535,65535,65535,65535
2026-07-31 10:07:39.667,276.5,64198,44004,60538,65535,65535,65535,65535,65535,65535
2026-07-31 10:07:39.711,276.54,64198,44004,60538,65535,65535,65535,65535,65535,65535
2026-07-31 10:07:39.762,276.59,64198,44004,60538,65535,65535,65535,65535,65535,65535
2026-07-31 10:07:39.797,276.63,64198,44004,60538,65535,65535,65535,65535,65535,65535
2026-07-31 10:07:39.844,276.67,64198,44004,60538,65535,65535,65535,65535,65535,65535
2026-07-31 10:07:39.892,276.72,64198,44004,60538,65535,65535,65535,65535,65535,65535
2026-07-31 10:07:39.938,276.77,64198,44004,60538,65535,65535,65535,65535,65535,65535
2026-07-31 10:07:39.986,276.81,64198,44004,60538,65535,65535,65535,65535,65535,65535
2026-07-31 10:07:40.034,276.86,63802,51042,61576,65535,65535,65535,65535,65535,65535
2026-07-31 10:07:40.081,276.91,63802,51042,61576,65535,65535,65535,65535,65535,65535
2026-07-31 10:07:40.131,276.96,63802,51042,61576,65535,65535,65535,65535,65535,65535
2026-07-31 10:07:40.176,277.01,63802,51042,61576,65535,65535,65535,65535,65535,65535
2026-07-31 10:07:40.225,277.05,63802,51042,61576,65535,65535,65535,65535,65535,65535
2026-07-31 10:07:40.264,277.09,63802,51042,61576,65535,65535,65535,65535,65535,65535
2026-07-31 10:07:40.303,277.13,63802,51042,61576,65535,65535,65535,65535,65535,65535
2026-07-31 10:07:40.350,277.18,63802,51042,61576,65535,65535,65535,65535,65535,65535
2026-07-31 10:07:40.394,277.22,63802,51042,61576,65535,65535,65535,65535,65535,65535
2026-07-31 10:07:40.439,277.27,63802,51042,61576,65535,65535,65535,65535,65535,65535
2026-07-31 10:07:40.483,277.31,63802,51042,61576,65535,65535,65535,65535,65535,65535
2026-07-31 10:07:40.529,277.36,63802,51042,61576,65535,65535,65535,65535,65535,65535
2026-07-31 10:07:40.575,277.4,63802,51042,61576,65535,65535,65535,65535,65535,65535
2026-07-31 10:07:40.624,277.45,65534,44937,61576,65535,65535,65535,65535,65535,65535
2026-07-31 10:07:40.668,277.5,65534,44937,61576,65535,65535,65535,65535,65535,65535
2026-07-31 10:07:40.718,277.55,65534,44937,61576,65535,65535,65535,65535,65535,65535
2026-07-31 10:07:40.764,277.59,65534,44937,61576,65535,65535,65535,65535,65535,65535
2026-07-31 10:07:40.801,277.63,65534,44937,61576,65535,65535,65535,65535,65535,65535
2026-07-31 10:07:40.847,277.68,65534,44937,61576,65535,65535,65535,65535,65535,65535
2026-07-31 10:07:40.891,277.72,65534,44937,61576,65535,65535,65535,65535,65535,65535
2026-07-31 10:07:40.940,277.77,65534,44937,61576,65535,65535,65535,65535,65535,65535
2026-07-31 10:07:40.987,277.82,65534,44937,61576,65535,65535,65535,65535,65535,65535
2026-07-31 10:07:41.037,277.87,65534,44937,61576,65535,65535,65535,65535,65535,65535
2026-07-31 10:07:41.088,277.92,65534,44937,61576,65535,65535,65535,65535,65535,65535
2026-07-31 10:07:41.133,277.96,65534,44937,62170,65535,65535,65535,65535,65535,65535
2026-07-31 10:07:41.185,278.01,54772,43835,62170,65535,65535,65535,65535,65535,65535
2026-07-31 10:07:41.234,278.06,54772,43835,62170,65535,65535,65535,65535,65535,65535
2026-07-31 10:07:41.279,278.11,54772,43835,62170,65535,65535,65535,65535,65535,65535
2026-07-31 10:07:41.314,278.14,54772,43835,62170,65535,65535,65535,65535,65535,65535
2026-07-31 10:07:41.358,278.19,54772,43835,62170,65535,65535,65535,65535,65535,65535
2026-07-31 10:07:41.409,278.24,54772,43835,62170,65535,65535,65535,65535,65535,65535
2026-07-31 10:07:41.454,278.28,54772,43835,62170,65535,65535,65535,65535,65535,65535
2026-07-31 10:07:41.503,278.33,54772,43835,62170,65535,65535,65535,65535,65535,65535
2026-07-31 10:07:41.550,278.38,54772,43835,62170,65535,65535,65535,65535,65535,65535
2026-07-31 10:07:41.598,278.43,54772,43835,62170,65535,65535,65535,65535,65535,65535
2026-07-31 10:07:41.648,278.48,54772,43835,62170,65535,65535,65535,65535,65535,65535
2026-07-31 10:07:41.692,278.52,54772,43835,61873,65535,65535,65535,65535,65535,65535
2026-07-31 10:07:41.741,278.57,63901,42308,61873,65535,65535,65535,65535,65535,65535
2026-07-31 10:07:41.788,278.62,63901,42308,61873,65535,65535,65535,65535,65535,65535
2026-07-31 10:07:41.825,278.65,63901,42308,61873,65535,65535,65535,65535,65535,65535
2026-07-31 10:07:41.872,278.7,63901,42308,61873,65535,65535,65535,65535,65535,65535
2026-07-31 10:07:41.916,278.75,63901,42308,61873,65535,65535,65535,65535,65535,65535
2026-07-31 10:07:41.968,278.8,63901,42308,61873,65535,65535,65535,65535,65535,65535
2026-07-31 10:07:42.011,278.84,63901,42308,61873,65535,65535,65535,65535,65535,65535
2026-07-31 10:07:42.065,278.89,63901,42308,61873,65535,65535,65535,65535,65535,65535
2026-07-31 10:07:42.111,278.94,63901,42308,61873,65535,65535,65535,65535,65535,65535
2026-07-31 10:07:42.157,278.99,63901,42308,61873,65535,65535,65535,65535,65535,65535
2026-07-31 10:07:42.205,279.03,63901,42308,61873,65535,65535,65535,65535,65535,65535
2026-07-31 10:07:42.253,279.08,63901,42308,62022,65535,65535,65535,65535,65535,65535
2026-07-31 10:07:42.290,279.12,55111,42308,62022,65535,65535,65535,65535,65535,65535
2026-07-31 10:07:42.332,279.16,55111,44004,62022,65535,65535,65535,65535,65535,65535
2026-07-31 10:07:42.377,279.21,55111,44004,62022,65535,65535,65535,65535,65535,65535
2026-07-31 10:07:42.425,279.25,55111,44004,62022,65535,65535,65535,65535,65535,65535
2026-07-31 10:07:42.473,279.3,55111,44004,62022,65535,65535,65535,65535,65535,65535
2026-07-31 10:07:42.521,279.35,55111,44004,62022,65535,65535,65535,65535,65535,65535
2026-07-31 10:07:42.571,279.4,55111,44004,62022,65535,65535,65535,65535,65535,65535
2026-07-31 10:07:42.617,279.45,55111,44004,62022,65535,65535,65535,65535,65535,65535
2026-07-31 10:07:42.662,279.49,55111,44004,62022,65535,65535,65535,65535,65535,65535
2026-07-31 10:07:42.714,279.54,55111,44004,62022,65535,65535,65535,65535,65535,65535
2026-07-31 10:07:42.758,279.59,55111,44004,62022,65535,65535,65535,65535,65535,65535
2026-07-31 10:07:42.797,279.63,55111,44004,62022,65535,65535,65535,65535,65535,65535
2026-07-31 10:07:42.843,279.67,54687,44004,61725,65535,65535,65535,65535,65535,65535
2026-07-31 10:07:42.891,279.72,54687,43750,61725,65535,65535,65535,65535,65535,65535
2026-07-31 10:07:42.937,279.77,54687,43750,61725,65535,65535,65535,65535,65535,65535
2026-07-31 10:07:42.985,279.81,54687,43750,61725,65535,65535,65535,65535,65535,65535
2026-07-31 10:07:43.031,279.86,54687,43750,61725,65535,65535,65535,65535,65535,65535
2026-07-31 10:07:43.083,279.91,54687,43750,61725,65535,65535,65535,65535,65535,65535
2026-07-31 10:07:43.127,279.96,54687,43750,61725,65535,65535,65535,65535,65535,65535
2026-07-31 10:07:43.177,280.01,54687,43750,61725,65535,65535,65535,65535,65535,65535
2026-07-31 10:07:43.219,280.05,54687,43750,61725,65535,65535,65535,65535,65535,65535
2026-07-31 10:07:43.276,280.11,54687,43750,61725,65535,65535,65535,65535,65535,65535
2026-07-31 10:07:43.313,280.14,54687,43750,61725,65535,65535,65535,65535,65535,65535
2026-07-31 10:07:43.360,280.19,54687,43750,61725,65535,65535,65535,65535,65535,65535
2026-07-31 10:07:43.405,280.23,54687,43750,61725,65535,65535,65535,65535,65535,65535
2026-07-31 10:07:43.454,280.28,54687,43835,61725,65535,65535,65535,65535,65535,65535
2026-07-31 10:07:43.500,280.33,54687,43835,61725,65535,65535,65535,65535,65535,65535
2026-07-31 10:07:43.552,280.38,54687,43835,61725,65535,65535,65535,65535,65535,65535
2026-07-31 10:07:43.596,280.43,54687,43835,61725,65535,65535,65535,65535,65535,65535
2026-07-31 10:07:43.645,280.47,54687,43835,61725,65535,65535,65535,65535,65535,65535
2026-07-31 10:07:43.689,280.52,54687,43835,61725,65535,65535,65535,65535,65535,65535
2026-07-31 10:07:43.741,280.57,54687,43835,61725,65535,65535,65535,65535,65535,65535
2026-07-31 10:07:43.784,280.61,54687,43835,61725,65535,65535,65535,65535,65535,65535
2026-07-31 10:07:43.823,280.65,54687,43835,61725,65535,65535,65535,65535,65535,65535
2026-07-31 10:07:43.868,280.7,54687,43835,61725,65535,65535,65535,65535,65535,65535
2026-07-31 10:07:43.913,280.74,54687,43835,61725,65535,65535,65535,65535,65535,65535
2026-07-31 10:07:43.963,280.79,54687,43835,49617,65535,65535,65535,65535,65535,65535
2026-07-31 10:07:44.011,280.84,64198,60453,49617,65535,65535,65535,65535,65535,65535
2026-07-31 10:07:44.057,280.89,64198,60453,49617,65535,65535,65535,65535,65535,65535
2026-07-31 10:07:44.106,280.94,64198,60453,49617,65535,65535,65535,65535,65535,65535
2026-07-31 10:07:44.155,280.98,64198,60453,49617,65535,65535,65535,65535,65535,65535
2026-07-31 10:07:44.200,281.03,64198,60453,49617,65535,65535,65535,65535,65535,65535
2026-07-31 10:07:44.247,281.08,64198,60453,49617,65535,65535,65535,65535,65535,65535
2026-07-31 10:07:44.286,281.11,64198,60453,49617,65535,65535,65535,65535,65535,65535
2026-07-31 10:07:44.332,281.16,64198,60453,49617,65535,65535,65535,65535,65535,65535
2026-07-31 10:07:44.380,281.21,64198,60453,49617,65535,65535,65535,65535,65535,65535
2026-07-31 10:07:44.430,281.26,64198,60453,49617,65535,65535,65535,65535,65535,65535
2026-07-31 10:07:44.475,281.3,64198,60453,49617,65535,65535,65535,65535,65535,65535
2026-07-31 10:07:44.523,281.35,64198,60453,61428,65535,65535,65535,65535,65535,65535
2026-07-31 10:07:44.572,281.4,60736,42308,61428,65535,65535,65535,65535,65535,65535
2026-07-31 10:07:44.619,281.45,60736,42308,61428,65535,65535,65535,65535,65535,65535
2026-07-31 10:07:44.667,281.5,60736,42308,61428,65535,65535,65535,65535,65535,65535
2026-07-31 10:07:44.712,281.54,60736,42308,61428,65535,65535,65535,65535,65535,65535
2026-07-31 10:07:44.762,281.59,60736,42308,61428,65535,65535,65535,65535,65535,65535
2026-07-31 10:07:44.809,281.64,60736,42308,61428,65535,65535,65535,65535,65535,65535
2026-07-31 10:07:44.848,281.68,60736,42308,61428,65535,65535,65535,65535,65535,65535
2026-07-31 10:07:44.894,281.72,60736,42308,61428,65535,65535,65535,65535,65535,65535
2026-07-31 10:07:44.938,281.77,60736,42308,61428,65535,65535,65535,65535,65535,65535
2026-07-31 10:07:44.985,281.81,60736,42308,61428,65535,65535,65535,65535,65535,65535
2026-07-31 10:07:45.035,281.86,60736,42308,61428,65535,65535,65535,65535,65535,65535
2026-07-31 10:07:45.081,281.91,60736,42308,61428,65535,65535,65535,65535,65535,65535
2026-07-31 10:07:45.130,281.96,54603,43665,61428,65535,65535,65535,65535,65535,65535
2026-07-31 10:07:45.180,282.01,54603,43665,61428,65535,65535,65535,65535,65535,65535
2026-07-31 10:07:45.231,282.06,54603,43665,61428,65535,65535,65535,65535,65535,65535
2026-07-31 10:07:45.281,282.11,54603,43665,61428,65535,65535,65535,65535,65535,65535
2026-07-31 10:07:45.321,282.15,54603,43665,61428,65535,65535,65535,65535,65535,65535
2026-07-31 10:07:45.366,282.2,54603,43665,61428,65535,65535,65535,65535,65535,65535
2026-07-31 10:07:45.415,282.24,54603,43665,61428,65535,65535,65535,65535,65535,65535
2026-07-31 10:07:45.467,282.3,54603,43665,61428,65535,65535,65535,65535,65535,65535
2026-07-31 10:07:45.514,282.34,54603,43665,61428,65535,65535,65535,65535,65535,65535
2026-07-31 10:07:45.560,282.39,54603,43665,61428,65535,65535,65535,65535,65535,65535
2026-07-31 10:07:45.607,282.44,54603,43665,61428,65535,65535,65535,65535,65535,65535
2026-07-31 10:07:45.653,282.48,54603,43665,61576,65535,65535,65535,65535,65535,65535
2026-07-31 10:07:45.702,282.53,54772,43919,61576,65535,65535,65535,65535,65535,65535
2026-07-31 10:07:45.749,282.58,54772,43919,61576,65535,65535,65535,65535,65535,65535
2026-07-31 10:07:45.797,282.63,54772,43919,61576,65535,65535,65535,65535,65535,65535
2026-07-31 10:07:45.833,282.66,54772,43919,61576,65535,65535,65535,65535,65535,65535
2026-07-31 10:07:45.881,282.71,54772,43919,61576,65535,65535,65535,65535,65535,65535
2026-07-31 10:07:45.926,282.76,54772,43919,61576,65535,65535,65535,65535,65535,65535
2026-07-31 10:07:45.974,282.8,54772,43919,61576,65535,65535,65535,65535,65535,65535
2026-07-31 10:07:46.020,282.85,54772,43919,61576,65535,65535,65535,65535,65535,65535
2026-07-31 10:07:46.064,282.89,54772,43919,61576,65535,65535,65535,65535,65535,65535
2026-07-31 10:07:46.110,282.94,54772,43919,61576,65535,65535,65535,65535,65535,65535
2026-07-31 10:07:46.160,282.99,54772,43919,61576,65535,65535,65535,65535,65535,65535
2026-07-31 10:07:46.207,283.04,54772,43919,61576,65535,65535,65535,65535,65535,65535
2026-07-31 10:07:46.254,283.08,58079,43919,61725,65535,65535,65535,65535,65535,65535
2026-07-31 10:07:46.302,283.13,58079,52921,61725,65535,65535,65535,65535,65535,65535
2026-07-31 10:07:46.343,283.17,58079,52921,61725,65535,65535,65535,65535,65535,65535
2026-07-31 10:07:46.391,283.22,58079,52921,61725,65535,65535,65535,65535,65535,65535
2026-07-31 10:07:46.436,283.27,58079,52921,61725,65535,65535,65535,65535,65535,65535
2026-07-31 10:07:46.481,283.31,58079,52921,61725,65535,65535,65535,65535,65535,65535
2026-07-31 10:07:46.530,283.36,58079,52921,61725,65535,65535,65535,65535,65535,65535
2026-07-31 10:07:46.580,283.41,58079,52921,61725,65535,65535,65535,65535,65535,65535
2026-07-31 10:07:46.626,283.46,58079,52921,61725,65535,65535,65535,65535,65535,65535
2026-07-31 10:07:46.672,283.5,58079,52921,61725,65535,65535,65535,65535,65535,65535
2026-07-31 10:07:46.719,283.55,58079,52921,61725,65535,65535,65535,65535,65535,65535
2026-07-31 10:07:46.766,283.6,58079,52921,61725,65535,65535,65535,65535,65535,65535
2026-07-31 10:07:46.808,283.64,65534,52921,62022,65535,65535,65535,65535,65535,65535
2026-07-31 10:07:46.846,283.67,65534,50943,62022,65535,65535,65535,65535,65535,65535
2026-07-31 10:07:46.889,283.72,65534,50943,62022,65535,65535,65535,65535,65535,65535
2026-07-31 10:07:46.941,283.77,65534,50943,62022,65535,65535,65535,65535,65535,65535
2026-07-31 10:07:46.983,283.81,65534,50943,62022,65535,65535,65535,65535,65535,65535
2026-07-31 10:07:47.033,283.86,65534,50943,62022,65535,65535,65535,65535,65535,65535
2026-07-31 10:07:47.078,283.91,65534,50943,62022,65535,65535,65535,65535,65535,65535
2026-07-31 10:07:47.128,283.96,65534,50943,62022,65535,65535,65535,65535,65535,65535
2026-07-31 10:07:47.176,284.01,65534,50943,62022,65535,65535,65535,65535,65535,65535
2026-07-31 10:07:47.225,284.05,65534,50943,62022,65535,65535,65535,65535,65535,65535
2026-07-31 10:07:47.275,284.1,65534,50943,62022,65535,65535,65535,65535,65535,65535
2026-07-31 10:07:47.320,284.15,65534,50943,62022,65535,65535,65535,65535,65535,65535
2026-07-31 10:07:47.356,284.19,65534,50943,61428,65535,65535,65535,65535,65535,65535
2026-07-31 10:07:47.403,284.23,54942,43750,61428,65535,65535,65535,65535,65535,65535
2026-07-31 10:07:47.446,284.28,54942,43750,61428,65535,65535,65535,65535,65535,65535
2026-07-31 10:07:47.496,284.33,54942,43750,61428,65535,65535,65535,65535,65535,65535
2026-07-31 10:07:47.539,284.37,54942,43750,61428,65535,65535,65535,65535,65535,65535
2026-07-31 10:07:47.590,284.42,54942,43750,61428,65535,65535,65535,65535,65535,65535
2026-07-31 10:07:47.635,284.46,54942,43750,61428,65535,65535,65535,65535,65535,65535
2026-07-31 10:07:47.682,284.51,54942,43750,61428,65535,65535,65535,65535,65535,65535
2026-07-31 10:07:47.726,284.56,54942,43750,61428,65535,65535,65535,65535,65535,65535
2026-07-31 10:07:47.777,284.61,54942,43750,61428,65535,65535,65535,65535,65535,65535
2026-07-31 10:07:47.817,284.65,54942,43750,61428,65535,65535,65535,65535,65535,65535
2026-07-31 10:07:47.853,284.68,54942,43750,61428,65535,65535,65535,65535,65535,65535
2026-07-31 10:07:47.899,284.73,54942,43750,61428,65535,65535,65535,65535,65535,65535
2026-07-31 10:07:47.945,284.77,54772,43750,49142,65535,65535,65535,65535,65535,65535
2026-07-31 10:07:47.993,284.82,54772,43665,49142,65535,65535,65535,65535,65535,65535
2026-07-31 10:07:48.041,284.87,54772,43665,49142,65535,65535,65535,65535,65535,65535
2026-07-31 10:07:48.089,284.92,54772,43665,49142,65535,65535,65535,65535,65535,65535
2026-07-31 10:07:48.135,284.96,54772,43665,49142,65535,65535,65535,65535,65535,65535
2026-07-31 10:07:48.184,285.01,54772,43665,49142,65535,65535,65535,65535,65535,65535
2026-07-31 10:07:48.233,285.06,54772,43665,49142,65535,65535,65535,65535,65535,65535
2026-07-31 10:07:48.280,285.11,54772,43665,49142,65535,65535,65535,65535,65535,65535
2026-07-31 10:07:48.329,285.16,54772,43665,49142,65535,65535,65535,65535,65535,65535
2026-07-31 10:07:48.369,285.2,54772,43665,49142,65535,65535,65535,65535,65535,65535
2026-07-31 10:07:48.415,285.24,54772,43665,49142,65535,65535,65535,65535,65535,65535
2026-07-31 10:07:48.461,285.29,54772,43665,49142,65535,65535,65535,65535,65535,65535
2026-07-31 10:07:48.511,285.34,54942,43665,65534,65535,65535,65535,65535,65535,65535
2026-07-31 10:07:48.558,285.39,54942,43580,65534,65535,65535,65535,65535,65535,65535
2026-07-31 10:07:48.606,285.44,54942,43580,65534,65535,65535,65535,65535,65535,65535
2026-07-31 10:07:48.651,285.48,54942,43580,65534,65535,65535,65535,65535,65535,65535
2026-07-31 10:07:48.701,285.53,54942,43580,65534,65535,65535,65535,65535,65535,65535
2026-07-31 10:07:48.746,285.58,54942,43580,65534,65535,65535,65535,65535,65535,65535
2026-07-31 10:07:48.796,285.63,54942,43580,65534,65535,65535,65535,65535,65535,65535
2026-07-31 10:07:48.837,285.67,54942,43580,65534,65535,65535,65535,65535,65535,65535
2026-07-31 10:07:48.874,285.7,54942,43580,65534,65535,65535,65535,65535,65535,65535
2026-07-31 10:07:48.922,285.75,54942,43580,65534,65535,65535,65535,65535,65535,65535
2026-07-31 10:07:48.964,285.79,54942,43580,65534,65535,65535,65535,65535,65535,65535
2026-07-31 10:07:49.015,285.84,54942,43580,65534,65535,65535,65535,65535,65535,65535
2026-07-31 10:07:49.057,285.89,54942,43580,61428,65535,65535,65535,65535,65535,65535
2026-07-31 10:07:49.107,285.94,54772,38207,61428,65535,65535,65535,65535,65535,65535
2026-07-31 10:07:49.151,285.98,54772,38207,61428,65535,65535,65535,65535,65535,65535
2026-07-31 10:07:49.200,286.03,54772,38207,61428,65535,65535,65535,65535,65535,65535
2026-07-31 10:07:49.244,286.07,54772,38207,61428,65535,65535,65535,65535,65535,65535
2026-07-31 10:07:49.299,286.13,54772,38207,61428,65535,65535,65535,65535,65535,65535
2026-07-31 10:07:49.350,286.18,54772,38207,61428,65535,65535,65535,65535,65535,65535
2026-07-31 10:07:49.386,286.22,54772,38207,61428,65535,65535,65535,65535,65535,65535
2026-07-31 10:07:49.431,286.26,54772,38207,61428,65535,65535,65535,65535,65535,65535
2026-07-31 10:07:49.478,286.31,54772,38207,61428,65535,65535,65535,65535,65535,65535
2026-07-31 10:07:49.525,286.35,54772,38207,61428,65535,65535,65535,65535,65535,65535
2026-07-31 10:07:49.574,286.4,54772,38207,61428,65535,65535,65535,65535,65535,65535
2026-07-31 10:07:49.618,286.45,54772,38207,49142,65535,65535,65535,65535,65535,65535
2026-07-31 10:07:49.668,286.5,63703,43750,49142,65535,65535,65535,65535,65535,65535
2026-07-31 10:07:49.714,286.54,63703,43750,49142,65535,65535,65535,65535,65535,65535
2026-07-31 10:07:49.763,286.59,63703,43750,49142,65535,65535,65535,65535,65535,65535
2026-07-31 10:07:49.813,286.64,63703,43750,49142,65535,65535,65535,65535,65535,65535
2026-07-31 10:07:49.853,286.68,63703,43750,49142,65535,65535,65535,65535,65535,65535
2026-07-31 10:07:49.898,286.73,63703,43750,49142,65535,65535,65535,65535,65535,65535
2026-07-31 10:07:49.948,286.78,63703,43750,49142,65535,65535,65535,65535,65535,65535
2026-07-31 10:07:49.995,286.82,63703,43750,49142,65535,65535,65535,65535,65535,65535
2026-07-31 10:07:50.046,286.88,63703,43750,49142,65535,65535,65535,65535,65535,65535
2026-07-31 10:07:50.096,286.93,63703,43750,49142,65535,65535,65535,65535,65535,65535
2026-07-31 10:07:50.141,286.97,63703,43750,49142,65535,65535,65535,65535,65535,65535
2026-07-31 10:07:50.189,287.02,63703,43750,61725,65535,65535,65535,65535,65535,65535
2026-07-31 10:07:50.237,287.07,60439,42393,61725,65535,65535,65535,65535,65535,65535
2026-07-31 10:07:50.288,287.12,60439,42393,61725,65535,65535,65535,65535,65535,65535
2026-07-31 10:07:50.333,287.16,60439,42393,61725,65535,65535,65535,65535,65535,65535
2026-07-31 10:07:50.371,287.2,60439,42393,61725,65535,65535,65535,65535,65535,65535
2026-07-31 10:07:50.417,287.25,60439,42393,61725,65535,65535,65535,65535,65535,65535
2026-07-31 10:07:50.463,287.29,60439,42393,61725,65535,65535,65535,65535,65535,65535
2026-07-31 10:07:50.509,287.34,60439,42393,61725,65535,65535,65535,65535,65535,65535
2026-07-31 10:07:50.560,287.39,60439,42393,61725,65535,65535,65535,65535,65535,65535
2026-07-31 10:07:50.604,287.43,60439,42393,61725,65535,65535,65535,65535,65535,65535
2026-07-31 10:07:50.653,287.48,60439,42393,61725,65535,65535,65535,65535,65535,65535
2026-07-31 10:07:50.696,287.53,60439,42393,61725,65535,65535,65535,65535,65535,65535
2026-07-31 10:07:50.744,287.57,60439,42393,61131,65535,65535,65535,65535,65535,65535
2026-07-31 10:07:50.788,287.62,54942,50745,61131,65535,65535,65535,65535,65535,65535
2026-07-31 10:07:50.838,287.67,54942,50745,61131,65535,65535,65535,65535,65535,65535
2026-07-31 10:07:50.884,287.71,54942,50745,61131,65535,65535,65535,65535,65535,65535
2026-07-31 10:07:50.920,287.75,54942,50745,61131,65535,65535,65535,65535,65535,65535
2026-07-31 10:07:50.965,287.79,54942,50745,61131,65535,65535,65535,65535,65535,65535
2026-07-31 10:07:51.012,287.84,54942,50745,61131,65535,65535,65535,65535,65535,65535
2026-07-31 10:07:51.063,287.89,54942,50745,61131,65535,65535,65535,65535,65535,65535
2026-07-31 10:07:51.106,287.94,54942,50745,61131,65535,65535,65535,65535,65535,65535
2026-07-31 10:07:51.153,287.98,54942,50745,61131,65535,65535,65535,65535,65535,65535
2026-07-31 10:07:51.203,288.03,54942,50745,61131,65535,65535,65535,65535,65535,65535
2026-07-31 10:07:51.252,288.08,54942,50745,61131,65535,65535,65535,65535,65535,65535
2026-07-31 10:07:51.305,288.13,54942,50745,61131,65535,65535,65535,65535,65535,65535
2026-07-31 10:07:51.354,288.18,54942,50745,61576,65535,65535,65535,65535,65535,65535
2026-07-31 10:07:51.392,288.22,54942,43665,61576,65535,65535,65535,65535,65535,65535
2026-07-31 10:07:51.438,288.27,54942,43665,61576,65535,65535,65535,65535,65535,65535
2026-07-31 10:07:51.486,288.32,54942,43665,61576,65535,65535,65535,65535,65535,65535
2026-07-31 10:07:51.531,288.36,54942,43665,61576,65535,65535,65535,65535,65535,65535
2026-07-31 10:07:51.580,288.41,54942,43665,61576,65535,65535,65535,65535,65535,65535
2026-07-31 10:07:51.622,288.45,54942,43665,61576,65535,65535,65535,65535,65535,65535
2026-07-31 10:07:51.673,288.5,54942,43665,61576,65535,65535,65535,65535,65535,65535
2026-07-31 10:07:51.718,288.55,54942,43665,61576,65535,65535,65535,65535,65535,65535
2026-07-31 10:07:51.765,288.59,54942,43665,61576,65535,65535,65535,65535,65535,65535
2026-07-31 10:07:51.812,288.64,54942,43665,61576,65535,65535,65535,65535,65535,65535
2026-07-31 10:07:51.856,288.69,54942,43665,61576,65535,65535,65535,65535,65535,65535
2026-07-31 10:07:51.893,288.72,54942,43665,65534,65535,65535,65535,65535,65535,65535
2026-07-31 10:07:51.938,288.77,65534,65534,65534,65535,65535,65535,65535,65535,65535
2026-07-31 10:07:51.986,288.82,65534,65534,65534,65535,65535,65535,65535,65535,65535
2026-07-31 10:07:52.029,288.86,65534,65534,65534,65535,65535,65535,65535,65535,65535
2026-07-31 10:07:52.080,288.91,65534,65534,65534,65535,65535,65535,65535,65535,65535
2026-07-31 10:07:52.124,288.95,65534,65534,65534,65535,65535,65535,65535,65535,65535
2026-07-31 10:07:52.172,289.0,65534,65534,65534,65535,65535,65535,65535,65535,65535
2026-07-31 10:07:52.217,289.05,65534,65534,65534,65535,65535,65535,65535,65535,65535
2026-07-31 10:07:52.267,289.1,65534,65534,65534,65535,65535,65535,65535,65535,65535
2026-07-31 10:07:52.312,289.14,65534,65534,65534,65535,65535,65535,65535,65535,65535
2026-07-31 10:07:52.363,289.19,65534,65534,65534,65535,65535,65535,65535,65535,65535
2026-07-31 10:07:52.403,289.23,65534,65534,65534,65535,65535,65535,65535,65535,65535
2026-07-31 10:07:52.448,289.28,65534,65534,49617,65535,65535,65535,65535,65535,65535
2026-07-31 10:07:52.495,289.32,54772,43665,49617,65535,65535,65535,65535,65535,65535
2026-07-31 10:07:52.541,289.37,54772,43665,49617,65535,65535,65535,65535,65535,65535
2026-07-31 10:07:52.591,289.42,54772,43665,49617,65535,65535,65535,65535,65535,65535
2026-07-31 10:07:52.639,289.47,54772,43665,49617,65535,65535,65535,65535,65535,65535
2026-07-31 10:07:52.685,289.51,54772,43665,49617,65535,65535,65535,65535,65535,65535
2026-07-31 10:07:52.732,289.56,54772,43665,49617,65535,65535,65535,65535,65535,65535
2026-07-31 10:07:52.778,289.61,54772,43665,49617,65535,65535,65535,65535,65535,65535
2026-07-31 10:07:52.825,289.65,54772,43665,49617,65535,65535,65535,65535,65535,65535
2026-07-31 10:07:52.873,289.7,54772,43665,49617,65535,65535,65535,65535,65535,65535
2026-07-31 10:07:52.909,289.74,54772,43665,49617,65535,65535,65535,65535,65535,65535
2026-07-31 10:07:52.954,289.78,54772,43665,49617,65535,65535,65535,65535,65535,65535
2026-07-31 10:07:53.002,289.83,54772,43665,49617,65535,65535,65535,65535,65535,65535
2026-07-31 10:07:53.050,289.88,65534,43665,61873,65535,65535,65535,65535,65535,65535
2026-07-31 10:07:53.096,289.93,65534,50745,61873,65535,65535,65535,65535,65535,65535
2026-07-31 10:07:53.141,289.97,65534,50745,61873,65535,65535,65535,65535,65535,65535
2026-07-31 10:07:53.190,290.02,65534,50745,61873,65535,65535,65535,65535,65535,65535
2026-07-31 10:07:53.237,290.07,65534,50745,61873,65535,65535,65535,65535,65535,65535
2026-07-31 10:07:53.286,290.12,65534,50745,61873,65535,65535,65535,65535,65535,65535
2026-07-31 10:07:53.334,290.16,65534,50745,61873,65535,65535,65535,65535,65535,65535
2026-07-31 10:07:53.373,290.2,65534,50745,61873,65535,65535,65535,65535,65535,65535
2026-07-31 10:07:53.425,290.25,65534,50745,61873,65535,65535,65535,65535,65535,65535
2026-07-31 10:07:53.472,290.3,65534,50745,61873,65535,65535,65535,65535,65535,65535
2026-07-31 10:07:53.519,290.35,65534,50745,61873,65535,65535,65535,65535,65535,65535
2026-07-31 10:07:53.564,290.39,65534,50745,61873,65535,65535,65535,65535,65535,65535
2026-07-31 10:07:53.612,290.44,54772,50745,61725,65535,65535,65535,65535,65535,65535
2026-07-31 10:07:53.656,290.49,54772,43835,61725,65535,65535,65535,65535,65535,65535
2026-07-31 10:07:53.702,290.53,54772,43835,61725,65535,65535,65535,65535,65535,65535
2026-07-31 10:07:53.749,290.58,54772,43835,61725,65535,65535,65535,65535,65535,65535
2026-07-31 10:07:53.797,290.63,54772,43835,61725,65535,65535,65535,65535,65535,65535
2026-07-31 10:07:53.844,290.67,54772,43835,61725,65535,65535,65535,65535,65535,65535
2026-07-31 10:07:53.880,290.71,54772,43835,61725,65535,65535,65535,65535,65535,65535
2026-07-31 10:07:53.928,290.76,54772,43835,61725,65535,65535,65535,65535,65535,65535
2026-07-31 10:07:53.975,290.8,54772,43835,61725,65535,65535,65535,65535,65535,65535
2026-07-31 10:07:54.024,290.85,54772,43835,61725,65535,65535,65535,65535,65535,65535
2026-07-31 10:07:54.069,290.9,54772,43835,61725,65535,65535,65535,65535,65535,65535
2026-07-31 10:07:54.119,290.95,54772,43835,61725,65535,65535,65535,65535,65535,65535
2026-07-31 10:07:54.169,291.0,54857,43835,61725,65535,65535,65535,65535,65535,65535
2026-07-31 10:07:54.214,291.04,54857,43665,61725,65535,65535,65535,65535,65535,65535
2026-07-31 10:07:54.262,291.09,54857,43665,61725,65535,65535,65535,65535,65535,65535
2026-07-31 10:07:54.307,291.14,54857,43665,61725,65535,65535,65535,65535,65535,65535
2026-07-31 10:07:54.358,291.19,54857,43665,61725,65535,65535,65535,65535,65535,65535
2026-07-31 10:07:54.395,291.22,54857,43665,61725,65535,65535,65535,65535,65535,65535
2026-07-31 10:07:54.441,291.27,54857,43665,61725,65535,65535,65535,65535,65535,65535
2026-07-31 10:07:54.491,291.32,54857,43665,61725,65535,65535,65535,65535,65535,65535
2026-07-31 10:07:54.538,291.37,54857,43665,61725,65535,65535,65535,65535,65535,65535
2026-07-31 10:07:54.584,291.41,54857,43665,61725,65535,65535,65535,65535,65535,65535
2026-07-31 10:07:54.630,291.46,54857,43665,61725,65535,65535,65535,65535,65535,65535
2026-07-31 10:07:54.679,291.51,54857,43665,61725,65535,65535,65535,65535,65535,65535
2026-07-31 10:07:54.726,291.56,54857,43665,61576,65535,65535,65535,65535,65535,65535
2026-07-31 10:07:54.773,291.6,55111,43580,61576,65535,65535,65535,65535,65535,65535
2026-07-31 10:07:54.824,291.65,55111,43580,61576,65535,65535,65535,65535,65535,65535
2026-07-31 10:07:54.868,291.7,55111,43580,61576,65535,65535,65535,65535,65535,65535
2026-07-31 10:07:54.907,291.74,55111,43580,61576,65535,65535,65535,65535,65535,65535
2026-07-31 10:07:54.961,291.79,55111,43580,61576,65535,65535,65535,65535,65535,65535
2026-07-31 10:07:55.008,291.84,55111,43580,61576,65535,65535,65535,65535,65535,65535
2026-07-31 10:07:55.053,291.88,55111,43580,61576,65535,65535,65535,65535,65535,65535
2026-07-31 10:07:55.102,291.93,55111,43580,61576,65535,65535,65535,65535,65535,65535
2026-07-31 10:07:55.149,291.98,55111,43580,61576,65535,65535,65535,65535,65535,65535
2026-07-31 10:07:55.198,292.03,55111,43580,61576,65535,65535,65535,65535,65535,65535
2026-07-31 10:07:55.245,292.07,55111,43580,61576,65535,65535,65535,65535,65535,65535
2026-07-31 10:07:55.293,292.12,55111,43580,61873,65535,65535,65535,65535,65535,65535
2026-07-31 10:07:55.343,292.17,64000,43665,61873,65535,65535,65535,65535,65535,65535
2026-07-31 10:07:55.391,292.22,64000,43665,61873,65535,65535,65535,65535,65535,65535
2026-07-31 10:07:55.426,292.26,64000,43665,61873,65535,65535,65535,65535,65535,65535
2026-07-31 10:07:55.474,292.3,64000,43665,61873,65535,65535,65535,65535,65535,65535
2026-07-31 10:07:55.521,292.35,64000,43665,61873,65535,65535,65535,65535,65535,65535
2026-07-31 10:07:55.567,292.4,64000,43665,61873,65535,65535,65535,65535,65535,65535
2026-07-31 10:07:55.618,292.45,64000,43665,61873,65535,65535,65535,65535,65535,65535
2026-07-31 10:07:55.661,292.49,64000,43665,61873,65535,65535,65535,65535,65535,65535
2026-07-31 10:07:55.713,292.54,64000,43665,61873,65535,65535,65535,65535,65535,65535
2026-07-31 10:07:55.759,292.59,64000,43665,61873,65535,65535,65535,65535,65535,65535
2026-07-31 10:07:55.809,292.64,64000,43665,61873,65535,65535,65535,65535,65535,65535
2026-07-31 10:07:55.855,292.68,64000,43665,61576,65535,65535,65535,65535,65535,65535
2026-07-31 10:07:55.896,292.73,60538,42308,61576,65535,65535,65535,65535,65535,65535
2026-07-31 10:07:55.931,292.76,60538,42308,61576,65535,65535,65535,65535,65535,65535
2026-07-31 10:07:55.976,292.81,60538,42308,61576,65535,65535,65535,65535,65535,65535
2026-07-31 10:07:56.026,292.86,60538,42308,61576,65535,65535,65535,65535,65535,65535
2026-07-31 10:07:56.077,292.91,60538,42308,61576,65535,65535,65535,65535,65535,65535
2026-07-31 10:07:56.121,292.95,60538,42308,61576,65535,65535,65535,65535,65535,65535
2026-07-31 10:07:56.173,293.0,60538,42308,61576,65535,65535,65535,65535,65535,65535
2026-07-31 10:07:56.217,293.05,60538,42308,61576,65535,65535,65535,65535,65535,65535
2026-07-31 10:07:56.269,293.1,60538,42308,61576,65535,65535,65535,65535,65535,65535
2026-07-31 10:07:56.316,293.15,60538,42308,61576,65535,65535,65535,65535,65535,65535
2026-07-31 10:07:56.365,293.19,60538,42308,61576,65535,65535,65535,65535,65535,65535
2026-07-31 10:07:56.417,293.25,60538,42308,48905,65535,65535,65535,65535,65535,65535
2026-07-31 10:07:56.457,293.29,54772,65286,48905,65535,65535,65535,65535,65535,65535
2026-07-31 10:07:56.507,293.34,54772,65286,48905,65535,65535,65535,65535,65535,65535
2026-07-31 10:07:56.557,293.39,54772,65286,48905,65535,65535,65535,65535,65535,65535
2026-07-31 10:07:56.604,293.43,54772,65286,48905,65535,65535,65535,65535,65535,65535
2026-07-31 10:07:56.649,293.48,54772,65286,48905,65535,65535,65535,65535,65535,65535
2026-07-31 10:07:56.697,293.53,54772,65286,48905,65535,65535,65535,65535,65535,65535
2026-07-31 10:07:56.742,293.57,54772,65286,48905,65535,65535,65535,65535,65535,65535
2026-07-31 10:07:56.792,293.62,54772,65286,48905,65535,65535,65535,65535,65535,65535
2026-07-31 10:07:56.839,293.67,54772,65286,48905,65535,65535,65535,65535,65535,65535
2026-07-31 10:07:56.890,293.72,54772,65286,48905,65535,65535,65535,65535,65535,65535
2026-07-31 10:07:56.927,293.76,54772,65286,48905,65535,65535,65535,65535,65535,65535
2026-07-31 10:07:56.977,293.81,54772,65286,61725,65535,65535,65535,65535,65535,65535
2026-07-31 10:07:57.023,293.85,64099,43495,61725,65535,65535,65535,65535,65535,65535
2026-07-31 10:07:57.070,293.9,64099,43495,61725,65535,65535,65535,65535,65535,65535
2026-07-31 10:07:57.118,293.95,64099,43495,61725,65535,65535,65535,65535,65535,65535
2026-07-31 10:07:57.169,294.0,64099,43495,61725,65535,65535,65535,65535,65535,65535
2026-07-31 10:07:57.216,294.04,64099,43495,61725,65535,65535,65535,65535,65535,65535
2026-07-31 10:07:57.266,294.1,64099,43495,61725,65535,65535,65535,65535,65535,65535
2026-07-31 10:07:57.311,294.14,64099,43495,61725,65535,65535,65535,65535,65535,65535
2026-07-31 10:07:57.359,294.19,64099,43495,61725,65535,65535,65535,65535,65535,65535
2026-07-31 10:07:57.395,294.22,64099,43495,61725,65535,65535,65535,65535,65535,65535
2026-07-31 10:07:57.431,294.26,64099,43495,61725,65535,65535,65535,65535,65535,65535
2026-07-31 10:07:57.476,294.31,64099,43495,61725,65535,65535,65535,65535,65535,65535
2026-07-31 10:07:57.525,294.35,64099,43495,61725,65535,65535,65535,65535,65535,65535
2026-07-31 10:07:57.572,294.4,65534,43495,61725,65535,65535,65535,65535,65535,65535
2026-07-31 10:07:57.619,294.45,65534,45191,61725,65535,65535,65535,65535,65535,65535
2026-07-31 10:07:57.668,294.5,65534,45191,61725,65535,65535,65535,65535,65535,65535
2026-07-31 10:07:57.714,294.54,65534,45191,61725,65535,65535,65535,65535,65535,65535
2026-07-31 10:07:57.762,294.59,65534,45191,61725,65535,65535,65535,65535,65535,65535
2026-07-31 10:07:57.808,294.64,65534,45191,61725,65535,65535,65535,65535,65535,65535
2026-07-31 10:07:57.853,294.68,65534,45191,61725,65535,65535,65535,65535,65535,65535
2026-07-31 10:07:57.899,294.73,65534,45191,61725,65535,65535,65535,65535,65535,65535
2026-07-31 10:07:57.939,294.77,65534,45191,61725,65535,65535,65535,65535,65535,65535
2026-07-31 10:07:57.988,294.82,65534,45191,61725,65535,65535,65535,65535,65535,65535
2026-07-31 10:07:58.034,294.86,65534,45191,61725,65535,65535,65535,65535,65535,65535
2026-07-31 10:07:58.082,294.91,65534,45191,61725,65535,65535,65535,65535,65535,65535
2026-07-31 10:07:58.131,294.96,54857,45191,65534,65535,65535,65535,65535,65535,65535
2026-07-31 10:07:58.179,295.01,54857,43919,65534,65535,65535,65535,65535,65535,65535
2026-07-31 10:07:58.223,295.05,54857,43919,65534,65535,65535,65535,65535,65535,65535
2026-07-31 10:07:58.271,295.1,54857,43919,65534,65535,65535,65535,65535,65535,65535
2026-07-31 10:07:58.315,295.14,54857,43919,65534,65535,65535,65535,65535,65535,65535
2026-07-31 10:07:58.363,295.19,54857,43919,65534,65535,65535,65535,65535,65535,65535
2026-07-31 10:07:58.403,295.23,54857,43919,65534,65535,65535,65535,65535,65535,65535
2026-07-31 10:07:58.442,295.27,54857,43919,65534,65535,65535,65535,65535,65535,65535
2026-07-31 10:07:58.487,295.32,54857,43919,65534,65535,65535,65535,65535,65535,65535
2026-07-31 10:07:58.536,295.37,54857,43919,65534,65535,65535,65535,65535,65535,65535
2026-07-31 10:07:58.584,295.41,54857,43919,65534,65535,65535,65535,65535,65535,65535
2026-07-31 10:07:58.628,295.46,54857,43919,65534,65535,65535,65535,65535,65535,65535
2026-07-31 10:07:58.676,295.51,54857,43919,49380,65535,65535,65535,65535,65535,65535
2026-07-31 10:07:58.721,295.55,54857,43665,49380,65535,65535,65535,65535,65535,65535
2026-07-31 10:07:58.770,295.6,54857,43665,49380,65535,65535,65535,65535,65535,65535
2026-07-31 10:07:58.818,295.65,54857,43665,49380,65535,65535,65535,65535,65535,65535
2026-07-31 10:07:58.867,295.7,54857,43665,49380,65535,65535,65535,65535,65535,65535
2026-07-31 10:07:58.911,295.74,54857,43665,49380,65535,65535,65535,65535,65535,65535
2026-07-31 10:07:58.949,295.78,54857,43665,49380,65535,65535,65535,65535,65535,65535
2026-07-31 10:07:58.996,295.83,54857,43665,49380,65535,65535,65535,65535,65535,65535
2026-07-31 10:07:59.048,295.88,54857,43665,49380,65535,65535,65535,65535,65535,65535
2026-07-31 10:07:59.093,295.92,54857,43665,49380,65535,65535,65535,65535,65535,65535
2026-07-31 10:07:59.140,295.97,54857,43665,49380,65535,65535,65535,65535,65535,65535
2026-07-31 10:07:59.186,296.02,54857,43665,49380,65535,65535,65535,65535,65535,65535
2026-07-31 10:07:59.231,296.06,54857,43665,49380,65535,65535,65535,65535,65535,65535
2026-07-31 10:07:59.277,296.11,54942,43665,61280,65535,65535,65535,65535,65535,65535
2026-07-31 10:07:59.325,296.15,54942,51140,61280,65535,65535,65535,65535,65535,65535
2026-07-31 10:07:59.373,296.2,54942,51140,61280,65535,65535,65535,65535,65535,65535
2026-07-31 10:07:59.408,296.24,54942,51140,61280,65535,65535,65535,65535,65535,65535
2026-07-31 10:07:59.444,296.27,54942,51140,61280,65535,65535,65535,65535,65535,65535
2026-07-31 10:07:59.487,296.32,54942,51140,61280,65535,65535,65535,65535,65535,65535
2026-07-31 10:07:59.534,296.36,54942,51140,61280,65535,65535,65535,65535,65535,65535
2026-07-31 10:07:59.580,296.41,54942,51140,61280,65535,65535,65535,65535,65535,65535
2026-07-31 10:07:59.630,296.46,54942,51140,61280,65535,65535,65535,65535,65535,65535
2026-07-31 10:07:59.674,296.5,54942,51140,61280,65535,65535,65535,65535,65535,65535
2026-07-31 10:07:59.723,296.55,54942,51140,61280,65535,65535,65535,65535,65535,65535
2026-07-31 10:07:59.774,296.6,54942,51140,61280,65535,65535,65535,65535,65535,65535
2026-07-31 10:07:59.819,296.65,54942,51140,62022,65535,65535,65535,65535,65535,65535
2026-07-31 10:07:59.869,296.7,63901,43665,62022,65535,65535,65535,65535,65535,65535
2026-07-31 10:07:59.916,296.75,63901,43665,62022,65535,65535,65535,65535,65535,65535
2026-07-31 10:07:59.954,296.78,63901,43665,62022,65535,65535,65535,65535,65535,65535
2026-07-31 10:08:00.001,296.83,63901,43665,62022,65535,65535,65535,65535,65535,65535
2026-07-31 10:08:00.046,296.88,63901,43665,62022,65535,65535,65535,65535,65535,65535
2026-07-31 10:08:00.096,296.93,63901,43665,62022,65535,65535,65535,65535,65535,65535
2026-07-31 10:08:00.142,296.97,63901,43665,62022,65535,65535,65535,65535,65535,65535
2026-07-31 10:08:00.191,297.02,63901,43665,62022,65535,65535,65535,65535,65535,65535
2026-07-31 10:08:00.240,297.07,63901,43665,62022,65535,65535,65535,65535,65535,65535
2026-07-31 10:08:00.287,297.12,63901,43665,62022,65535,65535,65535,65535,65535,65535
2026-07-31 10:08:00.337,297.17,63901,43665,62022,65535,65535,65535,65535,65535,65535
2026-07-31 10:08:00.384,297.21,63901,43665,49380,65535,65535,65535,65535,65535,65535
2026-07-31 10:08:00.425,297.25,54857,50943,49380,65535,65535,65535,65535,65535,65535
2026-07-31 10:08:00.471,297.3,54857,50943,49380,65535,65535,65535,65535,65535,65535
2026-07-31 10:08:00.520,297.35,54857,50943,49380,65535,65535,65535,65535,65535,65535
2026-07-31 10:08:00.564,297.39,54857,50943,49380,65535,65535,65535,65535,65535,65535
2026-07-31 10:08:00.614,297.44,54857,50943,49380,65535,65535,65535,65535,65535,65535
2026-07-31 10:08:00.660,297.49,54857,50943,49380,65535,65535,65535,65535,65535,65535
2026-07-31 10:08:00.711,297.54,54857,50943,49380,65535,65535,65535,65535,65535,65535
2026-07-31 10:08:00.754,297.58,54857,50943,49380,65535,65535,65535,65535,65535,65535
2026-07-31 10:08:00.801,297.63,54857,50943,49380,65535,65535,65535,65535,65535,65535
2026-07-31 10:08:00.845,297.67,54857,50943,49380,65535,65535,65535,65535,65535,65535
2026-07-31 10:08:00.896,297.73,54857,50943,49380,65535,65535,65535,65535,65535,65535
2026-07-31 10:08:00.937,297.77,54857,50943,61576,65535,65535,65535,65535,65535,65535
2026-07-31 10:08:00.989,297.82,63802,43750,61576,65535,65535,65535,65535,65535,65535
2026-07-31 10:08:01.033,297.86,63802,43750,61576,65535,65535,65535,65535,65535,65535
2026-07-31 10:08:01.085,297.91,63802,43750,61576,65535,65535,65535,65535,65535,65535
2026-07-31 10:08:01.136,297.97,63802,43750,61576,65535,65535,65535,65535,65535,65535
2026-07-31 10:08:01.182,298.01,63802,43750,61576,65535,65535,65535,65535,65535,65535
2026-07-31 10:08:01.231,298.06,63802,43750,61576,65535,65535,65535,65535,65535,65535
2026-07-31 10:08:01.276,298.1,63802,43750,61576,65535,65535,65535,65535,65535,65535
2026-07-31 10:08:01.325,298.15,63802,43750,61576,65535,65535,65535,65535,65535,65535
2026-07-31 10:08:01.369,298.2,63802,43750,61576,65535,65535,65535,65535,65535,65535
2026-07-31 10:08:01.418,298.25,63802,43750,61576,65535,65535,65535,65535,65535,65535
2026-07-31 10:08:01.455,298.28,63802,43750,61576,65535,65535,65535,65535,65535,65535
2026-07-31 10:08:01.501,298.33,63802,43750,61280,65535,65535,65535,65535,65535,65535
2026-07-31 10:08:01.552,298.38,55493,42478,61280,65535,65535,65535,65535,65535,65535
2026-07-31 10:08:01.603,298.43,55493,42478,61280,65535,65535,65535,65535,65535,65535
2026-07-31 10:08:01.646,298.48,55493,42478,61280,65535,65535,65535,65535,65535,65535
2026-07-31 10:08:01.697,298.53,55493,42478,61280,65535,65535,65535,65535,65535,65535
2026-07-31 10:08:01.742,298.57,55493,42478,61280,65535,65535,65535,65535,65535,65535
2026-07-31 10:08:01.792,298.62,55493,42478,61280,65535,65535,65535,65535,65535,65535
2026-07-31 10:08:01.844,298.67,55493,42478,61280,65535,65535,65535,65535,65535,65535
2026-07-31 10:08:01.892,298.72,55493,42478,61280,65535,65535,65535,65535,65535,65535
2026-07-31 10:08:01.927,298.76,55493,42478,61280,65535,65535,65535,65535,65535,65535
2026-07-31 10:08:01.975,298.8,55493,42478,61280,65535,65535,65535,65535,65535,65535
2026-07-31 10:08:02.022,298.85,55493,42478,61280,65535,65535,65535,65535,65535,65535
2026-07-31 10:08:02.072,298.9,55493,42478,61428,65535,65535,65535,65535,65535,65535
2026-07-31 10:08:02.122,298.95,54857,43919,61428,65535,65535,65535,65535,65535,65535
2026-07-31 10:08:02.170,299.0,54857,43919,61428,65535,65535,65535,65535,65535,65535
2026-07-31 10:08:02.219,299.05,54857,43919,61428,65535,65535,65535,65535,65535,65535
2026-07-31 10:08:02.269,299.1,54857,43919,61428,65535,65535,65535,65535,65535,65535
2026-07-31 10:08:02.319,299.15,54857,43919,61428,65535,65535,65535,65535,65535,65535
2026-07-31 10:08:02.370,299.2,54857,43919,61428,65535,65535,65535,65535,65535,65535
2026-07-31 10:08:02.411,299.24,54857,43919,61428,65535,65535,65535,65535,65535,65535
2026-07-31 10:08:02.446,299.28,54857,43919,61428,65535,65535,65535,65535,65535,65535
2026-07-31 10:08:02.492,299.32,54857,43919,61428,65535,65535,65535,65535,65535,65535
2026-07-31 10:08:02.539,299.37,54857,43919,61428,65535,65535,65535,65535,65535,65535
2026-07-31 10:08:02.587,299.42,54857,43919,61428,65535,65535,65535,65535,65535,65535
2026-07-31 10:08:02.635,299.46,54857,43919,61131,65535,65535,65535,65535,65535,65535
2026-07-31 10:08:02.681,299.51,64297,50943,61131,65535,65535,65535,65535,65535,65535
2026-07-31 10:08:02.730,299.56,64297,50943,61131,65535,65535,65535,65535,65535,65535
2026-07-31 10:08:02.777,299.61,64297,50943,61131,65535,65535,65535,65535,65535,65535
2026-07-31 10:08:02.822,299.65,64297,50943,61131,65535,65535,65535,65535,65535,65535
2026-07-31 10:08:02.873,299.7,64297,50943,61131,65535,65535,65535,65535,65535,65535
2026-07-31 10:08:02.916,299.75,64297,50943,61131,65535,65535,65535,65535,65535,65535
2026-07-31 10:08:02.954,299.78,64297,50943,61131,65535,65535,65535,65535,65535,65535
2026-07-31 10:08:03.003,299.83,64297,50943,61131,65535,65535,65535,65535,65535,65535
2026-07-31 10:08:03.055,299.88,64297,50943,61131,65535,65535,65535,65535,65535,65535
2026-07-31 10:08:03.100,299.93,64297,50943,61131,65535,65535,65535,65535,65535,65535
2026-07-31 10:08:03.149,299.98,64297,50943,61131,65535,65535,65535,65535,65535,65535
