Timestamp,Elapsed_Seconds,AIN1,AIN2,AIN3,AIN4,AIN5,AIN6,AIN7,AIN8,AIN9
2026-07-31 10:17:14.302,0.0,52653,42732,61873,65535,65535,65535,65535,65535,65535
2026-07-31 10:17:14.338,0.04,52653,42732,61873,65535,65535,65535,65535,65535,65535
2026-07-31 10:17:14.384,0.08,52653,42732,61873,65535,65535,65535,65535,65535,65535
2026-07-31 10:17:14.429,0.13,52653,42732,61873,65535,65535,65535,65535,65535,65535
2026-07-31 10:17:14.480,0.18,52653,42732,61576,65535,65535,65535,65535,65535,65535
2026-07-31 10:17:14.524,0.22,65286,51338,61576,65535,65535,65535,65535,65535,65535
2026-07-31 10:17:14.575,0.27,65286,51338,61576,65535,65535,65535,65535,65535,65535
2026-07-31 10:17:14.622,0.32,65286,51338,61576,65535,65535,65535,65535,65535,65535
2026-07-31 10:17:14.670,0.37,65286,51338,61576,65535,65535,65535,65535,65535,65535
2026-07-31 10:17:14.714,0.41,65286,51338,61576,65535,65535,65535,65535,65535,65535
2026-07-31 10:17:14.762,0.46,65286,51338,61576,65535,65535,65535,65535,65535,65535
2026-07-31 10:17:14.811,0.51,65286,51338,61576,65535,65535,65535,65535,65535,65535
2026-07-31 10:17:14.859,0.56,65286,51338,61576,65535,65535,65535,65535,65535,65535
2026-07-31 10:17:14.908,0.61,65286,51338,61576,65535,65535,65535,65535,65535,65535
2026-07-31 10:17:14.955,0.65,65286,51338,61576,65535,65535,65535,65535,65535,65535
2026-07-31 10:17:15.003,0.7,65286,51338,61576,65535,65535,65535,65535,65535,65535
2026-07-31 10:17:15.050,0.75,65286,51338,61428,65535,65535,65535,65535,65535,65535
2026-07-31 10:17:15.097,0.8,55620,44089,61428,65535,65535,65535,65535,65535,65535
2026-07-31 10:17:15.143,0.84,55620,44089,61428,65535,65535,65535,65535,65535,65535
2026-07-31 10:17:15.195,0.89,55620,44089,61428,65535,65535,65535,65535,65535,65535
2026-07-31 10:17:15.249,0.95,55620,44089,61428,65535,65535,65535,65535,65535,65535
2026-07-31 10:17:15.296,0.99,55620,44089,61428,65535,65535,65535,65535,65535,65535
2026-07-31 10:17:15.344,1.04,55620,44089,61428,65535,65535,65535,65535,65535,65535
2026-07-31 10:17:15.393,1.09,55620,44089,61428,65535,65535,65535,65535,65535,65535
2026-07-31 10:17:15.434,1.13,55620,44089,61428,65535,65535,65535,65535,65535,65535
2026-07-31 10:17:15.470,1.17,55620,44089,61428,65535,65535,65535,65535,65535,65535
2026-07-31 10:17:15.527,1.23,55620,44089,61428,65535,65535,65535,65535,65535,65535
2026-07-31 10:17:15.575,1.27,55620,44089,61428,65535,65535,65535,65535,65535,65535
2026-07-31 10:17:15.625,1.32,58672,44089,61873,65535,65535,65535,65535,65535,65535
2026-07-31 10:17:15.671,1.37,58672,52723,61873,65535,65535,65535,65535,65535,65535
2026-07-31 10:17:15.719,1.42,58672,52723,61873,65535,65535,65535,65535,65535,65535
2026-07-31 10:17:15.765,1.46,58672,52723,61873,65535,65535,65535,65535,65535,65535
2026-07-31 10:17:15.816,1.51,58672,52723,61873,65535,65535,65535,65535,65535,65535
2026-07-31 10:17:15.862,1.56,58672,52723,61873,65535,65535,65535,65535,65535,65535
2026-07-31 10:17:15.915,1.61,58672,52723,61873,65535,65535,65535,65535,65535,65535
2026-07-31 10:17:15.954,1.65,58672,52723,61873,65535,65535,65535,65535,65535,65535
2026-07-31 10:17:15.999,1.7,58672,52723,61873,65535,65535,65535,65535,65535,65535
2026-07-31 10:17:16.051,1.75,58672,52723,61873,65535,65535,65535,65535,65535,65535
2026-07-31 10:17:16.099,1.8,58672,52723,61873,65535,65535,65535,65535,65535,65535
2026-07-31 10:17:16.147,1.85,58672,52723,61873,65535,65535,65535,65535,65535,65535
2026-07-31 10:17:16.193,1.89,55535,52723,61873,65535,65535,65535,65535,65535,65535
2026-07-31 10:17:16.242,1.94,55535,44089,61873,65535,65535,65535,65535,65535,65535
2026-07-31 10:17:16.291,1.99,55535,44089,61873,65535,65535,65535,65535,65535,65535
2026-07-31 10:17:16.342,2.04,55535,44089,61873,65535,65535,65535,65535,65535,65535
2026-07-31 10:17:16.393,2.09,55535,44089,61873,65535,65535,65535,65535,65535,65535
2026-07-31 10:17:16.428,2.13,55535,44089,61873,65535,65535,65535,65535,65535,65535
2026-07-31 10:17:16.477,2.18,55535,44089,61873,65535,65535,65535,65535,65535,65535
2026-07-31 10:17:16.521,2.22,55535,44089,61873,65535,65535,65535,65535,65535,65535
2026-07-31 10:17:16.572,2.27,55535,44089,61873,65535,65535,65535,65535,65535,65535
2026-07-31 10:17:16.618,2.32,55535,44089,61873,65535,65535,65535,65535,65535,65535
2026-07-31 10:17:16.665,2.36,55535,44089,61873,65535,65535,65535,65535,65535,65535
2026-07-31 10:17:16.719,2.42,55535,44089,61873,65535,65535,65535,65535,65535,65535
2026-07-31 10:17:16.769,2.47,65088,44089,61725,65535,65535,65535,65535,65535,65535
2026-07-31 10:17:16.821,2.52,65088,44004,61725,65535,65535,65535,65535,65535,65535
2026-07-31 10:17:16.866,2.56,65088,44004,61725,65535,65535,65535,65535,65535,65535
2026-07-31 10:17:16.905,2.6,65088,44004,61725,65535,65535,65535,65535,65535,65535
2026-07-31 10:17:16.940,2.64,65088,44004,61725,65535,65535,65535,65535,65535,65535
2026-07-31 10:17:16.985,2.68,65088,44004,61725,65535,65535,65535,65535,65535,65535
2026-07-31 10:17:17.034,2.73,65088,44004,61725,65535,65535,65535,65535,65535,65535
2026-07-31 10:17:17.081,2.78,65088,44004,61725,65535,65535,65535,65535,65535,65535
2026-07-31 10:17:17.130,2.83,65088,44004,61725,65535,65535,65535,65535,65535,65535
2026-07-31 10:17:17.179,2.88,65088,44004,61725,65535,65535,65535,65535,65535,65535
2026-07-31 10:17:17.227,2.93,65088,44004,61725,65535,65535,65535,65535,65535,65535
2026-07-31 10:17:17.273,2.97,65088,44004,61725,65535,65535,65535,65535,65535,65535
2026-07-31 10:17:17.320,3.02,65088,44004,61873,65535,65535,65535,65535,65535,65535
2026-07-31 10:17:17.370,3.07,55874,44259,61873,65535,65535,65535,65535,65535,65535
2026-07-31 10:17:17.419,3.12,55874,44259,61873,65535,65535,65535,65535,65535,65535
2026-07-31 10:17:17.454,3.15,55874,44259,61873,65535,65535,65535,65535,65535,65535
2026-07-31 10:17:17.499,3.2,55874,44259,61873,65535,65535,65535,65535,65535,65535
2026-07-31 10:17:17.548,3.25,55874,44259,61873,65535,65535,65535,65535,65535,65535
2026-07-31 10:17:17.598,3.3,55874,44259,61873,65535,65535,65535,65535,65535,65535
2026-07-31 10:17:17.653,3.35,55874,44259,61873,65535,65535,65535,65535,65535,65535
2026-07-31 10:17:17.703,3.4,55874,44259,61873,65535,65535,65535,65535,65535,65535
2026-07-31 10:17:17.749,3.45,55874,44259,61873,65535,65535,65535,65535,65535,65535
2026-07-31 10:17:17.800,3.5,55874,44259,61873,65535,65535,65535,65535,65535,65535
2026-07-31 10:17:17.848,3.55,55874,44259,61873,65535,65535,65535,65535,65535,65535
2026-07-31 10:17:17.895,3.59,64989,44259,61873,65535,65535,65535,65535,65535,65535
2026-07-31 10:17:17.930,3.63,64989,44004,61873,65535,65535,65535,65535,65535,65535
2026-07-31 10:17:17.976,3.67,64989,44004,61873,65535,65535,65535,65535,65535,65535
2026-07-31 10:17:18.027,3.73,64989,44004,61873,65535,65535,65535,65535,65535,65535
2026-07-31 10:17:18.076,3.77,64989,44004,61873,65535,65535,65535,65535,65535,65535
2026-07-31 10:17:18.126,3.82,64989,44004,61873,65535,65535,65535,65535,65535,65535
2026-07-31 10:17:18.174,3.87,64989,44004,61873,65535,65535,65535,65535,65535,65535
2026-07-31 10:17:18.221,3.92,64989,44004,61873,65535,65535,65535,65535,65535,65535
2026-07-31 10:17:18.272,3.97,64989,44004,61873,65535,65535,65535,65535,65535,65535
2026-07-31 10:17:18.322,4.02,64989,44004,61873,65535,65535,65535,65535,65535,65535
2026-07-31 10:17:18.370,4.07,64989,44004,61873,65535,65535,65535,65535,65535,65535
2026-07-31 10:17:18.405,4.1,64989,44004,61873,65535,65535,65535,65535,65535,65535
2026-07-31 10:17:18.456,4.15,65088,44004,61873,65535,65535,65535,65535,65535,65535
2026-07-31 10:17:18.513,4.21,65088,44343,61873,65535,65535,65535,65535,65535,65535
2026-07-31 10:17:18.560,4.26,65088,44343,61873,65535,65535,65535,65535,65535,65535
2026-07-31 10:17:18.608,4.31,65088,44343,61873,65535,65535,65535,65535,65535,65535
2026-07-31 10:17:18.657,4.36,65088,44343,61873,65535,65535,65535,65535,65535,65535
2026-07-31 10:17:18.704,4.4,65088,44343,61873,65535,65535,65535,65535,65535,65535
2026-07-31 10:17:18.751,4.45,65088,44343,61873,65535,65535,65535,65535,65535,65535
2026-07-31 10:17:18.796,4.49,65088,44343,61873,65535,65535,65535,65535,65535,65535
2026-07-31 10:17:18.846,4.54,65088,44343,61873,65535,65535,65535,65535,65535,65535
2026-07-31 10:17:18.896,4.59,65088,44343,61873,65535,65535,65535,65535,65535,65535
2026-07-31 10:17:18.936,4.63,65088,44343,61873,65535,65535,65535,65535,65535,65535
2026-07-31 10:17:18.981,4.68,65088,44343,61873,65535,65535,65535,65535,65535,65535
2026-07-31 10:17:19.029,4.73,60439,44343,61873,65535,65535,65535,65535,65535,65535
2026-07-31 10:17:19.078,4.78,60439,51635,61873,65535,65535,65535,65535,65535,65535
2026-07-31 10:17:19.128,4.83,60439,51635,61873,65535,65535,65535,65535,65535,65535
2026-07-31 10:17:19.177,4.88,60439,51635,61873,65535,65535,65535,65535,65535,65535
2026-07-31 10:17:19.227,4.93,60439,51635,61873,65535,65535,65535,65535,65535,65535
2026-07-31 10:17:19.275,4.97,60439,51635,61873,65535,65535,65535,65535,65535,65535
2026-07-31 10:17:19.327,5.03,60439,51635,61873,65535,65535,65535,65535,65535,65535
2026-07-31 10:17:19.376,5.07,60439,51635,61873,65535,65535,65535,65535,65535,65535
2026-07-31 10:17:19.412,5.11,60439,51635,61873,65535,65535,65535,65535,65535,65535
2026-07-31 10:17:19.448,5.15,60439,51635,61873,65535,65535,65535,65535,65535,65535
2026-07-31 10:17:19.510,5.21,60439,51635,61873,65535,65535,65535,65535,65535,65535
2026-07-31 10:17:19.561,5.26,60439,51635,61725,65535,65535,65535,65535,65535,65535
2026-07-31 10:17:19.605,5.3,65534,42648,61725,65535,65535,65535,65535,65535,65535
2026-07-31 10:17:19.653,5.35,65534,42648,61725,65535,65535,65535,65535,65535,65535
2026-07-31 10:17:19.704,5.4,65534,42648,61725,65535,65535,65535,65535,65535,65535
2026-07-31 10:17:19.751,5.45,65534,42648,61725,65535,65535,65535,65535,65535,65535
2026-07-31 10:17:19.797,5.5,65534,42648,61725,65535,65535,65535,65535,65535,65535
2026-07-31 10:17:19.845,5.54,65534,42648,61725,65535,65535,65535,65535,65535,65535
2026-07-31 10:17:19.893,5.59,65534,42648,61725,65535,65535,65535,65535,65535,65535
2026-07-31 10:17:19.931,5.63,65534,42648,61725,65535,65535,65535,65535,65535,65535
2026-07-31 10:17:19.979,5.68,65534,42648,61725,65535,65535,65535,65535,65535,65535
2026-07-31 10:17:20.024,5.72,65534,42648,61725,65535,65535,65535,65535,65535,65535
2026-07-31 10:17:20.071,5.77,65534,42648,61725,65535,65535,65535,65535,65535,65535
2026-07-31 10:17:20.121,5.82,65534,42648,61725,65535,65535,65535,65535,65535,65535
2026-07-31 10:17:20.169,5.87,65187,44004,61428,65535,65535,65535,65535,65535,65535
2026-07-31 10:17:20.213,5.91,65187,44004,61428,65535,65535,65535,65535,65535,65535
2026-07-31 10:17:20.261,5.96,65187,44004,61428,65535,65535,65535,65535,65535,65535
2026-07-31 10:17:20.312,6.01,65187,44004,61428,65535,65535,65535,65535,65535,65535
2026-07-31 10:17:20.357,6.06,65187,44004,61428,65535,65535,65535,65535,65535,65535
2026-07-31 10:17:20.407,6.11,65187,44004,61428,65535,65535,65535,65535,65535,65535
2026-07-31 10:17:20.447,6.15,65187,44004,61428,65535,65535,65535,65535,65535,65535
2026-07-31 10:17:20.496,6.19,65187,44004,61428,65535,65535,65535,65535,65535,65535
2026-07-31 10:17:20.541,6.24,65187,44004,61428,65535,65535,65535,65535,65535,65535
2026-07-31 10:17:20.592,6.29,65187,44004,61428,65535,65535,65535,65535,65535,65535
2026-07-31 10:17:20.638,6.34,65187,44004,61428,65535,65535,65535,65535,65535,65535
2026-07-31 10:17:20.684,6.38,65187,44004,61428,65535,65535,65535,65535,65535,65535
2026-07-31 10:17:20.732,6.43,64989,44004,61725,65535,65535,65535,65535,65535,65535
2026-07-31 10:17:20.780,6.48,64989,51239,61725,65535,65535,65535,65535,65535,65535
2026-07-31 10:17:20.829,6.53,64989,51239,61725,65535,65535,65535,65535,65535,65535
2026-07-31 10:17:20.881,6.58,64989,51239,61725,65535,65535,65535,65535,65535,65535
2026-07-31 10:17:20.918,6.62,64989,51239,61725,65535,65535,65535,65535,65535,65535
2026-07-31 10:17:20.969,6.67,64989,51239,61725,65535,65535,65535,65535,65535,65535
2026-07-31 10:17:21.020,6.72,64989,51239,61725,65535,65535,65535,65535,65535,65535
2026-07-31 10:17:21.066,6.76,64989,51239,61725,65535,65535,65535,65535,65535,65535
2026-07-31 10:17:21.114,6.81,64989,51239,61725,65535,65535,65535,65535,65535,65535
2026-07-31 10:17:21.162,6.86,64989,51239,61725,65535,65535,65535,65535,65535,65535
2026-07-31 10:17:21.209,6.91,64989,51239,61725,65535,65535,65535,65535,65535,65535
2026-07-31 10:17:21.266,6.96,64989,51239,62022,65535,65535,65535,65535,65535,65535
2026-07-31 10:17:21.318,7.02,65534,46039,62022,65535,65535,65535,65535,65535,65535
2026-07-31 10:17:21.365,7.06,65534,46039,62022,65535,65535,65535,65535,65535,65535
2026-07-31 10:17:21.414,7.11,65534,46039,62022,65535,65535,65535,65535,65535,65535
2026-07-31 10:17:21.449,7.15,65534,46039,62022,65535,65535,65535,65535,65535,65535
2026-07-31 10:17:21.495,7.19,65534,46039,62022,65535,65535,65535,65535,65535,65535
2026-07-31 10:17:21.543,7.24,65534,46039,62022,65535,65535,65535,65535,65535,65535
2026-07-31 10:17:21.593,7.29,65534,46039,62022,65535,65535,65535,65535,65535,65535
2026-07-31 10:17:21.642,7.34,65534,46039,62022,65535,65535,65535,65535,65535,65535
2026-07-31 10:17:21.688,7.39,65534,46039,62022,65535,65535,65535,65535,65535,65535
2026-07-31 10:17:21.735,7.43,65534,46039,62022,65535,65535,65535,65535,65535,65535
2026-07-31 10:17:21.784,7.48,65534,46039,62022,65535,65535,65535,65535,65535,65535
2026-07-31 10:17:21.831,7.53,65534,46039,62318,65535,65535,65535,65535,65535,65535
2026-07-31 10:17:21.881,7.58,64989,44004,62318,65535,65535,65535,65535,65535,65535
2026-07-31 10:17:21.917,7.62,64989,44004,62318,65535,65535,65535,65535,65535,65535
2026-07-31 10:17:21.962,7.66,64989,44004,62318,65535,65535,65535,65535,65535,65535
2026-07-31 10:17:22.010,7.71,64989,44004,62318,65535,65535,65535,65535,65535,65535
2026-07-31 10:17:22.060,7.76,64989,44004,62318,65535,65535,65535,65535,65535,65535
2026-07-31 10:17:22.105,7.8,64989,44004,62318,65535,65535,65535,65535,65535,65535
2026-07-31 10:17:22.152,7.85,64989,44004,62318,65535,65535,65535,65535,65535,65535
2026-07-31 10:17:22.200,7.9,64989,44004,62318,65535,65535,65535,65535,65535,65535
2026-07-31 10:17:22.249,7.95,64989,44004,62318,65535,65535,65535,65535,65535,65535
2026-07-31 10:17:22.299,8.0,64989,44004,62318,65535,65535,65535,65535,65535,65535
2026-07-31 10:17:22.344,8.04,64989,44004,62318,65535,65535,65535,65535,65535,65535
2026-07-31 10:17:22.381,8.08,64989,44004,61576,65535,65535,65535,65535,65535,65535
2026-07-31 10:17:22.417,8.12,56214,44004,61576,65535,65535,65535,65535,65535,65535
2026-07-31 10:17:22.466,8.16,56214,42563,61576,65535,65535,65535,65535,65535,65535
2026-07-31 10:17:22.516,8.21,56214,42563,61576,65535,65535,65535,65535,65535,65535
2026-07-31 10:17:22.565,8.26,56214,42563,61576,65535,65535,65535,65535,65535,65535
2026-07-31 10:17:22.612,8.31,56214,42563,61576,65535,65535,65535,65535,65535,65535
2026-07-31 10:17:22.663,8.36,56214,42563,61576,65535,65535,65535,65535,65535,65535
2026-07-31 10:17:22.712,8.41,56214,42563,61576,65535,65535,65535,65535,65535,65535
2026-07-31 10:17:22.762,8.46,56214,42563,61576,65535,65535,65535,65535,65535,65535
2026-07-31 10:17:22.810,8.51,56214,42563,61576,65535,65535,65535,65535,65535,65535
2026-07-31 10:17:22.856,8.55,56214,42563,61576,65535,65535,65535,65535,65535,65535
2026-07-31 10:17:22.895,8.59,56214,42563,61576,65535,65535,65535,65535,65535,65535
2026-07-31 10:17:22.942,8.64,56214,42563,61576,65535,65535,65535,65535,65535,65535
2026-07-31 10:17:22.987,8.69,65534,42563,61725,65535,65535,65535,65535,65535,65535
2026-07-31 10:17:23.035,8.73,65534,44004,61725,65535,65535,65535,65535,65535,65535
2026-07-31 10:17:23.084,8.78,65534,44004,61725,65535,65535,65535,65535,65535,65535
2026-07-31 10:17:23.133,8.83,65534,44004,61725,65535,65535,65535,65535,65535,65535
2026-07-31 10:17:23.179,8.88,65534,44004,61725,65535,65535,65535,65535,65535,65535
2026-07-31 10:17:23.228,8.93,65534,44004,61725,65535,65535,65535,65535,65535,65535
2026-07-31 10:17:23.278,8.98,65534,44004,61725,65535,65535,65535,65535,65535,65535
2026-07-31 10:17:23.328,9.03,65534,44004,61725,65535,65535,65535,65535,65535,65535
2026-07-31 10:17:23.378,9.08,65534,44004,61725,65535,65535,65535,65535,65535,65535
2026-07-31 10:17:23.413,9.11,65534,44004,61725,65535,65535,65535,65535,65535,65535
2026-07-31 10:17:23.458,9.16,65534,44004,61725,65535,65535,65535,65535,65535,65535
2026-07-31 10:17:23.509,9.21,65534,44004,61725,65535,65535,65535,65535,65535,65535
2026-07-31 10:17:23.556,9.25,55535,43835,61576,65535,65535,65535,65535,65535,65535
2026-07-31 10:17:23.601,9.3,55535,43835,61576,65535,65535,65535,65535,65535,65535
2026-07-31 10:17:23.648,9.35,55535,43835,61576,65535,65535,65535,65535,65535,65535
2026-07-31 10:17:23.700,9.4,55535,43835,61576,65535,65535,65535,65535,65535,65535
2026-07-31 10:17:23.746,9.44,55535,43835,61576,65535,65535,65535,65535,65535,65535
2026-07-31 10:17:23.792,9.49,55535,43835,61576,65535,65535,65535,65535,65535,65535
2026-07-31 10:17:23.839,9.54,55535,43835,61576,65535,65535,65535,65535,65535,65535
2026-07-31 10:17:23.892,9.59,55535,43835,61576,65535,65535,65535,65535,65535,65535
2026-07-31 10:17:23.930,9.63,55535,43835,61576,65535,65535,65535,65535,65535,65535
2026-07-31 10:17:23.977,9.68,55535,43835,61576,65535,65535,65535,65535,65535,65535
2026-07-31 10:17:24.026,9.72,55535,43835,61576,65535,65535,65535,65535,65535,65535
2026-07-31 10:17:24.071,9.77,55535,43835,61576,65535,65535,65535,65535,65535,65535
2026-07-31 10:17:24.120,9.82,65534,43835,61725,65535,65535,65535,65535,65535,65535
2026-07-31 10:17:24.169,9.87,65534,44174,61725,65535,65535,65535,65535,65535,65535
2026-07-31 10:17:24.215,9.91,65534,44174,61725,65535,65535,65535,65535,65535,65535
2026-07-31 10:17:24.260,9.96,65534,44174,61725,65535,65535,65535,65535,65535,65535
2026-07-31 10:17:24.308,10.01,65534,44174,61725,65535,65535,65535,65535,65535,65535
2026-07-31 10:17:24.362,10.06,65534,44174,61725,65535,65535,65535,65535,65535,65535
2026-07-31 10:17:24.403,10.1,65534,44174,61725,65535,65535,65535,65535,65535,65535
2026-07-31 10:17:24.443,10.14,65534,44174,61725,65535,65535,65535,65535,65535,65535
2026-07-31 10:17:24.491,10.19,65534,44174,61725,65535,65535,65535,65535,65535,65535
2026-07-31 10:17:24.536,10.23,65534,44174,61725,65535,65535,65535,65535,65535,65535
2026-07-31 10:17:24.588,10.29,65534,44174,61725,65535,65535,65535,65535,65535,65535
2026-07-31 10:17:24.637,10.34,65534,44174,61725,65535,65535,65535,65535,65535,65535
2026-07-31 10:17:24.688,10.39,55790,44089,62318,65535,65535,65535,65535,65535,65535
2026-07-31 10:17:24.733,10.43,55790,44089,62318,65535,65535,65535,65535,65535,65535
2026-07-31 10:17:24.785,10.48,55790,44089,62318,65535,65535,65535,65535,65535,65535
2026-07-31 10:17:24.840,10.54,55790,44089,62318,65535,65535,65535,65535,65535,65535
2026-07-31 10:17:24.889,10.59,55790,44089,62318,65535,65535,65535,65535,65535,65535
2026-07-31 10:17:24.925,10.62,55790,44089,62318,65535,65535,65535,65535,65535,65535
2026-07-31 10:17:24.973,10.67,55790,44089,62318,65535,65535,65535,65535,65535,65535
2026-07-31 10:17:25.019,10.72,55790,44089,62318,65535,65535,65535,65535,65535,65535
2026-07-31 10:17:25.068,10.77,55790,44089,62318,65535,65535,65535,65535,65535,65535
2026-07-31 10:17:25.115,10.81,55790,44089,62318,65535,65535,65535,65535,65535,65535
2026-07-31 10:17:25.162,10.86,55790,44089,62318,65535,65535,65535,65535,65535,65535
2026-07-31 10:17:25.214,10.91,55790,44089,61725,65535,65535,65535,65535,65535,65535
2026-07-31 10:17:25.272,10.97,52737,42732,61725,65535,65535,65535,65535,65535,65535
2026-07-31 10:17:25.320,11.02,52737,42732,61725,65535,65535,65535,65535,65535,65535
2026-07-31 10:17:25.368,11.07,52737,42732,61725,65535,65535,65535,65535,65535,65535
2026-07-31 10:17:25.410,11.11,52737,42732,61725,65535,65535,65535,65535,65535,65535
2026-07-31 10:17:25.447,11.15,52737,42732,61725,65535,65535,65535,65535,65535,65535
2026-07-31 10:17:25.495,11.19,52737,42732,61725,65535,65535,65535,65535,65535,65535
2026-07-31 10:17:25.539,11.24,52737,42732,61725,65535,65535,65535,65535,65535,65535
2026-07-31 10:17:25.592,11.29,52737,42732,61725,65535,65535,65535,65535,65535,65535
2026-07-31 10:17:25.641,11.34,52737,42732,61725,65535,65535,65535,65535,65535,65535
2026-07-31 10:17:25.691,11.39,52737,42732,61725,65535,65535,65535,65535,65535,65535
2026-07-31 10:17:25.738,11.44,52737,42732,61725,65535,65535,65535,65535,65535,65535
2026-07-31 10:17:25.784,11.48,52737,42732,61280,65535,65535,65535,65535,65535,65535
2026-07-31 10:17:25.832,11.53,64890,44089,61280,65535,65535,65535,65535,65535,65535
2026-07-31 10:17:25.881,11.58,64890,44089,61280,65535,65535,65535,65535,65535,65535
2026-07-31 10:17:25.928,11.63,64890,44089,61280,65535,65535,65535,65535,65535,65535
2026-07-31 10:17:25.964,11.66,64890,44089,61280,65535,65535,65535,65535,65535,65535
2026-07-31 10:17:26.009,11.71,64890,44089,61280,65535,65535,65535,65535,65535,65535
2026-07-31 10:17:26.061,11.76,64890,44089,61280,65535,65535,65535,65535,65535,65535
2026-07-31 10:17:26.106,11.8,64890,44089,61280,65535,65535,65535,65535,65535,65535
2026-07-31 10:17:26.154,11.85,64890,44089,61280,65535,65535,65535,65535,65535,65535
2026-07-31 10:17:26.201,11.9,64890,44089,61280,65535,65535,65535,65535,65535,65535
2026-07-31 10:17:26.251,11.95,64890,44089,61280,65535,65535,65535,65535,65535,65535
2026-07-31 10:17:26.300,12.0,64890,44089,61280,65535,65535,65535,65535,65535,65535
2026-07-31 10:17:26.350,12.05,64890,44089,62022,65535,65535,65535,65535,65535,65535
2026-07-31 10:17:26.404,12.1,55620,43919,62022,65535,65535,65535,65535,65535,65535
2026-07-31 10:17:26.442,12.14,55620,43919,62022,65535,65535,65535,65535,65535,65535
2026-07-31 10:17:26.492,12.19,55620,43919,62022,65535,65535,65535,65535,65535,65535
2026-07-31 10:17:26.543,12.24,55620,43919,62022,65535,65535,65535,65535,65535,65535
2026-07-31 10:17:26.592,12.29,55620,43919,62022,65535,65535,65535,65535,65535,65535
2026-07-31 10:17:26.642,12.34,55620,43919,62022,65535,65535,65535,65535,65535,65535
2026-07-31 10:17:26.695,12.39,55620,43919,62022,65535,65535,65535,65535,65535,65535
2026-07-31 10:17:26.741,12.44,55620,43919,62022,65535,65535,65535,65535,65535,65535
2026-07-31 10:17:26.790,12.49,55620,43919,62022,65535,65535,65535,65535,65535,65535
2026-07-31 10:17:26.835,12.53,55620,43919,62022,65535,65535,65535,65535,65535,65535
2026-07-31 10:17:26.890,12.59,55620,43919,62022,65535,65535,65535,65535,65535,65535
2026-07-31 10:17:26.928,12.63,65534,43919,62022,65535,65535,65535,65535,65535,65535
2026-07-31 10:17:26.976,12.67,65534,39839,62022,65535,65535,65535,65535,65535,65535
2026-07-31 10:17:27.021,12.72,65534,39839,62022,65535,65535,65535,65535,65535,65535
2026-07-31 10:17:27.067,12.77,65534,39839,62022,65535,65535,65535,65535,65535,65535
2026-07-31 10:17:27.117,12.82,65534,39839,62022,65535,65535,65535,65535,65535,65535
2026-07-31 10:17:27.167,12.87,65534,39839,62022,65535,65535,65535,65535,65535,65535
2026-07-31 10:17:27.215,12.91,65534,39839,62022,65535,65535,65535,65535,65535,65535
2026-07-31 10:17:27.263,12.96,65534,39839,62022,65535,65535,65535,65535,65535,65535
2026-07-31 10:17:27.318,13.02,65534,39839,62022,65535,65535,65535,65535,65535,65535
2026-07-31 10:17:27.368,13.07,65534,39839,62022,65535,65535,65535,65535,65535,65535
2026-07-31 10:17:27.418,13.12,65534,39839,62022,65535,65535,65535,65535,65535,65535
2026-07-31 10:17:27.459,13.16,65534,39839,62022,65535,65535,65535,65535,65535,65535
2026-07-31 10:17:27.504,13.2,65534,39839,61873,65535,65535,65535,65535,65535,65535
2026-07-31 10:17:27.543,13.24,65534,44089,61873,65535,65535,65535,65535,65535,65535
2026-07-31 10:17:27.593,13.29,65534,44089,61873,65535,65535,65535,65535,65535,65535
2026-07-31 10:17:27.643,13.34,65534,44089,61873,65535,65535,65535,65535,65535,65535
2026-07-31 10:17:27.691,13.39,65534,44089,61873,65535,65535,65535,65535,65535,65535
2026-07-31 10:17:27.738,13.44,65534,44089,61873,65535,65535,65535,65535,65535,65535
2026-07-31 10:17:27.789,13.49,65534,44089,61873,65535,65535,65535,65535,65535,65535
2026-07-31 10:17:27.861,13.56,65534,44089,61873,65535,65535,65535,65535,65535,65535
2026-07-31 10:17:27.917,13.62,65534,44089,61873,65535,65535,65535,65535,65535,65535
2026-07-31 10:17:27.976,13.67,65534,44089,61873,65535,65535,65535,65535,65535,65535
2026-07-31 10:17:28.032,13.73,65534,44089,61428,65535,65535,65535,65535,65535,65535
2026-07-31 10:17:28.072,13.77,64791,44259,61428,65535,65535,65535,65535,65535,65535
2026-07-31 10:17:28.136,13.83,64791,44259,61428,65535,65535,65535,65535,65535,65535
2026-07-31 10:17:28.190,13.89,64791,44259,61428,65535,65535,65535,65535,65535,65535
2026-07-31 10:17:28.242,13.94,64791,44259,61428,65535,65535,65535,65535,65535,65535
2026-07-31 10:17:28.298,14.0,64791,44259,61428,65535,65535,65535,65535,65535,65535
2026-07-31 10:17:28.350,14.05,64791,44259,61428,65535,65535,65535,65535,65535,65535
2026-07-31 10:17:28.445,14.14,64791,44259,61428,65535,65535,65535,65535,65535,65535
2026-07-31 10:17:28.488,14.19,64791,44259,61428,65535,65535,65535,65535,65535,65535
2026-07-31 10:17:28.577,14.28,64791,44259,61428,65535,65535,65535,65535,65535,65535
2026-07-31 10:17:28.629,14.33,55790,44089,61873,65535,65535,65535,65535,65535,65535
2026-07-31 10:17:28.687,14.39,55790,44089,61873,65535,65535,65535,65535,65535,65535
2026-07-31 10:17:28.738,14.44,55790,44089,61873,65535,65535,65535,65535,65535,65535
2026-07-31 10:17:28.794,14.49,55790,44089,61873,65535,65535,65535,65535,65535,65535
2026-07-31 10:17:28.848,14.55,55790,44089,61873,65535,65535,65535,65535,65535,65535
2026-07-31 10:17:28.901,14.6,55790,44089,61873,65535,65535,65535,65535,65535,65535
2026-07-31 10:17:28.960,14.66,55790,44089,61873,65535,65535,65535,65535,65535,65535
2026-07-31 10:17:29.038,14.74,55790,44089,61873,65535,65535,65535,65535,65535,65535
2026-07-31 10:17:29.115,14.81,55790,44089,61873,65535,65535,65535,65535,65535,65535
2026-07-31 10:17:29.206,14.9,64791,44174,61576,65535,65535,65535,65535,65535,65535
2026-07-31 10:17:29.265,14.96,64791,44174,61576,65535,65535,65535,65535,65535,65535
2026-07-31 10:17:29.317,15.02,64791,44174,61576,65535,65535,65535,65535,65535,65535
2026-07-31 10:17:29.369,15.07,64791,44174,61576,65535,65535,65535,65535,65535,65535
2026-07-31 10:17:29.418,15.12,64791,44174,61576,65535,65535,65535,65535,65535,65535
2026-07-31 10:17:29.459,15.16,64791,44174,61576,65535,65535,65535,65535,65535,65535
2026-07-31 10:17:29.504,15.2,64791,44174,61576,65535,65535,65535,65535,65535,65535
2026-07-31 10:17:29.553,15.25,64791,44174,61576,65535,65535,65535,65535,65535,65535
2026-07-31 10:17:29.602,15.3,64791,44174,61576,65535,65535,65535,65535,65535,65535
2026-07-31 10:17:29.656,15.35,64791,44174,61576,65535,65535,65535,65535,65535,65535
2026-07-31 10:17:29.707,15.41,64791,44174,61428,65535,65535,65535,65535,65535,65535
2026-07-31 10:17:29.754,15.45,65088,44259,61428,65535,65535,65535,65535,65535,65535
2026-07-31 10:17:29.801,15.5,65088,44259,61428,65535,65535,65535,65535,65535,65535
2026-07-31 10:17:29.848,15.55,65088,44259,61428,65535,65535,65535,65535,65535,65535
2026-07-31 10:17:29.899,15.6,65088,44259,61428,65535,65535,65535,65535,65535,65535
2026-07-31 10:17:29.935,15.63,65088,44259,61428,65535,65535,65535,65535,65535,65535
2026-07-31 10:17:29.980,15.68,65088,44259,61428,65535,65535,65535,65535,65535,65535
2026-07-31 10:17:30.029,15.73,65088,44259,61428,65535,65535,65535,65535,65535,65535
2026-07-31 10:17:30.075,15.77,65088,44259,61428,65535,65535,65535,65535,65535,65535
2026-07-31 10:17:30.127,15.83,65088,44259,61428,65535,65535,65535,65535,65535,65535
2026-07-31 10:17:30.179,15.88,65088,44259,61428,65535,65535,65535,65535,65535,65535
2026-07-31 10:17:30.225,15.92,65088,44259,61428,65535,65535,65535,65535,65535,65535
2026-07-31 10:17:30.273,15.97,65088,44259,61873,65535,65535,65535,65535,65535,65535
2026-07-31 10:17:30.320,16.02,64989,44004,61873,65535,65535,65535,65535,65535,65535
2026-07-31 10:17:30.368,16.07,64989,44004,61873,65535,65535,65535,65535,65535,65535
2026-07-31 10:17:30.416,16.11,64989,44004,61873,65535,65535,65535,65535,65535,65535
2026-07-31 10:17:30.453,16.15,64989,44004,61873,65535,65535,65535,65535,65535,65535
2026-07-31 10:17:30.498,16.2,64989,44004,61873,65535,65535,65535,65535,65535,65535
2026-07-31 10:17:30.550,16.25,64989,44004,61873,65535,65535,65535,65535,65535,65535
2026-07-31 10:17:30.596,16.29,64989,44004,61873,65535,65535,65535,65535,65535,65535
2026-07-31 10:17:30.642,16.34,64989,44004,61873,65535,65535,65535,65535,65535,65535
2026-07-31 10:17:30.689,16.39,64989,44004,61873,65535,65535,65535,65535,65535,65535
2026-07-31 10:17:30.742,16.44,64989,44004,61873,65535,65535,65535,65535,65535,65535
2026-07-31 10:17:30.792,16.49,64989,44004,61873,65535,65535,65535,65535,65535,65535
2026-07-31 10:17:30.841,16.54,64989,44004,49261,65535,65535,65535,65535,65535,65535
2026-07-31 10:17:30.890,16.59,61131,42648,49261,65535,65535,65535,65535,65535,65535
2026-07-31 10:17:30.926,16.62,61131,42648,49261,65535,65535,65535,65535,65535,65535
2026-07-31 10:17:30.973,16.67,61131,42648,49261,65535,65535,65535,65535,65535,65535
2026-07-31 10:17:31.019,16.72,61131,42648,49261,65535,65535,65535,65535,65535,65535
2026-07-31 10:17:31.067,16.77,61131,42648,49261,65535,65535,65535,65535,65535,65535
2026-07-31 10:17:31.116,16.81,61131,42648,49261,65535,65535,65535,65535,65535,65535
2026-07-31 10:17:31.164,16.86,61131,42648,49261,65535,65535,65535,65535,65535,65535
2026-07-31 10:17:31.211,16.91,61131,42648,49261,65535,65535,65535,65535,65535,65535
2026-07-31 10:17:31.257,16.96,61131,42648,49261,65535,65535,65535,65535,65535,65535
2026-07-31 10:17:31.307,17.01,61131,42648,49261,65535,65535,65535,65535,65535,65535
2026-07-31 10:17:31.355,17.05,61131,42648,49261,65535,65535,65535,65535,65535,65535
2026-07-31 10:17:31.404,17.1,61131,42648,61280,65535,65535,65535,65535,65535,65535
2026-07-31 10:17:31.445,17.14,64989,43919,61280,65535,65535,65535,65535,65535,65535
2026-07-31 10:17:31.489,17.19,64989,43919,61280,65535,65535,65535,65535,65535,65535
2026-07-31 10:17:31.537,17.24,64989,43919,61280,65535,65535,65535,65535,65535,65535
2026-07-31 10:17:31.589,17.29,64989,43919,61280,65535,65535,65535,65535,65535,65535
2026-07-31 10:17:31.641,17.34,64989,43919,61280,65535,65535,65535,65535,65535,65535
2026-07-31 10:17:31.688,17.39,64989,43919,61280,65535,65535,65535,65535,65535,65535
2026-07-31 10:17:31.735,17.43,64989,43919,61280,65535,65535,65535,65535,65535,65535
2026-07-31 10:17:31.786,17.48,64989,43919,61280,65535,65535,65535,65535,65535,65535
2026-07-31 10:17:31.839,17.54,64989,43919,61280,65535,65535,65535,65535,65535,65535
2026-07-31 10:17:31.883,17.58,64989,43919,61280,65535,65535,65535,65535,65535,65535
2026-07-31 10:17:31.921,17.62,64989,43919,61280,65535,65535,65535,65535,65535,65535
2026-07-31 10:17:31.969,17.67,64989,43919,61576,65535,65535,65535,65535,65535,65535
2026-07-31 10:17:32.015,17.71,64989,42732,61576,65535,65535,65535,65535,65535,65535
2026-07-31 10:17:32.067,17.77,64989,42732,61576,65535,65535,65535,65535,65535,65535
2026-07-31 10:17:32.117,17.82,64989,42732,61576,65535,65535,65535,65535,65535,65535
2026-07-31 10:17:32.166,17.86,64989,42732,61576,65535,65535,65535,65535,65535,65535
2026-07-31 10:17:32.214,17.91,64989,42732,61576,65535,65535,65535,65535,65535,65535
2026-07-31 10:17:32.262,17.96,64989,42732,61576,65535,65535,65535,65535,65535,65535
2026-07-31 10:17:32.310,18.01,64989,42732,61576,65535,65535,65535,65535,65535,65535
2026-07-31 10:17:32.357,18.06,64989,42732,61576,65535,65535,65535,65535,65535,65535
2026-07-31 10:17:32.405,18.1,64989,42732,61576,65535,65535,65535,65535,65535,65535
2026-07-31 10:17:32.441,18.14,64989,42732,61576,65535,65535,65535,65535,65535,65535
2026-07-31 10:17:32.490,18.19,64989,42732,61576,65535,65535,65535,65535,65535,65535
2026-07-31 10:17:32.534,18.23,64989,42732,49024,65535,65535,65535,65535,65535,65535
2026-07-31 10:17:32.588,18.29,58672,45615,49024,65535,65535,65535,65535,65535,65535
2026-07-31 10:17:32.639,18.34,58672,45615,49024,65535,65535,65535,65535,65535,65535
2026-07-31 10:17:32.685,18.38,58672,45615,49024,65535,65535,65535,65535,65535,65535
2026-07-31 10:17:32.730,18.43,58672,45615,49024,65535,65535,65535,65535,65535,65535
2026-07-31 10:17:32.777,18.48,58672,45615,49024,65535,65535,65535,65535,65535,65535
2026-07-31 10:17:32.828,18.53,58672,45615,49024,65535,65535,65535,65535,65535,65535
2026-07-31 10:17:32.874,18.57,58672,45615,49024,65535,65535,65535,65535,65535,65535
2026-07-31 10:17:32.925,18.62,58672,45615,49024,65535,65535,65535,65535,65535,65535
2026-07-31 10:17:32.966,18.66,58672,45615,49024,65535,65535,65535,65535,65535,65535
2026-07-31 10:17:33.031,18.73,58672,45615,49024,65535,65535,65535,65535,65535,65535
2026-07-31 10:17:33.079,18.78,58672,45615,49024,65535,65535,65535,65535,65535,65535
2026-07-31 10:17:33.129,18.83,65286,45615,49736,65535,65535,65535,65535,65535,65535
2026-07-31 10:17:33.175,18.87,65286,51536,49736,65535,65535,65535,65535,65535,65535
2026-07-31 10:17:33.220,18.92,65286,51536,49736,65535,65535,65535,65535,65535,65535
2026-07-31 10:17:33.268,18.97,65286,51536,49736,65535,65535,65535,65535,65535,65535
2026-07-31 10:17:33.319,19.02,65286,51536,49736,65535,65535,65535,65535,65535,65535
2026-07-31 10:17:33.367,19.07,65286,51536,49736,65535,65535,65535,65535,65535,65535
2026-07-31 10:17:33.415,19.11,65286,51536,49736,65535,65535,65535,65535,65535,65535
2026-07-31 10:17:33.454,19.15,65286,51536,49736,65535,65535,65535,65535,65535,65535
2026-07-31 10:17:33.501,19.2,65286,51536,49736,65535,65535,65535,65535,65535,65535
2026-07-31 10:17:33.550,19.25,65286,51536,49736,65535,65535,65535,65535,65535,65535
2026-07-31 10:17:33.601,19.3,65286,51536,49736,65535,65535,65535,65535,65535,65535
2026-07-31 10:17:33.651,19.35,65286,51536,49736,65535,65535,65535,65535,65535,65535
2026-07-31 10:17:33.703,19.4,55705,44174,60983,65535,65535,65535,65535,65535,65535
2026-07-31 10:17:33.750,19.45,55705,44174,60983,65535,65535,65535,65535,65535,65535
2026-07-31 10:17:33.798,19.5,55705,44174,60983,65535,65535,65535,65535,65535,65535
2026-07-31 10:17:33.848,19.55,55705,44174,60983,65535,65535,65535,65535,65535,65535
2026-07-31 10:17:33.894,19.59,55705,44174,60983,65535,65535,65535,65535,65535,65535
2026-07-31 10:17:33.932,19.63,55705,44174,60983,65535,65535,65535,65535,65535,65535
2026-07-31 10:17:33.967,19.67,55705,44174,60983,65535,65535,65535,65535,65535,65535
2026-07-31 10:17:34.015,19.71,55705,44174,60983,65535,65535,65535,65535,65535,65535
2026-07-31 10:17:34.060,19.76,55705,44174,60983,65535,65535,65535,65535,65535,65535
2026-07-31 10:17:34.107,19.81,55705,44174,60983,65535,65535,65535,65535,65535,65535
2026-07-31 10:17:34.155,19.85,55705,44174,60983,65535,65535,65535,65535,65535,65535
2026-07-31 10:17:34.203,19.9,55705,44174,60983,65535,65535,65535,65535,65535,65535
2026-07-31 10:17:34.250,19.95,55705,44174,61873,65535,65535,65535,65535,65535,65535
2026-07-31 10:17:34.302,20.0,55790,44259,61873,65535,65535,65535,65535,65535,65535
2026-07-31 10:17:34.353,20.05,55790,44259,61873,65535,65535,65535,65535,65535,65535
2026-07-31 10:17:34.402,20.1,55790,44259,61873,65535,65535,65535,65535,65535,65535
2026-07-31 10:17:34.438,20.14,55790,44259,61873,65535,65535,65535,65535,65535,65535
2026-07-31 10:17:34.485,20.18,55790,44259,61873,65535,65535,65535,65535,65535,65535
2026-07-31 10:17:34.530,20.23,55790,44259,61873,65535,65535,65535,65535,65535,65535
2026-07-31 10:17:34.581,20.28,55790,44259,61873,65535,65535,65535,65535,65535,65535
2026-07-31 10:17:34.633,20.33,55790,44259,61873,65535,65535,65535,65535,65535,65535
2026-07-31 10:17:34.678,20.38,55790,44259,61873,65535,65535,65535,65535,65535,65535
2026-07-31 10:17:34.724,20.42,55790,44259,61873,65535,65535,65535,65535,65535,65535
2026-07-31 10:17:34.773,20.47,55790,44259,61873,65535,65535,65535,65535,65535,65535
2026-07-31 10:17:34.822,20.52,64791,44259,61873,65535,65535,65535,65535,65535,65535
2026-07-31 10:17:34.870,20.57,64791,44259,61873,65535,65535,65535,65535,65535,65535
2026-07-31 10:17:34.918,20.62,64791,44259,61873,65535,65535,65535,65535,65535,65535
2026-07-31 10:17:34.958,20.66,64791,44259,61873,65535,65535,65535,65535,65535,65535
2026-07-31 10:17:35.008,20.71,64791,44259,61873,65535,65535,65535,65535,65535,65535
2026-07-31 10:17:35.059,20.76,64791,44259,61873,65535,65535,65535,65535,65535,65535
2026-07-31 10:17:35.110,20.81,64791,44259,61873,65535,65535,65535,65535,65535,65535
2026-07-31 10:17:35.161,20.86,64791,44259,61873,65535,65535,65535,65535,65535,65535
2026-07-31 10:17:35.212,20.91,64791,44259,61873,65535,65535,65535,65535,65535,65535
2026-07-31 10:17:35.264,20.96,64791,44259,61873,65535,65535,65535,65535,65535,65535
2026-07-31 10:17:35.309,21.01,64791,44259,61873,65535,65535,65535,65535,65535,65535
2026-07-31 10:17:35.361,21.06,64791,44259,61725,65535,65535,65535,65535,65535,65535
2026-07-31 10:17:35.414,21.11,55874,44004,61725,65535,65535,65535,65535,65535,65535
2026-07-31 10:17:35.456,21.15,55874,44004,61725,65535,65535,65535,65535,65535,65535
2026-07-31 10:17:35.491,21.19,55874,44004,61725,65535,65535,65535,65535,65535,65535
2026-07-31 10:17:35.536,21.23,55874,44004,61725,65535,65535,65535,65535,65535,65535
2026-07-31 10:17:35.586,21.28,55874,44004,61725,65535,65535,65535,65535,65535,65535
2026-07-31 10:17:35.632,21.33,55874,44004,61725,65535,65535,65535,65535,65535,65535
2026-07-31 10:17:35.681,21.38,55874,44004,61725,65535,65535,65535,65535,65535,65535
2026-07-31 10:17:35.726,21.42,55874,44004,61725,65535,65535,65535,65535,65535,65535
2026-07-31 10:17:35.773,21.47,55874,44004,61725,65535,65535,65535,65535,65535,65535
2026-07-31 10:17:35.821,21.52,55874,44004,61725,65535,65535,65535,65535,65535,65535
2026-07-31 10:17:35.874,21.57,55874,44004,61725,65535,65535,65535,65535,65535,65535
2026-07-31 10:17:35.922,21.62,55874,44004,61725,65535,65535,65535,65535,65535,65535
2026-07-31 10:17:35.961,21.66,55874,44004,61428,65535,65535,65535,65535,65535,65535
2026-07-31 10:17:36.006,21.7,55874,44089,61428,65535,65535,65535,65535,65535,65535
2026-07-31 10:17:36.058,21.76,55874,44089,61428,65535,65535,65535,65535,65535,65535
2026-07-31 10:17:36.110,21.81,55874,44089,61428,65535,65535,65535,65535,65535,65535
2026-07-31 10:17:36.162,21.86,55874,44089,61428,65535,65535,65535,65535,65535,65535
2026-07-31 10:17:36.213,21.91,55874,44089,61428,65535,65535,65535,65535,65535,65535
2026-07-31 10:17:36.266,21.96,55874,44089,61428,65535,65535,65535,65535,65535,65535
2026-07-31 10:17:36.314,22.01,55874,44089,61428,65535,65535,65535,65535,65535,65535
2026-07-31 10:17:36.364,22.06,55874,44089,61428,65535,65535,65535,65535,65535,65535
2026-07-31 10:17:36.414,22.11,55874,44089,61428,65535,65535,65535,65535,65535,65535
2026-07-31 10:17:36.451,22.15,55874,44089,61428,65535,65535,65535,65535,65535,65535
2026-07-31 10:17:36.487,22.19,55874,44089,61428,65535,65535,65535,65535,65535,65535
2026-07-31 10:17:36.535,22.23,55959,44259,61725,65535,65535,65535,65535,65535,65535
2026-07-31 10:17:36.589,22.29,55959,44259,61725,65535,65535,65535,65535,65535,65535
2026-07-31 10:17:36.631,22.33,55959,44259,61725,65535,65535,65535,65535,65535,65535
2026-07-31 10:17:36.682,22.38,55959,44259,61725,65535,65535,65535,65535,65535,65535
2026-07-31 10:17:36.731,22.43,55959,44259,61725,65535,65535,65535,65535,65535,65535
2026-07-31 10:17:36.783,22.48,55959,44259,61725,65535,65535,65535,65535,65535,65535
2026-07-31 10:17:36.828,22.53,55959,44259,61725,65535,65535,65535,65535,65535,65535
2026-07-31 10:17:36.878,22.58,55959,44259,61725,65535,65535,65535,65535,65535,65535
2026-07-31 10:17:36.927,22.63,55959,44259,61725,65535,65535,65535,65535,65535,65535
2026-07-31 10:17:36.962,22.66,55959,44259,61725,65535,65535,65535,65535,65535,65535
2026-07-31 10:17:37.007,22.71,55959,44259,61725,65535,65535,65535,65535,65535,65535
2026-07-31 10:17:37.056,22.75,55959,44259,61873,65535,65535,65535,65535,65535,65535
2026-07-31 10:17:37.107,22.81,65088,44174,61873,65535,65535,65535,65535,65535,65535
2026-07-31 10:17:37.159,22.86,65088,44174,61873,65535,65535,65535,65535,65535,65535
2026-07-31 10:17:37.205,22.9,65088,44174,61873,65535,65535,65535,65535,65535,65535
2026-07-31 10:17:37.255,22.95,65088,44174,61873,65535,65535,65535,65535,65535,65535
2026-07-31 10:17:37.309,23.01,65088,44174,61873,65535,65535,65535,65535,65535,65535
2026-07-31 10:17:37.364,23.06,65088,44174,61873,65535,65535,65535,65535,65535,65535
2026-07-31 10:17:37.413,23.11,65088,44174,61873,65535,65535,65535,65535,65535,65535
2026-07-31 10:17:37.450,23.15,65088,44174,61873,65535,65535,65535,65535,65535,65535
2026-07-31 10:17:37.487,23.19,65088,44174,61873,65535,65535,65535,65535,65535,65535
2026-07-31 10:17:37.533,23.23,65088,44174,61873,65535,65535,65535,65535,65535,65535
2026-07-31 10:17:37.583,23.28,65088,44174,61873,65535,65535,65535,65535,65535,65535
2026-07-31 10:17:37.634,23.33,65088,44174,61725,65535,65535,65535,65535,65535,65535
2026-07-31 10:17:37.683,23.38,65385,38652,61725,65535,65535,65535,65535,65535,65535
2026-07-31 10:17:37.731,23.43,65385,38652,61725,65535,65535,65535,65535,65535,65535
2026-07-31 10:17:37.780,23.48,65385,38652,61725,65535,65535,65535,65535,65535,65535
2026-07-31 10:17:37.833,23.53,65385,38652,61725,65535,65535,65535,65535,65535,65535
2026-07-31 10:17:37.886,23.58,65385,38652,61725,65535,65535,65535,65535,65535,65535
2026-07-31 10:17:37.935,23.63,65385,38652,61725,65535,65535,65535,65535,65535,65535
2026-07-31 10:17:37.976,23.67,65385,38652,61725,65535,65535,65535,65535,65535,65535
2026-07-31 10:17:38.024,23.72,65385,38652,61725,65535,65535,65535,65535,65535,65535
2026-07-31 10:17:38.070,23.77,65385,38652,61725,65535,65535,65535,65535,65535,65535
2026-07-31 10:17:38.118,23.82,65385,38652,61725,65535,65535,65535,65535,65535,65535
2026-07-31 10:17:38.167,23.86,65385,38652,61725,65535,65535,65535,65535,65535,65535
2026-07-31 10:17:38.213,23.91,64791,38652,61725,65535,65535,65535,65535,65535,65535
2026-07-31 10:17:38.259,23.96,64791,44089,61725,65535,65535,65535,65535,65535,65535
2026-07-31 10:17:38.308,24.01,64791,44089,61725,65535,65535,65535,65535,65535,65535
2026-07-31 10:17:38.357,24.05,64791,44089,61725,65535,65535,65535,65535,65535,65535
2026-07-31 10:17:38.403,24.1,64791,44089,61725,65535,65535,65535,65535,65535,65535
2026-07-31 10:17:38.453,24.15,64791,44089,61725,65535,65535,65535,65535,65535,65535
2026-07-31 10:17:38.493,24.19,64791,44089,61725,65535,65535,65535,65535,65535,65535
2026-07-31 10:17:38.541,24.24,64791,44089,61725,65535,65535,65535,65535,65535,65535
2026-07-31 10:17:38.590,24.29,64791,44089,61725,65535,65535,65535,65535,65535,65535
2026-07-31 10:17:38.638,24.34,64791,44089,61725,65535,65535,65535,65535,65535,65535
2026-07-31 10:17:38.683,24.38,64791,44089,61725,65535,65535,65535,65535,65535,65535
2026-07-31 10:17:38.733,24.43,64791,44089,61725,65535,65535,65535,65535,65535,65535
2026-07-31 10:17:38.779,24.48,61329,44089,49261,65535,65535,65535,65535,65535,65535
2026-07-31 10:17:38.831,24.53,61329,51635,49261,65535,65535,65535,65535,65535,65535
2026-07-31 10:17:38.885,24.58,61329,51635,49261,65535,65535,65535,65535,65535,65535
2026-07-31 10:17:38.939,24.64,61329,51635,49261,65535,65535,65535,65535,65535,65535
2026-07-31 10:17:38.979,24.68,61329,51635,49261,65535,65535,65535,65535,65535,65535
2026-07-31 10:17:39.027,24.73,61329,51635,49261,65535,65535,65535,65535,65535,65535
2026-07-31 10:17:39.080,24.78,61329,51635,49261,65535,65535,65535,65535,65535,65535
2026-07-31 10:17:39.128,24.83,61329,51635,49261,65535,65535,65535,65535,65535,65535
2026-07-31 10:17:39.173,24.87,61329,51635,49261,65535,65535,65535,65535,65535,65535
2026-07-31 10:17:39.222,24.92,61329,51635,49261,65535,65535,65535,65535,65535,65535
2026-07-31 10:17:39.271,24.97,61329,51635,49261,65535,65535,65535,65535,65535,65535
2026-07-31 10:17:39.319,25.02,61329,51635,61725,65535,65535,65535,65535,65535,65535
2026-07-31 10:17:39.364,25.06,55874,61386,61725,65535,65535,65535,65535,65535,65535
2026-07-31 10:17:39.416,25.11,55874,61386,61725,65535,65535,65535,65535,65535,65535
2026-07-31 10:17:39.455,25.15,55874,61386,61725,65535,65535,65535,65535,65535,65535
2026-07-31 10:17:39.491,25.19,55874,61386,61725,65535,65535,65535,65535,65535,65535
2026-07-31 10:17:39.537,25.24,55874,61386,61725,65535,65535,65535,65535,65535,65535
2026-07-31 10:17:39.592,25.29,55874,61386,61725,65535,65535,65535,65535,65535,65535
2026-07-31 10:17:39.642,25.34,55874,61386,61725,65535,65535,65535,65535,65535,65535
2026-07-31 10:17:39.697,25.4,55874,61386,61725,65535,65535,65535,65535,65535,65535
2026-07-31 10:17:39.747,25.44,55874,61386,61725,65535,65535,65535,65535,65535,65535
2026-07-31 10:17:39.792,25.49,55874,61386,61725,65535,65535,65535,65535,65535,65535
2026-07-31 10:17:39.842,25.54,55874,61386,61725,65535,65535,65535,65535,65535,65535
2026-07-31 10:17:39.890,25.59,55790,61386,61725,65535,65535,65535,65535,65535,65535
2026-07-31 10:17:39.938,25.64,55790,44174,61725,65535,65535,65535,65535,65535,65535
2026-07-31 10:17:39.973,25.67,55790,44174,61725,65535,65535,65535,65535,65535,65535
2026-07-31 10:17:40.019,25.72,55790,44174,61725,65535,65535,65535,65535,65535,65535
2026-07-31 10:17:40.069,25.77,55790,44174,61725,65535,65535,65535,65535,65535,65535
2026-07-31 10:17:40.120,25.82,55790,44174,61725,65535,65535,65535,65535,65535,65535
2026-07-31 10:17:40.165,25.86,55790,44174,61725,65535,65535,65535,65535,65535,65535
2026-07-31 10:17:40.218,25.92,55790,44174,61725,65535,65535,65535,65535,65535,65535
2026-07-31 10:17:40.262,25.96,55790,44174,61725,65535,65535,65535,65535,65535,65535
2026-07-31 10:17:40.310,26.01,55790,44174,61725,65535,65535,65535,65535,65535,65535
2026-07-31 10:17:40.360,26.06,55790,44174,61725,65535,65535,65535,65535,65535,65535
2026-07-31 10:17:40.409,26.11,55790,44174,61725,65535,65535,65535,65535,65535,65535
2026-07-31 10:17:40.448,26.15,55790,44174,62022,65535,65535,65535,65535,65535,65535
2026-07-31 10:17:40.483,26.18,64989,44174,62022,65535,65535,65535,65535,65535,65535
2026-07-31 10:17:40.532,26.23,64989,44174,62022,65535,65535,65535,65535,65535,65535
2026-07-31 10:17:40.584,26.28,64989,44174,62022,65535,65535,65535,65535,65535,65535
2026-07-31 10:17:40.630,26.33,64989,44174,62022,65535,65535,65535,65535,65535,65535
2026-07-31 10:17:40.680,26.38,64989,44174,62022,65535,65535,65535,65535,65535,65535
2026-07-31 10:17:40.731,26.43,64989,44174,62022,65535,65535,65535,65535,65535,65535
2026-07-31 10:17:40.779,26.48,64989,44174,62022,65535,65535,65535,65535,65535,65535
2026-07-31 10:17:40.826,26.52,64989,44174,62022,65535,65535,65535,65535,65535,65535
2026-07-31 10:17:40.875,26.57,64989,44174,62022,65535,65535,65535,65535,65535,65535
2026-07-31 10:17:40.924,26.62,64989,44174,62022,65535,65535,65535,65535,65535,65535
2026-07-31 10:17:40.960,26.66,64989,44174,62022,65535,65535,65535,65535,65535,65535
2026-07-31 10:17:40.995,26.69,64989,44174,62022,65535,65535,65535,65535,65535,65535
2026-07-31 10:17:41.040,26.74,64791,44004,61873,65535,65535,65535,65535,65535,65535
2026-07-31 10:17:41.102,26.8,64791,44004,61873,65535,65535,65535,65535,65535,65535
2026-07-31 10:17:41.152,26.85,64791,44004,61873,65535,65535,65535,65535,65535,65535
2026-07-31 10:17:41.204,26.9,64791,44004,61873,65535,65535,65535,65535,65535,65535
2026-07-31 10:17:41.251,26.95,64791,44004,61873,65535,65535,65535,65535,65535,65535
2026-07-31 10:17:41.303,27.0,64791,44004,61873,65535,65535,65535,65535,65535,65535
2026-07-31 10:17:41.352,27.05,64791,44004,61873,65535,65535,65535,65535,65535,65535
2026-07-31 10:17:41.402,27.1,64791,44004,61873,65535,65535,65535,65535,65535,65535
2026-07-31 10:17:41.442,27.14,64791,44004,61873,65535,65535,65535,65535,65535,65535
2026-07-31 10:17:41.478,27.18,64791,44004,61873,65535,65535,65535,65535,65535,65535
2026-07-31 10:17:41.525,27.22,64791,44004,61873,65535,65535,65535,65535,65535,65535
2026-07-31 10:17:41.572,27.27,64791,44004,61428,65535,65535,65535,65535,65535,65535
2026-07-31 10:17:41.622,27.32,55874,49855,61428,65535,65535,65535,65535,65535,65535
2026-07-31 10:17:41.673,27.37,55874,49855,61428,65535,65535,65535,65535,65535,65535
2026-07-31 10:17:41.719,27.42,55874,49855,61428,65535,65535,65535,65535,65535,65535
2026-07-31 10:17:41.769,27.47,55874,49855,61428,65535,65535,65535,65535,65535,65535
2026-07-31 10:17:41.819,27.52,55874,49855,61428,65535,65535,65535,65535,65535,65535
2026-07-31 10:17:41.865,27.56,55874,49855,61428,65535,65535,65535,65535,65535,65535
2026-07-31 10:17:41.913,27.61,55874,49855,61428,65535,65535,65535,65535,65535,65535
2026-07-31 10:17:41.955,27.65,55874,49855,61428,65535,65535,65535,65535,65535,65535
2026-07-31 10:17:41.990,27.69,55874,49855,61428,65535,65535,65535,65535,65535,65535
2026-07-31 10:17:42.038,27.74,55874,49855,61428,65535,65535,65535,65535,65535,65535
2026-07-31 10:17:42.088,27.79,55874,49855,61428,65535,65535,65535,65535,65535,65535
2026-07-31 10:17:42.140,27.84,55874,49855,61873,65535,65535,65535,65535,65535,65535
2026-07-31 10:17:42.189,27.89,65088,43750,61873,65535,65535,65535,65535,65535,65535
2026-07-31 10:17:42.236,27.93,65088,43750,61873,65535,65535,65535,65535,65535,65535
2026-07-31 10:17:42.274,27.97,65088,43750,61873,65535,65535,65535,65535,65535,65535
2026-07-31 10:17:42.320,28.02,65088,43750,61873,65535,65535,65535,65535,65535,65535
2026-07-31 10:17:42.367,28.07,65088,43750,61873,65535,65535,65535,65535,65535,65535
2026-07-31 10:17:42.418,28.12,65088,43750,61873,65535,65535,65535,65535,65535,65535
2026-07-31 10:17:42.458,28.16,65088,43750,61873,65535,65535,65535,65535,65535,65535
2026-07-31 10:17:42.494,28.19,65088,43750,61873,65535,65535,65535,65535,65535,65535
2026-07-31 10:17:42.546,28.24,65088,43750,61873,65535,65535,65535,65535,65535,65535
2026-07-31 10:17:42.600,28.3,65088,43750,61873,65535,65535,65535,65535,65535,65535
2026-07-31 10:17:42.650,28.35,65088,43750,61873,65535,65535,65535,65535,65535,65535
2026-07-31 10:17:42.705,28.4,65088,43750,61725,65535,65535,65535,65535,65535,65535
2026-07-31 10:17:42.757,28.46,55620,44089,61725,65535,65535,65535,65535,65535,65535
2026-07-31 10:17:42.807,28.51,55620,44089,61725,65535,65535,65535,65535,65535,65535
2026-07-31 10:17:42.860,28.56,55620,44089,61725,65535,65535,65535,65535,65535,65535
2026-07-31 10:17:42.916,28.61,55620,44089,61725,65535,65535,65535,65535,65535,65535
2026-07-31 10:17:42.957,28.66,55620,44089,61725,65535,65535,65535,65535,65535,65535
2026-07-31 10:17:42.991,28.69,55620,44089,61725,65535,65535,65535,65535,65535,65535
2026-07-31 10:17:43.044,28.74,55620,44089,61725,65535,65535,65535,65535,65535,65535
2026-07-31 10:17:43.095,28.79,55620,44089,61725,65535,65535,65535,65535,65535,65535
2026-07-31 10:17:43.147,28.84,55620,44089,61725,65535,65535,65535,65535,65535,65535
2026-07-31 10:17:43.197,28.89,55620,44089,61725,65535,65535,65535,65535,65535,65535
2026-07-31 10:17:43.251,28.95,55620,44089,61725,65535,65535,65535,65535,65535,65535
2026-07-31 10:17:43.305,29.0,56044,38652,61725,65535,65535,65535,65535,65535,65535
2026-07-31 10:17:43.354,29.05,56044,38652,61725,65535,65535,65535,65535,65535,65535
2026-07-31 10:17:43.406,29.1,56044,38652,61725,65535,65535,65535,65535,65535,65535
2026-07-31 10:17:43.448,29.15,56044,38652,61725,65535,65535,65535,65535,65535,65535
2026-07-31 10:17:43.483,29.18,56044,38652,61725,65535,65535,65535,65535,65535,65535
2026-07-31 10:17:43.533,29.23,56044,38652,61725,65535,65535,65535,65535,65535,65535
2026-07-31 10:17:43.591,29.29,56044,38652,61725,65535,65535,65535,65535,65535,65535
2026-07-31 10:17:43.638,29.34,56044,38652,61725,65535,65535,65535,65535,65535,65535
2026-07-31 10:17:43.687,29.38,56044,38652,61725,65535,65535,65535,65535,65535,65535
2026-07-31 10:17:43.740,29.44,56044,38652,61725,65535,65535,65535,65535,65535,65535
2026-07-31 10:17:43.791,29.49,56044,38652,61725,65535,65535,65535,65535,65535,65535
2026-07-31 10:17:43.838,29.54,64989,38652,61873,65535,65535,65535,65535,65535,65535
2026-07-31 10:17:43.886,29.58,64989,44174,61873,65535,65535,65535,65535,65535,65535
2026-07-31 10:17:43.936,29.63,64989,44174,61873,65535,65535,65535,65535,65535,65535
2026-07-31 10:17:43.983,29.68,64989,44174,61873,65535,65535,65535,65535,65535,65535
2026-07-31 10:17:44.031,29.73,64989,44174,61873,65535,65535,65535,65535,65535,65535
2026-07-31 10:17:44.075,29.77,64989,44174,61873,65535,65535,65535,65535,65535,65535
2026-07-31 10:17:44.129,29.83,64989,44174,61873,65535,65535,65535,65535,65535,65535
2026-07-31 10:17:44.178,29.88,64989,44174,61873,65535,65535,65535,65535,65535,65535
2026-07-31 10:17:44.228,29.93,64989,44174,61873,65535,65535,65535,65535,65535,65535
2026-07-31 10:17:44.277,29.98,64989,44174,61873,65535,65535,65535,65535,65535,65535
2026-07-31 10:17:44.322,30.02,64989,44174,61873,65535,65535,65535,65535,65535,65535
2026-07-31 10:17:44.381,30.08,64989,44174,61725,65535,65535,65535,65535,65535,65535
2026-07-31 10:17:44.429,30.13,64989,44513,61725,65535,65535,65535,65535,65535,65535
2026-07-31 10:17:44.475,30.17,64989,44513,61725,65535,65535,65535,65535,65535,65535
2026-07-31 10:17:44.522,30.22,64989,44513,61725,65535,65535,65535,65535,65535,65535
2026-07-31 10:17:44.568,30.27,64989,44513,61725,65535,65535,65535,65535,65535,65535
2026-07-31 10:17:44.619,30.32,64989,44513,61725,65535,65535,65535,65535,65535,65535
2026-07-31 10:17:44.666,30.36,64989,44513,61725,65535,65535,65535,65535,65535,65535
2026-07-31 10:17:44.711,30.41,64989,44513,61725,65535,65535,65535,65535,65535,65535
2026-07-31 10:17:44.757,30.46,64989,44513,61725,65535,65535,65535,65535,65535,65535
2026-07-31 10:17:44.808,30.51,64989,44513,61725,65535,65535,65535,65535,65535,65535
2026-07-31 10:17:44.855,30.55,64989,44513,61725,65535,65535,65535,65535,65535,65535
2026-07-31 10:17:44.906,30.6,64989,44513,61725,65535,65535,65535,65535,65535,65535
2026-07-31 10:17:44.957,30.66,64989,44513,62022,65535,65535,65535,65535,65535,65535
2026-07-31 10:17:45.003,30.7,55790,64862,62022,65535,65535,65535,65535,65535,65535
2026-07-31 10:17:45.054,30.75,55790,64862,62022,65535,65535,65535,65535,65535,65535
2026-07-31 10:17:45.098,30.8,55790,64862,62022,65535,65535,65535,65535,65535,65535
2026-07-31 10:17:45.146,30.84,55790,64862,62022,65535,65535,65535,65535,65535,65535
2026-07-31 10:17:45.198,30.9,55790,64862,62022,65535,65535,65535,65535,65535,65535
2026-07-31 10:17:45.249,30.95,55790,64862,62022,65535,65535,65535,65535,65535,65535
2026-07-31 10:17:45.303,31.0,55790,64862,62022,65535,65535,65535,65535,65535,65535
2026-07-31 10:17:45.348,31.05,55790,64862,62022,65535,65535,65535,65535,65535,65535
2026-07-31 10:17:45.399,31.1,55790,64862,62022,65535,65535,65535,65535,65535,65535
2026-07-31 10:17:45.446,31.14,55790,64862,62022,65535,65535,65535,65535,65535,65535
2026-07-31 10:17:45.496,31.19,55790,64862,62022,65535,65535,65535,65535,65535,65535
2026-07-31 10:17:45.545,31.24,55874,64862,61280,65535,65535,65535,65535,65535,65535
2026-07-31 10:17:45.592,31.29,55874,44089,61280,65535,65535,65535,65535,65535,65535
2026-07-31 10:17:45.643,31.34,55874,44089,61280,65535,65535,65535,65535,65535,65535
2026-07-31 10:17:45.694,31.39,55874,44089,61280,65535,65535,65535,65535,65535,65535
2026-07-31 10:17:45.745,31.44,55874,44089,61280,65535,65535,65535,65535,65535,65535
2026-07-31 10:17:45.799,31.5,55874,44089,61280,65535,65535,65535,65535,65535,65535
2026-07-31 10:17:45.850,31.55,55874,44089,61280,65535,65535,65535,65535,65535,65535
2026-07-31 10:17:45.899,31.6,55874,44089,61280,65535,65535,65535,65535,65535,65535
2026-07-31 10:17:45.946,31.64,55874,44089,61280,65535,65535,65535,65535,65535,65535
2026-07-31 10:17:45.993,31.69,55874,44089,61280,65535,65535,65535,65535,65535,65535
2026-07-31 10:17:46.041,31.74,55874,44089,61280,65535,65535,65535,65535,65535,65535
2026-07-31 10:17:46.090,31.79,55874,44089,65534,65535,65535,65535,65535,65535,65535
2026-07-31 10:17:46.139,31.84,65088,44259,65534,65535,65535,65535,65535,65535,65535
2026-07-31 10:17:46.191,31.89,65088,44259,65534,65535,65535,65535,65535,65535,65535
2026-07-31 10:17:46.237,31.94,65088,44259,65534,65535,65535,65535,65535,65535,65535
2026-07-31 10:17:46.287,31.99,65088,44259,65534,65535,65535,65535,65535,65535,65535
2026-07-31 10:17:46.339,32.04,65088,44259,65534,65535,65535,65535,65535,65535,65535
2026-07-31 10:17:46.389,32.09,65088,44259,65534,65535,65535,65535,65535,65535,65535
2026-07-31 10:17:46.441,32.14,65088,44259,65534,65535,65535,65535,65535,65535,65535
2026-07-31 10:17:46.496,32.19,65088,44259,65534,65535,65535,65535,65535,65535,65535
2026-07-31 10:17:46.549,32.25,65088,44259,65534,65535,65535,65535,65535,65535,65535
2026-07-31 10:17:46.596,32.29,65088,44259,65534,65535,65535,65535,65535,65535,65535
2026-07-31 10:17:46.642,32.34,65088,44259,62022,65535,65535,65535,65535,65535,65535
2026-07-31 10:17:46.690,32.39,65385,44174,62022,65535,65535,65535,65535,65535,65535
2026-07-31 10:17:46.740,32.44,65385,44174,62022,65535,65535,65535,65535,65535,65535
2026-07-31 10:17:46.791,32.49,65385,44174,62022,65535,65535,65535,65535,65535,65535
2026-07-31 10:17:46.836,32.53,65385,44174,62022,65535,65535,65535,65535,65535,65535
2026-07-31 10:17:46.888,32.59,65385,44174,62022,65535,65535,65535,65535,65535,65535
2026-07-31 10:17:46.937,32.64,65385,44174,62022,65535,65535,65535,65535,65535,65535
2026-07-31 10:17:46.988,32.69,65385,44174,62022,65535,65535,65535,65535,65535,65535
2026-07-31 10:17:47.037,32.74,65385,44174,62022,65535,65535,65535,65535,65535,65535
2026-07-31 10:17:47.082,32.78,65385,44174,62022,65535,65535,65535,65535,65535,65535
2026-07-31 10:17:47.139,32.84,65385,44174,62022,65535,65535,65535,65535,65535,65535
2026-07-31 10:17:47.185,32.88,65385,44174,62022,65535,65535,65535,65535,65535,65535
2026-07-31 10:17:47.233,32.93,65187,44174,61725,65535,65535,65535,65535,65535,65535
2026-07-31 10:17:47.280,32.98,65187,43919,61725,65535,65535,65535,65535,65535,65535
2026-07-31 10:17:47.328,33.03,65187,43919,61725,65535,65535,65535,65535,65535,65535
2026-07-31 10:17:47.375,33.07,65187,43919,61725,65535,65535,65535,65535,65535,65535
2026-07-31 10:17:47.422,33.12,65187,43919,61725,65535,65535,65535,65535,65535,65535
2026-07-31 10:17:47.471,33.17,65187,43919,61725,65535,65535,65535,65535,65535,65535
2026-07-31 10:17:47.531,33.23,65187,43919,61725,65535,65535,65535,65535,65535,65535
2026-07-31 10:17:47.579,33.28,65187,43919,61725,65535,65535,65535,65535,65535,65535
2026-07-31 10:17:47.626,33.32,65187,43919,61725,65535,65535,65535,65535,65535,65535
2026-07-31 10:17:47.672,33.37,65187,43919,61725,65535,65535,65535,65535,65535,65535
2026-07-31 10:17:47.721,33.42,65187,43919,61725,65535,65535,65535,65535,65535,65535
2026-07-31 10:17:47.770,33.47,65187,43919,49498,65535,65535,65535,65535,65535,65535
2026-07-31 10:17:47.818,33.52,56044,44089,49498,65535,65535,65535,65535,65535,65535
2026-07-31 10:17:47.871,33.57,56044,44089,49498,65535,65535,65535,65535,65535,65535
2026-07-31 10:17:47.921,33.62,56044,44089,49498,65535,65535,65535,65535,65535,65535
2026-07-31 10:17:47.970,33.67,56044,44089,49498,65535,65535,65535,65535,65535,65535
2026-07-31 10:17:48.017,33.72,56044,44089,49498,65535,65535,65535,65535,65535,65535
2026-07-31 10:17:48.068,33.77,56044,44089,49498,65535,65535,65535,65535,65535,65535
2026-07-31 10:17:48.120,33.82,56044,44089,49498,65535,65535,65535,65535,65535,65535
2026-07-31 10:17:48.168,33.87,56044,44089,49498,65535,65535,65535,65535,65535,65535
2026-07-31 10:17:48.214,33.91,56044,44089,49498,65535,65535,65535,65535,65535,65535
2026-07-31 10:17:48.261,33.96,56044,44089,49498,65535,65535,65535,65535,65535,65535
2026-07-31 10:17:48.312,34.01,56044,44089,49498,65535,65535,65535,65535,65535,65535
2026-07-31 10:17:48.357,34.06,64989,44089,49617,65535,65535,65535,65535,65535,65535
2026-07-31 10:17:48.403,34.1,64989,51635,49617,65535,65535,65535,65535,65535,65535
2026-07-31 10:17:48.452,34.15,64989,51635,49617,65535,65535,65535,65535,65535,65535
2026-07-31 10:17:48.499,34.2,64989,51635,49617,65535,65535,65535,65535,65535,65535
2026-07-31 10:17:48.549,34.25,64989,51635,49617,65535,65535,65535,65535,65535,65535
2026-07-31 10:17:48.596,34.29,64989,51635,49617,65535,65535,65535,65535,65535,65535
2026-07-31 10:17:48.644,34.34,64989,51635,49617,65535,65535,65535,65535,65535,65535
2026-07-31 10:17:48.734,34.43,64989,51635,49617,65535,65535,65535,65535,65535,65535
2026-07-31 10:17:48.784,34.48,64989,51635,49617,65535,65535,65535,65535,65535,65535
2026-07-31 10:17:48.833,34.53,64989,51635,49617,65535,65535,65535,65535,65535,65535
2026-07-31 10:17:48.880,34.58,64989,51635,49617,65535,65535,65535,65535,65535,65535
2026-07-31 10:17:48.927,34.63,64989,51635,49261,65535,65535,65535,65535,65535,65535
2026-07-31 10:17:48.974,34.67,64989,44174,49261,65535,65535,65535,65535,65535,65535
2026-07-31 10:17:49.019,34.72,64989,44174,49261,65535,65535,65535,65535,65535,65535
2026-07-31 10:17:49.069,34.77,64989,44174,49261,65535,65535,65535,65535,65535,65535
2026-07-31 10:17:49.116,34.81,64989,44174,49261,65535,65535,65535,65535,65535,65535
2026-07-31 10:17:49.168,34.87,64989,44174,49261,65535,65535,65535,65535,65535,65535
2026-07-31 10:17:49.218,34.92,64989,44174,49261,65535,65535,65535,65535,65535,65535
2026-07-31 10:17:49.263,34.96,64989,44174,49261,65535,65535,65535,65535,65535,65535
2026-07-31 10:17:49.314,35.01,64989,44174,49261,65535,65535,65535,65535,65535,65535
2026-07-31 10:17:49.360,35.06,64989,44174,49261,65535,65535,65535,65535,65535,65535
2026-07-31 10:17:49.408,35.11,64989,44174,49261,65535,65535,65535,65535,65535,65535
2026-07-31 10:17:49.456,35.15,64989,44174,49261,65535,65535,65535,65535,65535,65535
2026-07-31 10:17:49.503,35.2,64890,38652,65534,65535,65535,65535,65535,65535,65535
2026-07-31 10:17:49.556,35.25,64890,38652,65534,65535,65535,65535,65535,65535,65535
2026-07-31 10:17:49.605,35.3,64890,38652,65534,65535,65535,65535,65535,65535,65535
2026-07-31 10:17:49.651,35.35,64890,38652,65534,65535,65535,65535,65535,65535,65535
2026-07-31 10:17:49.698,35.4,64890,38652,65534,65535,65535,65535,65535,65535,65535
2026-07-31 10:17:49.750,35.45,64890,38652,65534,65535,65535,65535,65535,65535,65535
2026-07-31 10:17:49.803,35.5,64890,38652,65534,65535,65535,65535,65535,65535,65535
2026-07-31 10:17:49.856,35.55,64890,38652,65534,65535,65535,65535,65535,65535,65535
2026-07-31 10:17:49.910,35.61,64890,38652,65534,65535,65535,65535,65535,65535,65535
2026-07-31 10:17:49.971,35.67,64890,38652,65534,65535,65535,65535,65535,65535,65535
2026-07-31 10:17:50.020,35.72,64890,38652,65534,65535,65535,65535,65535,65535,65535
2026-07-31 10:17:50.065,35.76,48742,38652,61873,65535,65535,65535,65535,65535,65535
2026-07-31 10:17:50.113,35.81,48742,44004,61873,65535,65535,65535,65535,65535,65535
2026-07-31 10:17:50.163,35.86,48742,44004,61873,65535,65535,65535,65535,65535,65535
2026-07-31 10:17:50.210,35.91,48742,44004,61873,65535,65535,65535,65535,65535,65535
2026-07-31 10:17:50.269,35.97,48742,44004,61873,65535,65535,65535,65535,65535,65535
2026-07-31 10:17:50.314,36.01,48742,44004,61873,65535,65535,65535,65535,65535,65535
2026-07-31 10:17:50.368,36.07,48742,44004,61873,65535,65535,65535,65535,65535,65535
2026-07-31 10:17:50.420,36.12,48742,44004,61873,65535,65535,65535,65535,65535,65535
2026-07-31 10:17:50.477,36.18,48742,44004,61873,65535,65535,65535,65535,65535,65535
2026-07-31 10:17:50.521,36.22,48742,44004,61873,65535,65535,65535,65535,65535,65535
2026-07-31 10:17:50.571,36.27,48742,44004,61873,65535,65535,65535,65535,65535,65535
2026-07-31 10:17:50.618,36.32,65187,44004,61873,65535,65535,65535,65535,65535,65535
2026-07-31 10:17:50.667,36.37,65187,51239,61873,65535,65535,65535,65535,65535,65535
2026-07-31 10:17:50.712,36.41,65187,51239,61873,65535,65535,65535,65535,65535,65535
2026-07-31 10:17:50.761,36.46,65187,51239,61873,65535,65535,65535,65535,65535,65535
2026-07-31 10:17:50.807,36.51,65187,51239,61873,65535,65535,65535,65535,65535,65535
2026-07-31 10:17:50.857,36.56,65187,51239,61873,65535,65535,65535,65535,65535,65535
2026-07-31 10:17:50.902,36.6,65187,51239,61873,65535,65535,65535,65535,65535,65535
2026-07-31 10:17:50.951,36.65,65187,51239,61873,65535,65535,65535,65535,65535,65535
2026-07-31 10:17:51.000,36.7,65187,51239,61873,65535,65535,65535,65535,65535,65535
2026-07-31 10:17:51.048,36.75,65187,51239,61873,65535,65535,65535,65535,65535,65535
2026-07-31 10:17:51.095,36.79,65187,51239,61873,65535,65535,65535,65535,65535,65535
2026-07-31 10:17:51.140,36.84,65187,51239,61873,65535,65535,65535,65535,65535,65535
2026-07-31 10:17:51.189,36.89,55874,51239,49380,65535,65535,65535,65535,65535,65535
2026-07-31 10:17:51.239,36.94,55874,44259,49380,65535,65535,65535,65535,65535,65535
2026-07-31 10:17:51.291,36.99,55874,44259,49380,65535,65535,65535,65535,65535,65535
2026-07-31 10:17:51.334,37.03,55874,44259,49380,65535,65535,65535,65535,65535,65535
2026-07-31 10:17:51.384,37.08,55874,44259,49380,65535,65535,65535,65535,65535,65535
2026-07-31 10:17:51.430,37.13,55874,44259,49380,65535,65535,65535,65535,65535,65535
2026-07-31 10:17:51.481,37.18,55874,44259,49380,65535,65535,65535,65535,65535,65535
2026-07-31 10:17:51.541,37.24,55874,44259,49380,65535,65535,65535,65535,65535,65535
2026-07-31 10:17:51.592,37.29,55874,44259,49380,65535,65535,65535,65535,65535,65535
2026-07-31 10:17:51.641,37.34,55874,44259,49380,65535,65535,65535,65535,65535,65535
2026-07-31 10:17:51.693,37.39,55874,44259,49380,65535,65535,65535,65535,65535,65535
2026-07-31 10:17:51.739,37.44,55959,44259,49498,65535,65535,65535,65535,65535,65535
2026-07-31 10:17:51.787,37.49,55959,44004,49498,65535,65535,65535,65535,65535,65535
2026-07-31 10:17:51.835,37.53,55959,44004,49498,65535,65535,65535,65535,65535,65535
2026-07-31 10:17:51.884,37.58,55959,44004,49498,65535,65535,65535,65535,65535,65535
2026-07-31 10:17:51.937,37.63,55959,44004,49498,65535,65535,65535,65535,65535,65535
2026-07-31 10:17:52.011,37.71,55959,44004,49498,65535,65535,65535,65535,65535,65535
2026-07-31 10:17:52.061,37.76,55959,44004,49498,65535,65535,65535,65535,65535,65535
2026-07-31 10:17:52.105,37.8,55959,44004,49498,65535,65535,65535,65535,65535,65535
2026-07-31 10:17:52.155,37.85,55959,44004,49498,65535,65535,65535,65535,65535,65535
2026-07-31 10:17:52.201,37.9,55959,44004,49498,65535,65535,65535,65535,65535,65535
2026-07-31 10:17:52.255,37.95,55959,44004,49498,65535,65535,65535,65535,65535,65535
2026-07-31 10:17:52.309,38.01,64989,44004,61725,65535,65535,65535,65535,65535,65535
2026-07-31 10:17:52.362,38.06,64989,44259,61725,65535,65535,65535,65535,65535,65535
2026-07-31 10:17:52.412,38.11,64989,44259,61725,65535,65535,65535,65535,65535,65535
2026-07-31 10:17:52.462,38.16,64989,44259,61725,65535,65535,65535,65535,65535,65535
2026-07-31 10:17:52.514,38.21,64989,44259,61725,65535,65535,65535,65535,65535,65535
2026-07-31 10:17:52.561,38.26,64989,44259,61725,65535,65535,65535,65535,65535,65535
2026-07-31 10:17:52.610,38.31,64989,44259,61725,65535,65535,65535,65535,65535,65535
2026-07-31 10:17:52.662,38.36,64989,44259,61725,65535,65535,65535,65535,65535,65535
2026-07-31 10:17:52.711,38.41,64989,44259,61725,65535,65535,65535,65535,65535,65535
2026-07-31 10:17:52.759,38.46,64989,44259,61725,65535,65535,65535,65535,65535,65535
2026-07-31 10:17:52.807,38.51,64989,44259,61725,65535,65535,65535,65535,65535,65535
2026-07-31 10:17:52.862,38.56,65088,44259,61725,65535,65535,65535,65535,65535,65535
2026-07-31 10:17:52.914,38.61,65088,44174,61725,65535,65535,65535,65535,65535,65535
2026-07-31 10:17:52.962,38.66,65088,44174,61725,65535,65535,65535,65535,65535,65535
2026-07-31 10:17:53.014,38.71,65088,44174,61725,65535,65535,65535,65535,65535,65535
2026-07-31 10:17:53.058,38.76,65088,44174,61725,65535,65535,65535,65535,65535,65535
2026-07-31 10:17:53.109,38.81,65088,44174,61725,65535,65535,65535,65535,65535,65535
2026-07-31 10:17:53.157,38.86,65088,44174,61725,65535,65535,65535,65535,65535,65535
2026-07-31 10:17:53.202,38.9,65088,44174,61725,65535,65535,65535,65535,65535,65535
2026-07-31 10:17:53.249,38.95,65088,44174,61725,65535,65535,65535,65535,65535,65535
2026-07-31 10:17:53.301,39.0,65088,44174,61725,65535,65535,65535,65535,65535,65535
2026-07-31 10:17:53.346,39.04,65088,44174,61725,65535,65535,65535,65535,65535,65535
2026-07-31 10:17:53.397,39.1,65088,44174,61725,65535,65535,65535,65535,65535,65535
2026-07-31 10:17:53.440,39.14,61329,44174,49024,65535,65535,65535,65535,65535,65535
2026-07-31 10:17:53.487,39.19,61329,44174,49024,65535,65535,65535,65535,65535,65535
2026-07-31 10:17:53.540,39.24,61329,44174,49024,65535,65535,65535,65535,65535,65535
2026-07-31 10:17:53.622,39.32,61329,44174,49024,65535,65535,65535,65535,65535,65535
2026-07-31 10:17:53.677,39.37,61329,44174,49024,65535,65535,65535,65535,65535,65535
2026-07-31 10:17:53.722,39.42,61329,44174,49024,65535,65535,65535,65535,65535,65535
2026-07-31 10:17:53.771,39.47,61329,44174,49024,65535,65535,65535,65535,65535,65535
2026-07-31 10:17:53.820,39.52,61329,44174,49024,65535,65535,65535,65535,65535,65535
2026-07-31 10:17:53.876,39.57,61329,44174,49024,65535,65535,65535,65535,65535,65535
2026-07-31 10:17:53.927,39.63,61329,44174,49024,65535,65535,65535,65535,65535,65535
2026-07-31 10:17:53.987,39.69,55196,44174,61873,65535,65535,65535,65535,65535,65535
2026-07-31 10:17:54.055,39.75,55196,44174,61873,65535,65535,65535,65535,65535,65535
2026-07-31 10:17:54.109,39.81,55196,44174,61873,65535,65535,65535,65535,65535,65535
2026-07-31 10:17:54.159,39.86,55196,44174,61873,65535,65535,65535,65535,65535,65535
2026-07-31 10:17:54.212,39.91,55196,44174,61873,65535,65535,65535,65535,65535,65535
2026-07-31 10:17:54.249,39.95,55196,44174,61873,65535,65535,65535,65535,65535,65535
2026-07-31 10:17:54.317,40.02,55196,44174,61873,65535,65535,65535,65535,65535,65535
2026-07-31 10:17:54.367,40.07,55196,44174,61873,65535,65535,65535,65535,65535,65535
2026-07-31 10:17:54.413,40.11,55196,44174,61873,65535,65535,65535,65535,65535,65535
2026-07-31 10:17:54.463,40.16,55196,44174,61873,65535,65535,65535,65535,65535,65535
2026-07-31 10:17:54.516,40.21,55196,44174,61873,65535,65535,65535,65535,65535,65535
2026-07-31 10:17:54.562,40.26,52313,44174,61576,65535,65535,65535,65535,65535,65535
2026-07-31 10:17:54.608,40.31,52313,44089,61576,65535,65535,65535,65535,65535,65535
2026-07-31 10:17:54.657,40.36,52313,44089,61576,65535,65535,65535,65535,65535,65535
2026-07-31 10:17:54.705,40.4,52313,44089,61576,65535,65535,65535,65535,65535,65535
2026-07-31 10:17:54.759,40.46,52313,44089,61576,65535,65535,65535,65535,65535,65535
2026-07-31 10:17:54.804,40.5,52313,44089,61576,65535,65535,65535,65535,65535,65535
2026-07-31 10:17:54.859,40.56,52313,44089,61576,65535,65535,65535,65535,65535,65535
2026-07-31 10:17:54.908,40.61,52313,44089,61576,65535,65535,65535,65535,65535,65535
2026-07-31 10:17:54.945,40.64,52313,44089,61576,65535,65535,65535,65535,65535,65535
2026-07-31 10:17:54.981,40.68,52313,44089,61576,65535,65535,65535,65535,65535,65535
2026-07-31 10:17:55.028,40.73,52313,44089,61576,65535,65535,65535,65535,65535,65535
2026-07-31 10:17:55.078,40.78,52313,44089,61576,65535,65535,65535,65535,65535,65535
2026-07-31 10:17:55.125,40.82,64989,44089,61576,65535,65535,65535,65535,65535,65535
2026-07-31 10:17:55.173,40.87,64989,44343,61576,65535,65535,65535,65535,65535,65535
2026-07-31 10:17:55.224,40.92,64989,44343,61576,65535,65535,65535,65535,65535,65535
2026-07-31 10:17:55.277,40.98,64989,44343,61576,65535,65535,65535,65535,65535,65535
2026-07-31 10:17:55.331,41.03,64989,44343,61576,65535,65535,65535,65535,65535,65535
2026-07-31 10:17:55.391,41.09,64989,44343,61576,65535,65535,65535,65535,65535,65535
2026-07-31 10:17:55.432,41.13,64989,44343,61576,65535,65535,65535,65535,65535,65535
2026-07-31 10:17:55.472,41.17,64989,44343,61576,65535,65535,65535,65535,65535,65535
2026-07-31 10:17:55.517,41.22,64989,44343,61576,65535,65535,65535,65535,65535,65535
2026-07-31 10:17:55.568,41.27,64989,44343,61576,65535,65535,65535,65535,65535,65535
2026-07-31 10:17:55.620,41.32,64989,44343,61576,65535,65535,65535,65535,65535,65535
2026-07-31 10:17:55.665,41.36,64989,44343,61131,65535,65535,65535,65535,65535,65535
2026-07-31 10:17:55.718,41.42,55959,44259,61131,65535,65535,65535,65535,65535,65535
2026-07-31 10:17:55.767,41.46,55959,44259,61131,65535,65535,65535,65535,65535,65535
2026-07-31 10:17:55.817,41.52,55959,44259,61131,65535,65535,65535,65535,65535,65535
2026-07-31 10:17:55.864,41.56,55959,44259,61131,65535,65535,65535,65535,65535,65535
2026-07-31 10:17:55.913,41.61,55959,44259,61131,65535,65535,65535,65535,65535,65535
2026-07-31 10:17:55.947,41.65,55959,44259,61131,65535,65535,65535,65535,65535,65535
2026-07-31 10:17:55.983,41.68,55959,44259,61131,65535,65535,65535,65535,65535,65535
2026-07-31 10:17:56.031,41.73,55959,44259,61131,65535,65535,65535,65535,65535,65535
2026-07-31 10:17:56.075,41.77,55959,44259,61131,65535,65535,65535,65535,65535,65535
2026-07-31 10:17:56.127,41.83,55959,44259,61131,65535,65535,65535,65535,65535,65535
2026-07-31 10:17:56.181,41.88,55959,44259,61131,65535,65535,65535,65535,65535,65535
2026-07-31 10:17:56.231,41.93,55959,44259,61725,65535,65535,65535,65535,65535,65535
2026-07-31 10:17:56.284,41.98,55535,37242,61725,65535,65535,65535,65535,65535,65535
2026-07-31 10:17:56.337,42.04,55535,37242,61725,65535,65535,65535,65535,65535,65535
2026-07-31 10:17:56.393,42.09,55535,37242,61725,65535,65535,65535,65535,65535,65535
2026-07-31 10:17:56.444,42.14,55535,37242,61725,65535,65535,65535,65535,65535,65535
2026-07-31 10:17:56.483,42.18,55535,37242,61725,65535,65535,65535,65535,65535,65535
2026-07-31 10:17:56.531,42.23,55535,37242,61725,65535,65535,65535,65535,65535,65535
2026-07-31 10:17:56.578,42.28,55535,37242,61725,65535,65535,65535,65535,65535,65535
2026-07-31 10:17:56.630,42.33,55535,37242,61725,65535,65535,65535,65535,65535,65535
2026-07-31 10:17:56.681,42.38,55535,37242,61725,65535,65535,65535,65535,65535,65535
2026-07-31 10:17:56.724,42.42,55535,37242,61725,65535,65535,65535,65535,65535,65535
2026-07-31 10:17:56.811,42.51,55620,37242,61725,65535,65535,65535,65535,65535,65535
2026-07-31 10:17:56.859,42.56,55620,51635,61725,65535,65535,65535,65535,65535,65535
2026-07-31 10:17:56.906,42.6,55620,51635,61725,65535,65535,65535,65535,65535,65535
2026-07-31 10:17:56.953,42.65,55620,51635,61725,65535,65535,65535,65535,65535,65535
2026-07-31 10:17:56.990,42.69,55620,51635,61725,65535,65535,65535,65535,65535,65535
2026-07-31 10:17:57.037,42.74,55620,51635,61725,65535,65535,65535,65535,65535,65535
2026-07-31 10:17:57.086,42.78,55620,51635,61725,65535,65535,65535,65535,65535,65535
2026-07-31 10:17:57.130,42.83,55620,51635,61725,65535,65535,65535,65535,65535,65535
2026-07-31 10:17:57.178,42.88,55620,51635,61725,65535,65535,65535,65535,65535,65535
2026-07-31 10:17:57.227,42.93,55620,51635,61725,65535,65535,65535,65535,65535,65535
2026-07-31 10:17:57.264,42.96,55620,51635,61725,65535,65535,65535,65535,65535,65535
2026-07-31 10:17:57.300,43.0,55620,51635,61725,65535,65535,65535,65535,65535,65535
2026-07-31 10:17:57.351,43.05,55620,51635,61873,65535,65535,65535,65535,65535,65535
2026-07-31 10:17:57.411,43.11,55705,44174,61873,65535,65535,65535,65535,65535,65535
2026-07-31 10:17:57.462,43.16,55705,44174,61873,65535,65535,65535,65535,65535,65535
2026-07-31 10:17:57.498,43.2,55705,44174,61873,65535,65535,65535,65535,65535,65535
2026-07-31 10:17:57.547,43.25,55705,44174,61873,65535,65535,65535,65535,65535,65535
2026-07-31 10:17:57.586,43.28,55705,44174,61873,65535,65535,65535,65535,65535,65535
2026-07-31 10:17:57.632,43.33,55705,44174,61873,65535,65535,65535,65535,65535,65535
2026-07-31 10:17:57.679,43.38,55705,44174,61873,65535,65535,65535,65535,65535,65535
2026-07-31 10:17:57.729,43.43,55705,44174,61873,65535,65535,65535,65535,65535,65535
2026-07-31 10:17:57.774,43.47,55705,44174,61873,65535,65535,65535,65535,65535,65535
2026-07-31 10:17:57.824,43.52,55705,44174,61873,65535,65535,65535,65535,65535,65535
2026-07-31 10:17:57.878,43.58,55705,44174,61873,65535,65535,65535,65535,65535,65535
2026-07-31 10:17:57.941,43.64,55790,44174,61725,65535,65535,65535,65535,65535,65535
2026-07-31 10:17:58.019,43.72,55790,44089,61725,65535,65535,65535,65535,65535,65535
2026-07-31 10:17:58.079,43.78,55790,44089,61725,65535,65535,65535,65535,65535,65535
2026-07-31 10:17:58.151,43.85,55790,44089,61725,65535,65535,65535,65535,65535,65535
2026-07-31 10:17:58.276,43.97,55790,44089,61725,65535,65535,65535,65535,65535,65535
2026-07-31 10:17:58.350,44.05,55790,44089,61725,65535,65535,65535,65535,65535,65535
2026-07-31 10:17:58.408,44.11,55790,44089,61725,65535,65535,65535,65535,65535,65535
2026-07-31 10:17:58.456,44.15,55790,44089,61725,65535,65535,65535,65535,65535,65535
2026-07-31 10:17:58.502,44.2,65088,44089,61873,65535,65535,65535,65535,65535,65535
2026-07-31 10:17:58.558,44.26,65088,44174,61873,65535,65535,65535,65535,65535,65535
2026-07-31 10:17:58.610,44.31,65088,44174,61873,65535,65535,65535,65535,65535,65535
2026-07-31 10:17:58.663,44.36,65088,44174,61873,65535,65535,65535,65535,65535,65535
2026-07-31 10:17:58.710,44.41,65088,44174,61873,65535,65535,65535,65535,65535,65535
2026-07-31 10:17:58.761,44.46,65088,44174,61873,65535,65535,65535,65535,65535,65535
2026-07-31 10:17:58.815,44.51,65088,44174,61873,65535,65535,65535,65535,65535,65535
2026-07-31 10:17:58.867,44.57,65088,44174,61873,65535,65535,65535,65535,65535,65535
2026-07-31 10:17:58.920,44.62,65088,44174,61873,65535,65535,65535,65535,65535,65535
2026-07-31 10:17:58.959,44.66,65088,44174,61873,65535,65535,65535,65535,65535,65535
2026-07-31 10:17:58.996,44.69,65088,44174,61873,65535,65535,65535,65535,65535,65535
2026-07-31 10:17:59.047,44.74,55959,44174,62022,65535,65535,65535,65535,65535,65535
2026-07-31 10:17:59.100,44.8,55959,51536,62022,65535,65535,65535,65535,65535,65535
2026-07-31 10:17:59.163,44.86,55959,51536,62022,65535,65535,65535,65535,65535,65535
2026-07-31 10:17:59.226,44.92,55959,51536,62022,65535,65535,65535,65535,65535,65535
2026-07-31 10:17:59.275,44.97,55959,51536,62022,65535,65535,65535,65535,65535,65535
2026-07-31 10:17:59.318,45.02,55959,51536,62022,65535,65535,65535,65535,65535,65535
2026-07-31 10:17:59.389,45.09,55959,51536,62022,65535,65535,65535,65535,65535,65535
2026-07-31 10:17:59.441,45.14,55959,51536,62022,65535,65535,65535,65535,65535,65535
2026-07-31 10:17:59.476,45.17,55959,51536,62022,65535,65535,65535,65535,65535,65535
2026-07-31 10:17:59.525,45.22,55959,51536,62022,65535,65535,65535,65535,65535,65535
2026-07-31 10:17:59.568,45.27,55959,51536,62022,65535,65535,65535,65535,65535,65535
2026-07-31 10:17:59.618,45.32,64791,51536,61873,65535,65535,65535,65535,65535,65535
2026-07-31 10:17:59.669,45.37,64791,44259,61873,65535,65535,65535,65535,65535,65535
2026-07-31 10:17:59.721,45.42,64791,44259,61873,65535,65535,65535,65535,65535,65535
2026-07-31 10:17:59.769,45.47,64791,44259,61873,65535,65535,65535,65535,65535,65535
2026-07-31 10:17:59.817,45.52,64791,44259,61873,65535,65535,65535,65535,65535,65535
2026-07-31 10:17:59.867,45.57,64791,44259,61873,65535,65535,65535,65535,65535,65535
2026-07-31 10:17:59.914,45.61,64791,44259,61873,65535,65535,65535,65535,65535,65535
2026-07-31 10:17:59.952,45.65,64791,44259,61873,65535,65535,65535,65535,65535,65535
2026-07-31 10:17:59.992,45.69,64791,44259,61873,65535,65535,65535,65535,65535,65535
2026-07-31 10:18:00.040,45.74,64791,44259,61873,65535,65535,65535,65535,65535,65535
2026-07-31 10:18:00.088,45.79,64791,44259,61873,65535,65535,65535,65535,65535,65535
2026-07-31 10:18:00.135,45.83,64791,44259,61873,65535,65535,65535,65535,65535,65535
2026-07-31 10:18:00.182,45.88,65187,44259,61725,65535,65535,65535,65535,65535,65535
2026-07-31 10:18:00.229,45.93,65187,51536,61725,65535,65535,65535,65535,65535,65535
2026-07-31 10:18:00.284,45.98,65187,51536,61725,65535,65535,65535,65535,65535,65535
2026-07-31 10:18:00.331,46.03,65187,51536,61725,65535,65535,65535,65535,65535,65535
2026-07-31 10:18:00.381,46.08,65187,51536,61725,65535,65535,65535,65535,65535,65535
2026-07-31 10:18:00.430,46.13,65187,51536,61725,65535,65535,65535,65535,65535,65535
2026-07-31 10:18:00.468,46.17,65187,51536,61725,65535,65535,65535,65535,65535,65535
2026-07-31 10:18:00.514,46.21,65187,51536,61725,65535,65535,65535,65535,65535,65535
2026-07-31 10:18:00.563,46.26,65187,51536,61725,65535,65535,65535,65535,65535,65535
2026-07-31 10:18:00.612,46.31,65187,51536,61725,65535,65535,65535,65535,65535,65535
2026-07-31 10:18:00.659,46.36,65187,51536,61725,65535,65535,65535,65535,65535,65535
2026-07-31 10:18:00.705,46.4,65187,51536,61725,65535,65535,65535,65535,65535,65535
2026-07-31 10:18:00.764,46.46,65534,44089,62022,65535,65535,65535,65535,65535,65535
2026-07-31 10:18:00.814,46.51,65534,44089,62022,65535,65535,65535,65535,65535,65535
2026-07-31 10:18:00.861,46.56,65534,44089,62022,65535,65535,65535,65535,65535,65535
2026-07-31 10:18:00.908,46.61,65534,44089,62022,65535,65535,65535,65535,65535,65535
2026-07-31 10:18:00.953,46.65,65534,44089,62022,65535,65535,65535,65535,65535,65535
2026-07-31 10:18:00.992,46.69,65534,44089,62022,65535,65535,65535,65535,65535,65535
2026-07-31 10:18:01.041,46.74,65534,44089,62022,65535,65535,65535,65535,65535,65535
2026-07-31 10:18:01.085,46.78,65534,44089,62022,65535,65535,65535,65535,65535,65535
2026-07-31 10:18:01.134,46.83,65534,44089,62022,65535,65535,65535,65535,65535,65535
2026-07-31 10:18:01.185,46.88,65534,44089,62022,65535,65535,65535,65535,65535,65535
2026-07-31 10:18:01.232,46.93,65534,44089,62022,65535,65535,65535,65535,65535,65535
2026-07-31 10:18:01.278,46.98,65534,44089,62022,65535,65535,65535,65535,65535,65535
2026-07-31 10:18:01.326,47.02,65286,44089,61725,65535,65535,65535,65535,65535,65535
2026-07-31 10:18:01.376,47.07,65286,51635,61725,65535,65535,65535,65535,65535,65535
2026-07-31 10:18:01.422,47.12,65286,51635,61725,65535,65535,65535,65535,65535,65535
2026-07-31 10:18:01.460,47.16,65286,51635,61725,65535,65535,65535,65535,65535,65535
2026-07-31 10:18:01.507,47.21,65286,51635,61725,65535,65535,65535,65535,65535,65535
2026-07-31 10:18:01.553,47.25,65286,51635,61725,65535,65535,65535,65535,65535,65535
2026-07-31 10:18:01.604,47.3,65286,51635,61725,65535,65535,65535,65535,65535,65535
2026-07-31 10:18:01.651,47.35,65286,51635,61725,65535,65535,65535,65535,65535,65535
2026-07-31 10:18:01.699,47.4,65286,51635,61725,65535,65535,65535,65535,65535,65535
2026-07-31 10:18:01.743,47.44,65286,51635,61725,65535,65535,65535,65535,65535,65535
2026-07-31 10:18:01.792,47.49,65286,51635,61725,65535,65535,65535,65535,65535,65535
2026-07-31 10:18:01.843,47.54,65286,51635,61725,65535,65535,65535,65535,65535,65535
2026-07-31 10:18:01.889,47.59,65534,51635,61725,65535,65535,65535,65535,65535,65535
2026-07-31 10:18:01.940,47.64,65534,38726,61725,65535,65535,65535,65535,65535,65535
2026-07-31 10:18:01.980,47.68,65534,38726,61725,65535,65535,65535,65535,65535,65535
2026-07-31 10:18:02.033,47.73,65534,38726,61725,65535,65535,65535,65535,65535,65535
2026-07-31 10:18:02.085,47.78,65534,38726,61725,65535,65535,65535,65535,65535,65535
2026-07-31 10:18:02.133,47.83,65534,38726,61725,65535,65535,65535,65535,65535,65535
2026-07-31 10:18:02.182,47.88,65534,38726,61725,65535,65535,65535,65535,65535,65535
2026-07-31 10:18:02.233,47.93,65534,38726,61725,65535,65535,65535,65535,65535,65535
2026-07-31 10:18:02.293,47.99,65534,38726,61725,65535,65535,65535,65535,65535,65535
2026-07-31 10:18:02.344,48.04,65534,38726,61725,65535,65535,65535,65535,65535,65535
2026-07-31 10:18:02.391,48.09,65534,38726,61725,65535,65535,65535,65535,65535,65535
2026-07-31 10:18:02.442,48.14,65088,38726,61576,65535,65535,65535,65535,65535,65535
2026-07-31 10:18:02.482,48.18,65088,44259,61576,65535,65535,65535,65535,65535,65535
2026-07-31 10:18:02.528,48.23,65088,44259,61576,65535,65535,65535,65535,65535,65535
2026-07-31 10:18:02.573,48.27,65088,44259,61576,65535,65535,65535,65535,65535,65535
2026-07-31 10:18:02.623,48.32,65088,44259,61576,65535,65535,65535,65535,65535,65535
2026-07-31 10:18:02.673,48.37,65088,44259,61576,65535,65535,65535,65535,65535,65535
2026-07-31 10:18:02.721,48.42,65088,44259,61576,65535,65535,65535,65535,65535,65535
2026-07-31 10:18:02.768,48.47,65088,44259,61576,65535,65535,65535,65535,65535,65535
2026-07-31 10:18:02.814,48.51,65088,44259,61576,65535,65535,65535,65535,65535,65535
2026-07-31 10:18:02.864,48.56,65088,44259,61576,65535,65535,65535,65535,65535,65535
2026-07-31 10:18:02.909,48.61,65088,44259,61576,65535,65535,65535,65535,65535,65535
2026-07-31 10:18:02.948,48.65,65088,44259,61576,65535,65535,65535,65535,65535,65535
2026-07-31 10:18:02.984,48.68,65088,44259,61725,65535,65535,65535,65535,65535,65535
2026-07-31 10:18:03.028,48.73,55535,44259,61725,65535,65535,65535,65535,65535,65535
2026-07-31 10:18:03.078,48.78,55535,44259,61725,65535,65535,65535,65535,65535,65535
2026-07-31 10:18:03.124,48.82,55535,44259,61725,65535,65535,65535,65535,65535,65535
2026-07-31 10:18:03.173,48.87,55535,44259,61725,65535,65535,65535,65535,65535,65535
2026-07-31 10:18:03.219,48.92,55535,44259,61725,65535,65535,65535,65535,65535,65535
2026-07-31 10:18:03.269,48.97,55535,44259,61725,65535,65535,65535,65535,65535,65535
2026-07-31 10:18:03.318,49.02,55535,44259,61725,65535,65535,65535,65535,65535,65535
2026-07-31 10:18:03.367,49.07,55535,44259,61725,65535,65535,65535,65535,65535,65535
2026-07-31 10:18:03.419,49.12,55535,44259,61725,65535,65535,65535,65535,65535,65535
2026-07-31 10:18:03.461,49.16,55535,44259,61725,65535,65535,65535,65535,65535,65535
2026-07-31 10:18:03.495,49.19,55535,44259,61725,65535,65535,65535,65535,65535,65535
2026-07-31 10:18:03.545,49.24,55535,44259,61725,65535,65535,65535,65535,65535,65535
2026-07-31 10:18:03.589,49.29,64890,44259,61428,65535,65535,65535,65535,65535,65535
2026-07-31 10:18:03.639,49.34,64890,51635,61428,65535,65535,65535,65535,65535,65535
2026-07-31 10:18:03.691,49.39,64890,51635,61428,65535,65535,65535,65535,65535,65535
2026-07-31 10:18:03.742,49.44,64890,51635,61428,65535,65535,65535,65535,65535,65535
2026-07-31 10:18:03.790,49.49,64890,51635,61428,65535,65535,65535,65535,65535,65535
2026-07-31 10:18:03.843,49.54,64890,51635,61428,65535,65535,65535,65535,65535,65535
2026-07-31 10:18:03.892,49.59,64890,51635,61428,65535,65535,65535,65535,65535,65535
2026-07-31 10:18:03.939,49.64,64890,51635,61428,65535,65535,65535,65535,65535,65535
2026-07-31 10:18:03.975,49.67,64890,51635,61428,65535,65535,65535,65535,65535,65535
2026-07-31 10:18:04.020,49.72,64890,51635,61428,65535,65535,65535,65535,65535,65535
2026-07-31 10:18:04.071,49.77,64890,51635,61428,65535,65535,65535,65535,65535,65535
2026-07-31 10:18:04.114,49.81,64890,51635,62022,65535,65535,65535,65535,65535,65535
2026-07-31 10:18:04.168,49.87,65187,44343,62022,65535,65535,65535,65535,65535,65535
2026-07-31 10:18:04.217,49.92,65187,44343,62022,65535,65535,65535,65535,65535,65535
2026-07-31 10:18:04.265,49.96,65187,44343,62022,65535,65535,65535,65535,65535,65535
2026-07-31 10:18:04.313,50.01,65187,44343,62022,65535,65535,65535,65535,65535,65535
2026-07-31 10:18:04.361,50.06,65187,44343,62022,65535,65535,65535,65535,65535,65535
2026-07-31 10:18:04.414,50.11,65187,44343,62022,65535,65535,65535,65535,65535,65535
2026-07-31 10:18:04.453,50.15,65187,44343,62022,65535,65535,65535,65535,65535,65535
2026-07-31 10:18:04.490,50.19,65187,44343,62022,65535,65535,65535,65535,65535,65535
2026-07-31 10:18:04.540,50.24,65187,44343,62022,65535,65535,65535,65535,65535,65535
2026-07-31 10:18:04.585,50.28,65187,44343,62022,65535,65535,65535,65535,65535,65535
2026-07-31 10:18:04.633,50.33,65187,44343,62022,65535,65535,65535,65535,65535,65535
2026-07-31 10:18:04.679,50.38,65187,44343,62022,65535,65535,65535,65535,65535,65535
2026-07-31 10:18:04.727,50.43,65187,51635,61873,65535,65535,65535,65535,65535,65535
2026-07-31 10:18:04.779,50.48,65187,51635,61873,65535,65535,65535,65535,65535,65535
2026-07-31 10:18:04.828,50.53,65187,51635,61873,65535,65535,65535,65535,65535,65535
2026-07-31 10:18:04.879,50.58,65187,51635,61873,65535,65535,65535,65535,65535,65535
2026-07-31 10:18:04.931,50.63,65187,51635,61873,65535,65535,65535,65535,65535,65535
2026-07-31 10:18:04.970,50.67,65187,51635,61873,65535,65535,65535,65535,65535,65535
2026-07-31 10:18:05.006,50.7,65187,51635,61873,65535,65535,65535,65535,65535,65535
2026-07-31 10:18:05.056,50.75,65187,51635,61873,65535,65535,65535,65535,65535,65535
2026-07-31 10:18:05.105,50.8,65187,51635,61873,65535,65535,65535,65535,65535,65535
2026-07-31 10:18:05.154,50.85,65187,51635,61873,65535,65535,65535,65535,65535,65535
2026-07-31 10:18:05.204,50.9,65187,51635,61873,65535,65535,65535,65535,65535,65535
2026-07-31 10:18:05.256,50.95,65187,51635,61725,65535,65535,65535,65535,65535,65535
2026-07-31 10:18:05.306,51.0,64989,44259,61725,65535,65535,65535,65535,65535,65535
2026-07-31 10:18:05.354,51.05,64989,44259,61725,65535,65535,65535,65535,65535,65535
2026-07-31 10:18:05.404,51.1,64989,44259,61725,65535,65535,65535,65535,65535,65535
2026-07-31 10:18:05.459,51.16,64989,44259,61725,65535,65535,65535,65535,65535,65535
2026-07-31 10:18:05.496,51.19,64989,44259,61725,65535,65535,65535,65535,65535,65535
2026-07-31 10:18:05.544,51.24,64989,44259,61725,65535,65535,65535,65535,65535,65535
2026-07-31 10:18:05.597,51.3,64989,44259,61725,65535,65535,65535,65535,65535,65535
2026-07-31 10:18:05.649,51.35,64989,44259,61725,65535,65535,65535,65535,65535,65535
2026-07-31 10:18:05.696,51.39,64989,44259,61725,65535,65535,65535,65535,65535,65535
2026-07-31 10:18:05.744,51.44,64989,44259,61725,65535,65535,65535,65535,65535,65535
2026-07-31 10:18:05.789,51.49,64989,44259,61725,65535,65535,65535,65535,65535,65535
2026-07-31 10:18:05.841,51.54,64989,44259,61576,65535,65535,65535,65535,65535,65535
2026-07-31 10:18:05.891,51.59,64989,51635,61576,65535,65535,65535,65535,65535,65535
2026-07-31 10:18:05.941,51.64,64989,51635,61576,65535,65535,65535,65535,65535,65535
2026-07-31 10:18:05.976,51.67,64989,51635,61576,65535,65535,65535,65535,65535,65535
2026-07-31 10:18:06.026,51.72,64989,51635,61576,65535,65535,65535,65535,65535,65535
2026-07-31 10:18:06.076,51.77,64989,51635,61576,65535,65535,65535,65535,65535,65535
2026-07-31 10:18:06.127,51.83,64989,51635,61576,65535,65535,65535,65535,65535,65535
2026-07-31 10:18:06.179,51.88,64989,51635,61576,65535,65535,65535,65535,65535,65535
2026-07-31 10:18:06.226,51.92,64989,51635,61576,65535,65535,65535,65535,65535,65535
2026-07-31 10:18:06.276,51.97,64989,51635,61576,65535,65535,65535,65535,65535,65535
2026-07-31 10:18:06.328,52.03,64989,51635,61576,65535,65535,65535,65535,65535,65535
2026-07-31 10:18:06.375,52.07,64989,51635,49261,65535,65535,65535,65535,65535,65535
2026-07-31 10:18:06.420,52.12,55874,51635,49261,65535,65535,65535,65535,65535,65535
2026-07-31 10:18:06.486,52.18,55874,51635,49261,65535,65535,65535,65535,65535,65535
2026-07-31 10:18:06.523,52.22,55874,51635,49261,65535,65535,65535,65535,65535,65535
2026-07-31 10:18:06.569,52.27,55874,51635,49261,65535,65535,65535,65535,65535,65535
2026-07-31 10:18:06.617,52.32,55874,51635,49261,65535,65535,65535,65535,65535,65535
2026-07-31 10:18:06.663,52.36,55874,51635,49261,65535,65535,65535,65535,65535,65535
2026-07-31 10:18:06.708,52.41,55874,51635,49261,65535,65535,65535,65535,65535,65535
2026-07-31 10:18:06.758,52.46,55874,51635,49261,65535,65535,65535,65535,65535,65535
2026-07-31 10:18:06.802,52.5,55874,51635,49261,65535,65535,65535,65535,65535,65535
2026-07-31 10:18:06.852,52.55,55874,51635,49261,65535,65535,65535,65535,65535,65535
2026-07-31 10:18:06.900,52.6,55874,51635,49261,65535,65535,65535,65535,65535,65535
2026-07-31 10:18:06.953,52.65,55874,51635,61725,65535,65535,65535,65535,65535,65535
2026-07-31 10:18:06.993,52.69,65187,38578,61725,65535,65535,65535,65535,65535,65535
2026-07-31 10:18:07.038,52.74,65187,38578,61725,65535,65535,65535,65535,65535,65535
2026-07-31 10:18:07.085,52.78,65187,38578,61725,65535,65535,65535,65535,65535,65535
2026-07-31 10:18:07.135,52.83,65187,38578,61725,65535,65535,65535,65535,65535,65535
2026-07-31 10:18:07.180,52.88,65187,38578,61725,65535,65535,65535,65535,65535,65535
2026-07-31 10:18:07.228,52.93,65187,38578,61725,65535,65535,65535,65535,65535,65535
2026-07-31 10:18:07.275,52.97,65187,38578,61725,65535,65535,65535,65535,65535,65535
2026-07-31 10:18:07.326,53.02,65187,38578,61725,65535,65535,65535,65535,65535,65535
2026-07-31 10:18:07.381,53.08,65187,38578,61725,65535,65535,65535,65535,65535,65535
2026-07-31 10:18:07.430,53.13,65187,38578,61725,65535,65535,65535,65535,65535,65535
2026-07-31 10:18:07.467,53.17,65187,38578,61725,65535,65535,65535,65535,65535,65535
2026-07-31 10:18:07.504,53.2,65187,38578,49498,65535,65535,65535,65535,65535,65535
2026-07-31 10:18:07.549,53.25,55705,51536,49498,65535,65535,65535,65535,65535,65535
2026-07-31 10:18:07.604,53.3,55705,51536,49498,65535,65535,65535,65535,65535,65535
2026-07-31 10:18:07.650,53.35,55705,51536,49498,65535,65535,65535,65535,65535,65535
2026-07-31 10:18:07.698,53.4,55705,51536,49498,65535,65535,65535,65535,65535,65535
2026-07-31 10:18:07.782,53.48,55705,51536,49498,65535,65535,65535,65535,65535,65535
2026-07-31 10:18:07.830,53.53,55705,51536,49498,65535,65535,65535,65535,65535,65535
2026-07-31 10:18:07.876,53.57,55705,51536,49498,65535,65535,65535,65535,65535,65535
2026-07-31 10:18:07.923,53.62,55705,51536,49498,65535,65535,65535,65535,65535,65535
2026-07-31 10:18:07.976,53.67,55705,51536,49498,65535,65535,65535,65535,65535,65535
2026-07-31 10:18:08.017,53.72,55705,51536,49498,65535,65535,65535,65535,65535,65535
2026-07-31 10:18:08.066,53.76,55705,51536,61873,65535,65535,65535,65535,65535,65535
2026-07-31 10:18:08.119,53.82,56044,44174,61873,65535,65535,65535,65535,65535,65535
2026-07-31 10:18:08.164,53.86,56044,44174,61873,65535,65535,65535,65535,65535,65535
2026-07-31 10:18:08.216,53.91,56044,44174,61873,65535,65535,65535,65535,65535,65535
2026-07-31 10:18:08.265,53.96,56044,44174,61873,65535,65535,65535,65535,65535,65535
2026-07-31 10:18:08.313,54.01,56044,44174,61873,65535,65535,65535,65535,65535,65535
2026-07-31 10:18:08.364,54.06,56044,44174,61873,65535,65535,65535,65535,65535,65535
2026-07-31 10:18:08.418,54.12,56044,44174,61873,65535,65535,65535,65535,65535,65535
2026-07-31 10:18:08.470,54.17,56044,44174,61873,65535,65535,65535,65535,65535,65535
2026-07-31 10:18:08.505,54.2,56044,44174,61873,65535,65535,65535,65535,65535,65535
2026-07-31 10:18:08.554,54.25,56044,44174,61873,65535,65535,65535,65535,65535,65535
2026-07-31 10:18:08.601,54.3,56044,44174,61873,65535,65535,65535,65535,65535,65535
2026-07-31 10:18:08.649,54.35,55535,44174,61873,65535,65535,65535,65535,65535,65535
2026-07-31 10:18:08.696,54.39,55535,43919,61873,65535,65535,65535,65535,65535,65535
2026-07-31 10:18:08.744,54.44,55535,43919,61873,65535,65535,65535,65535,65535,65535
2026-07-31 10:18:08.788,54.49,55535,43919,61873,65535,65535,65535,65535,65535,65535
2026-07-31 10:18:08.840,54.54,55535,43919,61873,65535,65535,65535,65535,65535,65535
2026-07-31 10:18:08.883,54.58,55535,43919,61873,65535,65535,65535,65535,65535,65535
2026-07-31 10:18:08.937,54.64,55535,43919,61873,65535,65535,65535,65535,65535,65535
2026-07-31 10:18:08.975,54.67,55535,43919,61873,65535,65535,65535,65535,65535,65535
2026-07-31 10:18:09.024,54.72,55535,43919,61873,65535,65535,65535,65535,65535,65535
2026-07-31 10:18:09.070,54.77,55535,43919,61873,65535,65535,65535,65535,65535,65535
2026-07-31 10:18:09.119,54.82,55535,43919,61873,65535,65535,65535,65535,65535,65535
2026-07-31 10:18:09.163,54.86,55535,43919,61873,65535,65535,65535,65535,65535,65535
2026-07-31 10:18:09.215,54.91,55535,43919,61725,65535,65535,65535,65535,65535,65535
2026-07-31 10:18:09.262,54.96,55535,44343,61725,65535,65535,65535,65535,65535,65535
2026-07-31 10:18:09.311,55.01,55535,44343,61725,65535,65535,65535,65535,65535,65535
2026-07-31 10:18:09.360,55.06,55535,44343,61725,65535,65535,65535,65535,65535,65535
2026-07-31 10:18:09.402,55.1,55535,44343,61725,65535,65535,65535,65535,65535,65535
2026-07-31 10:18:09.455,55.15,55535,44343,61725,65535,65535,65535,65535,65535,65535
2026-07-31 10:18:09.490,55.19,55535,44343,61725,65535,65535,65535,65535,65535,65535
2026-07-31 10:18:09.537,55.24,55535,44343,61725,65535,65535,65535,65535,65535,65535
2026-07-31 10:18:09.585,55.28,55535,44343,61725,65535,65535,65535,65535,65535,65535
2026-07-31 10:18:09.631,55.33,55535,44343,61725,65535,65535,65535,65535,65535,65535
2026-07-31 10:18:09.679,55.38,55535,44343,61725,65535,65535,65535,65535,65535,65535
2026-07-31 10:18:09.731,55.43,55535,44343,61725,65535,65535,65535,65535,65535,65535
2026-07-31 10:18:09.780,55.48,65286,44343,62022,65535,65535,65535,65535,65535,65535
2026-07-31 10:18:09.832,55.53,65286,44343,62022,65535,65535,65535,65535,65535,65535
2026-07-31 10:18:09.876,55.57,65286,44343,62022,65535,65535,65535,65535,65535,65535
2026-07-31 10:18:09.927,55.63,65286,44343,62022,65535,65535,65535,65535,65535,65535
2026-07-31 10:18:09.963,55.66,65286,44343,62022,65535,65535,65535,65535,65535,65535
2026-07-31 10:18:10.000,55.7,65286,44343,62022,65535,65535,65535,65535,65535,65535
2026-07-31 10:18:10.046,55.74,65286,44343,62022,65535,65535,65535,65535,65535,65535
2026-07-31 10:18:10.095,55.79,65286,44343,62022,65535,65535,65535,65535,65535,65535
2026-07-31 10:18:10.143,55.84,65286,44343,62022,65535,65535,65535,65535,65535,65535
2026-07-31 10:18:10.192,55.89,65286,44343,62022,65535,65535,65535,65535,65535,65535
2026-07-31 10:18:10.244,55.94,65286,44343,62022,65535,65535,65535,65535,65535,65535
2026-07-31 10:18:10.294,55.99,65286,44343,62022,65535,65535,65535,65535,65535,65535
2026-07-31 10:18:10.339,56.04,65286,44343,61428,65535,65535,65535,65535,65535,65535
2026-07-31 10:18:10.390,56.09,55620,44004,61428,65535,65535,65535,65535,65535,65535
2026-07-31 10:18:10.445,56.14,55620,44004,61428,65535,65535,65535,65535,65535,65535
2026-07-31 10:18:10.483,56.18,55620,44004,61428,65535,65535,65535,65535,65535,65535
2026-07-31 10:18:10.531,56.23,55620,44004,61428,65535,65535,65535,65535,65535,65535
2026-07-31 10:18:10.580,56.28,55620,44004,61428,65535,65535,65535,65535,65535,65535
2026-07-31 10:18:10.631,56.33,55620,44004,61428,65535,65535,65535,65535,65535,65535
2026-07-31 10:18:10.678,56.38,55620,44004,61428,65535,65535,65535,65535,65535,65535
2026-07-31 10:18:10.730,56.43,55620,44004,61428,65535,65535,65535,65535,65535,65535
2026-07-31 10:18:10.784,56.48,55620,44004,61428,65535,65535,65535,65535,65535,65535
2026-07-31 10:18:10.834,56.53,55620,44004,61428,65535,65535,65535,65535,65535,65535
2026-07-31 10:18:10.886,56.58,55620,44004,61428,65535,65535,65535,65535,65535,65535
2026-07-31 10:18:10.928,56.63,65088,44004,49498,65535,65535,65535,65535,65535,65535
2026-07-31 10:18:10.967,56.67,65088,44089,49498,65535,65535,65535,65535,65535,65535
2026-07-31 10:18:11.004,56.7,65088,44089,49498,65535,65535,65535,65535,65535,65535
2026-07-31 10:18:11.050,56.75,65088,44089,49498,65535,65535,65535,65535,65535,65535
2026-07-31 10:18:11.101,56.8,65088,44089,49498,65535,65535,65535,65535,65535,65535
2026-07-31 10:18:11.154,56.85,65088,44089,49498,65535,65535,65535,65535,65535,65535
2026-07-31 10:18:11.200,56.9,65088,44089,49498,65535,65535,65535,65535,65535,65535
2026-07-31 10:18:11.251,56.95,65088,44089,49498,65535,65535,65535,65535,65535,65535
2026-07-31 10:18:11.300,57.0,65088,44089,49498,65535,65535,65535,65535,65535,65535
2026-07-31 10:18:11.349,57.05,65088,44089,49498,65535,65535,65535,65535,65535,65535
2026-07-31 10:18:11.398,57.1,65088,44089,49498,65535,65535,65535,65535,65535,65535
2026-07-31 10:18:11.449,57.15,65088,44089,49498,65535,65535,65535,65535,65535,65535
2026-07-31 10:18:11.488,57.19,65534,44089,61873,65535,65535,65535,65535,65535,65535
2026-07-31 10:18:11.535,57.23,65534,51635,61873,65535,65535,65535,65535,65535,65535
2026-07-31 10:18:11.582,57.28,65534,51635,61873,65535,65535,65535,65535,65535,65535
2026-07-31 10:18:11.630,57.33,65534,51635,61873,65535,65535,65535,65535,65535,65535
2026-07-31 10:18:11.683,57.38,65534,51635,61873,65535,65535,65535,65535,65535,65535
2026-07-31 10:18:11.732,57.43,65534,51635,61873,65535,65535,65535,65535,65535,65535
2026-07-31 10:18:11.785,57.48,65534,51635,61873,65535,65535,65535,65535,65535,65535
2026-07-31 10:18:11.839,57.54,65534,51635,61873,65535,65535,65535,65535,65535,65535
2026-07-31 10:18:11.895,57.59,65534,51635,61873,65535,65535,65535,65535,65535,65535
2026-07-31 10:18:11.944,57.64,65534,51635,61873,65535,65535,65535,65535,65535,65535
2026-07-31 10:18:12.007,57.71,65534,51635,61873,65535,65535,65535,65535,65535,65535
2026-07-31 10:18:12.043,57.74,65534,51635,61576,65535,65535,65535,65535,65535,65535
2026-07-31 10:18:12.094,57.79,55874,38652,61576,65535,65535,65535,65535,65535,65535
2026-07-31 10:18:12.145,57.84,55874,38652,61576,65535,65535,65535,65535,65535,65535
2026-07-31 10:18:12.199,57.9,55874,38652,61576,65535,65535,65535,65535,65535,65535
2026-07-31 10:18:12.246,57.94,55874,38652,61576,65535,65535,65535,65535,65535,65535
2026-07-31 10:18:12.290,57.99,55874,38652,61576,65535,65535,65535,65535,65535,65535
2026-07-31 10:18:12.341,58.04,55874,38652,61576,65535,65535,65535,65535,65535,65535
2026-07-31 10:18:12.392,58.09,55874,38652,61576,65535,65535,65535,65535,65535,65535
2026-07-31 10:18:12.445,58.14,55874,38652,61576,65535,65535,65535,65535,65535,65535
2026-07-31 10:18:12.482,58.18,55874,38652,61576,65535,65535,65535,65535,65535,65535
2026-07-31 10:18:12.530,58.23,55874,38652,61576,65535,65535,65535,65535,65535,65535
2026-07-31 10:18:12.574,58.27,55874,38652,61576,65535,65535,65535,65535,65535,65535
2026-07-31 10:18:12.632,58.33,55705,38652,61725,65535,65535,65535,65535,65535,65535
2026-07-31 10:18:12.687,58.39,55705,44089,61725,65535,65535,65535,65535,65535,65535
2026-07-31 10:18:12.752,58.45,55705,44089,61725,65535,65535,65535,65535,65535,65535
2026-07-31 10:18:12.806,58.5,55705,44089,61725,65535,65535,65535,65535,65535,65535
2026-07-31 10:18:12.863,58.56,55705,44089,61725,65535,65535,65535,65535,65535,65535
2026-07-31 10:18:12.914,58.61,55705,44089,61725,65535,65535,65535,65535,65535,65535
2026-07-31 10:18:12.987,58.69,55705,44089,61725,65535,65535,65535,65535,65535,65535
2026-07-31 10:18:13.050,58.75,55705,44089,61725,65535,65535,65535,65535,65535,65535
2026-07-31 10:18:13.145,58.84,55705,44089,61576,65535,65535,65535,65535,65535,65535
2026-07-31 10:18:13.267,58.97,65187,44174,61576,65535,65535,65535,65535,65535,65535
2026-07-31 10:18:13.397,59.1,65187,44174,61576,65535,65535,65535,65535,65535,65535
2026-07-31 10:18:13.461,59.16,65187,44174,61576,65535,65535,65535,65535,65535,65535
2026-07-31 10:18:13.512,59.21,65187,44174,61576,65535,65535,65535,65535,65535,65535
2026-07-31 10:18:13.573,59.27,65187,44174,61576,65535,65535,65535,65535,65535,65535
2026-07-31 10:18:13.644,59.34,65187,44174,61576,65535,65535,65535,65535,65535,65535
2026-07-31 10:18:13.698,59.4,65187,44174,61873,65535,65535,65535,65535,65535,65535
2026-07-31 10:18:13.754,59.45,64989,44174,61873,65535,65535,65535,65535,65535,65535
2026-07-31 10:18:13.813,59.51,64989,44174,61873,65535,65535,65535,65535,65535,65535
2026-07-31 10:18:13.864,59.56,64989,44174,61873,65535,65535,65535,65535,65535,65535
2026-07-31 10:18:13.917,59.62,64989,44174,61873,65535,65535,65535,65535,65535,65535
2026-07-31 10:18:13.972,59.67,64989,44174,61873,65535,65535,65535,65535,65535,65535
2026-07-31 10:18:14.014,59.71,64989,44174,61873,65535,65535,65535,65535,65535,65535
2026-07-31 10:18:14.069,59.77,64989,44174,61873,65535,65535,65535,65535,65535,65535
2026-07-31 10:18:14.120,59.82,64989,44174,61873,65535,65535,65535,65535,65535,65535
2026-07-31 10:18:14.168,59.87,64989,44174,61873,65535,65535,65535,65535,65535,65535
2026-07-31 10:18:14.222,59.92,64989,44174,61873,65535,65535,65535,65535,65535,65535
2026-07-31 10:18:14.271,59.97,64989,44174,61576,65535,65535,65535,65535,65535,65535
2026-07-31 10:18:14.322,60.02,65088,44259,61576,65535,65535,65535,65535,65535,65535
2026-07-31 10:18:14.373,60.07,65088,44259,61576,65535,65535,65535,65535,65535,65535
2026-07-31 10:18:14.425,60.12,65088,44259,61576,65535,65535,65535,65535,65535,65535
2026-07-31 10:18:14.474,60.17,65088,44259,61576,65535,65535,65535,65535,65535,65535
2026-07-31 10:18:14.512,60.21,65088,44259,61576,65535,65535,65535,65535,65535,65535
2026-07-31 10:18:14.555,60.25,65088,44259,61576,65535,65535,65535,65535,65535,65535
2026-07-31 10:18:14.607,60.31,65088,44259,61576,65535,65535,65535,65535,65535,65535
2026-07-31 10:18:14.660,60.36,65088,44259,61576,65535,65535,65535,65535,65535,65535
2026-07-31 10:18:14.707,60.41,65088,44259,61576,65535,65535,65535,65535,65535,65535
2026-07-31 10:18:14.752,60.45,65088,44259,61576,65535,65535,65535,65535,65535,65535
2026-07-31 10:18:14.801,60.5,65088,44259,61576,65535,65535,65535,65535,65535,65535
2026-07-31 10:18:14.849,60.55,55535,44259,49142,65535,65535,65535,65535,65535,65535
2026-07-31 10:18:14.896,60.59,55535,44089,49142,65535,65535,65535,65535,65535,65535
2026-07-31 10:18:14.947,60.65,55535,44089,49142,65535,65535,65535,65535,65535,65535
2026-07-31 10:18:14.985,60.68,55535,44089,49142,65535,65535,65535,65535,65535,65535
2026-07-31 10:18:15.032,60.73,55535,44089,49142,65535,65535,65535,65535,65535,65535
2026-07-31 10:18:15.081,60.78,55535,44089,49142,65535,65535,65535,65535,65535,65535
2026-07-31 10:18:15.133,60.83,55535,44089,49142,65535,65535,65535,65535,65535,65535
2026-07-31 10:18:15.178,60.88,55535,44089,49142,65535,65535,65535,65535,65535,65535
2026-07-31 10:18:15.233,60.93,55535,44089,49142,65535,65535,65535,65535,65535,65535
2026-07-31 10:18:15.289,60.99,55535,44089,49142,65535,65535,65535,65535,65535,65535
2026-07-31 10:18:15.339,61.04,55535,44089,49142,65535,65535,65535,65535,65535,65535
2026-07-31 10:18:15.388,61.09,55535,44089,61576,65535,65535,65535,65535,65535,65535
2026-07-31 10:18:15.438,61.14,55705,51635,61576,65535,65535,65535,65535,65535,65535
2026-07-31 10:18:15.472,61.17,55705,51635,61576,65535,65535,65535,65535,65535,65535
2026-07-31 10:18:15.509,61.21,55705,51635,61576,65535,65535,65535,65535,65535,65535
2026-07-31 10:18:15.555,61.25,55705,51635,61576,65535,65535,65535,65535,65535,65535
2026-07-31 10:18:15.600,61.3,55705,51635,61576,65535,65535,65535,65535,65535,65535
2026-07-31 10:18:15.650,61.35,55705,51635,61576,65535,65535,65535,65535,65535,65535
2026-07-31 10:18:15.697,61.4,55705,51635,61576,65535,65535,65535,65535,65535,65535
2026-07-31 10:18:15.765,61.46,55705,51635,61576,65535,65535,65535,65535,65535,65535
2026-07-31 10:18:15.815,61.51,55705,51635,61576,65535,65535,65535,65535,65535,65535
2026-07-31 10:18:15.868,61.57,55705,51635,61576,65535,65535,65535,65535,65535,65535
2026-07-31 10:18:15.927,61.62,55705,51635,61576,65535,65535,65535,65535,65535,65535
2026-07-31 10:18:15.966,61.66,55705,51635,61576,65535,65535,65535,65535,65535,65535
2026-07-31 10:18:16.001,61.7,55790,44174,61576,65535,65535,65535,65535,65535,65535
2026-07-31 10:18:16.048,61.75,55790,44174,61576,65535,65535,65535,65535,65535,65535
2026-07-31 10:18:16.096,61.79,55790,44174,61576,65535,65535,65535,65535,65535,65535
2026-07-31 10:18:16.145,61.84,55790,44174,61576,65535,65535,65535,65535,65535,65535
2026-07-31 10:18:16.190,61.89,55790,44174,61576,65535,65535,65535,65535,65535,65535
2026-07-31 10:18:16.243,61.94,55790,44174,61576,65535,65535,65535,65535,65535,65535
2026-07-31 10:18:16.296,61.99,55790,44174,61576,65535,65535,65535,65535,65535,65535
2026-07-31 10:18:16.345,62.04,55790,44174,61576,65535,65535,65535,65535,65535,65535
2026-07-31 10:18:16.396,62.09,55790,44174,61576,65535,65535,65535,65535,65535,65535
2026-07-31 10:18:16.442,62.14,55790,44174,61576,65535,65535,65535,65535,65535,65535
2026-07-31 10:18:16.477,62.18,55790,44174,61576,65535,65535,65535,65535,65535,65535
2026-07-31 10:18:16.526,62.22,55790,44174,61576,65535,65535,65535,65535,65535,65535
2026-07-31 10:18:16.580,62.28,55874,44174,61576,65535,65535,65535,65535,65535,65535
2026-07-31 10:18:16.628,62.33,55874,44174,61576,65535,65535,65535,65535,65535,65535
2026-07-31 10:18:16.678,62.38,55874,44174,61576,65535,65535,65535,65535,65535,65535
2026-07-31 10:18:16.724,62.42,55874,44174,61576,65535,65535,65535,65535,65535,65535
2026-07-31 10:18:16.773,62.47,55874,44174,61576,65535,65535,65535,65535,65535,65535
2026-07-31 10:18:16.820,62.52,55874,44174,61576,65535,65535,65535,65535,65535,65535
2026-07-31 10:18:16.868,62.57,55874,44174,61576,65535,65535,65535,65535,65535,65535
2026-07-31 10:18:16.916,62.61,55874,44174,61576,65535,65535,65535,65535,65535,65535
2026-07-31 10:18:16.961,62.66,55874,44174,61576,65535,65535,65535,65535,65535,65535
2026-07-31 10:18:16.999,62.7,55874,44174,61576,65535,65535,65535,65535,65535,65535
2026-07-31 10:18:17.047,62.75,55874,44174,61576,65535,65535,65535,65535,65535,65535
2026-07-31 10:18:17.092,62.79,55874,44174,61725,65535,65535,65535,65535,65535,65535
2026-07-31 10:18:17.142,62.84,65286,51734,61725,65535,65535,65535,65535,65535,65535
2026-07-31 10:18:17.187,62.89,65286,51734,61725,65535,65535,65535,65535,65535,65535
2026-07-31 10:18:17.240,62.94,65286,51734,61725,65535,65535,65535,65535,65535,65535
2026-07-31 10:18:17.292,62.99,65286,51734,61725,65535,65535,65535,65535,65535,65535
2026-07-31 10:18:17.341,63.04,65286,51734,61725,65535,65535,65535,65535,65535,65535
2026-07-31 10:18:17.389,63.09,65286,51734,61725,65535,65535,65535,65535,65535,65535
2026-07-31 10:18:17.440,63.14,65286,51734,61725,65535,65535,65535,65535,65535,65535
2026-07-31 10:18:17.476,63.17,65286,51734,61725,65535,65535,65535,65535,65535,65535
2026-07-31 10:18:17.511,63.21,65286,51734,61725,65535,65535,65535,65535,65535,65535
2026-07-31 10:18:17.557,63.26,65286,51734,61725,65535,65535,65535,65535,65535,65535
2026-07-31 10:18:17.606,63.3,65286,51734,61725,65535,65535,65535,65535,65535,65535
2026-07-31 10:18:17.654,63.35,65286,51734,61873,65535,65535,65535,65535,65535,65535
2026-07-31 10:18:17.701,63.4,55874,44259,61873,65535,65535,65535,65535,65535,65535
2026-07-31 10:18:17.746,63.44,55874,44259,61873,65535,65535,65535,65535,65535,65535
2026-07-31 10:18:17.795,63.49,55874,44259,61873,65535,65535,65535,65535,65535,65535
2026-07-31 10:18:17.842,63.54,55874,44259,61873,65535,65535,65535,65535,65535,65535
2026-07-31 10:18:17.892,63.59,55874,44259,61873,65535,65535,65535,65535,65535,65535
2026-07-31 10:18:17.941,63.64,55874,44259,61873,65535,65535,65535,65535,65535,65535
2026-07-31 10:18:17.976,63.67,55874,44259,61873,65535,65535,65535,65535,65535,65535
2026-07-31 10:18:18.011,63.71,55874,44259,61873,65535,65535,65535,65535,65535,65535
2026-07-31 10:18:18.056,63.75,55874,44259,61873,65535,65535,65535,65535,65535,65535
2026-07-31 10:18:18.110,63.81,55874,44259,61873,65535,65535,65535,65535,65535,65535
2026-07-31 10:18:18.161,63.86,55874,44259,61873,65535,65535,65535,65535,65535,65535
2026-07-31 10:18:18.205,63.9,55874,44259,61873,65535,65535,65535,65535,65535,65535
2026-07-31 10:18:18.256,63.95,55705,44259,61725,65535,65535,65535,65535,65535,65535
2026-07-31 10:18:18.306,64.0,55705,44259,61725,65535,65535,65535,65535,65535,65535
2026-07-31 10:18:18.356,64.05,55705,44259,61725,65535,65535,65535,65535,65535,65535
2026-07-31 10:18:18.401,64.1,55705,44259,61725,65535,65535,65535,65535,65535,65535
2026-07-31 10:18:18.447,64.15,55705,44259,61725,65535,65535,65535,65535,65535,65535
2026-07-31 10:18:18.484,64.18,55705,44259,61725,65535,65535,65535,65535,65535,65535
2026-07-31 10:18:18.539,64.24,55705,44259,61725,65535,65535,65535,65535,65535,65535
2026-07-31 10:18:18.593,64.29,55705,44259,61725,65535,65535,65535,65535,65535,65535
2026-07-31 10:18:18.645,64.34,55705,44259,61725,65535,65535,65535,65535,65535,65535
2026-07-31 10:18:18.692,64.39,55705,44259,61725,65535,65535,65535,65535,65535,65535
2026-07-31 10:18:18.742,64.44,55705,44259,61725,65535,65535,65535,65535,65535,65535
2026-07-31 10:18:18.792,64.49,55705,44259,61576,65535,65535,65535,65535,65535,65535
2026-07-31 10:18:18.837,64.54,55705,51437,61576,65535,65535,65535,65535,65535,65535
2026-07-31 10:18:18.887,64.59,55705,51437,61576,65535,65535,65535,65535,65535,65535
2026-07-31 10:18:18.936,64.63,55705,51437,61576,65535,65535,65535,65535,65535,65535
2026-07-31 10:18:18.976,64.67,55705,51437,61576,65535,65535,65535,65535,65535,65535
2026-07-31 10:18:19.023,64.72,55705,51437,61576,65535,65535,65535,65535,65535,65535
2026-07-31 10:18:19.082,64.78,55705,51437,61576,65535,65535,65535,65535,65535,65535
2026-07-31 10:18:19.135,64.83,55705,51437,61576,65535,65535,65535,65535,65535,65535
2026-07-31 10:18:19.189,64.89,55705,51437,61576,65535,65535,65535,65535,65535,65535
2026-07-31 10:18:19.240,64.94,55705,51437,61576,65535,65535,65535,65535,65535,65535
2026-07-31 10:18:19.288,64.99,55705,51437,61576,65535,65535,65535,65535,65535,65535
2026-07-31 10:18:19.333,65.03,55705,51437,61576,65535,65535,65535,65535,65535,65535
2026-07-31 10:18:19.392,65.09,65187,44004,65534,65535,65535,65535,65535,65535,65535
2026-07-31 10:18:19.445,65.14,65187,44004,65534,65535,65535,65535,65535,65535,65535
2026-07-31 10:18:19.486,65.18,65187,44004,65534,65535,65535,65535,65535,65535,65535
2026-07-31 10:18:19.539,65.24,65187,44004,65534,65535,65535,65535,65535,65535,65535
2026-07-31 10:18:19.589,65.29,65187,44004,65534,65535,65535,65535,65535,65535,65535
2026-07-31 10:18:19.640,65.34,65187,44004,65534,65535,65535,65535,65535,65535,65535
2026-07-31 10:18:19.685,65.38,65187,44004,65534,65535,65535,65535,65535,65535,65535
2026-07-31 10:18:19.733,65.43,65187,44004,65534,65535,65535,65535,65535,65535,65535
2026-07-31 10:18:19.783,65.48,65187,44004,65534,65535,65535,65535,65535,65535,65535
2026-07-31 10:18:19.831,65.53,65187,44004,65534,65535,65535,65535,65535,65535,65535
2026-07-31 10:18:19.914,65.61,65187,44004,61873,65535,65535,65535,65535,65535,65535
2026-07-31 10:18:19.963,65.66,55451,51338,61873,65535,65535,65535,65535,65535,65535
2026-07-31 10:18:19.998,65.7,55451,51338,61873,65535,65535,65535,65535,65535,65535
2026-07-31 10:18:20.049,65.75,55451,51338,61873,65535,65535,65535,65535,65535,65535
2026-07-31 10:18:20.099,65.8,55451,51338,61873,65535,65535,65535,65535,65535,65535
2026-07-31 10:18:20.150,65.85,55451,51338,61873,65535,65535,65535,65535,65535,65535
2026-07-31 10:18:20.199,65.9,55451,51338,61873,65535,65535,65535,65535,65535,65535
2026-07-31 10:18:20.250,65.95,55451,51338,61873,65535,65535,65535,65535,65535,65535
2026-07-31 10:18:20.300,66.0,55451,51338,61873,65535,65535,65535,65535,65535,65535
2026-07-31 10:18:20.349,66.05,55451,51338,61873,65535,65535,65535,65535,65535,65535
2026-07-31 10:18:20.398,66.1,55451,51338,61873,65535,65535,65535,65535,65535,65535
2026-07-31 10:18:20.445,66.14,55451,51338,61873,65535,65535,65535,65535,65535,65535
2026-07-31 10:18:20.483,66.18,61230,51338,61725,65535,65535,65535,65535,65535,65535
2026-07-31 10:18:20.530,66.23,61230,44259,61725,65535,65535,65535,65535,65535,65535
2026-07-31 10:18:20.575,66.27,61230,44259,61725,65535,65535,65535,65535,65535,65535
2026-07-31 10:18:20.638,66.34,61230,44259,61725,65535,65535,65535,65535,65535,65535
2026-07-31 10:18:20.688,66.39,61230,44259,61725,65535,65535,65535,65535,65535,65535
2026-07-31 10:18:20.738,66.44,61230,44259,61725,65535,65535,65535,65535,65535,65535
2026-07-31 10:18:20.783,66.48,61230,44259,61725,65535,65535,65535,65535,65535,65535
2026-07-31 10:18:20.836,66.53,61230,44259,61725,65535,65535,65535,65535,65535,65535
2026-07-31 10:18:20.887,66.59,61230,44259,61725,65535,65535,65535,65535,65535,65535
2026-07-31 10:18:20.935,66.63,61230,44259,61725,65535,65535,65535,65535,65535,65535
2026-07-31 10:18:20.980,66.68,61230,44259,61725,65535,65535,65535,65535,65535,65535
2026-07-31 10:18:21.018,66.72,61230,44259,61725,65535,65535,65535,65535,65535,65535
2026-07-31 10:18:21.067,66.77,55959,51635,61576,65535,65535,65535,65535,65535,65535
2026-07-31 10:18:21.120,66.82,55959,51635,61576,65535,65535,65535,65535,65535,65535
2026-07-31 10:18:21.171,66.87,55959,51635,61576,65535,65535,65535,65535,65535,65535
2026-07-31 10:18:21.217,66.92,55959,51635,61576,65535,65535,65535,65535,65535,65535
2026-07-31 10:18:21.269,66.97,55959,51635,61576,65535,65535,65535,65535,65535,65535
2026-07-31 10:18:21.320,67.02,55959,51635,61576,65535,65535,65535,65535,65535,65535
2026-07-31 10:18:21.368,67.07,55959,51635,61576,65535,65535,65535,65535,65535,65535
2026-07-31 10:18:21.411,67.11,55959,51635,61576,65535,65535,65535,65535,65535,65535
2026-07-31 10:18:21.462,67.16,55959,51635,61576,65535,65535,65535,65535,65535,65535
2026-07-31 10:18:21.499,67.2,55959,51635,61576,65535,65535,65535,65535,65535,65535
2026-07-31 10:18:21.547,67.25,55959,51635,61576,65535,65535,65535,65535,65535,65535
2026-07-31 10:18:21.599,67.3,55959,51635,49380,65535,65535,65535,65535,65535,65535
2026-07-31 10:18:21.646,67.34,65286,51635,49380,65535,65535,65535,65535,65535,65535
2026-07-31 10:18:21.693,67.39,65286,51635,49380,65535,65535,65535,65535,65535,65535
2026-07-31 10:18:21.742,67.44,65286,51635,49380,65535,65535,65535,65535,65535,65535
2026-07-31 10:18:21.791,67.49,65286,51635,49380,65535,65535,65535,65535,65535,65535
2026-07-31 10:18:21.836,67.53,65286,51635,49380,65535,65535,65535,65535,65535,65535
2026-07-31 10:18:21.882,67.58,65286,51635,49380,65535,65535,65535,65535,65535,65535
2026-07-31 10:18:21.929,67.63,65286,51635,49380,65535,65535,65535,65535,65535,65535
2026-07-31 10:18:21.975,67.67,65286,51635,49380,65535,65535,65535,65535,65535,65535
2026-07-31 10:18:22.011,67.71,65286,51635,49380,65535,65535,65535,65535,65535,65535
2026-07-31 10:18:22.055,67.75,65286,51635,49380,65535,65535,65535,65535,65535,65535
2026-07-31 10:18:22.103,67.8,65286,51635,49380,65535,65535,65535,65535,65535,65535
2026-07-31 10:18:22.149,67.85,65286,51635,49380,65535,65535,65535,65535,65535,65535
2026-07-31 10:18:22.198,67.9,64890,38578,61576,65535,65535,65535,65535,65535,65535
2026-07-31 10:18:22.248,67.95,64890,38578,61576,65535,65535,65535,65535,65535,65535
2026-07-31 10:18:22.298,68.0,64890,38578,61576,65535,65535,65535,65535,65535,65535
2026-07-31 10:18:22.350,68.05,64890,38578,61576,65535,65535,65535,65535,65535,65535
2026-07-31 10:18:22.408,68.11,64890,38578,61576,65535,65535,65535,65535,65535,65535
2026-07-31 10:18:22.459,68.16,64890,38578,61576,65535,65535,65535,65535,65535,65535
2026-07-31 10:18:22.494,68.19,64890,38578,61576,65535,65535,65535,65535,65535,65535
2026-07-31 10:18:22.539,68.24,64890,38578,61576,65535,65535,65535,65535,65535,65535
2026-07-31 10:18:22.590,68.29,64890,38578,61576,65535,65535,65535,65535,65535,65535
2026-07-31 10:18:22.641,68.34,64890,38578,61576,65535,65535,65535,65535,65535,65535
2026-07-31 10:18:22.689,68.39,64890,38578,61576,65535,65535,65535,65535,65535,65535
2026-07-31 10:18:22.738,68.44,55790,38578,61873,65535,65535,65535,65535,65535,65535
2026-07-31 10:18:22.791,68.49,55790,44089,61873,65535,65535,65535,65535,65535,65535
2026-07-31 10:18:22.841,68.54,55790,44089,61873,65535,65535,65535,65535,65535,65535
2026-07-31 10:18:22.895,68.59,55790,44089,61873,65535,65535,65535,65535,65535,65535
2026-07-31 10:18:22.944,68.64,55790,44089,61873,65535,65535,65535,65535,65535,65535
2026-07-31 10:18:22.980,68.68,55790,44089,61873,65535,65535,65535,65535,65535,65535
2026-07-31 10:18:23.026,68.72,55790,44089,61873,65535,65535,65535,65535,65535,65535
2026-07-31 10:18:23.074,68.77,55790,44089,61873,65535,65535,65535,65535,65535,65535
2026-07-31 10:18:23.122,68.82,55790,44089,61873,65535,65535,65535,65535,65535,65535
2026-07-31 10:18:23.167,68.87,55790,44089,61873,65535,65535,65535,65535,65535,65535
2026-07-31 10:18:23.216,68.91,55790,44089,61873,65535,65535,65535,65535,65535,65535
2026-07-31 10:18:23.263,68.96,55790,44089,61873,65535,65535,65535,65535,65535,65535
2026-07-31 10:18:23.312,69.01,65187,44089,61873,65535,65535,65535,65535,65535,65535
2026-07-31 10:18:23.358,69.06,65187,44428,61873,65535,65535,65535,65535,65535,65535
2026-07-31 10:18:23.405,69.1,65187,44428,61873,65535,65535,65535,65535,65535,65535
2026-07-31 10:18:23.457,69.16,65187,44428,61873,65535,65535,65535,65535,65535,65535
2026-07-31 10:18:23.492,69.19,65187,44428,61873,65535,65535,65535,65535,65535,65535
2026-07-31 10:18:23.547,69.25,65187,44428,61873,65535,65535,65535,65535,65535,65535
2026-07-31 10:18:23.605,69.3,65187,44428,61873,65535,65535,65535,65535,65535,65535
2026-07-31 10:18:23.660,69.36,65187,44428,61873,65535,65535,65535,65535,65535,65535
2026-07-31 10:18:23.712,69.41,65187,44428,61873,65535,65535,65535,65535,65535,65535
2026-07-31 10:18:23.762,69.46,65187,44428,61873,65535,65535,65535,65535,65535,65535
2026-07-31 10:18:23.809,69.51,65187,44428,61873,65535,65535,65535,65535,65535,65535
2026-07-31 10:18:23.856,69.55,65187,44428,61280,65535,65535,65535,65535,65535,65535
2026-07-31 10:18:23.904,69.6,55874,60029,61280,65535,65535,65535,65535,65535,65535
2026-07-31 10:18:23.964,69.66,55874,60029,61280,65535,65535,65535,65535,65535,65535
2026-07-31 10:18:24.002,69.7,55874,60029,61280,65535,65535,65535,65535,65535,65535
2026-07-31 10:18:24.051,69.75,55874,60029,61280,65535,65535,65535,65535,65535,65535
2026-07-31 10:18:24.094,69.79,55874,60029,61280,65535,65535,65535,65535,65535,65535
2026-07-31 10:18:24.144,69.84,55874,60029,61280,65535,65535,65535,65535,65535,65535
2026-07-31 10:18:24.224,69.92,55874,60029,61280,65535,65535,65535,65535,65535,65535
2026-07-31 10:18:24.274,69.97,55874,60029,61280,65535,65535,65535,65535,65535,65535
2026-07-31 10:18:24.319,70.02,55874,60029,61280,65535,65535,65535,65535,65535,65535
2026-07-31 10:18:24.386,70.08,55874,60029,61280,65535,65535,65535,65535,65535,65535
2026-07-31 10:18:24.435,70.13,64989,60029,61725,65535,65535,65535,65535,65535,65535
2026-07-31 10:18:24.486,70.18,64989,51536,61725,65535,65535,65535,65535,65535,65535
2026-07-31 10:18:24.521,70.22,64989,51536,61725,65535,65535,65535,65535,65535,65535
2026-07-31 10:18:24.567,70.27,64989,51536,61725,65535,65535,65535,65535,65535,65535
2026-07-31 10:18:24.615,70.31,64989,51536,61725,65535,65535,65535,65535,65535,65535
2026-07-31 10:18:24.663,70.36,64989,51536,61725,65535,65535,65535,65535,65535,65535
2026-07-31 10:18:24.720,70.42,64989,51536,61725,65535,65535,65535,65535,65535,65535
2026-07-31 10:18:24.769,70.47,64989,51536,61725,65535,65535,65535,65535,65535,65535
2026-07-31 10:18:24.819,70.52,64989,51536,61725,65535,65535,65535,65535,65535,65535
2026-07-31 10:18:24.867,70.57,64989,51536,61725,65535,65535,65535,65535,65535,65535
2026-07-31 10:18:24.913,70.61,64989,51536,61725,65535,65535,65535,65535,65535,65535
2026-07-31 10:18:24.961,70.66,64989,51536,61725,65535,65535,65535,65535,65535,65535
2026-07-31 10:18:24.997,70.7,64989,51536,61873,65535,65535,65535,65535,65535,65535
2026-07-31 10:18:25.054,70.75,65088,44174,61873,65535,65535,65535,65535,65535,65535
2026-07-31 10:18:25.101,70.8,65088,44174,61873,65535,65535,65535,65535,65535,65535
2026-07-31 10:18:25.152,70.85,65088,44174,61873,65535,65535,65535,65535,65535,65535
2026-07-31 10:18:25.199,70.9,65088,44174,61873,65535,65535,65535,65535,65535,65535
2026-07-31 10:18:25.251,70.95,65088,44174,61873,65535,65535,65535,65535,65535,65535
2026-07-31 10:18:25.301,71.0,65088,44174,61873,65535,65535,65535,65535,65535,65535
2026-07-31 10:18:25.354,71.05,65088,44174,61873,65535,65535,65535,65535,65535,65535
2026-07-31 10:18:25.407,71.11,65088,44174,61873,65535,65535,65535,65535,65535,65535
2026-07-31 10:18:25.459,71.16,65088,44174,61873,65535,65535,65535,65535,65535,65535
2026-07-31 10:18:25.494,71.19,65088,44174,61873,65535,65535,65535,65535,65535,65535
2026-07-31 10:18:25.552,71.25,65088,44174,61873,65535,65535,65535,65535,65535,65535
2026-07-31 10:18:25.599,71.3,55790,65534,61873,65535,65535,65535,65535,65535,65535
2026-07-31 10:18:25.649,71.35,55790,65534,61873,65535,65535,65535,65535,65535,65535
2026-07-31 10:18:25.693,71.39,55790,65534,61873,65535,65535,65535,65535,65535,65535
2026-07-31 10:18:25.742,71.44,55790,65534,61873,65535,65535,65535,65535,65535,65535
2026-07-31 10:18:25.823,71.52,55790,65534,61873,65535,65535,65535,65535,65535,65535
2026-07-31 10:18:25.872,71.57,55790,65534,61873,65535,65535,65535,65535,65535,65535
2026-07-31 10:18:25.920,71.62,55790,65534,61873,65535,65535,65535,65535,65535,65535
2026-07-31 10:18:25.967,71.67,55790,65534,61873,65535,65535,65535,65535,65535,65535
2026-07-31 10:18:26.003,71.7,55790,65534,61873,65535,65535,65535,65535,65535,65535
2026-07-31 10:18:26.048,71.75,55790,65534,61873,65535,65535,65535,65535,65535,65535
2026-07-31 10:18:26.097,71.8,55790,65534,61873,65535,65535,65535,65535,65535,65535
2026-07-31 10:18:26.146,71.84,65534,65534,61428,65535,65535,65535,65535,65535,65535
2026-07-31 10:18:26.192,71.89,65534,44174,61428,65535,65535,65535,65535,65535,65535
2026-07-31 10:18:26.246,71.94,65534,44174,61428,65535,65535,65535,65535,65535,65535
2026-07-31 10:18:26.294,71.99,65534,44174,61428,65535,65535,65535,65535,65535,65535
2026-07-31 10:18:26.344,72.04,65534,44174,61428,65535,65535,65535,65535,65535,65535
2026-07-31 10:18:26.403,72.1,65534,44174,61428,65535,65535,65535,65535,65535,65535
2026-07-31 10:18:26.450,72.15,65534,44174,61428,65535,65535,65535,65535,65535,65535
2026-07-31 10:18:26.499,72.2,65534,44174,61428,65535,65535,65535,65535,65535,65535
2026-07-31 10:18:26.540,72.24,65534,44174,61428,65535,65535,65535,65535,65535,65535
2026-07-31 10:18:26.590,72.29,65534,44174,61428,65535,65535,65535,65535,65535,65535
2026-07-31 10:18:26.640,72.34,65534,44174,61428,65535,65535,65535,65535,65535,65535
2026-07-31 10:18:26.688,72.39,65534,44174,62022,65535,65535,65535,65535,65535,65535
2026-07-31 10:18:26.743,72.44,65088,44089,62022,65535,65535,65535,65535,65535,65535
2026-07-31 10:18:26.793,72.49,65088,44089,62022,65535,65535,65535,65535,65535,65535
2026-07-31 10:18:26.855,72.55,65088,44089,62022,65535,65535,65535,65535,65535,65535
2026-07-31 10:18:26.910,72.61,65088,44089,62022,65535,65535,65535,65535,65535,65535
2026-07-31 10:18:27.005,72.7,65088,44089,62022,65535,65535,65535,65535,65535,65535
2026-07-31 10:18:27.044,72.74,65088,44089,62022,65535,65535,65535,65535,65535,65535
2026-07-31 10:18:27.094,72.79,65088,44089,62022,65535,65535,65535,65535,65535,65535
2026-07-31 10:18:27.144,72.84,65088,44089,62022,65535,65535,65535,65535,65535,65535
2026-07-31 10:18:27.196,72.89,65088,44089,62022,65535,65535,65535,65535,65535,65535
2026-07-31 10:18:27.249,72.95,65088,44089,61428,65535,65535,65535,65535,65535,65535
2026-07-31 10:18:27.301,73.0,65385,44343,61428,65535,65535,65535,65535,65535,65535
2026-07-31 10:18:27.337,73.04,65385,44343,61428,65535,65535,65535,65535,65535,65535
2026-07-31 10:18:27.388,73.09,65385,44343,61428,65535,65535,65535,65535,65535,65535
2026-07-31 10:18:27.481,73.18,65385,44343,61428,65535,65535,65535,65535,65535,65535
2026-07-31 10:18:27.520,73.22,65385,44343,61428,65535,65535,65535,65535,65535,65535
2026-07-31 10:18:27.567,73.27,65385,44343,61428,65535,65535,65535,65535,65535,65535
2026-07-31 10:18:27.616,73.31,65385,44343,61428,65535,65535,65535,65535,65535,65535
2026-07-31 10:18:27.680,73.38,65385,44343,61428,65535,65535,65535,65535,65535,65535
2026-07-31 10:18:27.739,73.44,65385,44343,61428,65535,65535,65535,65535,65535,65535
2026-07-31 10:18:27.798,73.5,65385,44343,61725,65535,65535,65535,65535,65535,65535
2026-07-31 10:18:27.854,73.55,65187,44428,61725,65535,65535,65535,65535,65535,65535
2026-07-31 10:18:27.917,73.61,65187,44428,61725,65535,65535,65535,65535,65535,65535
2026-07-31 10:18:27.983,73.68,65187,44428,61725,65535,65535,65535,65535,65535,65535
2026-07-31 10:18:28.074,73.77,65187,44428,61725,65535,65535,65535,65535,65535,65535
2026-07-31 10:18:28.130,73.83,65187,44428,61725,65535,65535,65535,65535,65535,65535
2026-07-31 10:18:28.210,73.91,65187,44428,61725,65535,65535,65535,65535,65535,65535
2026-07-31 10:18:28.312,74.01,65187,44428,61725,65535,65535,65535,65535,65535,65535
2026-07-31 10:18:28.348,74.05,65187,44428,61725,65535,65535,65535,65535,65535,65535
2026-07-31 10:18:28.397,74.1,55705,44259,49380,65535,65535,65535,65535,65535,65535
2026-07-31 10:18:28.444,74.14,55705,44259,49380,65535,65535,65535,65535,65535,65535
2026-07-31 10:18:28.502,74.2,55705,44259,49380,65535,65535,65535,65535,65535,65535
2026-07-31 10:18:28.539,74.24,55705,44259,49380,65535,65535,65535,65535,65535,65535
2026-07-31 10:18:28.587,74.29,55705,44259,49380,65535,65535,65535,65535,65535,65535
2026-07-31 10:18:28.635,74.33,55705,44259,49380,65535,65535,65535,65535,65535,65535
2026-07-31 10:18:28.685,74.38,55705,44259,49380,65535,65535,65535,65535,65535,65535
2026-07-31 10:18:28.739,74.44,55705,44259,49380,65535,65535,65535,65535,65535,65535
2026-07-31 10:18:28.789,74.49,55705,44259,49380,65535,65535,65535,65535,65535,65535
2026-07-31 10:18:28.838,74.54,55705,44259,49380,65535,65535,65535,65535,65535,65535
2026-07-31 10:18:28.891,74.59,55705,44259,49380,65535,65535,65535,65535,65535,65535
2026-07-31 10:18:28.941,74.64,64989,44259,61576,65535,65535,65535,65535,65535,65535
2026-07-31 10:18:28.991,74.69,64989,44428,61576,65535,65535,65535,65535,65535,65535
2026-07-31 10:18:29.029,74.73,64989,44428,61576,65535,65535,65535,65535,65535,65535
2026-07-31 10:18:29.076,74.77,64989,44428,61576,65535,65535,65535,65535,65535,65535
2026-07-31 10:18:29.121,74.82,64989,44428,61576,65535,65535,65535,65535,65535,65535
2026-07-31 10:18:29.174,74.87,64989,44428,61576,65535,65535,65535,65535,65535,65535
2026-07-31 10:18:29.223,74.92,64989,44428,61576,65535,65535,65535,65535,65535,65535
2026-07-31 10:18:29.273,74.97,64989,44428,61576,65535,65535,65535,65535,65535,65535
2026-07-31 10:18:29.321,75.02,64989,44428,61576,65535,65535,65535,65535,65535,65535
2026-07-31 10:18:29.368,75.07,64989,44428,61576,65535,65535,65535,65535,65535,65535
2026-07-31 10:18:29.414,75.11,64989,44428,61576,65535,65535,65535,65535,65535,65535
2026-07-31 10:18:29.462,75.16,64989,44428,61576,65535,65535,65535,65535,65535,65535
2026-07-31 10:18:29.498,75.2,64989,44428,49498,65535,65535,65535,65535,65535,65535
2026-07-31 10:18:29.534,75.23,65088,44598,49498,65535,65535,65535,65535,65535,65535
2026-07-31 10:18:29.583,75.28,65088,44598,49498,65535,65535,65535,65535,65535,65535
2026-07-31 10:18:29.637,75.34,65088,44598,49498,65535,65535,65535,65535,65535,65535
2026-07-31 10:18:29.722,75.42,65088,44598,49498,65535,65535,65535,65535,65535,65535
2026-07-31 10:18:29.775,75.47,65088,44598,49498,65535,65535,65535,65535,65535,65535
2026-07-31 10:18:29.825,75.52,65088,44598,49498,65535,65535,65535,65535,65535,65535
2026-07-31 10:18:29.874,75.57,65088,44598,49498,65535,65535,65535,65535,65535,65535
2026-07-31 10:18:29.920,75.62,65088,44598,49498,65535,65535,65535,65535,65535,65535
2026-07-31 10:18:29.974,75.67,65088,44598,49498,65535,65535,65535,65535,65535,65535
2026-07-31 10:18:30.011,75.71,65088,44598,49498,65535,65535,65535,65535,65535,65535
2026-07-31 10:18:30.058,75.76,65088,44598,61725,65535,65535,65535,65535,65535,65535
2026-07-31 10:18:30.106,75.8,55959,44343,61725,65535,65535,65535,65535,65535,65535
2026-07-31 10:18:30.154,75.85,55959,44343,61725,65535,65535,65535,65535,65535,65535
2026-07-31 10:18:30.204,75.9,55959,44343,61725,65535,65535,65535,65535,65535,65535
2026-07-31 10:18:30.251,75.95,55959,44343,61725,65535,65535,65535,65535,65535,65535
2026-07-31 10:18:30.294,75.99,55959,44343,61725,65535,65535,65535,65535,65535,65535
2026-07-31 10:18:30.345,76.04,55959,44343,61725,65535,65535,65535,65535,65535,65535
2026-07-31 10:18:30.411,76.11,55959,44343,61725,65535,65535,65535,65535,65535,65535
2026-07-31 10:18:30.465,76.16,55959,44343,61725,65535,65535,65535,65535,65535,65535
2026-07-31 10:18:30.513,76.21,55959,44343,61725,65535,65535,65535,65535,65535,65535
2026-07-31 10:18:30.554,76.25,55959,44343,61725,65535,65535,65535,65535,65535,65535
2026-07-31 10:18:30.603,76.3,55959,44343,61725,65535,65535,65535,65535,65535,65535
2026-07-31 10:18:30.649,76.35,64989,43919,49380,65535,65535,65535,65535,65535,65535
2026-07-31 10:18:30.697,76.39,64989,43919,49380,65535,65535,65535,65535,65535,65535
2026-07-31 10:18:30.741,76.44,64989,43919,49380,65535,65535,65535,65535,65535,65535
2026-07-31 10:18:30.789,76.49,64989,43919,49380,65535,65535,65535,65535,65535,65535
2026-07-31 10:18:30.841,76.54,64989,43919,49380,65535,65535,65535,65535,65535,65535
2026-07-31 10:18:30.885,76.58,64989,43919,49380,65535,65535,65535,65535,65535,65535
2026-07-31 10:18:30.935,76.63,64989,43919,49380,65535,65535,65535,65535,65535,65535
2026-07-31 10:18:30.989,76.69,64989,43919,49380,65535,65535,65535,65535,65535,65535
2026-07-31 10:18:31.028,76.73,64989,43919,49380,65535,65535,65535,65535,65535,65535
2026-07-31 10:18:31.068,76.77,64989,43919,49380,65535,65535,65535,65535,65535,65535
2026-07-31 10:18:31.126,76.82,64989,43919,49380,65535,65535,65535,65535,65535,65535
2026-07-31 10:18:31.173,76.87,64989,43919,61428,65535,65535,65535,65535,65535,65535
2026-07-31 10:18:31.221,76.92,64989,51635,61428,65535,65535,65535,65535,65535,65535
2026-07-31 10:18:31.270,76.97,64989,51635,61428,65535,65535,65535,65535,65535,65535
2026-07-31 10:18:31.324,77.02,64989,51635,61428,65535,65535,65535,65535,65535,65535
2026-07-31 10:18:31.369,77.07,64989,51635,61428,65535,65535,65535,65535,65535,65535
2026-07-31 10:18:31.416,77.11,64989,51635,61428,65535,65535,65535,65535,65535,65535
2026-07-31 10:18:31.467,77.17,64989,51635,61428,65535,65535,65535,65535,65535,65535
2026-07-31 10:18:31.525,77.22,64989,51635,61428,65535,65535,65535,65535,65535,65535
2026-07-31 10:18:31.561,77.26,64989,51635,61428,65535,65535,65535,65535,65535,65535
2026-07-31 10:18:31.607,77.31,64989,51635,61428,65535,65535,65535,65535,65535,65535
2026-07-31 10:18:31.656,77.35,64989,51635,61428,65535,65535,65535,65535,65535,65535
2026-07-31 10:18:31.703,77.4,64989,51635,61428,65535,65535,65535,65535,65535,65535
2026-07-31 10:18:31.752,77.45,64989,51635,61873,65535,65535,65535,65535,65535,65535
2026-07-31 10:18:31.797,77.5,65088,61386,61873,65535,65535,65535,65535,65535,65535
2026-07-31 10:18:31.853,77.55,65088,61386,61873,65535,65535,65535,65535,65535,65535
2026-07-31 10:18:31.900,77.6,65088,61386,61873,65535,65535,65535,65535,65535,65535
2026-07-31 10:18:31.948,77.65,65088,61386,61873,65535,65535,65535,65535,65535,65535
2026-07-31 10:18:31.998,77.7,65088,61386,61873,65535,65535,65535,65535,65535,65535
2026-07-31 10:18:32.032,77.73,65088,61386,61873,65535,65535,65535,65535,65535,65535
2026-07-31 10:18:32.077,77.78,65088,61386,61873,65535,65535,65535,65535,65535,65535
2026-07-31 10:18:32.162,77.86,65088,61386,61873,65535,65535,65535,65535,65535,65535
2026-07-31 10:18:32.210,77.91,65088,61386,61873,65535,65535,65535,65535,65535,65535
2026-07-31 10:18:32.256,77.95,65088,61386,61873,65535,65535,65535,65535,65535,65535
2026-07-31 10:18:32.305,78.0,65088,61386,61428,65535,65535,65535,65535,65535,65535
2026-07-31 10:18:32.355,78.05,55874,44004,61428,65535,65535,65535,65535,65535,65535
2026-07-31 10:18:32.403,78.1,55874,44004,61428,65535,65535,65535,65535,65535,65535
2026-07-31 10:18:32.447,78.15,55874,44004,61428,65535,65535,65535,65535,65535,65535
2026-07-31 10:18:32.498,78.2,55874,44004,61428,65535,65535,65535,65535,65535,65535
2026-07-31 10:18:32.534,78.23,55874,44004,61428,65535,65535,65535,65535,65535,65535
2026-07-31 10:18:32.598,78.3,55874,44004,61428,65535,65535,65535,65535,65535,65535
2026-07-31 10:18:32.647,78.35,55874,44004,61428,65535,65535,65535,65535,65535,65535
2026-07-31 10:18:32.703,78.4,55874,44004,61428,65535,65535,65535,65535,65535,65535
2026-07-31 10:18:32.764,78.46,55874,44004,61428,65535,65535,65535,65535,65535,65535
2026-07-31 10:18:32.814,78.51,55874,44004,61428,65535,65535,65535,65535,65535,65535
2026-07-31 10:18:32.859,78.56,55874,44004,61428,65535,65535,65535,65535,65535,65535
2026-07-31 10:18:32.918,78.62,64989,44343,61725,65535,65535,65535,65535,65535,65535
2026-07-31 10:18:32.970,78.67,64989,44343,61725,65535,65535,65535,65535,65535,65535
2026-07-31 10:18:33.020,78.72,64989,44343,61725,65535,65535,65535,65535,65535,65535
2026-07-31 10:18:33.058,78.76,64989,44343,61725,65535,65535,65535,65535,65535,65535
2026-07-31 10:18:33.110,78.81,64989,44343,61725,65535,65535,65535,65535,65535,65535
2026-07-31 10:18:33.160,78.86,64989,44343,61725,65535,65535,65535,65535,65535,65535
2026-07-31 10:18:33.216,78.91,64989,44343,61725,65535,65535,65535,65535,65535,65535
2026-07-31 10:18:33.267,78.97,64989,44343,61725,65535,65535,65535,65535,65535,65535
2026-07-31 10:18:33.313,79.01,64989,44343,61725,65535,65535,65535,65535,65535,65535
2026-07-31 10:18:33.363,79.06,64989,44343,61725,65535,65535,65535,65535,65535,65535
2026-07-31 10:18:33.412,79.11,64989,44343,61725,65535,65535,65535,65535,65535,65535
2026-07-31 10:18:33.469,79.17,65187,44174,61725,65535,65535,65535,65535,65535,65535
2026-07-31 10:18:33.517,79.22,65187,44174,61725,65535,65535,65535,65535,65535,65535
2026-07-31 10:18:33.553,79.25,65187,44174,61725,65535,65535,65535,65535,65535,65535
2026-07-31 10:18:33.603,79.3,65187,44174,61725,65535,65535,65535,65535,65535,65535
2026-07-31 10:18:33.656,79.35,65187,44174,61725,65535,65535,65535,65535,65535,65535
2026-07-31 10:18:33.717,79.42,65187,44174,61725,65535,65535,65535,65535,65535,65535
2026-07-31 10:18:33.764,79.46,65187,44174,61725,65535,65535,65535,65535,65535,65535
2026-07-31 10:18:33.815,79.51,65187,44174,61725,65535,65535,65535,65535,65535,65535
2026-07-31 10:18:33.863,79.56,65187,44174,61725,65535,65535,65535,65535,65535,65535
2026-07-31 10:18:33.910,79.61,65187,44174,61725,65535,65535,65535,65535,65535,65535
2026-07-31 10:18:33.955,79.65,65187,44174,61725,65535,65535,65535,65535,65535,65535
2026-07-31 10:18:34.006,79.7,65187,44174,49142,65535,65535,65535,65535,65535,65535
2026-07-31 10:18:34.042,79.74,55874,51734,49142,65535,65535,65535,65535,65535,65535
2026-07-31 10:18:34.098,79.8,55874,51734,49142,65535,65535,65535,65535,65535,65535
2026-07-31 10:18:34.150,79.85,55874,51734,49142,65535,65535,65535,65535,65535,65535
2026-07-31 10:18:34.196,79.89,55874,51734,49142,65535,65535,65535,65535,65535,65535
2026-07-31 10:18:34.253,79.95,55874,51734,49142,65535,65535,65535,65535,65535,65535
2026-07-31 10:18:34.310,80.01,55874,51734,49142,65535,65535,65535,65535,65535,65535
2026-07-31 10:18:34.358,80.06,55874,51734,49142,65535,65535,65535,65535,65535,65535
2026-07-31 10:18:34.409,80.11,55874,51734,49142,65535,65535,65535,65535,65535,65535
2026-07-31 10:18:34.459,80.16,55874,51734,49142,65535,65535,65535,65535,65535,65535
2026-07-31 10:18:34.508,80.21,55874,51734,49142,65535,65535,65535,65535,65535,65535
2026-07-31 10:18:34.546,80.24,55874,51734,49142,65535,65535,65535,65535,65535,65535
2026-07-31 10:18:34.595,80.29,55959,51734,61576,65535,65535,65535,65535,65535,65535
2026-07-31 10:18:34.648,80.35,55959,51734,61576,65535,65535,65535,65535,65535,65535
2026-07-31 10:18:34.697,80.39,55959,51734,61576,65535,65535,65535,65535,65535,65535
2026-07-31 10:18:34.747,80.45,55959,51734,61576,65535,65535,65535,65535,65535,65535
2026-07-31 10:18:34.795,80.49,55959,51734,61576,65535,65535,65535,65535,65535,65535
2026-07-31 10:18:34.842,80.54,55959,51734,61576,65535,65535,65535,65535,65535,65535
2026-07-31 10:18:34.925,80.62,55959,51734,61576,65535,65535,65535,65535,65535,65535
2026-07-31 10:18:34.981,80.68,55959,51734,61576,65535,65535,65535,65535,65535,65535
2026-07-31 10:18:35.028,80.73,55959,51734,61576,65535,65535,65535,65535,65535,65535
2026-07-31 10:18:35.065,80.76,55959,51734,61576,65535,65535,65535,65535,65535,65535
2026-07-31 10:18:35.113,80.81,55959,51734,61576,65535,65535,65535,65535,65535,65535
2026-07-31 10:18:35.161,80.86,65187,44428,61428,65535,65535,65535,65535,65535,65535
2026-07-31 10:18:35.210,80.91,65187,44428,61428,65535,65535,65535,65535,65535,65535
2026-07-31 10:18:35.267,80.97,65187,44428,61428,65535,65535,65535,65535,65535,65535
2026-07-31 10:18:35.318,81.02,65187,44428,61428,65535,65535,65535,65535,65535,65535
2026-07-31 10:18:35.363,81.06,65187,44428,61428,65535,65535,65535,65535,65535,65535
2026-07-31 10:18:35.413,81.11,65187,44428,61428,65535,65535,65535,65535,65535,65535
2026-07-31 10:18:35.468,81.17,65187,44428,61428,65535,65535,65535,65535,65535,65535
2026-07-31 10:18:35.531,81.23,65187,44428,61428,65535,65535,65535,65535,65535,65535
2026-07-31 10:18:35.566,81.26,65187,44428,61428,65535,65535,65535,65535,65535,65535
2026-07-31 10:18:35.611,81.31,65187,44428,61428,65535,65535,65535,65535,65535,65535
2026-07-31 10:18:35.663,81.36,65187,44428,61428,65535,65535,65535,65535,65535,65535
2026-07-31 10:18:35.714,81.41,64989,44428,49380,65535,65535,65535,65535,65535,65535
2026-07-31 10:18:35.770,81.47,64989,51734,49380,65535,65535,65535,65535,65535,65535
2026-07-31 10:18:35.822,81.52,64989,51734,49380,65535,65535,65535,65535,65535,65535
2026-07-31 10:18:35.867,81.57,64989,51734,49380,65535,65535,65535,65535,65535,65535
2026-07-31 10:18:35.926,81.62,64989,51734,49380,65535,65535,65535,65535,65535,65535
2026-07-31 10:18:35.992,81.69,64989,51734,49380,65535,65535,65535,65535,65535,65535
2026-07-31 10:18:36.029,81.73,64989,51734,49380,65535,65535,65535,65535,65535,65535
2026-07-31 10:18:36.065,81.76,64989,51734,49380,65535,65535,65535,65535,65535,65535
2026-07-31 10:18:36.111,81.81,64989,51734,49380,65535,65535,65535,65535,65535,65535
2026-07-31 10:18:36.199,81.9,64989,51734,49380,65535,65535,65535,65535,65535,65535
2026-07-31 10:18:36.246,81.94,64989,51734,61576,65535,65535,65535,65535,65535,65535
2026-07-31 10:18:36.293,81.99,55874,44259,61576,65535,65535,65535,65535,65535,65535
2026-07-31 10:18:36.342,82.04,55874,44259,61576,65535,65535,65535,65535,65535,65535
2026-07-31 10:18:36.388,82.09,55874,44259,61576,65535,65535,65535,65535,65535,65535
2026-07-31 10:18:36.436,82.13,55874,44259,61576,65535,65535,65535,65535,65535,65535
2026-07-31 10:18:36.480,82.18,55874,44259,61576,65535,65535,65535,65535,65535,65535
2026-07-31 10:18:36.545,82.24,55874,44259,61576,65535,65535,65535,65535,65535,65535
2026-07-31 10:18:36.585,82.28,55874,44259,61576,65535,65535,65535,65535,65535,65535
2026-07-31 10:18:36.633,82.33,55874,44259,61576,65535,65535,65535,65535,65535,65535
2026-07-31 10:18:36.679,82.38,55874,44259,61576,65535,65535,65535,65535,65535,65535
2026-07-31 10:18:36.725,82.42,55874,44259,61576,65535,65535,65535,65535,65535,65535
2026-07-31 10:18:36.778,82.48,55874,44259,61576,65535,65535,65535,65535,65535,65535
2026-07-31 10:18:36.826,82.52,55874,44259,61873,65535,65535,65535,65535,65535,65535
2026-07-31 10:18:36.873,82.57,65088,44343,61873,65535,65535,65535,65535,65535,65535
2026-07-31 10:18:36.921,82.62,65088,44343,61873,65535,65535,65535,65535,65535,65535
2026-07-31 10:18:37.023,82.72,65088,44343,61873,65535,65535,65535,65535,65535,65535
2026-07-31 10:18:37.061,82.76,65088,44343,61873,65535,65535,65535,65535,65535,65535
2026-07-31 10:18:37.107,82.81,65088,44343,61873,65535,65535,65535,65535,65535,65535
2026-07-31 10:18:37.157,82.85,65088,44343,61873,65535,65535,65535,65535,65535,65535
2026-07-31 10:18:37.209,82.91,65088,44343,61873,65535,65535,65535,65535,65535,65535
2026-07-31 10:18:37.256,82.95,65088,44343,61873,65535,65535,65535,65535,65535,65535
2026-07-31 10:18:37.305,83.0,65088,44343,61873,65535,65535,65535,65535,65535,65535
2026-07-31 10:18:37.355,83.05,65088,44343,61873,65535,65535,65535,65535,65535,65535
2026-07-31 10:18:37.406,83.1,65187,44343,61873,65535,65535,65535,65535,65535,65535
2026-07-31 10:18:37.456,83.15,65187,51635,61873,65535,65535,65535,65535,65535,65535
2026-07-31 10:18:37.503,83.2,65187,51635,61873,65535,65535,65535,65535,65535,65535
2026-07-31 10:18:37.563,83.26,65187,51635,61873,65535,65535,65535,65535,65535,65535
2026-07-31 10:18:37.598,83.3,65187,51635,61873,65535,65535,65535,65535,65535,65535
2026-07-31 10:18:37.648,83.35,65187,51635,61873,65535,65535,65535,65535,65535,65535
2026-07-31 10:18:37.708,83.41,65187,51635,61873,65535,65535,65535,65535,65535,65535
2026-07-31 10:18:37.758,83.46,65187,51635,61873,65535,65535,65535,65535,65535,65535
2026-07-31 10:18:37.816,83.51,65187,51635,61873,65535,65535,65535,65535,65535,65535
2026-07-31 10:18:37.867,83.56,65187,51635,61873,65535,65535,65535,65535,65535,65535
2026-07-31 10:18:37.912,83.61,65187,51635,61873,65535,65535,65535,65535,65535,65535
2026-07-31 10:18:37.959,83.66,55790,51635,61873,65535,65535,65535,65535,65535,65535
2026-07-31 10:18:38.003,83.7,55790,44089,61873,65535,65535,65535,65535,65535,65535
2026-07-31 10:18:38.044,83.74,55790,44089,61873,65535,65535,65535,65535,65535,65535
2026-07-31 10:18:38.084,83.78,55790,44089,61873,65535,65535,65535,65535,65535,65535
2026-07-31 10:18:38.129,83.83,55790,44089,61873,65535,65535,65535,65535,65535,65535
2026-07-31 10:18:38.178,83.88,55790,44089,61873,65535,65535,65535,65535,65535,65535
2026-07-31 10:18:38.222,83.92,55790,44089,61873,65535,65535,65535,65535,65535,65535
2026-07-31 10:18:38.274,83.97,55790,44089,61873,65535,65535,65535,65535,65535,65535
2026-07-31 10:18:38.326,84.02,55790,44089,61873,65535,65535,65535,65535,65535,65535
2026-07-31 10:18:38.372,84.07,55790,44089,61873,65535,65535,65535,65535,65535,65535
2026-07-31 10:18:38.420,84.12,55790,44089,61873,65535,65535,65535,65535,65535,65535
2026-07-31 10:18:38.468,84.17,55790,44089,61873,65535,65535,65535,65535,65535,65535
2026-07-31 10:18:38.517,84.22,55874,44089,61873,65535,65535,65535,65535,65535,65535
2026-07-31 10:18:38.557,84.26,55874,44343,61873,65535,65535,65535,65535,65535,65535
2026-07-31 10:18:38.597,84.3,55874,44343,61873,65535,65535,65535,65535,65535,65535
2026-07-31 10:18:38.646,84.34,55874,44343,61873,65535,65535,65535,65535,65535,65535
2026-07-31 10:18:38.689,84.39,55874,44343,61873,65535,65535,65535,65535,65535,65535
2026-07-31 10:18:38.742,84.44,55874,44343,61873,65535,65535,65535,65535,65535,65535
2026-07-31 10:18:38.791,84.49,55874,44343,61873,65535,65535,65535,65535,65535,65535
2026-07-31 10:18:38.840,84.54,55874,44343,61873,65535,65535,65535,65535,65535,65535
2026-07-31 10:18:38.922,84.62,55874,44343,61873,65535,65535,65535,65535,65535,65535
2026-07-31 10:18:38.969,84.67,55874,44343,61873,65535,65535,65535,65535,65535,65535
2026-07-31 10:18:39.020,84.72,55874,44343,61873,65535,65535,65535,65535,65535,65535
2026-07-31 10:18:39.060,84.76,55874,44343,61725,65535,65535,65535,65535,65535,65535
2026-07-31 10:18:39.096,84.79,65187,44343,61725,65535,65535,65535,65535,65535,65535
2026-07-31 10:18:39.145,84.84,65187,51536,61725,65535,65535,65535,65535,65535,65535
2026-07-31 10:18:39.204,84.9,65187,51536,61725,65535,65535,65535,65535,65535,65535
2026-07-31 10:18:39.255,84.95,65187,51536,61725,65535,65535,65535,65535,65535,65535
2026-07-31 10:18:39.305,85.0,65187,51536,61725,65535,65535,65535,65535,65535,65535
2026-07-31 10:18:39.354,85.05,65187,51536,61725,65535,65535,65535,65535,65535,65535
2026-07-31 10:18:39.400,85.1,65187,51536,61725,65535,65535,65535,65535,65535,65535
2026-07-31 10:18:39.446,85.14,65187,51536,61725,65535,65535,65535,65535,65535,65535
2026-07-31 10:18:39.493,85.19,65187,51536,61725,65535,65535,65535,65535,65535,65535
2026-07-31 10:18:39.550,85.25,65187,51536,61725,65535,65535,65535,65535,65535,65535
2026-07-31 10:18:39.590,85.29,65187,51536,61725,65535,65535,65535,65535,65535,65535
2026-07-31 10:18:39.636,85.33,65187,51536,61280,65535,65535,65535,65535,65535,65535
2026-07-31 10:18:39.682,85.38,65088,44343,61280,65535,65535,65535,65535,65535,65535
2026-07-31 10:18:39.734,85.43,65088,44343,61280,65535,65535,65535,65535,65535,65535
2026-07-31 10:18:39.776,85.47,65088,44343,61280,65535,65535,65535,65535,65535,65535
2026-07-31 10:18:39.831,85.53,65088,44343,61280,65535,65535,65535,65535,65535,65535
2026-07-31 10:18:39.881,85.58,65088,44343,61280,65535,65535,65535,65535,65535,65535
2026-07-31 10:18:39.927,85.63,65088,44343,61280,65535,65535,65535,65535,65535,65535
2026-07-31 10:18:39.979,85.68,65088,44343,61280,65535,65535,65535,65535,65535,65535
2026-07-31 10:18:40.027,85.73,65088,44343,61280,65535,65535,65535,65535,65535,65535
2026-07-31 10:18:40.068,85.77,65088,44343,61280,65535,65535,65535,65535,65535,65535
2026-07-31 10:18:40.103,85.8,65088,44343,61280,65535,65535,65535,65535,65535,65535
2026-07-31 10:18:40.168,85.87,65088,44343,61280,65535,65535,65535,65535,65535,65535
2026-07-31 10:18:40.213,85.91,65286,44343,61725,65535,65535,65535,65535,65535,65535
2026-07-31 10:18:40.267,85.97,65286,44004,61725,65535,65535,65535,65535,65535,65535
2026-07-31 10:18:40.319,86.02,65286,44004,61725,65535,65535,65535,65535,65535,65535
2026-07-31 10:18:40.364,86.06,65286,44004,61725,65535,65535,65535,65535,65535,65535
2026-07-31 10:18:40.416,86.11,65286,44004,61725,65535,65535,65535,65535,65535,65535
2026-07-31 10:18:40.482,86.18,65286,44004,61725,65535,65535,65535,65535,65535,65535
2026-07-31 10:18:40.532,86.23,65286,44004,61725,65535,65535,65535,65535,65535,65535
2026-07-31 10:18:40.569,86.27,65286,44004,61725,65535,65535,65535,65535,65535,65535
2026-07-31 10:18:40.605,86.3,65286,44004,61725,65535,65535,65535,65535,65535,65535
2026-07-31 10:18:40.652,86.35,65286,44004,61725,65535,65535,65535,65535,65535,65535
2026-07-31 10:18:40.703,86.4,65286,44004,61725,65535,65535,65535,65535,65535,65535
2026-07-31 10:18:40.755,86.45,65286,44004,49261,65535,65535,65535,65535,65535,65535
2026-07-31 10:18:40.804,86.5,65088,42563,49261,65535,65535,65535,65535,65535,65535
2026-07-31 10:18:40.856,86.55,65088,42563,49261,65535,65535,65535,65535,65535,65535
2026-07-31 10:18:40.950,86.65,65088,42563,49261,65535,65535,65535,65535,65535,65535
2026-07-31 10:18:40.998,86.7,65088,42563,49261,65535,65535,65535,65535,65535,65535
2026-07-31 10:18:41.057,86.75,65088,42563,49261,65535,65535,65535,65535,65535,65535
2026-07-31 10:18:41.096,86.79,65088,42563,49261,65535,65535,65535,65535,65535,65535
2026-07-31 10:18:41.150,86.85,65088,42563,49261,65535,65535,65535,65535,65535,65535
2026-07-31 10:18:41.194,86.89,65088,42563,49261,65535,65535,65535,65535,65535,65535
2026-07-31 10:18:41.241,86.94,65088,42563,49261,65535,65535,65535,65535,65535,65535
2026-07-31 10:18:41.290,86.99,65088,42563,49261,65535,65535,65535,65535,65535,65535
2026-07-31 10:18:41.339,87.04,55790,42563,61725,65535,65535,65535,65535,65535,65535
2026-07-31 10:18:41.390,87.09,55790,51536,61725,65535,65535,65535,65535,65535,65535
2026-07-31 10:18:41.453,87.15,55790,51536,61725,65535,65535,65535,65535,65535,65535
2026-07-31 10:18:41.499,87.2,55790,51536,61725,65535,65535,65535,65535,65535,65535
2026-07-31 10:18:41.548,87.25,55790,51536,61725,65535,65535,65535,65535,65535,65535
2026-07-31 10:18:41.585,87.28,55790,51536,61725,65535,65535,65535,65535,65535,65535
2026-07-31 10:18:41.644,87.34,55790,51536,61725,65535,65535,65535,65535,65535,65535
2026-07-31 10:18:41.701,87.4,55790,51536,61725,65535,65535,65535,65535,65535,65535
2026-07-31 10:18:41.748,87.45,55790,51536,61725,65535,65535,65535,65535,65535,65535
2026-07-31 10:18:41.799,87.5,55790,51536,61725,65535,65535,65535,65535,65535,65535
2026-07-31 10:18:41.843,87.54,55790,51536,61725,65535,65535,65535,65535,65535,65535
2026-07-31 10:18:41.894,87.59,65088,51536,61428,65535,65535,65535,65535,65535,65535
2026-07-31 10:18:41.943,87.64,65088,51536,61428,65535,65535,65535,65535,65535,65535
2026-07-31 10:18:41.994,87.69,65088,51536,61428,65535,65535,65535,65535,65535,65535
2026-07-31 10:18:42.041,87.74,65088,51536,61428,65535,65535,65535,65535,65535,65535
2026-07-31 10:18:42.084,87.78,65088,51536,61428,65535,65535,65535,65535,65535,65535
2026-07-31 10:18:42.123,87.82,65088,51536,61428,65535,65535,65535,65535,65535,65535
2026-07-31 10:18:42.172,87.87,65088,51536,61428,65535,65535,65535,65535,65535,65535
2026-07-31 10:18:42.217,87.91,65088,51536,61428,65535,65535,65535,65535,65535,65535
2026-07-31 10:18:42.263,87.96,65088,51536,61428,65535,65535,65535,65535,65535,65535
2026-07-31 10:18:42.312,88.01,65088,51536,61428,65535,65535,65535,65535,65535,65535
2026-07-31 10:18:42.357,88.06,65088,51536,61428,65535,65535,65535,65535,65535,65535
2026-07-31 10:18:42.393,88.09,65088,51536,61428,65535,65535,65535,65535,65535,65535
2026-07-31 10:18:42.439,88.14,65088,51536,61428,65535,65535,65535,65535,65535,65535
2026-07-31 10:18:42.488,88.19,55790,43919,61428,65535,65535,65535,65535,65535,65535
2026-07-31 10:18:42.536,88.23,55790,43919,61428,65535,65535,65535,65535,65535,65535
2026-07-31 10:18:42.584,88.28,55790,43919,61428,65535,65535,65535,65535,65535,65535
2026-07-31 10:18:42.635,88.33,55790,43919,61428,65535,65535,65535,65535,65535,65535
2026-07-31 10:18:42.672,88.37,55790,43919,61428,65535,65535,65535,65535,65535,65535
2026-07-31 10:18:42.726,88.42,55790,43919,61428,65535,65535,65535,65535,65535,65535
2026-07-31 10:18:42.796,88.49,55790,43919,61428,65535,65535,65535,65535,65535,65535
2026-07-31 10:18:42.851,88.55,55790,43919,61428,65535,65535,65535,65535,65535,65535
2026-07-31 10:18:42.924,88.62,55790,43919,61428,65535,65535,65535,65535,65535,65535
2026-07-31 10:18:43.100,88.8,65088,51338,61428,65535,65535,65535,65535,65535,65535
2026-07-31 10:18:43.185,88.88,65088,51338,61428,65535,65535,65535,65535,65535,65535
2026-07-31 10:18:43.229,88.93,65088,51338,61428,65535,65535,65535,65535,65535,65535
2026-07-31 10:18:43.285,88.98,65088,51338,61428,65535,65535,65535,65535,65535,65535
2026-07-31 10:18:43.346,89.04,65088,51338,61428,65535,65535,65535,65535,65535,65535
2026-07-31 10:18:43.515,89.21,65088,51338,61428,65535,65535,65535,65535,65535,65535
2026-07-31 10:18:43.605,89.3,65088,38652,61280,65535,65535,65535,65535,65535,65535
2026-07-31 10:18:43.656,89.35,65088,38652,61280,65535,65535,65535,65535,65535,65535
2026-07-31 10:18:43.723,89.42,65088,38652,61280,65535,65535,65535,65535,65535,65535
2026-07-31 10:18:43.778,89.48,65088,38652,61280,65535,65535,65535,65535,65535,65535
2026-07-31 10:18:43.832,89.53,65088,38652,61280,65535,65535,65535,65535,65535,65535
2026-07-31 10:18:43.886,89.58,65088,38652,61280,65535,65535,65535,65535,65535,65535
2026-07-31 10:18:43.940,89.64,65088,38652,61280,65535,65535,65535,65535,65535,65535
2026-07-31 10:18:44.000,89.7,65088,38652,61280,65535,65535,65535,65535,65535,65535
2026-07-31 10:18:44.054,89.75,65088,38652,61280,65535,65535,65535,65535,65535,65535
2026-07-31 10:18:44.094,89.79,65088,38652,49142,65535,65535,65535,65535,65535,65535
2026-07-31 10:18:44.128,89.83,65286,38652,49142,65535,65535,65535,65535,65535,65535
2026-07-31 10:18:44.183,89.88,65286,44174,49142,65535,65535,65535,65535,65535,65535
2026-07-31 10:18:44.234,89.93,65286,44174,49142,65535,65535,65535,65535,65535,65535
2026-07-31 10:18:44.302,90.0,65286,44174,49142,65535,65535,65535,65535,65535,65535
2026-07-31 10:18:44.350,90.05,65286,44174,49142,65535,65535,65535,65535,65535,65535
2026-07-31 10:18:44.414,90.11,65286,44174,49142,65535,65535,65535,65535,65535,65535
2026-07-31 10:18:44.502,90.2,65286,44174,49142,65535,65535,65535,65535,65535,65535
2026-07-31 10:18:44.557,90.26,65286,44174,49142,65535,65535,65535,65535,65535,65535
2026-07-31 10:18:44.602,90.3,65286,44174,49142,65535,65535,65535,65535,65535,65535
2026-07-31 10:18:44.637,90.34,65286,44174,49142,65535,65535,65535,65535,65535,65535
2026-07-31 10:18:44.682,90.38,55874,44174,61576,65535,65535,65535,65535,65535,65535
2026-07-31 10:18:44.740,90.44,55874,44174,61576,65535,65535,65535,65535,65535,65535
2026-07-31 10:18:44.785,90.48,55874,44174,61576,65535,65535,65535,65535,65535,65535
2026-07-31 10:18:44.833,90.53,55874,44174,61576,65535,65535,65535,65535,65535,65535
2026-07-31 10:18:44.882,90.58,55874,44174,61576,65535,65535,65535,65535,65535,65535
2026-07-31 10:18:44.944,90.64,55874,44174,61576,65535,65535,65535,65535,65535,65535
2026-07-31 10:18:44.993,90.69,55874,44174,61576,65535,65535,65535,65535,65535,65535
2026-07-31 10:18:45.043,90.74,55874,44174,61576,65535,65535,65535,65535,65535,65535
2026-07-31 10:18:45.092,90.79,55874,44174,61576,65535,65535,65535,65535,65535,65535
2026-07-31 10:18:45.127,90.83,55874,44174,61576,65535,65535,65535,65535,65535,65535
2026-07-31 10:18:45.173,90.87,55874,44174,61576,65535,65535,65535,65535,65535,65535
2026-07-31 10:18:45.222,90.92,55874,44174,61725,65535,65535,65535,65535,65535,65535
2026-07-31 10:18:45.271,90.97,65088,44174,61725,65535,65535,65535,65535,65535,65535
2026-07-31 10:18:45.318,91.02,65088,44174,61725,65535,65535,65535,65535,65535,65535
2026-07-31 10:18:45.365,91.06,65088,44174,61725,65535,65535,65535,65535,65535,65535
2026-07-31 10:18:45.425,91.12,65088,44174,61725,65535,65535,65535,65535,65535,65535
2026-07-31 10:18:45.472,91.17,65088,44174,61725,65535,65535,65535,65535,65535,65535
2026-07-31 10:18:45.530,91.23,65088,44174,61725,65535,65535,65535,65535,65535,65535
2026-07-31 10:18:45.580,91.28,65088,44174,61725,65535,65535,65535,65535,65535,65535
2026-07-31 10:18:45.615,91.31,65088,44174,61725,65535,65535,65535,65535,65535,65535
2026-07-31 10:18:45.650,91.35,65088,44174,61725,65535,65535,65535,65535,65535,65535
2026-07-31 10:18:45.696,91.39,65088,44174,61725,65535,65535,65535,65535,65535,65535
2026-07-31 10:18:45.745,91.44,65088,44174,61725,65535,65535,65535,65535,65535,65535
2026-07-31 10:18:45.794,91.49,65088,44174,61725,65535,65535,65535,65535,65535,65535
2026-07-31 10:18:45.838,91.54,55874,44174,61725,65535,65535,65535,65535,65535,65535
2026-07-31 10:18:45.888,91.59,55874,44174,61725,65535,65535,65535,65535,65535,65535
2026-07-31 10:18:45.936,91.63,55874,44174,61725,65535,65535,65535,65535,65535,65535
2026-07-31 10:18:45.985,91.68,55874,44174,61725,65535,65535,65535,65535,65535,65535
2026-07-31 10:18:46.031,91.73,55874,44174,61725,65535,65535,65535,65535,65535,65535
2026-07-31 10:18:46.079,91.78,55874,44174,61725,65535,65535,65535,65535,65535,65535
2026-07-31 10:18:46.115,91.81,55874,44174,61725,65535,65535,65535,65535,65535,65535
2026-07-31 10:18:46.162,91.86,55874,44174,61725,65535,65535,65535,65535,65535,65535
2026-07-31 10:18:46.213,91.91,55874,44174,61725,65535,65535,65535,65535,65535,65535
2026-07-31 10:18:46.266,91.96,55874,44174,61725,65535,65535,65535,65535,65535,65535
2026-07-31 10:18:46.325,92.02,55874,44174,61725,65535,65535,65535,65535,65535,65535
2026-07-31 10:18:46.373,92.07,64989,44174,61873,65535,65535,65535,65535,65535,65535
2026-07-31 10:18:46.430,92.13,64989,44174,61873,65535,65535,65535,65535,65535,65535
2026-07-31 10:18:46.482,92.18,64989,44174,61873,65535,65535,65535,65535,65535,65535
2026-07-31 10:18:46.531,92.23,64989,44174,61873,65535,65535,65535,65535,65535,65535
2026-07-31 10:18:46.581,92.28,64989,44174,61873,65535,65535,65535,65535,65535,65535
2026-07-31 10:18:46.618,92.32,64989,44174,61873,65535,65535,65535,65535,65535,65535
2026-07-31 10:18:46.653,92.35,64989,44174,61873,65535,65535,65535,65535,65535,65535
2026-07-31 10:18:46.700,92.4,64989,44174,61873,65535,65535,65535,65535,65535,65535
2026-07-31 10:18:46.748,92.45,64989,44174,61873,65535,65535,65535,65535,65535,65535
2026-07-31 10:18:46.797,92.5,64989,44174,61873,65535,65535,65535,65535,65535,65535
2026-07-31 10:18:46.845,92.54,64989,44174,61873,65535,65535,65535,65535,65535,65535
2026-07-31 10:18:46.888,92.59,64989,44174,61873,65535,65535,65535,65535,65535,65535
2026-07-31 10:18:46.936,92.63,64989,44174,61280,65535,65535,65535,65535,65535,65535
2026-07-31 10:18:46.984,92.68,64989,44174,61280,65535,65535,65535,65535,65535,65535
2026-07-31 10:18:47.057,92.76,64989,44174,61280,65535,65535,65535,65535,65535,65535
2026-07-31 10:18:47.102,92.8,64989,44174,61280,65535,65535,65535,65535,65535,65535
2026-07-31 10:18:47.139,92.84,64989,44174,61280,65535,65535,65535,65535,65535,65535
2026-07-31 10:18:47.204,92.9,64989,44174,61280,65535,65535,65535,65535,65535,65535
2026-07-31 10:18:47.260,92.96,64989,44174,61280,65535,65535,65535,65535,65535,65535
2026-07-31 10:18:47.304,93.0,64989,44174,61280,65535,65535,65535,65535,65535,65535
2026-07-31 10:18:47.366,93.06,64989,44174,61280,65535,65535,65535,65535,65535,65535
2026-07-31 10:18:47.418,93.12,64989,44174,61280,65535,65535,65535,65535,65535,65535
2026-07-31 10:18:47.477,93.18,64989,44174,49380,65535,65535,65535,65535,65535,65535
2026-07-31 10:18:47.529,93.23,65088,59859,49380,65535,65535,65535,65535,65535,65535
2026-07-31 10:18:47.582,93.28,65088,59859,49380,65535,65535,65535,65535,65535,65535
2026-07-31 10:18:47.631,93.33,65088,59859,49380,65535,65535,65535,65535,65535,65535
2026-07-31 10:18:47.670,93.37,65088,59859,49380,65535,65535,65535,65535,65535,65535
2026-07-31 10:18:47.722,93.42,65088,59859,49380,65535,65535,65535,65535,65535,65535
2026-07-31 10:18:47.773,93.47,65088,59859,49380,65535,65535,65535,65535,65535,65535
2026-07-31 10:18:47.831,93.53,65088,59859,49380,65535,65535,65535,65535,65535,65535
2026-07-31 10:18:47.879,93.58,65088,59859,49380,65535,65535,65535,65535,65535,65535
2026-07-31 10:18:47.929,93.63,65088,59859,49380,65535,65535,65535,65535,65535,65535
2026-07-31 10:18:47.979,93.68,65088,59859,49380,65535,65535,65535,65535,65535,65535
2026-07-31 10:18:48.026,93.72,65088,59859,49380,65535,65535,65535,65535,65535,65535
2026-07-31 10:18:48.072,93.77,55959,59859,61576,65535,65535,65535,65535,65535,65535
2026-07-31 10:18:48.111,93.81,55959,44174,61576,65535,65535,65535,65535,65535,65535
2026-07-31 10:18:48.148,93.85,55959,44174,61576,65535,65535,65535,65535,65535,65535
2026-07-31 10:18:48.194,93.89,55959,44174,61576,65535,65535,65535,65535,65535,65535
2026-07-31 10:18:48.244,93.94,55959,44174,61576,65535,65535,65535,65535,65535,65535
2026-07-31 10:18:48.288,93.99,55959,44174,61576,65535,65535,65535,65535,65535,65535
2026-07-31 10:18:48.338,94.04,55959,44174,61576,65535,65535,65535,65535,65535,65535
2026-07-31 10:18:48.386,94.08,55959,44174,61576,65535,65535,65535,65535,65535,65535
2026-07-31 10:18:48.436,94.13,55959,44174,61576,65535,65535,65535,65535,65535,65535
2026-07-31 10:18:48.486,94.18,55959,44174,61576,65535,65535,65535,65535,65535,65535
2026-07-31 10:18:48.534,94.23,55959,44174,61576,65535,65535,65535,65535,65535,65535
2026-07-31 10:18:48.582,94.28,55959,44174,61576,65535,65535,65535,65535,65535,65535
2026-07-31 10:18:48.618,94.32,65088,44174,61576,65535,65535,65535,65535,65535,65535
2026-07-31 10:18:48.654,94.35,65088,44428,61576,65535,65535,65535,65535,65535,65535
2026-07-31 10:18:48.698,94.4,65088,44428,61576,65535,65535,65535,65535,65535,65535
2026-07-31 10:18:48.746,94.44,65088,44428,61576,65535,65535,65535,65535,65535,65535
2026-07-31 10:18:48.796,94.49,65088,44428,61576,65535,65535,65535,65535,65535,65535
2026-07-31 10:18:48.845,94.54,65088,44428,61576,65535,65535,65535,65535,65535,65535
2026-07-31 10:18:48.893,94.59,65088,44428,61576,65535,65535,65535,65535,65535,65535
2026-07-31 10:18:48.940,94.64,65088,44428,61576,65535,65535,65535,65535,65535,65535
2026-07-31 10:18:48.992,94.69,65088,44428,61576,65535,65535,65535,65535,65535,65535
2026-07-31 10:18:49.046,94.74,65088,44428,61576,65535,65535,65535,65535,65535,65535
2026-07-31 10:18:49.089,94.79,65088,44428,61576,65535,65535,65535,65535,65535,65535
2026-07-31 10:18:49.128,94.83,65088,44428,61576,65535,65535,65535,65535,65535,65535
2026-07-31 10:18:49.179,94.88,65088,44428,49380,65535,65535,65535,65535,65535,65535
2026-07-31 10:18:49.230,94.93,65187,44343,49380,65535,65535,65535,65535,65535,65535
2026-07-31 10:18:49.276,94.97,65187,44343,49380,65535,65535,65535,65535,65535,65535
2026-07-31 10:18:49.324,95.02,65187,44343,49380,65535,65535,65535,65535,65535,65535
2026-07-31 10:18:49.369,95.07,65187,44343,49380,65535,65535,65535,65535,65535,65535
2026-07-31 10:18:49.420,95.12,65187,44343,49380,65535,65535,65535,65535,65535,65535
2026-07-31 10:18:49.470,95.17,65187,44343,49380,65535,65535,65535,65535,65535,65535
2026-07-31 10:18:49.519,95.22,65187,44343,49380,65535,65535,65535,65535,65535,65535
2026-07-31 10:18:49.564,95.26,65187,44343,49380,65535,65535,65535,65535,65535,65535
2026-07-31 10:18:49.631,95.33,65187,44343,49380,65535,65535,65535,65535,65535,65535
2026-07-31 10:18:49.666,95.36,65187,44343,49380,65535,65535,65535,65535,65535,65535
2026-07-31 10:18:49.717,95.42,65187,44343,49380,65535,65535,65535,65535,65535,65535
2026-07-31 10:18:49.767,95.47,55281,44004,61576,65535,65535,65535,65535,65535,65535
2026-07-31 10:18:49.817,95.52,55281,44004,61576,65535,65535,65535,65535,65535,65535
2026-07-31 10:18:49.869,95.57,55281,44004,61576,65535,65535,65535,65535,65535,65535
2026-07-31 10:18:49.915,95.61,55281,44004,61576,65535,65535,65535,65535,65535,65535
2026-07-31 10:18:49.963,95.66,55281,44004,61576,65535,65535,65535,65535,65535,65535
2026-07-31 10:18:50.007,95.71,55281,44004,61576,65535,65535,65535,65535,65535,65535
2026-07-31 10:18:50.059,95.76,55281,44004,61576,65535,65535,65535,65535,65535,65535
2026-07-31 10:18:50.128,95.83,55281,44004,61576,65535,65535,65535,65535,65535,65535
2026-07-31 10:18:50.163,95.86,55281,44004,61576,65535,65535,65535,65535,65535,65535
2026-07-31 10:18:50.216,95.91,55281,44004,61576,65535,65535,65535,65535,65535,65535
2026-07-31 10:18:50.262,95.96,55281,44004,61576,65535,65535,65535,65535,65535,65535
2026-07-31 10:18:50.313,96.01,55790,44004,49380,65535,65535,65535,65535,65535,65535
2026-07-31 10:18:50.356,96.05,55790,44513,49380,65535,65535,65535,65535,65535,65535
2026-07-31 10:18:50.406,96.1,55790,44513,49380,65535,65535,65535,65535,65535,65535
2026-07-31 10:18:50.456,96.15,55790,44513,49380,65535,65535,65535,65535,65535,65535
2026-07-31 10:18:50.522,96.22,55790,44513,49380,65535,65535,65535,65535,65535,65535
2026-07-31 10:18:50.569,96.27,55790,44513,49380,65535,65535,65535,65535,65535,65535
2026-07-31 10:18:50.609,96.31,55790,44513,49380,65535,65535,65535,65535,65535,65535
2026-07-31 10:18:50.644,96.34,55790,44513,49380,65535,65535,65535,65535,65535,65535
2026-07-31 10:18:50.689,96.39,55790,44513,49380,65535,65535,65535,65535,65535,65535
2026-07-31 10:18:50.739,96.44,55790,44513,49380,65535,65535,65535,65535,65535,65535
2026-07-31 10:18:50.790,96.49,55790,44513,49380,65535,65535,65535,65535,65535,65535
2026-07-31 10:18:50.840,96.54,55790,44513,49380,65535,65535,65535,65535,65535,65535
2026-07-31 10:18:50.886,96.58,65534,44513,62022,65535,65535,65535,65535,65535,65535
2026-07-31 10:18:50.936,96.63,65534,51338,62022,65535,65535,65535,65535,65535,65535
2026-07-31 10:18:50.983,96.68,65534,51338,62022,65535,65535,65535,65535,65535,65535
2026-07-31 10:18:51.027,96.73,65534,51338,62022,65535,65535,65535,65535,65535,65535
2026-07-31 10:18:51.095,96.79,65534,51338,62022,65535,65535,65535,65535,65535,65535
2026-07-31 10:18:51.133,96.83,65534,51338,62022,65535,65535,65535,65535,65535,65535
2026-07-31 10:18:51.180,96.88,65534,51338,62022,65535,65535,65535,65535,65535,65535
2026-07-31 10:18:51.237,96.94,65534,51338,62022,65535,65535,65535,65535,65535,65535
2026-07-31 10:18:51.284,96.98,65534,51338,62022,65535,65535,65535,65535,65535,65535
2026-07-31 10:18:51.335,97.03,65534,51338,62022,65535,65535,65535,65535,65535,65535
2026-07-31 10:18:51.387,97.09,65534,51338,62022,65535,65535,65535,65535,65535,65535
2026-07-31 10:18:51.436,97.13,55959,51338,61576,65535,65535,65535,65535,65535,65535
2026-07-31 10:18:51.488,97.19,55959,44428,61576,65535,65535,65535,65535,65535,65535
2026-07-31 10:18:51.541,97.24,55959,44428,61576,65535,65535,65535,65535,65535,65535
2026-07-31 10:18:51.587,97.29,55959,44428,61576,65535,65535,65535,65535,65535,65535
2026-07-31 10:18:51.621,97.32,55959,44428,61576,65535,65535,65535,65535,65535,65535
2026-07-31 10:18:51.657,97.36,55959,44428,61576,65535,65535,65535,65535,65535,65535
2026-07-31 10:18:51.721,97.42,55959,44428,61576,65535,65535,65535,65535,65535,65535
2026-07-31 10:18:51.770,97.47,55959,44428,61576,65535,65535,65535,65535,65535,65535
2026-07-31 10:18:51.816,97.51,55959,44428,61576,65535,65535,65535,65535,65535,65535
2026-07-31 10:18:51.865,97.56,55959,44428,61576,65535,65535,65535,65535,65535,65535
2026-07-31 10:18:51.912,97.61,55959,44428,61576,65535,65535,65535,65535,65535,65535
2026-07-31 10:18:51.961,97.66,55959,44428,61576,65535,65535,65535,65535,65535,65535
2026-07-31 10:18:52.008,97.71,65088,44428,61576,65535,65535,65535,65535,65535,65535
2026-07-31 10:18:52.057,97.76,65088,44259,61576,65535,65535,65535,65535,65535,65535
2026-07-31 10:18:52.109,97.81,65088,44259,61576,65535,65535,65535,65535,65535,65535
2026-07-31 10:18:52.146,97.84,65088,44259,61576,65535,65535,65535,65535,65535,65535
2026-07-31 10:18:52.194,97.89,65088,44259,61576,65535,65535,65535,65535,65535,65535
2026-07-31 10:18:52.249,97.95,65088,44259,61576,65535,65535,65535,65535,65535,65535
2026-07-31 10:18:52.298,98.0,65088,44259,61576,65535,65535,65535,65535,65535,65535
2026-07-31 10:18:52.346,98.04,65088,44259,61576,65535,65535,65535,65535,65535,65535
2026-07-31 10:18:52.395,98.09,65088,44259,61576,65535,65535,65535,65535,65535,65535
2026-07-31 10:18:52.442,98.14,65088,44259,61576,65535,65535,65535,65535,65535,65535
2026-07-31 10:18:52.487,98.18,65088,44259,61576,65535,65535,65535,65535,65535,65535
2026-07-31 10:18:52.539,98.24,65088,44259,61576,65535,65535,65535,65535,65535,65535
2026-07-31 10:18:52.591,98.29,55790,44259,65534,65535,65535,65535,65535,65535,65535
2026-07-31 10:18:52.631,98.33,55790,44259,65534,65535,65535,65535,65535,65535,65535
2026-07-31 10:18:52.679,98.38,55790,44259,65534,65535,65535,65535,65535,65535,65535
2026-07-31 10:18:52.731,98.43,55790,44259,65534,65535,65535,65535,65535,65535,65535
2026-07-31 10:18:52.778,98.48,55790,44259,65534,65535,65535,65535,65535,65535,65535
2026-07-31 10:18:52.826,98.52,55790,44259,65534,65535,65535,65535,65535,65535,65535
2026-07-31 10:18:52.876,98.57,55790,44259,65534,65535,65535,65535,65535,65535,65535
2026-07-31 10:18:52.929,98.63,55790,44259,65534,65535,65535,65535,65535,65535,65535
2026-07-31 10:18:52.980,98.68,55790,44259,65534,65535,65535,65535,65535,65535,65535
2026-07-31 10:18:53.064,98.76,55790,44259,65534,65535,65535,65535,65535,65535,65535
2026-07-31 10:18:53.104,98.8,55790,44259,61873,65535,65535,65535,65535,65535,65535
2026-07-31 10:18:53.142,98.84,65286,44259,61873,65535,65535,65535,65535,65535,65535
2026-07-31 10:18:53.189,98.89,65286,44089,61873,65535,65535,65535,65535,65535,65535
2026-07-31 10:18:53.236,98.93,65286,44089,61873,65535,65535,65535,65535,65535,65535
2026-07-31 10:18:53.296,98.99,65286,44089,61873,65535,65535,65535,65535,65535,65535
2026-07-31 10:18:53.347,99.05,65286,44089,61873,65535,65535,65535,65535,65535,65535
2026-07-31 10:18:53.398,99.1,65286,44089,61873,65535,65535,65535,65535,65535,65535
2026-07-31 10:18:53.478,99.18,65286,44089,61873,65535,65535,65535,65535,65535,65535
2026-07-31 10:18:53.528,99.23,65286,44089,61873,65535,65535,65535,65535,65535,65535
2026-07-31 10:18:53.577,99.28,65286,44089,61873,65535,65535,65535,65535,65535,65535
2026-07-31 10:18:53.614,99.31,65286,44089,61873,65535,65535,65535,65535,65535,65535
2026-07-31 10:18:53.649,99.35,65286,44089,61873,65535,65535,65535,65535,65535,65535
2026-07-31 10:18:53.695,99.39,65088,44089,61576,65535,65535,65535,65535,65535,65535
2026-07-31 10:18:53.744,99.44,65088,44089,61576,65535,65535,65535,65535,65535,65535
2026-07-31 10:18:53.788,99.49,65088,44089,61576,65535,65535,65535,65535,65535,65535
2026-07-31 10:18:53.849,99.55,65088,44089,61576,65535,65535,65535,65535,65535,65535
2026-07-31 10:18:53.899,99.6,65088,44089,61576,65535,65535,65535,65535,65535,65535
2026-07-31 10:18:53.958,99.66,65088,44089,61576,65535,65535,65535,65535,65535,65535
2026-07-31 10:18:54.001,99.7,65088,44089,61576,65535,65535,65535,65535,65535,65535
2026-07-31 10:18:54.061,99.76,65088,44089,61576,65535,65535,65535,65535,65535,65535
2026-07-31 10:18:54.108,99.81,65088,44089,61576,65535,65535,65535,65535,65535,65535
2026-07-31 10:18:54.146,99.84,65088,44089,61576,65535,65535,65535,65535,65535,65535
2026-07-31 10:18:54.191,99.89,65088,44089,61576,65535,65535,65535,65535,65535,65535
2026-07-31 10:18:54.245,99.94,65088,44089,61576,65535,65535,65535,65535,65535,65535
2026-07-31 10:18:54.297,100.0,55705,44089,61576,65535,65535,65535,65535,65535,65535
2026-07-31 10:18:54.357,100.05,55705,44089,61576,65535,65535,65535,65535,65535,65535
2026-07-31 10:18:54.418,100.12,55705,44089,61576,65535,65535,65535,65535,65535,65535
2026-07-31 10:18:54.470,100.17,55705,44089,61576,65535,65535,65535,65535,65535,65535
2026-07-31 10:18:54.521,100.22,55705,44089,61576,65535,65535,65535,65535,65535,65535
2026-07-31 10:18:54.566,100.26,55705,44089,61576,65535,65535,65535,65535,65535,65535
2026-07-31 10:18:54.616,100.31,55705,44089,61576,65535,65535,65535,65535,65535,65535
2026-07-31 10:18:54.651,100.35,55705,44089,61576,65535,65535,65535,65535,65535,65535
2026-07-31 10:18:54.701,100.4,55705,44089,61576,65535,65535,65535,65535,65535,65535
2026-07-31 10:18:54.750,100.45,55705,44089,61576,65535,65535,65535,65535,65535,65535
2026-07-31 10:18:54.798,100.5,55705,44089,61576,65535,65535,65535,65535,65535,65535
2026-07-31 10:18:54.843,100.54,64890,44174,61576,65535,65535,65535,65535,65535,65535
2026-07-31 10:18:54.895,100.59,64890,44174,61576,65535,65535,65535,65535,65535,65535
2026-07-31 10:18:54.941,100.64,64890,44174,61576,65535,65535,65535,65535,65535,65535
2026-07-31 10:18:54.987,100.69,64890,44174,61576,65535,65535,65535,65535,65535,65535
2026-07-31 10:18:55.037,100.74,64890,44174,61576,65535,65535,65535,65535,65535,65535
2026-07-31 10:18:55.082,100.78,64890,44174,61576,65535,65535,65535,65535,65535,65535
2026-07-31 10:18:55.130,100.83,64890,44174,61576,65535,65535,65535,65535,65535,65535
2026-07-31 10:18:55.168,100.87,64890,44174,61576,65535,65535,65535,65535,65535,65535
2026-07-31 10:18:55.213,100.91,64890,44174,61576,65535,65535,65535,65535,65535,65535
2026-07-31 10:18:55.264,100.96,64890,44174,61576,65535,65535,65535,65535,65535,65535
2026-07-31 10:18:55.316,101.01,64890,44174,61576,65535,65535,65535,65535,65535,65535
2026-07-31 10:18:55.365,101.06,64890,44174,61428,65535,65535,65535,65535,65535,65535
2026-07-31 10:18:55.420,101.12,55790,51932,61428,65535,65535,65535,65535,65535,65535
2026-07-31 10:18:55.468,101.17,55790,51932,61428,65535,65535,65535,65535,65535,65535
2026-07-31 10:18:55.517,101.22,55790,51932,61428,65535,65535,65535,65535,65535,65535
2026-07-31 10:18:55.565,101.26,55790,51932,61428,65535,65535,65535,65535,65535,65535
2026-07-31 10:18:55.614,101.31,55790,51932,61428,65535,65535,65535,65535,65535,65535
2026-07-31 10:18:55.649,101.35,55790,51932,61428,65535,65535,65535,65535,65535,65535
2026-07-31 10:18:55.697,101.4,55790,51932,61428,65535,65535,65535,65535,65535,65535
2026-07-31 10:18:55.744,101.44,55790,51932,61428,65535,65535,65535,65535,65535,65535
2026-07-31 10:18:55.791,101.49,55790,51932,61428,65535,65535,65535,65535,65535,65535
2026-07-31 10:18:55.836,101.53,55790,51932,61428,65535,65535,65535,65535,65535,65535
2026-07-31 10:18:55.887,101.59,55790,51932,61428,65535,65535,65535,65535,65535,65535
2026-07-31 10:18:55.934,101.63,55790,51932,61428,65535,65535,65535,65535,65535,65535
2026-07-31 10:18:55.986,101.68,65088,60199,61428,65535,65535,65535,65535,65535,65535
2026-07-31 10:18:56.037,101.74,65088,60199,61428,65535,65535,65535,65535,65535,65535
2026-07-31 10:18:56.092,101.79,65088,60199,61428,65535,65535,65535,65535,65535,65535
2026-07-31 10:18:56.133,101.83,65088,60199,61428,65535,65535,65535,65535,65535,65535
2026-07-31 10:18:56.177,101.88,65088,60199,61428,65535,65535,65535,65535,65535,65535
2026-07-31 10:18:56.228,101.93,65088,60199,61428,65535,65535,65535,65535,65535,65535
2026-07-31 10:18:56.272,101.97,65088,60199,61428,65535,65535,65535,65535,65535,65535
2026-07-31 10:18:56.321,102.02,65088,60199,61428,65535,65535,65535,65535,65535,65535
2026-07-31 10:18:56.376,102.07,65088,60199,61428,65535,65535,65535,65535,65535,65535
2026-07-31 10:18:56.429,102.13,65088,60199,61428,65535,65535,65535,65535,65535,65535
2026-07-31 10:18:56.481,102.18,65088,60199,61428,65535,65535,65535,65535,65535,65535
2026-07-31 10:18:56.529,102.23,65187,60199,61576,65535,65535,65535,65535,65535,65535
2026-07-31 10:18:56.579,102.28,65187,44343,61576,65535,65535,65535,65535,65535,65535
2026-07-31 10:18:56.622,102.32,65187,44343,61576,65535,65535,65535,65535,65535,65535
2026-07-31 10:18:56.660,102.36,65187,44343,61576,65535,65535,65535,65535,65535,65535
2026-07-31 10:18:56.720,102.42,65187,44343,61576,65535,65535,65535,65535,65535,65535
2026-07-31 10:18:56.769,102.47,65187,44343,61576,65535,65535,65535,65535,65535,65535
2026-07-31 10:18:56.817,102.52,65187,44343,61576,65535,65535,65535,65535,65535,65535
2026-07-31 10:18:56.863,102.56,65187,44343,61576,65535,65535,65535,65535,65535,65535
2026-07-31 10:18:56.908,102.61,65187,44343,61576,65535,65535,65535,65535,65535,65535
2026-07-31 10:18:56.957,102.66,65187,44343,61576,65535,65535,65535,65535,65535,65535
2026-07-31 10:18:57.004,102.7,65187,44343,61576,65535,65535,65535,65535,65535,65535
2026-07-31 10:18:57.054,102.75,65187,44343,61576,65535,65535,65535,65535,65535,65535
2026-07-31 10:18:57.101,102.8,55790,44343,61576,65535,65535,65535,65535,65535,65535
2026-07-31 10:18:57.137,102.84,55790,44343,61576,65535,65535,65535,65535,65535,65535
2026-07-31 10:18:57.189,102.89,55790,44343,61576,65535,65535,65535,65535,65535,65535
2026-07-31 10:18:57.240,102.94,55790,44343,61576,65535,65535,65535,65535,65535,65535
2026-07-31 10:18:57.290,102.99,55790,44343,61576,65535,65535,65535,65535,65535,65535
2026-07-31 10:18:57.348,103.05,55790,44343,61576,65535,65535,65535,65535,65535,65535
2026-07-31 10:18:57.396,103.09,55790,44343,61576,65535,65535,65535,65535,65535,65535
2026-07-31 10:18:57.437,103.14,55790,44343,61576,65535,65535,65535,65535,65535,65535
2026-07-31 10:18:57.486,103.18,55790,44343,61576,65535,65535,65535,65535,65535,65535
2026-07-31 10:18:57.539,103.24,55790,44343,61576,65535,65535,65535,65535,65535,65535
2026-07-31 10:18:57.590,103.29,55790,44343,61576,65535,65535,65535,65535,65535,65535
2026-07-31 10:18:57.630,103.33,55790,44343,61576,65535,65535,65535,65535,65535,65535
2026-07-31 10:18:57.680,103.38,55959,44174,61576,65535,65535,65535,65535,65535,65535
2026-07-31 10:18:57.749,103.45,55959,44174,61576,65535,65535,65535,65535,65535,65535
2026-07-31 10:18:57.825,103.52,55959,44174,61576,65535,65535,65535,65535,65535,65535
2026-07-31 10:18:57.970,103.67,55959,44174,61576,65535,65535,65535,65535,65535,65535
2026-07-31 10:18:58.026,103.72,55959,44174,61576,65535,65535,65535,65535,65535,65535
2026-07-31 10:18:58.101,103.8,55959,44174,61576,65535,65535,65535,65535,65535,65535
2026-07-31 10:18:58.148,103.85,55959,44174,61576,65535,65535,65535,65535,65535,65535
2026-07-31 10:18:58.201,103.9,55959,44174,61873,65535,65535,65535,65535,65535,65535
2026-07-31 10:18:58.257,103.96,55959,44259,61873,65535,65535,65535,65535,65535,65535
2026-07-31 10:18:58.321,104.02,55959,44259,61873,65535,65535,65535,65535,65535,65535
2026-07-31 10:18:58.382,104.08,55959,44259,61873,65535,65535,65535,65535,65535,65535
2026-07-31 10:18:58.454,104.15,55959,44259,61873,65535,65535,65535,65535,65535,65535
2026-07-31 10:18:58.507,104.21,55959,44259,61873,65535,65535,65535,65535,65535,65535
2026-07-31 10:18:58.557,104.26,55959,44259,61873,65535,65535,65535,65535,65535,65535
2026-07-31 10:18:58.612,104.31,55959,44259,61873,65535,65535,65535,65535,65535,65535
2026-07-31 10:18:58.650,104.35,55959,44259,61873,65535,65535,65535,65535,65535,65535
2026-07-31 10:18:58.699,104.4,55959,44259,61873,65535,65535,65535,65535,65535,65535
2026-07-31 10:18:58.752,104.45,55451,44259,49380,65535,65535,65535,65535,65535,65535
2026-07-31 10:18:58.814,104.51,55451,44174,49380,65535,65535,65535,65535,65535,65535
2026-07-31 10:18:58.861,104.56,55451,44174,49380,65535,65535,65535,65535,65535,65535
2026-07-31 10:18:58.911,104.61,55451,44174,49380,65535,65535,65535,65535,65535,65535
2026-07-31 10:18:58.960,104.66,55451,44174,49380,65535,65535,65535,65535,65535,65535
2026-07-31 10:18:59.025,104.72,55451,44174,49380,65535,65535,65535,65535,65535,65535
2026-07-31 10:18:59.073,104.77,55451,44174,49380,65535,65535,65535,65535,65535,65535
2026-07-31 10:18:59.136,104.83,55451,44174,49380,65535,65535,65535,65535,65535,65535
2026-07-31 10:18:59.173,104.87,55451,44174,49380,65535,65535,65535,65535,65535,65535
2026-07-31 10:18:59.220,104.92,55451,44174,49380,65535,65535,65535,65535,65535,65535
2026-07-31 10:18:59.265,104.96,55451,44174,49380,65535,65535,65535,65535,65535,65535
2026-07-31 10:18:59.323,105.02,55705,44174,61428,65535,65535,65535,65535,65535,65535
2026-07-31 10:18:59.373,105.07,55705,44089,61428,65535,65535,65535,65535,65535,65535
2026-07-31 10:18:59.422,105.12,55705,44089,61428,65535,65535,65535,65535,65535,65535
2026-07-31 10:18:59.470,105.17,55705,44089,61428,65535,65535,65535,65535,65535,65535
2026-07-31 10:18:59.527,105.23,55705,44089,61428,65535,65535,65535,65535,65535,65535
2026-07-31 10:18:59.575,105.27,55705,44089,61428,65535,65535,65535,65535,65535,65535
2026-07-31 10:18:59.626,105.32,55705,44089,61428,65535,65535,65535,65535,65535,65535
2026-07-31 10:18:59.666,105.36,55705,44089,61428,65535,65535,65535,65535,65535,65535
2026-07-31 10:18:59.711,105.41,55705,44089,61428,65535,65535,65535,65535,65535,65535
2026-07-31 10:18:59.756,105.45,55705,44089,61428,65535,65535,65535,65535,65535,65535
2026-07-31 10:18:59.806,105.5,55705,44089,61428,65535,65535,65535,65535,65535,65535
2026-07-31 10:18:59.855,105.55,55705,44089,62022,65535,65535,65535,65535,65535,65535
2026-07-31 10:18:59.904,105.6,55874,44174,62022,65535,65535,65535,65535,65535,65535
2026-07-31 10:18:59.955,105.65,55874,44174,62022,65535,65535,65535,65535,65535,65535
2026-07-31 10:19:00.001,105.7,55874,44174,62022,65535,65535,65535,65535,65535,65535
2026-07-31 10:19:00.053,105.75,55874,44174,62022,65535,65535,65535,65535,65535,65535
2026-07-31 10:19:00.106,105.8,55874,44174,62022,65535,65535,65535,65535,65535,65535
2026-07-31 10:19:00.146,105.84,55874,44174,62022,65535,65535,65535,65535,65535,65535
2026-07-31 10:19:00.192,105.89,55874,44174,62022,65535,65535,65535,65535,65535,65535
2026-07-31 10:19:00.242,105.94,55874,44174,62022,65535,65535,65535,65535,65535,65535
2026-07-31 10:19:00.290,105.99,55874,44174,62022,65535,65535,65535,65535,65535,65535
2026-07-31 10:19:00.340,106.04,55874,44174,62022,65535,65535,65535,65535,65535,65535
2026-07-31 10:19:00.425,106.12,55874,44174,61725,65535,65535,65535,65535,65535,65535
2026-07-31 10:19:00.473,106.17,56044,44174,61725,65535,65535,65535,65535,65535,65535
2026-07-31 10:19:00.523,106.22,56044,44174,61725,65535,65535,65535,65535,65535,65535
2026-07-31 10:19:00.571,106.27,56044,44174,61725,65535,65535,65535,65535,65535,65535
2026-07-31 10:19:00.631,106.33,56044,44174,61725,65535,65535,65535,65535,65535,65535
2026-07-31 10:19:00.666,106.36,56044,44174,61725,65535,65535,65535,65535,65535,65535
2026-07-31 10:19:00.712,106.41,56044,44174,61725,65535,65535,65535,65535,65535,65535
2026-07-31 10:19:00.768,106.47,56044,44174,61725,65535,65535,65535,65535,65535,65535
2026-07-31 10:19:00.815,106.51,56044,44174,61725,65535,65535,65535,65535,65535,65535
2026-07-31 10:19:00.862,106.56,56044,44174,61725,65535,65535,65535,65535,65535,65535
2026-07-31 10:19:00.909,106.61,56044,44174,61725,65535,65535,65535,65535,65535,65535
2026-07-31 10:19:00.956,106.65,56044,44174,61725,65535,65535,65535,65535,65535,65535
2026-07-31 10:19:01.004,106.7,64890,44174,49498,65535,65535,65535,65535,65535,65535
2026-07-31 10:19:01.059,106.76,64890,44259,49498,65535,65535,65535,65535,65535,65535
2026-07-31 10:19:01.111,106.81,64890,44259,49498,65535,65535,65535,65535,65535,65535
2026-07-31 10:19:01.148,106.85,64890,44259,49498,65535,65535,65535,65535,65535,65535
2026-07-31 10:19:01.196,106.89,64890,44259,49498,65535,65535,65535,65535,65535,65535
2026-07-31 10:19:01.240,106.94,64890,44259,49498,65535,65535,65535,65535,65535,65535
2026-07-31 10:19:01.287,106.99,64890,44259,49498,65535,65535,65535,65535,65535,65535
2026-07-31 10:19:01.334,107.03,64890,44259,49498,65535,65535,65535,65535,65535,65535
2026-07-31 10:19:01.386,107.08,64890,44259,49498,65535,65535,65535,65535,65535,65535
2026-07-31 10:19:01.432,107.13,64890,44259,49498,65535,65535,65535,65535,65535,65535
2026-07-31 10:19:01.481,107.18,64890,44259,49498,65535,65535,65535,65535,65535,65535
2026-07-31 10:19:01.528,107.23,64890,44259,49498,65535,65535,65535,65535,65535,65535
2026-07-31 10:19:01.575,107.27,65187,44259,65534,65535,65535,65535,65535,65535,65535
2026-07-31 10:19:01.626,107.32,65187,44343,65534,65535,65535,65535,65535,65535,65535
2026-07-31 10:19:01.660,107.36,65187,44343,65534,65535,65535,65535,65535,65535,65535
2026-07-31 10:19:01.705,107.4,65187,44343,65534,65535,65535,65535,65535,65535,65535
2026-07-31 10:19:01.753,107.45,65187,44343,65534,65535,65535,65535,65535,65535,65535
2026-07-31 10:19:01.800,107.5,65187,44343,65534,65535,65535,65535,65535,65535,65535
2026-07-31 10:19:01.852,107.55,65187,44343,65534,65535,65535,65535,65535,65535,65535
2026-07-31 10:19:01.898,107.6,65187,44343,65534,65535,65535,65535,65535,65535,65535
2026-07-31 10:19:01.945,107.64,65187,44343,65534,65535,65535,65535,65535,65535,65535
2026-07-31 10:19:01.992,107.69,65187,44343,65534,65535,65535,65535,65535,65535,65535
2026-07-31 10:19:02.041,107.74,65187,44343,65534,65535,65535,65535,65535,65535,65535
2026-07-31 10:19:02.102,107.8,65187,44343,62022,65535,65535,65535,65535,65535,65535
2026-07-31 10:19:02.141,107.84,65187,44343,62022,65535,65535,65535,65535,65535,65535
2026-07-31 10:19:02.189,107.89,65187,44259,62022,65535,65535,65535,65535,65535,65535
2026-07-31 10:19:02.248,107.95,65187,44259,62022,65535,65535,65535,65535,65535,65535
2026-07-31 10:19:02.294,107.99,65187,44259,62022,65535,65535,65535,65535,65535,65535
2026-07-31 10:19:02.343,108.04,65187,44259,62022,65535,65535,65535,65535,65535,65535
2026-07-31 10:19:02.390,108.09,65187,44259,62022,65535,65535,65535,65535,65535,65535
2026-07-31 10:19:02.439,108.14,65187,44259,62022,65535,65535,65535,65535,65535,65535
2026-07-31 10:19:02.488,108.19,65187,44259,62022,65535,65535,65535,65535,65535,65535
2026-07-31 10:19:02.547,108.25,65187,44259,62022,65535,65535,65535,65535,65535,65535
2026-07-31 10:19:02.608,108.31,65187,44259,62022,65535,65535,65535,65535,65535,65535
2026-07-31 10:19:02.646,108.34,65187,44259,62022,65535,65535,65535,65535,65535,65535
2026-07-31 10:19:02.705,108.4,65088,44259,61873,65535,65535,65535,65535,65535,65535
2026-07-31 10:19:02.754,108.45,65088,44259,61873,65535,65535,65535,65535,65535,65535
2026-07-31 10:19:02.797,108.49,65088,44259,61873,65535,65535,65535,65535,65535,65535
2026-07-31 10:19:02.849,108.55,65088,44259,61873,65535,65535,65535,65535,65535,65535
2026-07-31 10:19:02.902,108.6,65088,44259,61873,65535,65535,65535,65535,65535,65535
2026-07-31 10:19:02.945,108.64,65088,44259,61873,65535,65535,65535,65535,65535,65535
2026-07-31 10:19:02.995,108.69,65088,44259,61873,65535,65535,65535,65535,65535,65535
2026-07-31 10:19:03.040,108.74,65088,44259,61873,65535,65535,65535,65535,65535,65535
2026-07-31 10:19:03.093,108.79,65088,44259,61873,65535,65535,65535,65535,65535,65535
2026-07-31 10:19:03.182,108.88,65088,44259,61873,65535,65535,65535,65535,65535,65535
2026-07-31 10:19:03.217,108.92,65088,44259,61873,65535,65535,65535,65535,65535,65535
2026-07-31 10:19:03.263,108.96,65534,44259,61873,65535,65535,65535,65535,65535,65535
2026-07-31 10:19:03.313,109.01,65534,51536,61873,65535,65535,65535,65535,65535,65535
2026-07-31 10:19:03.366,109.06,65534,51536,61873,65535,65535,65535,65535,65535,65535
2026-07-31 10:19:03.411,109.11,65534,51536,61873,65535,65535,65535,65535,65535,65535
2026-07-31 10:19:03.494,109.19,65534,51536,61873,65535,65535,65535,65535,65535,65535
2026-07-31 10:19:03.541,109.24,65534,51536,61873,65535,65535,65535,65535,65535,65535
2026-07-31 10:19:03.606,109.3,65534,51536,61873,65535,65535,65535,65535,65535,65535
2026-07-31 10:19:03.644,109.34,65534,51536,61873,65535,65535,65535,65535,65535,65535
2026-07-31 10:19:03.691,109.39,65534,51536,61873,65535,65535,65535,65535,65535,65535
2026-07-31 10:19:03.753,109.45,65534,51536,61873,65535,65535,65535,65535,65535,65535
2026-07-31 10:19:03.807,109.5,55705,51536,61576,65535,65535,65535,65535,65535,65535
2026-07-31 10:19:03.869,109.57,55705,44259,61576,65535,65535,65535,65535,65535,65535
2026-07-31 10:19:03.920,109.62,55705,44259,61576,65535,65535,65535,65535,65535,65535
2026-07-31 10:19:03.969,109.67,55705,44259,61576,65535,65535,65535,65535,65535,65535
2026-07-31 10:19:04.032,109.73,55705,44259,61576,65535,65535,65535,65535,65535,65535
2026-07-31 10:19:04.084,109.78,55705,44259,61576,65535,65535,65535,65535,65535,65535
2026-07-31 10:19:04.132,109.83,55705,44259,61576,65535,65535,65535,65535,65535,65535
2026-07-31 10:19:04.171,109.87,55705,44259,61576,65535,65535,65535,65535,65535,65535
2026-07-31 10:19:04.219,109.92,55705,44259,61576,65535,65535,65535,65535,65535,65535
2026-07-31 10:19:04.280,109.98,55705,44259,61576,65535,65535,65535,65535,65535,65535
2026-07-31 10:19:04.333,110.03,55705,44259,61576,65535,65535,65535,65535,65535,65535
2026-07-31 10:19:04.377,110.08,61230,44259,61725,65535,65535,65535,65535,65535,65535
2026-07-31 10:19:04.430,110.13,61230,44004,61725,65535,65535,65535,65535,65535,65535
2026-07-31 10:19:04.478,110.18,61230,44004,61725,65535,65535,65535,65535,65535,65535
2026-07-31 10:19:04.527,110.23,61230,44004,61725,65535,65535,65535,65535,65535,65535
2026-07-31 10:19:04.577,110.28,61230,44004,61725,65535,65535,65535,65535,65535,65535
2026-07-31 10:19:04.630,110.33,61230,44004,61725,65535,65535,65535,65535,65535,65535
2026-07-31 10:19:04.666,110.36,61230,44004,61725,65535,65535,65535,65535,65535,65535
2026-07-31 10:19:04.712,110.41,61230,44004,61725,65535,65535,65535,65535,65535,65535
2026-07-31 10:19:04.760,110.46,61230,44004,61725,65535,65535,65535,65535,65535,65535
2026-07-31 10:19:04.810,110.51,61230,44004,61725,65535,65535,65535,65535,65535,65535
2026-07-31 10:19:04.874,110.57,61230,44004,61725,65535,65535,65535,65535,65535,65535
2026-07-31 10:19:04.923,110.62,61230,44004,62022,65535,65535,65535,65535,65535,65535
2026-07-31 10:19:04.973,110.67,55790,44428,62022,65535,65535,65535,65535,65535,65535
2026-07-31 10:19:05.026,110.72,55790,44428,62022,65535,65535,65535,65535,65535,65535
2026-07-31 10:19:05.080,110.78,55790,44428,62022,65535,65535,65535,65535,65535,65535
2026-07-31 10:19:05.128,110.83,55790,44428,62022,65535,65535,65535,65535,65535,65535
2026-07-31 10:19:05.166,110.86,55790,44428,62022,65535,65535,65535,65535,65535,65535
2026-07-31 10:19:05.232,110.93,55790,44428,62022,65535,65535,65535,65535,65535,65535
2026-07-31 10:19:05.286,110.98,55790,44428,62022,65535,65535,65535,65535,65535,65535
2026-07-31 10:19:05.337,111.04,55790,44428,62022,65535,65535,65535,65535,65535,65535
2026-07-31 10:19:05.391,111.09,55790,44428,62022,65535,65535,65535,65535,65535,65535
2026-07-31 10:19:05.442,111.14,55790,44428,62022,65535,65535,65535,65535,65535,65535
2026-07-31 10:19:05.491,111.19,65088,44428,49380,65535,65535,65535,65535,65535,65535
2026-07-31 10:19:05.553,111.25,65088,44089,49380,65535,65535,65535,65535,65535,65535
2026-07-31 10:19:05.614,111.31,65088,44089,49380,65535,65535,65535,65535,65535,65535
2026-07-31 10:19:05.651,111.35,65088,44089,49380,65535,65535,65535,65535,65535,65535
2026-07-31 10:19:05.686,111.38,65088,44089,49380,65535,65535,65535,65535,65535,65535
2026-07-31 10:19:05.734,111.43,65088,44089,49380,65535,65535,65535,65535,65535,65535
2026-07-31 10:19:05.782,111.48,65088,44089,49380,65535,65535,65535,65535,65535,65535
2026-07-31 10:19:05.829,111.53,65088,44089,49380,65535,65535,65535,65535,65535,65535
2026-07-31 10:19:05.875,111.57,65088,44089,49380,65535,65535,65535,65535,65535,65535
2026-07-31 10:19:05.925,111.62,65088,44089,49380,65535,65535,65535,65535,65535,65535
2026-07-31 10:19:05.988,111.69,65088,44089,49380,65535,65535,65535,65535,65535,65535
2026-07-31 10:19:06.038,111.74,65088,44089,61576,65535,65535,65535,65535,65535,65535
2026-07-31 10:19:06.083,111.78,64791,44174,61576,65535,65535,65535,65535,65535,65535
2026-07-31 10:19:06.148,111.85,64791,44174,61576,65535,65535,65535,65535,65535,65535
2026-07-31 10:19:06.186,111.88,64791,44174,61576,65535,65535,65535,65535,65535,65535
2026-07-31 10:19:06.235,111.93,64791,44174,61576,65535,65535,65535,65535,65535,65535
2026-07-31 10:19:06.294,111.99,64791,44174,61576,65535,65535,65535,65535,65535,65535
2026-07-31 10:19:06.341,112.04,64791,44174,61576,65535,65535,65535,65535,65535,65535
2026-07-31 10:19:06.388,112.09,64791,44174,61576,65535,65535,65535,65535,65535,65535
2026-07-31 10:19:06.435,112.13,64791,44174,61576,65535,65535,65535,65535,65535,65535
2026-07-31 10:19:06.485,112.18,64791,44174,61576,65535,65535,65535,65535,65535,65535
2026-07-31 10:19:06.538,112.24,64791,44174,61576,65535,65535,65535,65535,65535,65535
2026-07-31 10:19:06.588,112.29,64791,44174,61576,65535,65535,65535,65535,65535,65535
2026-07-31 10:19:06.633,112.33,64593,44174,62022,65535,65535,65535,65535,65535,65535
2026-07-31 10:19:06.666,112.36,64593,44343,62022,65535,65535,65535,65535,65535,65535
2026-07-31 10:19:06.715,112.41,64593,44343,62022,65535,65535,65535,65535,65535,65535
2026-07-31 10:19:06.767,112.47,64593,44343,62022,65535,65535,65535,65535,65535,65535
2026-07-31 10:19:06.824,112.52,64593,44343,62022,65535,65535,65535,65535,65535,65535
2026-07-31 10:19:06.872,112.57,64593,44343,62022,65535,65535,65535,65535,65535,65535
2026-07-31 10:19:06.922,112.62,64593,44343,62022,65535,65535,65535,65535,65535,65535
2026-07-31 10:19:06.976,112.67,64593,44343,62022,65535,65535,65535,65535,65535,65535
2026-07-31 10:19:07.024,112.72,64593,44343,62022,65535,65535,65535,65535,65535,65535
2026-07-31 10:19:07.074,112.77,64593,44343,62022,65535,65535,65535,65535,65535,65535
2026-07-31 10:19:07.123,112.82,64593,44343,62022,65535,65535,65535,65535,65535,65535
2026-07-31 10:19:07.159,112.86,64593,44343,65534,65535,65535,65535,65535,65535,65535
2026-07-31 10:19:07.206,112.9,64692,44089,65534,65535,65535,65535,65535,65535,65535
2026-07-31 10:19:07.255,112.95,64692,44089,65534,65535,65535,65535,65535,65535,65535
2026-07-31 10:19:07.304,113.0,64692,44089,65534,65535,65535,65535,65535,65535,65535
2026-07-31 10:19:07.363,113.06,64692,44089,65534,65535,65535,65535,65535,65535,65535
2026-07-31 10:19:07.415,113.11,64692,44089,65534,65535,65535,65535,65535,65535,65535
2026-07-31 10:19:07.460,113.16,64692,44089,65534,65535,65535,65535,65535,65535,65535
2026-07-31 10:19:07.511,113.21,64692,44089,65534,65535,65535,65535,65535,65535,65535
2026-07-31 10:19:07.557,113.26,64692,44089,65534,65535,65535,65535,65535,65535,65535
2026-07-31 10:19:07.607,113.3,64692,44089,65534,65535,65535,65535,65535,65535,65535
2026-07-31 10:19:07.649,113.35,64692,44089,65534,65535,65535,65535,65535,65535,65535
2026-07-31 10:19:07.686,113.38,64692,44089,65534,65535,65535,65535,65535,65535,65535
2026-07-31 10:19:07.770,113.47,64989,44174,61725,65535,65535,65535,65535,65535,65535
2026-07-31 10:19:07.819,113.52,64989,44174,61725,65535,65535,65535,65535,65535,65535
2026-07-31 10:19:07.865,113.56,64989,44174,61725,65535,65535,65535,65535,65535,65535
2026-07-31 10:19:07.922,113.62,64989,44174,61725,65535,65535,65535,65535,65535,65535
2026-07-31 10:19:07.979,113.68,64989,44174,61725,65535,65535,65535,65535,65535,65535
2026-07-31 10:19:08.026,113.72,64989,44174,61725,65535,65535,65535,65535,65535,65535
2026-07-31 10:19:08.071,113.77,64989,44174,61725,65535,65535,65535,65535,65535,65535
2026-07-31 10:19:08.117,113.82,64989,44174,61725,65535,65535,65535,65535,65535,65535
2026-07-31 10:19:08.155,113.85,64989,44174,61725,65535,65535,65535,65535,65535,65535
2026-07-31 10:19:08.201,113.9,64989,44174,61725,65535,65535,65535,65535,65535,65535
2026-07-31 10:19:08.248,113.95,64989,44174,61725,65535,65535,65535,65535,65535,65535
2026-07-31 10:19:08.296,113.99,64989,44174,61576,65535,65535,65535,65535,65535,65535
2026-07-31 10:19:08.345,114.04,55959,42648,61576,65535,65535,65535,65535,65535,65535
2026-07-31 10:19:08.393,114.09,55959,42648,61576,65535,65535,65535,65535,65535,65535
2026-07-31 10:19:08.444,114.14,55959,42648,61576,65535,65535,65535,65535,65535,65535
2026-07-31 10:19:08.531,114.23,55959,42648,61576,65535,65535,65535,65535,65535,65535
2026-07-31 10:19:08.578,114.28,55959,42648,61576,65535,65535,65535,65535,65535,65535
2026-07-31 10:19:08.629,114.33,55959,42648,61576,65535,65535,65535,65535,65535,65535
2026-07-31 10:19:08.666,114.36,55959,42648,61576,65535,65535,65535,65535,65535,65535
2026-07-31 10:19:08.713,114.41,55959,42648,61576,65535,65535,65535,65535,65535,65535
2026-07-31 10:19:08.761,114.46,55959,42648,61576,65535,65535,65535,65535,65535,65535
2026-07-31 10:19:08.806,114.5,55959,42648,61576,65535,65535,65535,65535,65535,65535
2026-07-31 10:19:08.857,114.56,55959,42648,61873,65535,65535,65535,65535,65535,65535
2026-07-31 10:19:08.905,114.6,55874,51239,61873,65535,65535,65535,65535,65535,65535
2026-07-31 10:19:08.954,114.65,55874,51239,61873,65535,65535,65535,65535,65535,65535
2026-07-31 10:19:09.004,114.7,55874,51239,61873,65535,65535,65535,65535,65535,65535
2026-07-31 10:19:09.052,114.75,55874,51239,61873,65535,65535,65535,65535,65535,65535
2026-07-31 10:19:09.101,114.8,55874,51239,61873,65535,65535,65535,65535,65535,65535
2026-07-31 10:19:09.152,114.85,55874,51239,61873,65535,65535,65535,65535,65535,65535
2026-07-31 10:19:09.191,114.89,55874,51239,61873,65535,65535,65535,65535,65535,65535
2026-07-31 10:19:09.236,114.93,55874,51239,61873,65535,65535,65535,65535,65535,65535
2026-07-31 10:19:09.286,114.98,55874,51239,61873,65535,65535,65535,65535,65535,65535
2026-07-31 10:19:09.334,115.03,55874,51239,61873,65535,65535,65535,65535,65535,65535
2026-07-31 10:19:09.382,115.08,55874,51239,61873,65535,65535,65535,65535,65535,65535
2026-07-31 10:19:09.434,115.13,65187,51239,61873,65535,65535,65535,65535,65535,65535
2026-07-31 10:19:09.480,115.18,65187,51536,61873,65535,65535,65535,65535,65535,65535
2026-07-31 10:19:09.531,115.23,65187,51536,61873,65535,65535,65535,65535,65535,65535
2026-07-31 10:19:09.584,115.28,65187,51536,61873,65535,65535,65535,65535,65535,65535
2026-07-31 10:19:09.631,115.33,65187,51536,61873,65535,65535,65535,65535,65535,65535
2026-07-31 10:19:09.667,115.37,65187,51536,61873,65535,65535,65535,65535,65535,65535
2026-07-31 10:19:09.711,115.41,65187,51536,61873,65535,65535,65535,65535,65535,65535
2026-07-31 10:19:09.759,115.46,65187,51536,61873,65535,65535,65535,65535,65535,65535
2026-07-31 10:19:09.808,115.51,65187,51536,61873,65535,65535,65535,65535,65535,65535
2026-07-31 10:19:09.856,115.55,65187,51536,61873,65535,65535,65535,65535,65535,65535
2026-07-31 10:19:09.903,115.6,65187,51536,61873,65535,65535,65535,65535,65535,65535
2026-07-31 10:19:09.964,115.66,65187,51536,61873,65535,65535,65535,65535,65535,65535
2026-07-31 10:19:10.022,115.72,64890,44259,61725,65535,65535,65535,65535,65535,65535
2026-07-31 10:19:10.069,115.77,64890,44259,61725,65535,65535,65535,65535,65535,65535
2026-07-31 10:19:10.118,115.82,64890,44259,61725,65535,65535,65535,65535,65535,65535
2026-07-31 10:19:10.155,115.85,64890,44259,61725,65535,65535,65535,65535,65535,65535
2026-07-31 10:19:10.202,115.9,64890,44259,61725,65535,65535,65535,65535,65535,65535
2026-07-31 10:19:10.250,115.95,64890,44259,61725,65535,65535,65535,65535,65535,65535
2026-07-31 10:19:10.301,116.0,64890,44259,61725,65535,65535,65535,65535,65535,65535
2026-07-31 10:19:10.349,116.05,64890,44259,61725,65535,65535,65535,65535,65535,65535
2026-07-31 10:19:10.400,116.1,64890,44259,61725,65535,65535,65535,65535,65535,65535
2026-07-31 10:19:10.462,116.16,64890,44259,61725,65535,65535,65535,65535,65535,65535
2026-07-31 10:19:10.514,116.21,64890,44259,61725,65535,65535,65535,65535,65535,65535
2026-07-31 10:19:10.560,116.26,64890,44259,61873,65535,65535,65535,65535,65535,65535
2026-07-31 10:19:10.608,116.31,64890,44259,61873,65535,65535,65535,65535,65535,65535
2026-07-31 10:19:10.645,116.34,64890,44259,61873,65535,65535,65535,65535,65535,65535
2026-07-31 10:19:10.694,116.39,64890,44259,61873,65535,65535,65535,65535,65535,65535
2026-07-31 10:19:10.745,116.44,64890,44259,61873,65535,65535,65535,65535,65535,65535
2026-07-31 10:19:10.794,116.49,64890,44259,61873,65535,65535,65535,65535,65535,65535
2026-07-31 10:19:10.840,116.54,64890,44259,61873,65535,65535,65535,65535,65535,65535
2026-07-31 10:19:10.890,116.59,64890,44259,61873,65535,65535,65535,65535,65535,65535
2026-07-31 10:19:10.936,116.63,64890,44259,61873,65535,65535,65535,65535,65535,65535
2026-07-31 10:19:10.985,116.68,64890,44259,61873,65535,65535,65535,65535,65535,65535
2026-07-31 10:19:11.047,116.75,64890,44259,61873,65535,65535,65535,65535,65535,65535
2026-07-31 10:19:11.098,116.8,64890,44259,49736,65535,65535,65535,65535,65535,65535
2026-07-31 10:19:11.147,116.85,65187,44174,49736,65535,65535,65535,65535,65535,65535
2026-07-31 10:19:11.186,116.88,65187,44174,49736,65535,65535,65535,65535,65535,65535
2026-07-31 10:19:11.230,116.93,65187,44174,49736,65535,65535,65535,65535,65535,65535
2026-07-31 10:19:11.279,116.98,65187,44174,49736,65535,65535,65535,65535,65535,65535
2026-07-31 10:19:11.340,117.04,65187,44174,49736,65535,65535,65535,65535,65535,65535
2026-07-31 10:19:11.390,117.09,65187,44174,49736,65535,65535,65535,65535,65535,65535
2026-07-31 10:19:11.433,117.13,65187,44174,49736,65535,65535,65535,65535,65535,65535
2026-07-31 10:19:11.485,117.18,65187,44174,49736,65535,65535,65535,65535,65535,65535
2026-07-31 10:19:11.536,117.23,65187,44174,49736,65535,65535,65535,65535,65535,65535
2026-07-31 10:19:11.587,117.29,65187,44174,49736,65535,65535,65535,65535,65535,65535
2026-07-31 10:19:11.639,117.34,65187,44174,49736,65535,65535,65535,65535,65535,65535
2026-07-31 10:19:11.673,117.37,65187,44174,61725,65535,65535,65535,65535,65535,65535
2026-07-31 10:19:11.720,117.42,65088,61725,61725,65535,65535,65535,65535,65535,65535
2026-07-31 10:19:11.805,117.5,65088,61725,61725,65535,65535,65535,65535,65535,65535
2026-07-31 10:19:11.852,117.55,65088,61725,61725,65535,65535,65535,65535,65535,65535
2026-07-31 10:19:11.899,117.6,65088,61725,61725,65535,65535,65535,65535,65535,65535
2026-07-31 10:19:11.950,117.65,65088,61725,61725,65535,65535,65535,65535,65535,65535
2026-07-31 10:19:12.001,117.7,65088,61725,61725,65535,65535,65535,65535,65535,65535
2026-07-31 10:19:12.046,117.74,65088,61725,61725,65535,65535,65535,65535,65535,65535
2026-07-31 10:19:12.094,117.79,65088,61725,61725,65535,65535,65535,65535,65535,65535
2026-07-31 10:19:12.141,117.84,65088,61725,61725,65535,65535,65535,65535,65535,65535
2026-07-31 10:19:12.178,117.88,65088,61725,61725,65535,65535,65535,65535,65535,65535
2026-07-31 10:19:12.231,117.93,65088,61725,49380,65535,65535,65535,65535,65535,65535
2026-07-31 10:19:12.277,117.98,55620,51239,49380,65535,65535,65535,65535,65535,65535
2026-07-31 10:19:12.325,118.02,55620,51239,49380,65535,65535,65535,65535,65535,65535
2026-07-31 10:19:12.373,118.07,55620,51239,49380,65535,65535,65535,65535,65535,65535
2026-07-31 10:19:12.424,118.12,55620,51239,49380,65535,65535,65535,65535,65535,65535
2026-07-31 10:19:12.477,118.18,55620,51239,49380,65535,65535,65535,65535,65535,65535
2026-07-31 10:19:12.545,118.24,55620,51239,49380,65535,65535,65535,65535,65535,65535
2026-07-31 10:19:12.598,118.3,55620,51239,49380,65535,65535,65535,65535,65535,65535
2026-07-31 10:19:12.639,118.34,55620,51239,49380,65535,65535,65535,65535,65535,65535
2026-07-31 10:19:12.678,118.38,55620,51239,49380,65535,65535,65535,65535,65535,65535
2026-07-31 10:19:12.724,118.42,55620,51239,49380,65535,65535,65535,65535,65535,65535
2026-07-31 10:19:12.786,118.48,55620,51239,61725,65535,65535,65535,65535,65535,65535
2026-07-31 10:19:12.852,118.55,64890,44174,61725,65535,65535,65535,65535,65535,65535
2026-07-31 10:19:12.910,118.61,64890,44174,61725,65535,65535,65535,65535,65535,65535
2026-07-31 10:19:12.963,118.66,64890,44174,61725,65535,65535,65535,65535,65535,65535
2026-07-31 10:19:13.018,118.72,64890,44174,61725,65535,65535,65535,65535,65535,65535
2026-07-31 10:19:13.071,118.77,64890,44174,61725,65535,65535,65535,65535,65535,65535
2026-07-31 10:19:13.174,118.87,64890,44174,61725,65535,65535,65535,65535,65535,65535
2026-07-31 10:19:13.240,118.94,64890,44174,61725,65535,65535,65535,65535,65535,65535
2026-07-31 10:19:13.280,118.98,64890,44174,61725,65535,65535,65535,65535,65535,65535
2026-07-31 10:19:13.325,119.02,64890,44174,61725,65535,65535,65535,65535,65535,65535
2026-07-31 10:19:13.458,119.16,64890,38726,62022,65535,65535,65535,65535,65535,65535
2026-07-31 10:19:13.547,119.25,64890,38726,62022,65535,65535,65535,65535,65535,65535
2026-07-31 10:19:13.726,119.42,64890,38726,62022,65535,65535,65535,65535,65535,65535
2026-07-31 10:19:13.784,119.48,64890,38726,62022,65535,65535,65535,65535,65535,65535
2026-07-31 10:19:13.821,119.52,64890,38726,62022,65535,65535,65535,65535,65535,65535
2026-07-31 10:19:13.879,119.58,64890,38726,62022,65535,65535,65535,65535,65535,65535
2026-07-31 10:19:13.942,119.64,55790,44174,49261,65535,65535,65535,65535,65535,65535
2026-07-31 10:19:13.995,119.69,55790,44174,49261,65535,65535,65535,65535,65535,65535
2026-07-31 10:19:14.049,119.75,55790,44174,49261,65535,65535,65535,65535,65535,65535
2026-07-31 10:19:14.102,119.8,55790,44174,49261,65535,65535,65535,65535,65535,65535
2026-07-31 10:19:14.175,119.87,55790,44174,49261,65535,65535,65535,65535,65535,65535
2026-07-31 10:19:14.216,119.91,55790,44174,49261,65535,65535,65535,65535,65535,65535
2026-07-31 10:19:14.284,119.98,55790,44174,49261,65535,65535,65535,65535,65535,65535
2026-07-31 10:19:14.332,120.03,55790,44174,49261,65535,65535,65535,65535,65535,65535
2026-07-31 10:19:14.380,120.08,55790,44174,49261,65535,65535,65535,65535,65535,65535
2026-07-31 10:19:14.430,120.13,55790,44174,49261,65535,65535,65535,65535,65535,65535
2026-07-31 10:19:14.478,120.18,55451,44174,61428,65535,65535,65535,65535,65535,65535
2026-07-31 10:19:14.535,120.23,55451,44428,61428,65535,65535,65535,65535,65535,65535
2026-07-31 10:19:14.586,120.28,55451,44428,61428,65535,65535,65535,65535,65535,65535
2026-07-31 10:19:14.632,120.33,55451,44428,61428,65535,65535,65535,65535,65535,65535
2026-07-31 10:19:14.679,120.38,55451,44428,61428,65535,65535,65535,65535,65535,65535
2026-07-31 10:19:14.715,120.41,55451,44428,61428,65535,65535,65535,65535,65535,65535
2026-07-31 10:19:14.750,120.45,55451,44428,61428,65535,65535,65535,65535,65535,65535
2026-07-31 10:19:14.797,120.5,55451,44428,61428,65535,65535,65535,65535,65535,65535
2026-07-31 10:19:14.846,120.54,55451,44428,61428,65535,65535,65535,65535,65535,65535
2026-07-31 10:19:14.897,120.6,55451,44428,61428,65535,65535,65535,65535,65535,65535
2026-07-31 10:19:14.945,120.64,55451,44428,61428,65535,65535,65535,65535,65535,65535
2026-07-31 10:19:14.991,120.69,55451,44428,61428,65535,65535,65535,65535,65535,65535
2026-07-31 10:19:15.042,120.74,65534,44428,61576,65535,65535,65535,65535,65535,65535
2026-07-31 10:19:15.088,120.79,65534,44174,61576,65535,65535,65535,65535,65535,65535
2026-07-31 10:19:15.150,120.85,65534,44174,61576,65535,65535,65535,65535,65535,65535
2026-07-31 10:19:15.189,120.89,65534,44174,61576,65535,65535,65535,65535,65535,65535
2026-07-31 10:19:15.238,120.94,65534,44174,61576,65535,65535,65535,65535,65535,65535
2026-07-31 10:19:15.289,120.99,65534,44174,61576,65535,65535,65535,65535,65535,65535
2026-07-31 10:19:15.353,121.05,65534,44174,61576,65535,65535,65535,65535,65535,65535
2026-07-31 10:19:15.396,121.09,65534,44174,61576,65535,65535,65535,65535,65535,65535
2026-07-31 10:19:15.452,121.15,65534,44174,61576,65535,65535,65535,65535,65535,65535
2026-07-31 10:19:15.500,121.2,65534,44174,61576,65535,65535,65535,65535,65535,65535
2026-07-31 10:19:15.546,121.24,65534,44174,61576,65535,65535,65535,65535,65535,65535
2026-07-31 10:19:15.598,121.3,64989,44174,62170,65535,65535,65535,65535,65535,65535
2026-07-31 10:19:15.648,121.35,64989,44004,62170,65535,65535,65535,65535,65535,65535
2026-07-31 10:19:15.684,121.38,64989,44004,62170,65535,65535,65535,65535,65535,65535
2026-07-31 10:19:15.731,121.43,64989,44004,62170,65535,65535,65535,65535,65535,65535
2026-07-31 10:19:15.781,121.48,64989,44004,62170,65535,65535,65535,65535,65535,65535
2026-07-31 10:19:15.832,121.53,64989,44004,62170,65535,65535,65535,65535,65535,65535
2026-07-31 10:19:15.881,121.58,64989,44004,62170,65535,65535,65535,65535,65535,65535
2026-07-31 10:19:15.927,121.63,64989,44004,62170,65535,65535,65535,65535,65535,65535
2026-07-31 10:19:15.974,121.67,64989,44004,62170,65535,65535,65535,65535,65535,65535
2026-07-31 10:19:16.023,121.72,64989,44004,62170,65535,65535,65535,65535,65535,65535
2026-07-31 10:19:16.101,121.8,64989,44004,62170,65535,65535,65535,65535,65535,65535
2026-07-31 10:19:16.147,121.85,64989,44004,62022,65535,65535,65535,65535,65535,65535
2026-07-31 10:19:16.194,121.89,65187,44004,62022,65535,65535,65535,65535,65535,65535
2026-07-31 10:19:16.232,121.93,65187,44004,62022,65535,65535,65535,65535,65535,65535
2026-07-31 10:19:16.281,121.98,65187,44004,62022,65535,65535,65535,65535,65535,65535
2026-07-31 10:19:16.337,122.04,65187,44004,62022,65535,65535,65535,65535,65535,65535
2026-07-31 10:19:16.406,122.1,65187,44004,62022,65535,65535,65535,65535,65535,65535
2026-07-31 10:19:16.455,122.15,65187,44004,62022,65535,65535,65535,65535,65535,65535
2026-07-31 10:19:16.506,122.2,65187,44004,62022,65535,65535,65535,65535,65535,65535
2026-07-31 10:19:16.556,122.25,65187,44004,62022,65535,65535,65535,65535,65535,65535
2026-07-31 10:19:16.611,122.31,65187,44004,62022,65535,65535,65535,65535,65535,65535
2026-07-31 10:19:16.663,122.36,65187,44004,62022,65535,65535,65535,65535,65535,65535
2026-07-31 10:19:16.697,122.4,65187,44004,62022,65535,65535,65535,65535,65535,65535
2026-07-31 10:19:16.744,122.44,65534,44004,49498,65535,65535,65535,65535,65535,65535
2026-07-31 10:19:16.794,122.49,65534,51734,49498,65535,65535,65535,65535,65535,65535
2026-07-31 10:19:16.845,122.54,65534,51734,49498,65535,65535,65535,65535,65535,65535
2026-07-31 10:19:16.890,122.59,65534,51734,49498,65535,65535,65535,65535,65535,65535
2026-07-31 10:19:16.939,122.64,65534,51734,49498,65535,65535,65535,65535,65535,65535
2026-07-31 10:19:17.002,122.7,65534,51734,49498,65535,65535,65535,65535,65535,65535
2026-07-31 10:19:17.056,122.75,65534,51734,49498,65535,65535,65535,65535,65535,65535
2026-07-31 10:19:17.105,122.8,65534,51734,49498,65535,65535,65535,65535,65535,65535
2026-07-31 10:19:17.154,122.85,65534,51734,49498,65535,65535,65535,65535,65535,65535
2026-07-31 10:19:17.195,122.89,65534,51734,49498,65535,65535,65535,65535,65535,65535
2026-07-31 10:19:17.241,122.94,65534,51734,49498,65535,65535,65535,65535,65535,65535
2026-07-31 10:19:17.289,122.99,64989,51734,61576,65535,65535,65535,65535,65535,65535
2026-07-31 10:19:17.336,123.03,64989,44174,61576,65535,65535,65535,65535,65535,65535
2026-07-31 10:19:17.386,123.08,64989,44174,61576,65535,65535,65535,65535,65535,65535
2026-07-31 10:19:17.436,123.13,64989,44174,61576,65535,65535,65535,65535,65535,65535
2026-07-31 10:19:17.485,123.18,64989,44174,61576,65535,65535,65535,65535,65535,65535
2026-07-31 10:19:17.535,123.23,64989,44174,61576,65535,65535,65535,65535,65535,65535
2026-07-31 10:19:17.583,123.28,64989,44174,61576,65535,65535,65535,65535,65535,65535
2026-07-31 10:19:17.640,123.34,64989,44174,61576,65535,65535,65535,65535,65535,65535
2026-07-31 10:19:17.692,123.39,64989,44174,61576,65535,65535,65535,65535,65535,65535
2026-07-31 10:19:17.732,123.43,64989,44174,61576,65535,65535,65535,65535,65535,65535
2026-07-31 10:19:17.780,123.48,64989,44174,61576,65535,65535,65535,65535,65535,65535
2026-07-31 10:19:17.828,123.53,64989,44174,61576,65535,65535,65535,65535,65535,65535
2026-07-31 10:19:17.874,123.57,64989,38578,61576,65535,65535,65535,65535,65535,65535
2026-07-31 10:19:17.920,123.62,64989,38578,61576,65535,65535,65535,65535,65535,65535
2026-07-31 10:19:17.969,123.67,64989,38578,61576,65535,65535,65535,65535,65535,65535
2026-07-31 10:19:18.020,123.72,64989,38578,61576,65535,65535,65535,65535,65535,65535
2026-07-31 10:19:18.067,123.77,64989,38578,61576,65535,65535,65535,65535,65535,65535
2026-07-31 10:19:18.120,123.82,64989,38578,61576,65535,65535,65535,65535,65535,65535
2026-07-31 10:19:18.168,123.87,64989,38578,61576,65535,65535,65535,65535,65535,65535
2026-07-31 10:19:18.204,123.9,64989,38578,61576,65535,65535,65535,65535,65535,65535
2026-07-31 10:19:18.257,123.96,64989,38578,61576,65535,65535,65535,65535,65535,65535
2026-07-31 10:19:18.303,124.0,64989,38578,61576,65535,65535,65535,65535,65535,65535
2026-07-31 10:19:18.349,124.05,64989,38578,61576,65535,65535,65535,65535,65535,65535
2026-07-31 10:19:18.399,124.1,64989,38578,61576,65535,65535,65535,65535,65535,65535
2026-07-31 10:19:18.447,124.15,55874,38652,61576,65535,65535,65535,65535,65535,65535
2026-07-31 10:19:18.494,124.19,55874,38652,61576,65535,65535,65535,65535,65535,65535
2026-07-31 10:19:18.553,124.25,55874,38652,61576,65535,65535,65535,65535,65535,65535
2026-07-31 10:19:18.600,124.3,55874,38652,61576,65535,65535,65535,65535,65535,65535
2026-07-31 10:19:18.652,124.35,55874,38652,61576,65535,65535,65535,65535,65535,65535
2026-07-31 10:19:18.691,124.39,55874,38652,61576,65535,65535,65535,65535,65535,65535
2026-07-31 10:19:18.748,124.45,55874,38652,61576,65535,65535,65535,65535,65535,65535
2026-07-31 10:19:18.795,124.49,55874,38652,61576,65535,65535,65535,65535,65535,65535
2026-07-31 10:19:18.859,124.56,55874,38652,61576,65535,65535,65535,65535,65535,65535
2026-07-31 10:19:18.907,124.6,55874,38652,61576,65535,65535,65535,65535,65535,65535
2026-07-31 10:19:18.958,124.66,55874,38652,61576,65535,65535,65535,65535,65535,65535
2026-07-31 10:19:19.009,124.71,65286,44174,61428,65535,65535,65535,65535,65535,65535
2026-07-31 10:19:19.093,124.79,65286,44174,61428,65535,65535,65535,65535,65535,65535
2026-07-31 10:19:19.140,124.84,65286,44174,61428,65535,65535,65535,65535,65535,65535
2026-07-31 10:19:19.177,124.88,65286,44174,61428,65535,65535,65535,65535,65535,65535
2026-07-31 10:19:19.214,124.91,65286,44174,61428,65535,65535,65535,65535,65535,65535
2026-07-31 10:19:19.269,124.97,65286,44174,61428,65535,65535,65535,65535,65535,65535
2026-07-31 10:19:19.317,125.02,65286,44174,61428,65535,65535,65535,65535,65535,65535
2026-07-31 10:19:19.366,125.06,65286,44174,61428,65535,65535,65535,65535,65535,65535
2026-07-31 10:19:19.416,125.11,65286,44174,61428,65535,65535,65535,65535,65535,65535
2026-07-31 10:19:19.467,125.17,65286,44174,61428,65535,65535,65535,65535,65535,65535
2026-07-31 10:19:19.513,125.21,65286,44174,61428,65535,65535,65535,65535,65535,65535
2026-07-31 10:19:19.564,125.26,55451,44174,61725,65535,65535,65535,65535,65535,65535
2026-07-31 10:19:19.629,125.33,55451,51437,61725,65535,65535,65535,65535,65535,65535
2026-07-31 10:19:19.665,125.36,55451,51437,61725,65535,65535,65535,65535,65535,65535
2026-07-31 10:19:19.701,125.4,55451,51437,61725,65535,65535,65535,65535,65535,65535
2026-07-31 10:19:19.751,125.45,55451,51437,61725,65535,65535,65535,65535,65535,65535
2026-07-31 10:19:19.806,125.5,55451,51437,61725,65535,65535,65535,65535,65535,65535
2026-07-31 10:19:19.857,125.55,55451,51437,61725,65535,65535,65535,65535,65535,65535
2026-07-31 10:19:19.905,125.6,55451,51437,61725,65535,65535,65535,65535,65535,65535
2026-07-31 10:19:19.949,125.65,55451,51437,61725,65535,65535,65535,65535,65535,65535
2026-07-31 10:19:20.003,125.7,55451,51437,61725,65535,65535,65535,65535,65535,65535
2026-07-31 10:19:20.054,125.75,55451,51437,61725,65535,65535,65535,65535,65535,65535
2026-07-31 10:19:20.102,125.8,55451,51437,49261,65535,65535,65535,65535,65535,65535
2026-07-31 10:19:20.150,125.85,64989,61555,49261,65535,65535,65535,65535,65535,65535
2026-07-31 10:19:20.190,125.89,64989,61555,49261,65535,65535,65535,65535,65535,65535
2026-07-31 10:19:20.226,125.92,64989,61555,49261,65535,65535,65535,65535,65535,65535
2026-07-31 10:19:20.274,125.97,64989,61555,49261,65535,65535,65535,65535,65535,65535
2026-07-31 10:19:20.319,126.02,64989,61555,49261,65535,65535,65535,65535,65535,65535
2026-07-31 10:19:20.381,126.08,64989,61555,49261,65535,65535,65535,65535,65535,65535
2026-07-31 10:19:20.432,126.13,64989,61555,49261,65535,65535,65535,65535,65535,65535
2026-07-31 10:19:20.476,126.17,64989,61555,49261,65535,65535,65535,65535,65535,65535
2026-07-31 10:19:20.525,126.22,64989,61555,49261,65535,65535,65535,65535,65535,65535
2026-07-31 10:19:20.571,126.27,64989,61555,49261,65535,65535,65535,65535,65535,65535
2026-07-31 10:19:20.623,126.32,64989,61555,49261,65535,65535,65535,65535,65535,65535
2026-07-31 10:19:20.670,126.37,64989,61555,61576,65535,65535,65535,65535,65535,65535
2026-07-31 10:19:20.711,126.41,56129,43919,61576,65535,65535,65535,65535,65535,65535
2026-07-31 10:19:20.757,126.46,56129,43919,61576,65535,65535,65535,65535,65535,65535
2026-07-31 10:19:20.806,126.5,56129,43919,61576,65535,65535,65535,65535,65535,65535
2026-07-31 10:19:20.853,126.55,56129,43919,61576,65535,65535,65535,65535,65535,65535
2026-07-31 10:19:20.903,126.6,56129,43919,61576,65535,65535,65535,65535,65535,65535
2026-07-31 10:19:20.955,126.65,56129,43919,61576,65535,65535,65535,65535,65535,65535
2026-07-31 10:19:20.999,126.7,56129,43919,61576,65535,65535,65535,65535,65535,65535
2026-07-31 10:19:21.053,126.75,56129,43919,61576,65535,65535,65535,65535,65535,65535
2026-07-31 10:19:21.143,126.84,56129,43919,61576,65535,65535,65535,65535,65535,65535
2026-07-31 10:19:21.181,126.88,56129,43919,61576,65535,65535,65535,65535,65535,65535
2026-07-31 10:19:21.228,126.93,56129,43919,61725,65535,65535,65535,65535,65535,65535
2026-07-31 10:19:21.283,126.98,55790,64777,61725,65535,65535,65535,65535,65535,65535
2026-07-31 10:19:21.361,127.06,55790,64777,61725,65535,65535,65535,65535,65535,65535
2026-07-31 10:19:21.405,127.1,55790,64777,61725,65535,65535,65535,65535,65535,65535
2026-07-31 10:19:21.457,127.16,55790,64777,61725,65535,65535,65535,65535,65535,65535
2026-07-31 10:19:21.510,127.21,55790,64777,61725,65535,65535,65535,65535,65535,65535
2026-07-31 10:19:21.560,127.26,55790,64777,61725,65535,65535,65535,65535,65535,65535
2026-07-31 10:19:21.610,127.31,55790,64777,61725,65535,65535,65535,65535,65535,65535
2026-07-31 10:19:21.661,127.36,55790,64777,61725,65535,65535,65535,65535,65535,65535
2026-07-31 10:19:21.698,127.4,55790,64777,61725,65535,65535,65535,65535,65535,65535
2026-07-31 10:19:21.757,127.46,55790,64777,61725,65535,65535,65535,65535,65535,65535
2026-07-31 10:19:21.807,127.51,64989,64777,61725,65535,65535,65535,65535,65535,65535
2026-07-31 10:19:21.854,127.55,64989,44089,61725,65535,65535,65535,65535,65535,65535
2026-07-31 10:19:21.898,127.6,64989,44089,61725,65535,65535,65535,65535,65535,65535
2026-07-31 10:19:21.963,127.66,64989,44089,61725,65535,65535,65535,65535,65535,65535
2026-07-31 10:19:22.017,127.72,64989,44089,61725,65535,65535,65535,65535,65535,65535
2026-07-31 10:19:22.077,127.78,64989,44089,61725,65535,65535,65535,65535,65535,65535
2026-07-31 10:19:22.124,127.82,64989,44089,61725,65535,65535,65535,65535,65535,65535
2026-07-31 10:19:22.173,127.87,64989,44089,61725,65535,65535,65535,65535,65535,65535
2026-07-31 10:19:22.208,127.91,64989,44089,61725,65535,65535,65535,65535,65535,65535
2026-07-31 10:19:22.257,127.96,64989,44089,61725,65535,65535,65535,65535,65535,65535
2026-07-31 10:19:22.301,128.0,64989,44089,61725,65535,65535,65535,65535,65535,65535
2026-07-31 10:19:22.365,128.06,64890,44089,49498,65535,65535,65535,65535,65535,65535
2026-07-31 10:19:22.415,128.11,64890,44174,49498,65535,65535,65535,65535,65535,65535
2026-07-31 10:19:22.463,128.16,64890,44174,49498,65535,65535,65535,65535,65535,65535
2026-07-31 10:19:22.520,128.22,64890,44174,49498,65535,65535,65535,65535,65535,65535
2026-07-31 10:19:22.569,128.27,64890,44174,49498,65535,65535,65535,65535,65535,65535
2026-07-31 10:19:22.630,128.33,64890,44174,49498,65535,65535,65535,65535,65535,65535
2026-07-31 10:19:22.681,128.38,64890,44174,49498,65535,65535,65535,65535,65535,65535
2026-07-31 10:19:22.719,128.42,64890,44174,49498,65535,65535,65535,65535,65535,65535
2026-07-31 10:19:22.784,128.48,64890,44174,49498,65535,65535,65535,65535,65535,65535
2026-07-31 10:19:22.833,128.53,64890,44174,49498,65535,65535,65535,65535,65535,65535
2026-07-31 10:19:22.882,128.58,64890,44174,49498,65535,65535,65535,65535,65535,65535
2026-07-31 10:19:22.931,128.63,56129,44174,61576,65535,65535,65535,65535,65535,65535
2026-07-31 10:19:22.983,128.68,56129,44174,61576,65535,65535,65535,65535,65535,65535
2026-07-31 10:19:23.052,128.75,56129,44174,61576,65535,65535,65535,65535,65535,65535
2026-07-31 10:19:23.101,128.8,56129,44174,61576,65535,65535,65535,65535,65535,65535
2026-07-31 10:19:23.148,128.85,56129,44174,61576,65535,65535,65535,65535,65535,65535
2026-07-31 10:19:23.186,128.88,56129,44174,61576,65535,65535,65535,65535,65535,65535
2026-07-31 10:19:23.245,128.94,56129,44174,61576,65535,65535,65535,65535,65535,65535
2026-07-31 10:19:23.294,128.99,56129,44174,61576,65535,65535,65535,65535,65535,65535
2026-07-31 10:19:23.345,129.04,56129,44174,61576,65535,65535,65535,65535,65535,65535
2026-07-31 10:19:23.397,129.09,56129,44174,61576,65535,65535,65535,65535,65535,65535
2026-07-31 10:19:23.448,129.15,56129,44174,61576,65535,65535,65535,65535,65535,65535
2026-07-31 10:19:23.496,129.19,55874,44174,60835,65535,65535,65535,65535,65535,65535
2026-07-31 10:19:23.540,129.24,55874,51437,60835,65535,65535,65535,65535,65535,65535
2026-07-31 10:19:23.591,129.29,55874,51437,60835,65535,65535,65535,65535,65535,65535
2026-07-31 10:19:23.680,129.38,55874,51437,60835,65535,65535,65535,65535,65535,65535
2026-07-31 10:19:23.716,129.41,55874,51437,60835,65535,65535,65535,65535,65535,65535
2026-07-31 10:19:23.761,129.46,55874,51437,60835,65535,65535,65535,65535,65535,65535
2026-07-31 10:19:23.815,129.51,55874,51437,60835,65535,65535,65535,65535,65535,65535
2026-07-31 10:19:23.902,129.6,55874,51437,60835,65535,65535,65535,65535,65535,65535
2026-07-31 10:19:23.946,129.64,55874,51437,60835,65535,65535,65535,65535,65535,65535
2026-07-31 10:19:23.997,129.7,55874,51437,60835,65535,65535,65535,65535,65535,65535
2026-07-31 10:19:24.042,129.74,55874,51437,61428,65535,65535,65535,65535,65535,65535
2026-07-31 10:19:24.093,129.79,64890,51536,61428,65535,65535,65535,65535,65535,65535
2026-07-31 10:19:24.146,129.84,64890,51536,61428,65535,65535,65535,65535,65535,65535
2026-07-31 10:19:24.183,129.88,64890,51536,61428,65535,65535,65535,65535,65535,65535
2026-07-31 10:19:24.223,129.92,64890,51536,61428,65535,65535,65535,65535,65535,65535
2026-07-31 10:19:24.274,129.97,64890,51536,61428,65535,65535,65535,65535,65535,65535
2026-07-31 10:19:24.321,130.02,64890,51536,61428,65535,65535,65535,65535,65535,65535
2026-07-31 10:19:24.371,130.07,64890,51536,61428,65535,65535,65535,65535,65535,65535
2026-07-31 10:19:24.415,130.11,64890,51536,61428,65535,65535,65535,65535,65535,65535
2026-07-31 10:19:24.467,130.17,64890,51536,61428,65535,65535,65535,65535,65535,65535
2026-07-31 10:19:24.511,130.21,64890,51536,61428,65535,65535,65535,65535,65535,65535
2026-07-31 10:19:24.560,130.26,64890,51536,61428,65535,65535,65535,65535,65535,65535
2026-07-31 10:19:24.608,130.31,55790,51536,61576,65535,65535,65535,65535,65535,65535
2026-07-31 10:19:24.658,130.36,55790,51536,61576,65535,65535,65535,65535,65535,65535
2026-07-31 10:19:24.699,130.4,55790,51536,61576,65535,65535,65535,65535,65535,65535
2026-07-31 10:19:24.748,130.45,55790,51536,61576,65535,65535,65535,65535,65535,65535
2026-07-31 10:19:24.799,130.5,55790,51536,61576,65535,65535,65535,65535,65535,65535
2026-07-31 10:19:24.843,130.54,55790,51536,61576,65535,65535,65535,65535,65535,65535
2026-07-31 10:19:24.908,130.61,55790,51536,61576,65535,65535,65535,65535,65535,65535
2026-07-31 10:19:24.961,130.66,55790,51536,61576,65535,65535,65535,65535,65535,65535
2026-07-31 10:19:25.004,130.7,55790,51536,61576,65535,65535,65535,65535,65535,65535
2026-07-31 10:19:25.056,130.75,55790,51536,61576,65535,65535,65535,65535,65535,65535
2026-07-31 10:19:25.124,130.82,55790,51536,61576,65535,65535,65535,65535,65535,65535
2026-07-31 10:19:25.167,130.87,55790,51536,61725,65535,65535,65535,65535,65535,65535
2026-07-31 10:19:25.203,130.9,55620,44004,61725,65535,65535,65535,65535,65535,65535
2026-07-31 10:19:25.239,130.94,55620,44004,61725,65535,65535,65535,65535,65535,65535
2026-07-31 10:19:25.286,130.98,55620,44004,61725,65535,65535,65535,65535,65535,65535
2026-07-31 10:19:25.335,131.03,55620,44004,61725,65535,65535,65535,65535,65535,65535
2026-07-31 10:19:25.401,131.1,55620,44004,61725,65535,65535,65535,65535,65535,65535
2026-07-31 10:19:25.453,131.15,55620,44004,61725,65535,65535,65535,65535,65535,65535
2026-07-31 10:19:25.499,131.2,55620,44004,61725,65535,65535,65535,65535,65535,65535
2026-07-31 10:19:25.549,131.25,55620,44004,61725,65535,65535,65535,65535,65535,65535
2026-07-31 10:19:25.604,131.3,55620,44004,61725,65535,65535,65535,65535,65535,65535
2026-07-31 10:19:25.652,131.35,55620,44004,61725,65535,65535,65535,65535,65535,65535
2026-07-31 10:19:25.689,131.39,55620,44004,61725,65535,65535,65535,65535,65535,65535
2026-07-31 10:19:25.736,131.43,55790,44004,61576,65535,65535,65535,65535,65535,65535
2026-07-31 10:19:25.787,131.49,55790,44343,61576,65535,65535,65535,65535,65535,65535
2026-07-31 10:19:25.838,131.54,55790,44343,61576,65535,65535,65535,65535,65535,65535
2026-07-31 10:19:25.884,131.58,55790,44343,61576,65535,65535,65535,65535,65535,65535
2026-07-31 10:19:25.932,131.63,55790,44343,61576,65535,65535,65535,65535,65535,65535
2026-07-31 10:19:25.981,131.68,55790,44343,61576,65535,65535,65535,65535,65535,65535
2026-07-31 10:19:26.029,131.73,55790,44343,61576,65535,65535,65535,65535,65535,65535
2026-07-31 10:19:26.076,131.77,55790,44343,61576,65535,65535,65535,65535,65535,65535
2026-07-31 10:19:26.124,131.82,55790,44343,61576,65535,65535,65535,65535,65535,65535
2026-07-31 10:19:26.193,131.89,55790,44343,61576,65535,65535,65535,65535,65535,65535
2026-07-31 10:19:26.231,131.93,55790,44343,61576,65535,65535,65535,65535,65535,65535
2026-07-31 10:19:26.295,131.99,55790,44343,61725,65535,65535,65535,65535,65535,65535
2026-07-31 10:19:26.343,132.04,65534,44259,61725,65535,65535,65535,65535,65535,65535
2026-07-31 10:19:26.400,132.1,65534,44259,61725,65535,65535,65535,65535,65535,65535
2026-07-31 10:19:26.453,132.15,65534,44259,61725,65535,65535,65535,65535,65535,65535
2026-07-31 10:19:26.511,132.21,65534,44259,61725,65535,65535,65535,65535,65535,65535
2026-07-31 10:19:26.555,132.25,65534,44259,61725,65535,65535,65535,65535,65535,65535
2026-07-31 10:19:26.608,132.31,65534,44259,61725,65535,65535,65535,65535,65535,65535
2026-07-31 10:19:26.662,132.36,65534,44259,61725,65535,65535,65535,65535,65535,65535
2026-07-31 10:19:26.700,132.4,65534,44259,61725,65535,65535,65535,65535,65535,65535
2026-07-31 10:19:26.746,132.44,65534,44259,61725,65535,65535,65535,65535,65535,65535
2026-07-31 10:19:26.797,132.5,65534,44259,61725,65535,65535,65535,65535,65535,65535
2026-07-31 10:19:26.856,132.55,65534,44259,61725,65535,65535,65535,65535,65535,65535
2026-07-31 10:19:26.904,132.6,55705,44259,61725,65535,65535,65535,65535,65535,65535
2026-07-31 10:19:26.957,132.66,55705,44259,61725,65535,65535,65535,65535,65535,65535
2026-07-31 10:19:27.004,132.7,55705,44259,61725,65535,65535,65535,65535,65535,65535
2026-07-31 10:19:27.050,132.75,55705,44259,61725,65535,65535,65535,65535,65535,65535
2026-07-31 10:19:27.098,132.8,55705,44259,61725,65535,65535,65535,65535,65535,65535
2026-07-31 10:19:27.144,132.84,55705,44259,61725,65535,65535,65535,65535,65535,65535
2026-07-31 10:19:27.185,132.88,55705,44259,61725,65535,65535,65535,65535,65535,65535
2026-07-31 10:19:27.223,132.92,55705,44259,61725,65535,65535,65535,65535,65535,65535
2026-07-31 10:19:27.276,132.97,55705,44259,61725,65535,65535,65535,65535,65535,65535
2026-07-31 10:19:27.324,133.02,55705,44259,61725,65535,65535,65535,65535,65535,65535
2026-07-31 10:19:27.380,133.08,55705,44259,61725,65535,65535,65535,65535,65535,65535
2026-07-31 10:19:27.429,133.13,64791,44259,61576,65535,65535,65535,65535,65535,65535
2026-07-31 10:19:27.467,133.17,64791,44174,61576,65535,65535,65535,65535,65535,65535
2026-07-31 10:19:27.514,133.21,64791,44174,61576,65535,65535,65535,65535,65535,65535
2026-07-31 10:19:27.559,133.26,64791,44174,61576,65535,65535,65535,65535,65535,65535
2026-07-31 10:19:27.608,133.31,64791,44174,61576,65535,65535,65535,65535,65535,65535
2026-07-31 10:19:27.656,133.35,64791,44174,61576,65535,65535,65535,65535,65535,65535
2026-07-31 10:19:27.691,133.39,64791,44174,61576,65535,65535,65535,65535,65535,65535
2026-07-31 10:19:27.727,133.43,64791,44174,61576,65535,65535,65535,65535,65535,65535
2026-07-31 10:19:27.772,133.47,64791,44174,61576,65535,65535,65535,65535,65535,65535
2026-07-31 10:19:27.830,133.53,64791,44174,61576,65535,65535,65535,65535,65535,65535
2026-07-31 10:19:27.882,133.58,64791,44174,61576,65535,65535,65535,65535,65535,65535
2026-07-31 10:19:27.941,133.64,64791,44174,61576,65535,65535,65535,65535,65535,65535
2026-07-31 10:19:27.996,133.69,65088,44174,61873,65535,65535,65535,65535,65535,65535
2026-07-31 10:19:28.068,133.77,65088,44259,61873,65535,65535,65535,65535,65535,65535
2026-07-31 10:19:28.119,133.82,65088,44259,61873,65535,65535,65535,65535,65535,65535
2026-07-31 10:19:28.181,133.88,65088,44259,61873,65535,65535,65535,65535,65535,65535
2026-07-31 10:19:28.221,133.92,65088,44259,61873,65535,65535,65535,65535,65535,65535
2026-07-31 10:19:28.286,133.98,65088,44259,61873,65535,65535,65535,65535,65535,65535
2026-07-31 10:19:28.345,134.04,65088,44259,61873,65535,65535,65535,65535,65535,65535
2026-07-31 10:19:28.404,134.1,65088,44259,61873,65535,65535,65535,65535,65535,65535
2026-07-31 10:19:28.458,134.16,65088,44259,61873,65535,65535,65535,65535,65535,65535
2026-07-31 10:19:28.509,134.21,65088,44259,61873,65535,65535,65535,65535,65535,65535
2026-07-31 10:19:28.601,134.3,65187,44174,61576,65535,65535,65535,65535,65535,65535
2026-07-31 10:19:28.692,134.39,65187,44174,61576,65535,65535,65535,65535,65535,65535
2026-07-31 10:19:28.728,134.43,65187,44174,61576,65535,65535,65535,65535,65535,65535
2026-07-31 10:19:28.776,134.47,65187,44174,61576,65535,65535,65535,65535,65535,65535
2026-07-31 10:19:28.826,134.52,65187,44174,61576,65535,65535,65535,65535,65535,65535
2026-07-31 10:19:28.880,134.58,65187,44174,61576,65535,65535,65535,65535,65535,65535
2026-07-31 10:19:28.933,134.63,65187,44174,61576,65535,65535,65535,65535,65535,65535
2026-07-31 10:19:28.986,134.68,65187,44174,61576,65535,65535,65535,65535,65535,65535
2026-07-31 10:19:29.038,134.74,65187,44174,61576,65535,65535,65535,65535,65535,65535
2026-07-31 10:19:29.103,134.8,65187,44174,61725,65535,65535,65535,65535,65535,65535
2026-07-31 10:19:29.164,134.86,64989,44259,61725,65535,65535,65535,65535,65535,65535
2026-07-31 10:19:29.203,134.9,64989,44259,61725,65535,65535,65535,65535,65535,65535
2026-07-31 10:19:29.262,134.96,64989,44259,61725,65535,65535,65535,65535,65535,65535
2026-07-31 10:19:29.328,135.03,64989,44259,61725,65535,65535,65535,65535,65535,65535
2026-07-31 10:19:29.376,135.07,64989,44259,61725,65535,65535,65535,65535,65535,65535
2026-07-31 10:19:29.423,135.12,64989,44259,61725,65535,65535,65535,65535,65535,65535
2026-07-31 10:19:29.471,135.17,64989,44259,61725,65535,65535,65535,65535,65535,65535
2026-07-31 10:19:29.519,135.22,64989,44259,61725,65535,65535,65535,65535,65535,65535
2026-07-31 10:19:29.568,135.27,64989,44259,61725,65535,65535,65535,65535,65535,65535
2026-07-31 10:19:29.615,135.31,64989,44259,61725,65535,65535,65535,65535,65535,65535
2026-07-31 10:19:29.660,135.36,64989,44259,61725,65535,65535,65535,65535,65535,65535
2026-07-31 10:19:29.699,135.4,65187,54306,61725,65535,65535,65535,65535,65535,65535
2026-07-31 10:19:29.748,135.45,65187,54306,61725,65535,65535,65535,65535,65535,65535
2026-07-31 10:19:29.794,135.49,65187,54306,61725,65535,65535,65535,65535,65535,65535
2026-07-31 10:19:29.876,135.57,65187,54306,61725,65535,65535,65535,65535,65535,65535
2026-07-31 10:19:29.924,135.62,65187,54306,61725,65535,65535,65535,65535,65535,65535
2026-07-31 10:19:29.975,135.67,65187,54306,61725,65535,65535,65535,65535,65535,65535
2026-07-31 10:19:30.027,135.73,65187,54306,61725,65535,65535,65535,65535,65535,65535
2026-07-31 10:19:30.078,135.78,65187,54306,61725,65535,65535,65535,65535,65535,65535
2026-07-31 10:19:30.138,135.84,65187,54306,61725,65535,65535,65535,65535,65535,65535
2026-07-31 10:19:30.187,135.89,65187,54306,61725,65535,65535,65535,65535,65535,65535
2026-07-31 10:19:30.225,135.92,65187,54306,49261,65535,65535,65535,65535,65535,65535
2026-07-31 10:19:30.272,135.97,56129,44174,49261,65535,65535,65535,65535,65535,65535
2026-07-31 10:19:30.319,136.02,56129,44174,49261,65535,65535,65535,65535,65535,65535
2026-07-31 10:19:30.383,136.08,56129,44174,49261,65535,65535,65535,65535,65535,65535
2026-07-31 10:19:30.430,136.13,56129,44174,49261,65535,65535,65535,65535,65535,65535
2026-07-31 10:19:30.476,136.17,56129,44174,49261,65535,65535,65535,65535,65535,65535
2026-07-31 10:19:30.532,136.23,56129,44174,49261,65535,65535,65535,65535,65535,65535
2026-07-31 10:19:30.580,136.28,56129,44174,49261,65535,65535,65535,65535,65535,65535
2026-07-31 10:19:30.630,136.33,56129,44174,49261,65535,65535,65535,65535,65535,65535
2026-07-31 10:19:30.678,136.38,56129,44174,49261,65535,65535,65535,65535,65535,65535
2026-07-31 10:19:30.714,136.41,56129,44174,49261,65535,65535,65535,65535,65535,65535
2026-07-31 10:19:30.762,136.46,56129,44174,49261,65535,65535,65535,65535,65535,65535
2026-07-31 10:19:30.810,136.51,61230,44174,61576,65535,65535,65535,65535,65535,65535
2026-07-31 10:19:30.867,136.57,61230,51635,61576,65535,65535,65535,65535,65535,65535
2026-07-31 10:19:30.912,136.61,61230,51635,61576,65535,65535,65535,65535,65535,65535
2026-07-31 10:19:30.960,136.66,61230,51635,61576,65535,65535,65535,65535,65535,65535
2026-07-31 10:19:31.010,136.71,61230,51635,61576,65535,65535,65535,65535,65535,65535
2026-07-31 10:19:31.059,136.76,61230,51635,61576,65535,65535,65535,65535,65535,65535
2026-07-31 10:19:31.105,136.8,61230,51635,61576,65535,65535,65535,65535,65535,65535
2026-07-31 10:19:31.154,136.85,61230,51635,61576,65535,65535,65535,65535,65535,65535
2026-07-31 10:19:31.203,136.9,61230,51635,61576,65535,65535,65535,65535,65535,65535
2026-07-31 10:19:31.238,136.94,61230,51635,61576,65535,65535,65535,65535,65535,65535
2026-07-31 10:19:31.289,136.99,61230,51635,61576,65535,65535,65535,65535,65535,65535
2026-07-31 10:19:31.338,137.04,61230,51635,61576,65535,65535,65535,65535,65535,65535
2026-07-31 10:19:31.382,137.08,55790,51635,61576,65535,65535,65535,65535,65535,65535
2026-07-31 10:19:31.441,137.14,55790,44259,61576,65535,65535,65535,65535,65535,65535
2026-07-31 10:19:31.493,137.19,55790,44259,61576,65535,65535,65535,65535,65535,65535
2026-07-31 10:19:31.553,137.25,55790,44259,61576,65535,65535,65535,65535,65535,65535
2026-07-31 10:19:31.597,137.3,55790,44259,61576,65535,65535,65535,65535,65535,65535
2026-07-31 10:19:31.645,137.34,55790,44259,61576,65535,65535,65535,65535,65535,65535
2026-07-31 10:19:31.687,137.38,55790,44259,61576,65535,65535,65535,65535,65535,65535
2026-07-31 10:19:31.725,137.42,55790,44259,61576,65535,65535,65535,65535,65535,65535
2026-07-31 10:19:31.772,137.47,55790,44259,61576,65535,65535,65535,65535,65535,65535
2026-07-31 10:19:31.818,137.52,55790,44259,61576,65535,65535,65535,65535,65535,65535
2026-07-31 10:19:31.870,137.57,55790,44259,61576,65535,65535,65535,65535,65535,65535
2026-07-31 10:19:31.918,137.62,55790,44259,61873,65535,65535,65535,65535,65535,65535
2026-07-31 10:19:31.969,137.67,55705,51734,61873,65535,65535,65535,65535,65535,65535
2026-07-31 10:19:32.015,137.71,55705,51734,61873,65535,65535,65535,65535,65535,65535
2026-07-31 10:19:32.063,137.76,55705,51734,61873,65535,65535,65535,65535,65535,65535
2026-07-31 10:19:32.116,137.81,55705,51734,61873,65535,65535,65535,65535,65535,65535
2026-07-31 10:19:32.161,137.86,55705,51734,61873,65535,65535,65535,65535,65535,65535
2026-07-31 10:19:32.199,137.9,55705,51734,61873,65535,65535,65535,65535,65535,65535
2026-07-31 10:19:32.251,137.95,55705,51734,61873,65535,65535,65535,65535,65535,65535
2026-07-31 10:19:32.299,138.0,55705,51734,61873,65535,65535,65535,65535,65535,65535
2026-07-31 10:19:32.348,138.05,55705,51734,61873,65535,65535,65535,65535,65535,65535
2026-07-31 10:19:32.395,138.09,55705,51734,61873,65535,65535,65535,65535,65535,65535
2026-07-31 10:19:32.441,138.14,55705,51734,61873,65535,65535,65535,65535,65535,65535
2026-07-31 10:19:32.489,138.19,55705,51734,61428,65535,65535,65535,65535,65535,65535
2026-07-31 10:19:32.537,138.24,55790,44089,61428,65535,65535,65535,65535,65535,65535
2026-07-31 10:19:32.589,138.29,55790,44089,61428,65535,65535,65535,65535,65535,65535
2026-07-31 10:19:32.638,138.34,55790,44089,61428,65535,65535,65535,65535,65535,65535
2026-07-31 10:19:32.688,138.39,55790,44089,61428,65535,65535,65535,65535,65535,65535
2026-07-31 10:19:32.724,138.42,55790,44089,61428,65535,65535,65535,65535,65535,65535
2026-07-31 10:19:32.770,138.47,55790,44089,61428,65535,65535,65535,65535,65535,65535
2026-07-31 10:19:32.819,138.52,55790,44089,61428,65535,65535,65535,65535,65535,65535
2026-07-31 10:19:32.870,138.57,55790,44089,61428,65535,65535,65535,65535,65535,65535
2026-07-31 10:19:32.916,138.61,55790,44089,61428,65535,65535,65535,65535,65535,65535
2026-07-31 10:19:32.974,138.67,55790,44089,61428,65535,65535,65535,65535,65535,65535
2026-07-31 10:19:33.022,138.72,55790,44089,61428,65535,65535,65535,65535,65535,65535
2026-07-31 10:19:33.072,138.77,65534,44089,61725,65535,65535,65535,65535,65535,65535
2026-07-31 10:19:33.119,138.82,65534,44174,61725,65535,65535,65535,65535,65535,65535
2026-07-31 10:19:33.172,138.87,65534,44174,61725,65535,65535,65535,65535,65535,65535
2026-07-31 10:19:33.211,138.91,65534,44174,61725,65535,65535,65535,65535,65535,65535
2026-07-31 10:19:33.259,138.96,65534,44174,61725,65535,65535,65535,65535,65535,65535
2026-07-31 10:19:33.305,139.0,65534,44174,61725,65535,65535,65535,65535,65535,65535
2026-07-31 10:19:33.352,139.05,65534,44174,61725,65535,65535,65535,65535,65535,65535
2026-07-31 10:19:33.403,139.1,65534,44174,61725,65535,65535,65535,65535,65535,65535
2026-07-31 10:19:33.451,139.15,65534,44174,61725,65535,65535,65535,65535,65535,65535
2026-07-31 10:19:33.504,139.2,65534,44174,61725,65535,65535,65535,65535,65535,65535
2026-07-31 10:19:33.548,139.25,65534,44174,61725,65535,65535,65535,65535,65535,65535
2026-07-31 10:19:33.599,139.3,65534,44174,61725,65535,65535,65535,65535,65535,65535
2026-07-31 10:19:33.649,139.35,55790,44089,61725,65535,65535,65535,65535,65535,65535
2026-07-31 10:19:33.699,139.4,55790,44089,61725,65535,65535,65535,65535,65535,65535
2026-07-31 10:19:33.738,139.44,55790,44089,61725,65535,65535,65535,65535,65535,65535
2026-07-31 10:19:33.783,139.48,55790,44089,61725,65535,65535,65535,65535,65535,65535
2026-07-31 10:19:33.851,139.55,55790,44089,61725,65535,65535,65535,65535,65535,65535
2026-07-31 10:19:33.899,139.6,55790,44089,61725,65535,65535,65535,65535,65535,65535
2026-07-31 10:19:33.945,139.64,55790,44089,61725,65535,65535,65535,65535,65535,65535
2026-07-31 10:19:33.991,139.69,55790,44089,61725,65535,65535,65535,65535,65535,65535
2026-07-31 10:19:34.041,139.74,55790,44089,61725,65535,65535,65535,65535,65535,65535
2026-07-31 10:19:34.090,139.79,55790,44089,61725,65535,65535,65535,65535,65535,65535
2026-07-31 10:19:34.139,139.84,55790,44089,61725,65535,65535,65535,65535,65535,65535
2026-07-31 10:19:34.187,139.89,65088,44089,61576,65535,65535,65535,65535,65535,65535
2026-07-31 10:19:34.226,139.92,65088,44174,61576,65535,65535,65535,65535,65535,65535
2026-07-31 10:19:34.276,139.97,65088,44174,61576,65535,65535,65535,65535,65535,65535
2026-07-31 10:19:34.322,140.02,65088,44174,61576,65535,65535,65535,65535,65535,65535
2026-07-31 10:19:34.368,140.07,65088,44174,61576,65535,65535,65535,65535,65535,65535
2026-07-31 10:19:34.426,140.12,65088,44174,61576,65535,65535,65535,65535,65535,65535
2026-07-31 10:19:34.478,140.18,65088,44174,61576,65535,65535,65535,65535,65535,65535
2026-07-31 10:19:34.550,140.25,65088,44174,61576,65535,65535,65535,65535,65535,65535
2026-07-31 10:19:34.609,140.31,65088,44174,61576,65535,65535,65535,65535,65535,65535
2026-07-31 10:19:34.657,140.36,65088,44174,61576,65535,65535,65535,65535,65535,65535
2026-07-31 10:19:34.706,140.4,65088,44174,61576,65535,65535,65535,65535,65535,65535
2026-07-31 10:19:34.740,140.44,65088,44174,49024,65535,65535,65535,65535,65535,65535
2026-07-31 10:19:34.776,140.47,55790,51635,49024,65535,65535,65535,65535,65535,65535
2026-07-31 10:19:34.826,140.52,55790,51635,49024,65535,65535,65535,65535,65535,65535
2026-07-31 10:19:34.875,140.57,55790,51635,49024,65535,65535,65535,65535,65535,65535
2026-07-31 10:19:34.926,140.62,55790,51635,49024,65535,65535,65535,65535,65535,65535
2026-07-31 10:19:34.987,140.69,55790,51635,49024,65535,65535,65535,65535,65535,65535
2026-07-31 10:19:35.037,140.74,55790,51635,49024,65535,65535,65535,65535,65535,65535
2026-07-31 10:19:35.084,140.78,55790,51635,49024,65535,65535,65535,65535,65535,65535
2026-07-31 10:19:35.133,140.83,55790,51635,49024,65535,65535,65535,65535,65535,65535
2026-07-31 10:19:35.184,140.88,55790,51635,49024,65535,65535,65535,65535,65535,65535
2026-07-31 10:19:35.223,140.92,55790,51635,49024,65535,65535,65535,65535,65535,65535
2026-07-31 10:19:35.286,140.98,55790,51635,61873,65535,65535,65535,65535,65535,65535
2026-07-31 10:19:35.340,141.04,55620,44089,61873,65535,65535,65535,65535,65535,65535
2026-07-31 10:19:35.392,141.09,55620,44089,61873,65535,65535,65535,65535,65535,65535
2026-07-31 10:19:35.440,141.14,55620,44089,61873,65535,65535,65535,65535,65535,65535
2026-07-31 10:19:35.524,141.22,55620,44089,61873,65535,65535,65535,65535,65535,65535
2026-07-31 10:19:35.575,141.27,55620,44089,61873,65535,65535,65535,65535,65535,65535
2026-07-31 10:19:35.623,141.32,55620,44089,61873,65535,65535,65535,65535,65535,65535
2026-07-31 10:19:35.669,141.37,55620,44089,61873,65535,65535,65535,65535,65535,65535
2026-07-31 10:19:35.707,141.41,55620,44089,61873,65535,65535,65535,65535,65535,65535
2026-07-31 10:19:35.752,141.45,55620,44089,61873,65535,65535,65535,65535,65535,65535
2026-07-31 10:19:35.804,141.5,55620,44089,61873,65535,65535,65535,65535,65535,65535
2026-07-31 10:19:35.855,141.55,55620,44089,49261,65535,65535,65535,65535,65535,65535
2026-07-31 10:19:35.900,141.6,64989,65534,49261,65535,65535,65535,65535,65535,65535
2026-07-31 10:19:35.947,141.65,64989,65534,49261,65535,65535,65535,65535,65535,65535
2026-07-31 10:19:35.996,141.69,64989,65534,49261,65535,65535,65535,65535,65535,65535
2026-07-31 10:19:36.056,141.75,64989,65534,49261,65535,65535,65535,65535,65535,65535
2026-07-31 10:19:36.105,141.8,64989,65534,49261,65535,65535,65535,65535,65535,65535
2026-07-31 10:19:36.163,141.86,64989,65534,49261,65535,65535,65535,65535,65535,65535
2026-07-31 10:19:36.215,141.91,64989,65534,49261,65535,65535,65535,65535,65535,65535
2026-07-31 10:19:36.253,141.95,64989,65534,49261,65535,65535,65535,65535,65535,65535
2026-07-31 10:19:36.297,142.0,64989,65534,49261,65535,65535,65535,65535,65535,65535
2026-07-31 10:19:36.348,142.05,64989,65534,49261,65535,65535,65535,65535,65535,65535
2026-07-31 10:19:36.393,142.09,64989,65534,49261,65535,65535,65535,65535,65535,65535
2026-07-31 10:19:36.441,142.14,55451,65534,61428,65535,65535,65535,65535,65535,65535
2026-07-31 10:19:36.489,142.19,55451,44259,61428,65535,65535,65535,65535,65535,65535
2026-07-31 10:19:36.537,142.24,55451,44259,61428,65535,65535,65535,65535,65535,65535
2026-07-31 10:19:36.581,142.28,55451,44259,61428,65535,65535,65535,65535,65535,65535
2026-07-31 10:19:36.629,142.33,55451,44259,61428,65535,65535,65535,65535,65535,65535
2026-07-31 10:19:36.678,142.38,55451,44259,61428,65535,65535,65535,65535,65535,65535
2026-07-31 10:19:36.736,142.43,55451,44259,61428,65535,65535,65535,65535,65535,65535
2026-07-31 10:19:36.773,142.47,55451,44259,61428,65535,65535,65535,65535,65535,65535
2026-07-31 10:19:36.820,142.52,55451,44259,61428,65535,65535,65535,65535,65535,65535
2026-07-31 10:19:36.903,142.6,55451,44259,61428,65535,65535,65535,65535,65535,65535
2026-07-31 10:19:36.952,142.65,55451,44259,61428,65535,65535,65535,65535,65535,65535
2026-07-31 10:19:37.001,142.7,55620,44259,65534,65535,65535,65535,65535,65535,65535
2026-07-31 10:19:37.047,142.75,55620,44343,65534,65535,65535,65535,65535,65535,65535
2026-07-31 10:19:37.095,142.79,55620,44343,65534,65535,65535,65535,65535,65535,65535
2026-07-31 10:19:37.144,142.84,55620,44343,65534,65535,65535,65535,65535,65535,65535
2026-07-31 10:19:37.202,142.9,55620,44343,65534,65535,65535,65535,65535,65535,65535
2026-07-31 10:19:37.239,142.94,55620,44343,65534,65535,65535,65535,65535,65535,65535
2026-07-31 10:19:37.296,142.99,55620,44343,65534,65535,65535,65535,65535,65535,65535
2026-07-31 10:19:37.358,143.06,55620,44343,65534,65535,65535,65535,65535,65535,65535
2026-07-31 10:19:37.412,143.11,55620,44343,65534,65535,65535,65535,65535,65535,65535
2026-07-31 10:19:37.465,143.16,55620,44343,65534,65535,65535,65535,65535,65535,65535
2026-07-31 10:19:37.515,143.21,55620,44343,65534,65535,65535,65535,65535,65535,65535
2026-07-31 10:19:37.566,143.26,55790,44343,61725,65535,65535,65535,65535,65535,65535
2026-07-31 10:19:37.620,143.32,55790,38652,61725,65535,65535,65535,65535,65535,65535
2026-07-31 10:19:37.668,143.37,55790,38652,61725,65535,65535,65535,65535,65535,65535
2026-07-31 10:19:37.755,143.45,55790,38652,61725,65535,65535,65535,65535,65535,65535
2026-07-31 10:19:37.805,143.5,55790,38652,61725,65535,65535,65535,65535,65535,65535
2026-07-31 10:19:37.842,143.54,55790,38652,61725,65535,65535,65535,65535,65535,65535
2026-07-31 10:19:37.887,143.59,55790,38652,61725,65535,65535,65535,65535,65535,65535
2026-07-31 10:19:37.938,143.64,55790,38652,61725,65535,65535,65535,65535,65535,65535
2026-07-31 10:19:37.984,143.68,55790,38652,61725,65535,65535,65535,65535,65535,65535
2026-07-31 10:19:38.033,143.73,55790,38652,61725,65535,65535,65535,65535,65535,65535
2026-07-31 10:19:38.078,143.78,55790,38652,61725,65535,65535,65535,65535,65535,65535
2026-07-31 10:19:38.128,143.83,55874,38652,61576,65535,65535,65535,65535,65535,65535
2026-07-31 10:19:38.178,143.88,55874,44259,61576,65535,65535,65535,65535,65535,65535
2026-07-31 10:19:38.222,143.92,55874,44259,61576,65535,65535,65535,65535,65535,65535
2026-07-31 10:19:38.259,143.96,55874,44259,61576,65535,65535,65535,65535,65535,65535
2026-07-31 10:19:38.306,144.0,55874,44259,61576,65535,65535,65535,65535,65535,65535
2026-07-31 10:19:38.356,144.05,55874,44259,61576,65535,65535,65535,65535,65535,65535
2026-07-31 10:19:38.407,144.11,55874,44259,61576,65535,65535,65535,65535,65535,65535
2026-07-31 10:19:38.454,144.15,55874,44259,61576,65535,65535,65535,65535,65535,65535
2026-07-31 10:19:38.501,144.2,55874,44259,61576,65535,65535,65535,65535,65535,65535
2026-07-31 10:19:38.554,144.25,55874,44259,61576,65535,65535,65535,65535,65535,65535
2026-07-31 10:19:38.606,144.3,55874,44259,61576,65535,65535,65535,65535,65535,65535
2026-07-31 10:19:38.654,144.35,55874,44259,61576,65535,65535,65535,65535,65535,65535
2026-07-31 10:19:38.703,144.4,55874,38726,65534,65535,65535,65535,65535,65535,65535
2026-07-31 10:19:38.738,144.44,55874,38726,65534,65535,65535,65535,65535,65535,65535
2026-07-31 10:19:38.781,144.48,55874,38726,65534,65535,65535,65535,65535,65535,65535
2026-07-31 10:19:38.833,144.53,55874,38726,65534,65535,65535,65535,65535,65535,65535
2026-07-31 10:19:38.877,144.58,55874,38726,65534,65535,65535,65535,65535,65535,65535
2026-07-31 10:19:38.937,144.63,55874,38726,65534,65535,65535,65535,65535,65535,65535
2026-07-31 10:19:38.999,144.7,55874,38726,65534,65535,65535,65535,65535,65535,65535
2026-07-31 10:19:39.049,144.75,55874,38726,65534,65535,65535,65535,65535,65535,65535
2026-07-31 10:19:39.100,144.8,55874,38726,65534,65535,65535,65535,65535,65535,65535
2026-07-31 10:19:39.147,144.84,55874,38726,65534,65535,65535,65535,65535,65535,65535
2026-07-31 10:19:39.200,144.9,55874,38726,65534,65535,65535,65535,65535,65535,65535
2026-07-31 10:19:39.236,144.93,55874,38726,61131,65535,65535,65535,65535,65535,65535
2026-07-31 10:19:39.271,144.97,65385,44089,61131,65535,65535,65535,65535,65535,65535
2026-07-31 10:19:39.320,145.02,65385,44089,61131,65535,65535,65535,65535,65535,65535
2026-07-31 10:19:39.389,145.09,65385,44089,61131,65535,65535,65535,65535,65535,65535
2026-07-31 10:19:39.440,145.14,65385,44089,61131,65535,65535,65535,65535,65535,65535
2026-07-31 10:19:39.492,145.19,65385,44089,61131,65535,65535,65535,65535,65535,65535
2026-07-31 10:19:39.548,145.25,65385,44089,61131,65535,65535,65535,65535,65535,65535
2026-07-31 10:19:39.598,145.3,65385,44089,61131,65535,65535,65535,65535,65535,65535
2026-07-31 10:19:39.666,145.36,65385,44089,61131,65535,65535,65535,65535,65535,65535
2026-07-31 10:19:39.723,145.42,65385,44089,61131,65535,65535,65535,65535,65535,65535
2026-07-31 10:19:39.762,145.46,65385,44089,61131,65535,65535,65535,65535,65535,65535
2026-07-31 10:19:39.810,145.51,64791,44089,61873,65535,65535,65535,65535,65535,65535
2026-07-31 10:19:39.878,145.58,64791,44259,61873,65535,65535,65535,65535,65535,65535
2026-07-31 10:19:39.929,145.63,64791,44259,61873,65535,65535,65535,65535,65535,65535
2026-07-31 10:19:39.983,145.68,64791,44259,61873,65535,65535,65535,65535,65535,65535
2026-07-31 10:19:40.038,145.74,64791,44259,61873,65535,65535,65535,65535,65535,65535
2026-07-31 10:19:40.109,145.81,64791,44259,61873,65535,65535,65535,65535,65535,65535
2026-07-31 10:19:40.177,145.88,64791,44259,61873,65535,65535,65535,65535,65535,65535
2026-07-31 10:19:40.238,145.94,64791,44259,61873,65535,65535,65535,65535,65535,65535
2026-07-31 10:19:40.275,145.97,64791,44259,61873,65535,65535,65535,65535,65535,65535
2026-07-31 10:19:40.327,146.03,64791,44259,61873,65535,65535,65535,65535,65535,65535
2026-07-31 10:19:40.380,146.08,55705,44259,61576,65535,65535,65535,65535,65535,65535
2026-07-31 10:19:40.430,146.13,55705,51833,61576,65535,65535,65535,65535,65535,65535
2026-07-31 10:19:40.483,146.18,55705,51833,61576,65535,65535,65535,65535,65535,65535
2026-07-31 10:19:40.538,146.24,55705,51833,61576,65535,65535,65535,65535,65535,65535
2026-07-31 10:19:40.595,146.29,55705,51833,61576,65535,65535,65535,65535,65535,65535
2026-07-31 10:19:40.647,146.35,55705,51833,61576,65535,65535,65535,65535,65535,65535
2026-07-31 10:19:40.715,146.41,55705,51833,61576,65535,65535,65535,65535,65535,65535
2026-07-31 10:19:40.749,146.45,55705,51833,61576,65535,65535,65535,65535,65535,65535
2026-07-31 10:19:40.799,146.5,55705,51833,61576,65535,65535,65535,65535,65535,65535
2026-07-31 10:19:40.851,146.55,55705,51833,61576,65535,65535,65535,65535,65535,65535
2026-07-31 10:19:40.898,146.6,55705,51833,61576,65535,65535,65535,65535,65535,65535
2026-07-31 10:19:40.946,146.64,64989,51833,49380,65535,65535,65535,65535,65535,65535
2026-07-31 10:19:41.009,146.71,64989,51536,49380,65535,65535,65535,65535,65535,65535
2026-07-31 10:19:41.058,146.76,64989,51536,49380,65535,65535,65535,65535,65535,65535
2026-07-31 10:19:41.109,146.81,64989,51536,49380,65535,65535,65535,65535,65535,65535
2026-07-31 10:19:41.161,146.86,64989,51536,49380,65535,65535,65535,65535,65535,65535
2026-07-31 10:19:41.214,146.91,64989,51536,49380,65535,65535,65535,65535,65535,65535
2026-07-31 10:19:41.254,146.95,64989,51536,49380,65535,65535,65535,65535,65535,65535
2026-07-31 10:19:41.306,147.0,64989,51536,49380,65535,65535,65535,65535,65535,65535
2026-07-31 10:19:41.356,147.05,64989,51536,49380,65535,65535,65535,65535,65535,65535
2026-07-31 10:19:41.412,147.11,64989,51536,49380,65535,65535,65535,65535,65535,65535
2026-07-31 10:19:41.463,147.16,64989,51536,49380,65535,65535,65535,65535,65535,65535
2026-07-31 10:19:41.519,147.22,65088,51338,61576,65535,65535,65535,65535,65535,65535
2026-07-31 10:19:41.570,147.27,65088,51338,61576,65535,65535,65535,65535,65535,65535
2026-07-31 10:19:41.619,147.32,65088,51338,61576,65535,65535,65535,65535,65535,65535
2026-07-31 10:19:41.667,147.37,65088,51338,61576,65535,65535,65535,65535,65535,65535
2026-07-31 10:19:41.723,147.42,65088,51338,61576,65535,65535,65535,65535,65535,65535
2026-07-31 10:19:41.760,147.46,65088,51338,61576,65535,65535,65535,65535,65535,65535
2026-07-31 10:19:41.808,147.51,65088,51338,61576,65535,65535,65535,65535,65535,65535
2026-07-31 10:19:41.868,147.57,65088,51338,61576,65535,65535,65535,65535,65535,65535
2026-07-31 10:19:41.920,147.62,65088,51338,61576,65535,65535,65535,65535,65535,65535
2026-07-31 10:19:41.985,147.68,65088,51338,61576,65535,65535,65535,65535,65535,65535
2026-07-31 10:19:42.033,147.73,65088,51338,49498,65535,65535,65535,65535,65535,65535
2026-07-31 10:19:42.078,147.78,64989,44089,49498,65535,65535,65535,65535,65535,65535
2026-07-31 10:19:42.128,147.83,64989,44089,49498,65535,65535,65535,65535,65535,65535
2026-07-31 10:19:42.175,147.87,64989,44089,49498,65535,65535,65535,65535,65535,65535
2026-07-31 10:19:42.238,147.94,64989,44089,49498,65535,65535,65535,65535,65535,65535
2026-07-31 10:19:42.276,147.97,64989,44089,49498,65535,65535,65535,65535,65535,65535
2026-07-31 10:19:42.322,148.02,64989,44089,49498,65535,65535,65535,65535,65535,65535
2026-07-31 10:19:42.374,148.07,64989,44089,49498,65535,65535,65535,65535,65535,65535
2026-07-31 10:19:42.434,148.13,64989,44089,49498,65535,65535,65535,65535,65535,65535
2026-07-31 10:19:42.484,148.18,64989,44089,49498,65535,65535,65535,65535,65535,65535
2026-07-31 10:19:42.521,148.22,64989,44089,49498,65535,65535,65535,65535,65535,65535
2026-07-31 10:19:42.571,148.27,64989,44089,49498,65535,65535,65535,65535,65535,65535
2026-07-31 10:19:42.623,148.32,64989,44089,61873,65535,65535,65535,65535,65535,65535
2026-07-31 10:19:42.687,148.39,64989,51734,61873,65535,65535,65535,65535,65535,65535
2026-07-31 10:19:42.733,148.43,64989,51734,61873,65535,65535,65535,65535,65535,65535
2026-07-31 10:19:42.769,148.47,64989,51734,61873,65535,65535,65535,65535,65535,65535
2026-07-31 10:19:42.818,148.52,64989,51734,61873,65535,65535,65535,65535,65535,65535
2026-07-31 10:19:42.873,148.57,64989,51734,61873,65535,65535,65535,65535,65535,65535
2026-07-31 10:19:42.943,148.64,64989,51734,61873,65535,65535,65535,65535,65535,65535
2026-07-31 10:19:43.011,148.71,64989,51734,61873,65535,65535,65535,65535,65535,65535
2026-07-31 10:19:43.095,148.79,64989,51734,61873,65535,65535,65535,65535,65535,65535
2026-07-31 10:19:43.173,148.87,55451,51734,53416,65535,65535,65535,65535,65535,65535
2026-07-31 10:19:43.238,148.94,55451,51734,53416,65535,65535,65535,65535,65535,65535
2026-07-31 10:19:43.297,148.99,55451,51734,53416,65535,65535,65535,65535,65535,65535
2026-07-31 10:19:43.367,149.06,55451,51734,53416,65535,65535,65535,65535,65535,65535
2026-07-31 10:19:43.473,149.17,55451,51734,53416,65535,65535,65535,65535,65535,65535
2026-07-31 10:19:43.660,149.36,55451,51734,53416,65535,65535,65535,65535,65535,65535
2026-07-31 10:19:43.696,149.39,55451,51734,61280,65535,65535,65535,65535,65535,65535
2026-07-31 10:19:43.783,149.48,65088,44174,61280,65535,65535,65535,65535,65535,65535
2026-07-31 10:19:43.886,149.58,65088,44174,61280,65535,65535,65535,65535,65535,65535
2026-07-31 10:19:43.927,149.63,65088,44174,61280,65535,65535,65535,65535,65535,65535
2026-07-31 10:19:44.004,149.7,65088,44174,61280,65535,65535,65535,65535,65535,65535
2026-07-31 10:19:44.072,149.77,65088,44174,61280,65535,65535,65535,65535,65535,65535
2026-07-31 10:19:44.127,149.83,65088,44174,61280,65535,65535,65535,65535,65535,65535
2026-07-31 10:19:44.181,149.88,65088,44174,61280,65535,65535,65535,65535,65535,65535
2026-07-31 10:19:44.236,149.93,65088,44174,61280,65535,65535,65535,65535,65535,65535
2026-07-31 10:19:44.274,149.97,65534,44174,49498,65535,65535,65535,65535,65535,65535
2026-07-31 10:19:44.326,150.02,65534,44174,49498,65535,65535,65535,65535,65535,65535
2026-07-31 10:19:44.377,150.07,65534,44174,49498,65535,65535,65535,65535,65535,65535
2026-07-31 10:19:44.424,150.12,65534,44174,49498,65535,65535,65535,65535,65535,65535
2026-07-31 10:19:44.476,150.17,65534,44174,49498,65535,65535,65535,65535,65535,65535
2026-07-31 10:19:44.525,150.22,65534,44174,49498,65535,65535,65535,65535,65535,65535
2026-07-31 10:19:44.579,150.28,65534,44174,49498,65535,65535,65535,65535,65535,65535
2026-07-31 10:19:44.630,150.33,65534,44174,49498,65535,65535,65535,65535,65535,65535
2026-07-31 10:19:44.684,150.38,65534,44174,49498,65535,65535,65535,65535,65535,65535
2026-07-31 10:19:44.736,150.43,65534,44174,49498,65535,65535,65535,65535,65535,65535
2026-07-31 10:19:44.770,150.47,65534,44174,49498,65535,65535,65535,65535,65535,65535
2026-07-31 10:19:44.837,150.54,55874,44174,49498,65535,65535,65535,65535,65535,65535
2026-07-31 10:19:44.884,150.58,55874,51635,49498,65535,65535,65535,65535,65535,65535
2026-07-31 10:19:44.931,150.63,55874,51635,49498,65535,65535,65535,65535,65535,65535
2026-07-31 10:19:44.978,150.68,55874,51635,49498,65535,65535,65535,65535,65535,65535
2026-07-31 10:19:45.029,150.73,55874,51635,49498,65535,65535,65535,65535,65535,65535
2026-07-31 10:19:45.080,150.78,55874,51635,49498,65535,65535,65535,65535,65535,65535
2026-07-31 10:19:45.129,150.83,55874,51635,49498,65535,65535,65535,65535,65535,65535
2026-07-31 10:19:45.178,150.88,55874,51635,49498,65535,65535,65535,65535,65535,65535
2026-07-31 10:19:45.231,150.93,55874,51635,49498,65535,65535,65535,65535,65535,65535
2026-07-31 10:19:45.271,150.97,55874,51635,49498,65535,65535,65535,65535,65535,65535
2026-07-31 10:19:45.319,151.02,55874,51635,49498,65535,65535,65535,65535,65535,65535
2026-07-31 10:19:45.368,151.07,55874,51635,49498,65535,65535,65535,65535,65535,65535
2026-07-31 10:19:45.422,151.12,55874,44343,49380,65535,65535,65535,65535,65535,65535
2026-07-31 10:19:45.475,151.17,55874,44343,49380,65535,65535,65535,65535,65535,65535
2026-07-31 10:19:45.533,151.23,55874,44343,49380,65535,65535,65535,65535,65535,65535
2026-07-31 10:19:45.584,151.28,55874,44343,49380,65535,65535,65535,65535,65535,65535
2026-07-31 10:19:45.635,151.33,55874,44343,49380,65535,65535,65535,65535,65535,65535
2026-07-31 10:19:45.686,151.38,55874,44343,49380,65535,65535,65535,65535,65535,65535
2026-07-31 10:19:45.731,151.43,55874,44343,49380,65535,65535,65535,65535,65535,65535
2026-07-31 10:19:45.779,151.48,55874,44343,49380,65535,65535,65535,65535,65535,65535
2026-07-31 10:19:45.832,151.53,55874,44343,49380,65535,65535,65535,65535,65535,65535
2026-07-31 10:19:45.886,151.58,55874,44343,49380,65535,65535,65535,65535,65535,65535
2026-07-31 10:19:45.940,151.64,55874,44343,61576,65535,65535,65535,65535,65535,65535
2026-07-31 10:19:45.991,151.69,65088,44174,61576,65535,65535,65535,65535,65535,65535
2026-07-31 10:19:46.027,151.73,65088,44174,61576,65535,65535,65535,65535,65535,65535
2026-07-31 10:19:46.076,151.77,65088,44174,61576,65535,65535,65535,65535,65535,65535
2026-07-31 10:19:46.128,151.83,65088,44174,61576,65535,65535,65535,65535,65535,65535
2026-07-31 10:19:46.174,151.87,65088,44174,61576,65535,65535,65535,65535,65535,65535
2026-07-31 10:19:46.237,151.94,65088,44174,61576,65535,65535,65535,65535,65535,65535
2026-07-31 10:19:46.292,151.99,65088,44174,61576,65535,65535,65535,65535,65535,65535
2026-07-31 10:19:46.341,152.04,65088,44174,61576,65535,65535,65535,65535,65535,65535
2026-07-31 10:19:46.390,152.09,65088,44174,61576,65535,65535,65535,65535,65535,65535
2026-07-31 10:19:46.445,152.14,65088,44174,61576,65535,65535,65535,65535,65535,65535
2026-07-31 10:19:46.497,152.2,65088,44174,49261,65535,65535,65535,65535,65535,65535
2026-07-31 10:19:46.564,152.26,65088,44428,49261,65535,65535,65535,65535,65535,65535
2026-07-31 10:19:46.614,152.31,65088,44428,49261,65535,65535,65535,65535,65535,65535
2026-07-31 10:19:46.663,152.36,65088,44428,49261,65535,65535,65535,65535,65535,65535
2026-07-31 10:19:46.716,152.41,65088,44428,49261,65535,65535,65535,65535,65535,65535
2026-07-31 10:19:46.766,152.46,65088,44428,49261,65535,65535,65535,65535,65535,65535
2026-07-31 10:19:46.813,152.51,65088,44428,49261,65535,65535,65535,65535,65535,65535
2026-07-31 10:19:46.859,152.56,65088,44428,49261,65535,65535,65535,65535,65535,65535
2026-07-31 10:19:46.911,152.61,65088,44428,49261,65535,65535,65535,65535,65535,65535
2026-07-31 10:19:46.957,152.65,65088,44428,49261,65535,65535,65535,65535,65535,65535
2026-07-31 10:19:47.009,152.71,65088,44428,49261,65535,65535,65535,65535,65535,65535
2026-07-31 10:19:47.078,152.78,65088,44428,61576,65535,65535,65535,65535,65535,65535
2026-07-31 10:19:47.146,152.84,64791,51635,61576,65535,65535,65535,65535,65535,65535
2026-07-31 10:19:47.228,152.93,64791,51635,61576,65535,65535,65535,65535,65535,65535
2026-07-31 10:19:47.266,152.96,64791,51635,61576,65535,65535,65535,65535,65535,65535
2026-07-31 10:19:47.316,153.01,64791,51635,61576,65535,65535,65535,65535,65535,65535
2026-07-31 10:19:47.367,153.07,64791,51635,61576,65535,65535,65535,65535,65535,65535
2026-07-31 10:19:47.414,153.11,64791,51635,61576,65535,65535,65535,65535,65535,65535
2026-07-31 10:19:47.461,153.16,64791,51635,61576,65535,65535,65535,65535,65535,65535
2026-07-31 10:19:47.526,153.22,64791,51635,61576,65535,65535,65535,65535,65535,65535
2026-07-31 10:19:47.578,153.28,64791,51635,61576,65535,65535,65535,65535,65535,65535
2026-07-31 10:19:47.628,153.33,64791,51635,61280,65535,65535,65535,65535,65535,65535
2026-07-31 10:19:47.678,153.38,64791,44089,61280,65535,65535,65535,65535,65535,65535
2026-07-31 10:19:47.718,153.42,64791,44089,61280,65535,65535,65535,65535,65535,65535
2026-07-31 10:19:47.766,153.46,64791,44089,61280,65535,65535,65535,65535,65535,65535
2026-07-31 10:19:47.815,153.51,64791,44089,61280,65535,65535,65535,65535,65535,65535
2026-07-31 10:19:47.874,153.57,64791,44089,61280,65535,65535,65535,65535,65535,65535
2026-07-31 10:19:47.918,153.62,64791,44089,61280,65535,65535,65535,65535,65535,65535
2026-07-31 10:19:48.008,153.71,64791,44089,61280,65535,65535,65535,65535,65535,65535
2026-07-31 10:19:48.061,153.76,64791,44089,61280,65535,65535,65535,65535,65535,65535
2026-07-31 10:19:48.112,153.81,64791,44089,61280,65535,65535,65535,65535,65535,65535
2026-07-31 10:19:48.162,153.86,64791,44089,61280,65535,65535,65535,65535,65535,65535
2026-07-31 10:19:48.202,153.9,65187,44089,62022,65535,65535,65535,65535,65535,65535
2026-07-31 10:19:48.250,153.95,65187,51734,62022,65535,65535,65535,65535,65535,65535
2026-07-31 10:19:48.296,153.99,65187,51734,62022,65535,65535,65535,65535,65535,65535
2026-07-31 10:19:48.362,154.06,65187,51734,62022,65535,65535,65535,65535,65535,65535
2026-07-31 10:19:48.408,154.11,65187,51734,62022,65535,65535,65535,65535,65535,65535
2026-07-31 10:19:48.461,154.16,65187,51734,62022,65535,65535,65535,65535,65535,65535
2026-07-31 10:19:48.526,154.22,65187,51734,62022,65535,65535,65535,65535,65535,65535
2026-07-31 10:19:48.577,154.27,65187,51734,62022,65535,65535,65535,65535,65535,65535
2026-07-31 10:19:48.625,154.32,65187,51734,62022,65535,65535,65535,65535,65535,65535
2026-07-31 10:19:48.669,154.37,65187,51734,62022,65535,65535,65535,65535,65535,65535
2026-07-31 10:19:48.708,154.41,65187,51734,62022,65535,65535,65535,65535,65535,65535
2026-07-31 10:19:48.755,154.45,65187,51734,61576,65535,65535,65535,65535,65535,65535
2026-07-31 10:19:48.817,154.52,65088,60283,61576,65535,65535,65535,65535,65535,65535
2026-07-31 10:19:48.884,154.58,65088,60283,61576,65535,65535,65535,65535,65535,65535
2026-07-31 10:19:48.937,154.64,65088,60283,61576,65535,65535,65535,65535,65535,65535
2026-07-31 10:19:48.990,154.69,65088,60283,61576,65535,65535,65535,65535,65535,65535
2026-07-31 10:19:49.034,154.73,65088,60283,61576,65535,65535,65535,65535,65535,65535
2026-07-31 10:19:49.087,154.79,65088,60283,61576,65535,65535,65535,65535,65535,65535
2026-07-31 10:19:49.139,154.84,65088,60283,61576,65535,65535,65535,65535,65535,65535
2026-07-31 10:19:49.174,154.87,65088,60283,61576,65535,65535,65535,65535,65535,65535
2026-07-31 10:19:49.209,154.91,65088,60283,61576,65535,65535,65535,65535,65535,65535
2026-07-31 10:19:49.254,154.95,65088,60283,61576,65535,65535,65535,65535,65535,65535
2026-07-31 10:19:49.311,155.01,65088,60283,61725,65535,65535,65535,65535,65535,65535
2026-07-31 10:19:49.361,155.06,64890,44174,61725,65535,65535,65535,65535,65535,65535
2026-07-31 10:19:49.405,155.1,64890,44174,61725,65535,65535,65535,65535,65535,65535
2026-07-31 10:19:49.456,155.15,64890,44174,61725,65535,65535,65535,65535,65535,65535
2026-07-31 10:19:49.501,155.2,64890,44174,61725,65535,65535,65535,65535,65535,65535
2026-07-31 10:19:49.552,155.25,64890,44174,61725,65535,65535,65535,65535,65535,65535
2026-07-31 10:19:49.610,155.31,64890,44174,61725,65535,65535,65535,65535,65535,65535
2026-07-31 10:19:49.660,155.36,64890,44174,61725,65535,65535,65535,65535,65535,65535
2026-07-31 10:19:49.698,155.4,64890,44174,61725,65535,65535,65535,65535,65535,65535
2026-07-31 10:19:49.748,155.45,64890,44174,61725,65535,65535,65535,65535,65535,65535
2026-07-31 10:19:49.800,155.5,64890,44174,61725,65535,65535,65535,65535,65535,65535
2026-07-31 10:19:49.844,155.54,64890,44174,61725,65535,65535,65535,65535,65535,65535
2026-07-31 10:19:49.896,155.59,55959,44174,61725,65535,65535,65535,65535,65535,65535
2026-07-31 10:19:49.941,155.64,55959,44004,61725,65535,65535,65535,65535,65535,65535
2026-07-31 10:19:50.025,155.72,55959,44004,61725,65535,65535,65535,65535,65535,65535
2026-07-31 10:19:50.073,155.77,55959,44004,61725,65535,65535,65535,65535,65535,65535
2026-07-31 10:19:50.122,155.82,55959,44004,61725,65535,65535,65535,65535,65535,65535
2026-07-31 10:19:50.171,155.87,55959,44004,61725,65535,65535,65535,65535,65535,65535
2026-07-31 10:19:50.206,155.9,55959,44004,61725,65535,65535,65535,65535,65535,65535
2026-07-31 10:19:50.252,155.95,55959,44004,61725,65535,65535,65535,65535,65535,65535
2026-07-31 10:19:50.299,156.0,55959,44004,61725,65535,65535,65535,65535,65535,65535
2026-07-31 10:19:50.356,156.05,55959,44004,61725,65535,65535,65535,65535,65535,65535
2026-07-31 10:19:50.408,156.11,55959,44004,61725,65535,65535,65535,65535,65535,65535
2026-07-31 10:19:50.470,156.17,55874,44004,61725,65535,65535,65535,65535,65535,65535
2026-07-31 10:19:50.523,156.22,55874,51635,61725,65535,65535,65535,65535,65535,65535
2026-07-31 10:19:50.578,156.28,55874,51635,61725,65535,65535,65535,65535,65535,65535
2026-07-31 10:19:50.628,156.33,55874,51635,61725,65535,65535,65535,65535,65535,65535
2026-07-31 10:19:50.677,156.38,55874,51635,61725,65535,65535,65535,65535,65535,65535
2026-07-31 10:19:50.721,156.42,55874,51635,61725,65535,65535,65535,65535,65535,65535
2026-07-31 10:19:50.760,156.46,55874,51635,61725,65535,65535,65535,65535,65535,65535
2026-07-31 10:19:50.810,156.51,55874,51635,61725,65535,65535,65535,65535,65535,65535
2026-07-31 10:19:50.863,156.56,55874,51635,61725,65535,65535,65535,65535,65535,65535
2026-07-31 10:19:50.913,156.61,55874,51635,61725,65535,65535,65535,65535,65535,65535
2026-07-31 10:19:50.962,156.66,55874,51635,61725,65535,65535,65535,65535,65535,65535
2026-07-31 10:19:51.006,156.7,55874,51635,61576,65535,65535,65535,65535,65535,65535
2026-07-31 10:19:51.060,156.76,55959,61555,61576,65535,65535,65535,65535,65535,65535
2026-07-31 10:19:51.109,156.81,55959,61555,61576,65535,65535,65535,65535,65535,65535
2026-07-31 10:19:51.157,156.86,55959,61555,61576,65535,65535,65535,65535,65535,65535
2026-07-31 10:19:51.195,156.89,55959,61555,61576,65535,65535,65535,65535,65535,65535
2026-07-31 10:19:51.244,156.94,55959,61555,61576,65535,65535,65535,65535,65535,65535
2026-07-31 10:19:51.289,156.99,55959,61555,61576,65535,65535,65535,65535,65535,65535
2026-07-31 10:19:51.340,157.04,55959,61555,61576,65535,65535,65535,65535,65535,65535
2026-07-31 10:19:51.391,157.09,55959,61555,61576,65535,65535,65535,65535,65535,65535
2026-07-31 10:19:51.439,157.14,55959,61555,61576,65535,65535,65535,65535,65535,65535
2026-07-31 10:19:51.487,157.19,55959,61555,61576,65535,65535,65535,65535,65535,65535
2026-07-31 10:19:51.538,157.24,55959,61555,61576,65535,65535,65535,65535,65535,65535
2026-07-31 10:19:51.593,157.29,55790,61555,61725,65535,65535,65535,65535,65535,65535
2026-07-31 10:19:51.640,157.34,55790,44259,61725,65535,65535,65535,65535,65535,65535
2026-07-31 10:19:51.683,157.38,55790,44259,61725,65535,65535,65535,65535,65535,65535
2026-07-31 10:19:51.721,157.42,55790,44259,61725,65535,65535,65535,65535,65535,65535
2026-07-31 10:19:51.767,157.47,55790,44259,61725,65535,65535,65535,65535,65535,65535
2026-07-31 10:19:51.816,157.51,55790,44259,61725,65535,65535,65535,65535,65535,65535
2026-07-31 10:19:51.862,157.56,55790,44259,61725,65535,65535,65535,65535,65535,65535
2026-07-31 10:19:51.911,157.61,55790,44259,61725,65535,65535,65535,65535,65535,65535
2026-07-31 10:19:51.958,157.66,55790,44259,61725,65535,65535,65535,65535,65535,65535
2026-07-31 10:19:52.004,157.7,55790,44259,61725,65535,65535,65535,65535,65535,65535
2026-07-31 10:19:52.067,157.77,55790,44259,61725,65535,65535,65535,65535,65535,65535
2026-07-31 10:19:52.112,157.81,55790,44259,61725,65535,65535,65535,65535,65535,65535
2026-07-31 10:19:52.165,157.86,65534,44259,61576,65535,65535,65535,65535,65535,65535
2026-07-31 10:19:52.204,157.9,65534,44174,61576,65535,65535,65535,65535,65535,65535
2026-07-31 10:19:52.239,157.94,65534,44174,61576,65535,65535,65535,65535,65535,65535
2026-07-31 10:19:52.287,157.99,65534,44174,61576,65535,65535,65535,65535,65535,65535
2026-07-31 10:19:52.371,158.07,65534,44174,61576,65535,65535,65535,65535,65535,65535
2026-07-31 10:19:52.415,158.11,65534,44174,61576,65535,65535,65535,65535,65535,65535
2026-07-31 10:19:52.468,158.17,65534,44174,61576,65535,65535,65535,65535,65535,65535
2026-07-31 10:19:52.520,158.22,65534,44174,61576,65535,65535,65535,65535,65535,65535
2026-07-31 10:19:52.571,158.27,65534,44174,61576,65535,65535,65535,65535,65535,65535
2026-07-31 10:19:52.619,158.32,65534,44174,61576,65535,65535,65535,65535,65535,65535
2026-07-31 10:19:52.664,158.36,65534,44174,61576,65535,65535,65535,65535,65535,65535
2026-07-31 10:19:52.704,158.4,65534,44174,61725,65535,65535,65535,65535,65535,65535
2026-07-31 10:19:52.765,158.46,56044,44174,61725,65535,65535,65535,65535,65535,65535
2026-07-31 10:19:52.818,158.52,56044,44174,61725,65535,65535,65535,65535,65535,65535
2026-07-31 10:19:52.867,158.57,56044,44174,61725,65535,65535,65535,65535,65535,65535
2026-07-31 10:19:52.928,158.63,56044,44174,61725,65535,65535,65535,65535,65535,65535
2026-07-31 10:19:52.975,158.67,56044,44174,61725,65535,65535,65535,65535,65535,65535
2026-07-31 10:19:53.028,158.73,56044,44174,61725,65535,65535,65535,65535,65535,65535
2026-07-31 10:19:53.078,158.78,56044,44174,61725,65535,65535,65535,65535,65535,65535
2026-07-31 10:19:53.128,158.83,56044,44174,61725,65535,65535,65535,65535,65535,65535
2026-07-31 10:19:53.181,158.88,56044,44174,61725,65535,65535,65535,65535,65535,65535
2026-07-31 10:19:53.221,158.92,56044,44174,61725,65535,65535,65535,65535,65535,65535
2026-07-31 10:19:53.271,158.97,56044,44174,61428,65535,65535,65535,65535,65535,65535
2026-07-31 10:19:53.322,159.02,65286,44343,61428,65535,65535,65535,65535,65535,65535
2026-07-31 10:19:53.372,159.07,65286,44343,61428,65535,65535,65535,65535,65535,65535
2026-07-31 10:19:53.426,159.12,65286,44343,61428,65535,65535,65535,65535,65535,65535
2026-07-31 10:19:53.480,159.18,65286,44343,61428,65535,65535,65535,65535,65535,65535
2026-07-31 10:19:53.533,159.23,65286,44343,61428,65535,65535,65535,65535,65535,65535
2026-07-31 10:19:53.585,159.28,65286,44343,61428,65535,65535,65535,65535,65535,65535
2026-07-31 10:19:53.647,159.35,65286,44343,61428,65535,65535,65535,65535,65535,65535
2026-07-31 10:19:53.686,159.38,65286,44343,61428,65535,65535,65535,65535,65535,65535
2026-07-31 10:19:53.722,159.42,65286,44343,61428,65535,65535,65535,65535,65535,65535
2026-07-31 10:19:53.757,159.46,65286,44343,61428,65535,65535,65535,65535,65535,65535
2026-07-31 10:19:53.805,159.5,65286,44343,61428,65535,65535,65535,65535,65535,65535
2026-07-31 10:19:53.853,159.55,61923,44343,61725,65535,65535,65535,65535,65535,65535
2026-07-31 10:19:53.902,159.6,61923,44343,61725,65535,65535,65535,65535,65535,65535
2026-07-31 10:19:53.948,159.65,61923,44343,61725,65535,65535,65535,65535,65535,65535
2026-07-31 10:19:53.994,159.69,61923,44343,61725,65535,65535,65535,65535,65535,65535
2026-07-31 10:19:54.043,159.74,61923,44343,61725,65535,65535,65535,65535,65535,65535
2026-07-31 10:19:54.089,159.79,61923,44343,61725,65535,65535,65535,65535,65535,65535
2026-07-31 10:19:54.138,159.84,61923,44343,61725,65535,65535,65535,65535,65535,65535
2026-07-31 10:19:54.186,159.88,61923,44343,61725,65535,65535,65535,65535,65535,65535
2026-07-31 10:19:54.226,159.92,61923,44343,61725,65535,65535,65535,65535,65535,65535
2026-07-31 10:19:54.276,159.97,61923,44343,61725,65535,65535,65535,65535,65535,65535
2026-07-31 10:19:54.332,160.03,61923,44343,61725,65535,65535,65535,65535,65535,65535
2026-07-31 10:19:54.388,160.09,61923,44343,61725,65535,65535,65535,65535,65535,65535
2026-07-31 10:19:54.439,160.14,64791,61640,61725,65535,65535,65535,65535,65535,65535
2026-07-31 10:19:54.487,160.19,64791,61640,61725,65535,65535,65535,65535,65535,65535
2026-07-31 10:19:54.537,160.24,64791,61640,61725,65535,65535,65535,65535,65535,65535
2026-07-31 10:19:54.585,160.28,64791,61640,61725,65535,65535,65535,65535,65535,65535
2026-07-31 10:19:54.636,160.33,64791,61640,61725,65535,65535,65535,65535,65535,65535
2026-07-31 10:19:54.687,160.39,64791,61640,61725,65535,65535,65535,65535,65535,65535
2026-07-31 10:19:54.728,160.43,64791,61640,61725,65535,65535,65535,65535,65535,65535
2026-07-31 10:19:54.775,160.47,64791,61640,61725,65535,65535,65535,65535,65535,65535
2026-07-31 10:19:54.820,160.52,64791,61640,61725,65535,65535,65535,65535,65535,65535
2026-07-31 10:19:54.868,160.57,64791,61640,61725,65535,65535,65535,65535,65535,65535
2026-07-31 10:19:54.919,160.62,64791,61640,61725,65535,65535,65535,65535,65535,65535
2026-07-31 10:19:54.966,160.66,55705,61640,61725,65535,65535,65535,65535,65535,65535
2026-07-31 10:19:55.011,160.71,55705,38652,61725,65535,65535,65535,65535,65535,65535
2026-07-31 10:19:55.057,160.76,55705,38652,61725,65535,65535,65535,65535,65535,65535
2026-07-31 10:19:55.108,160.81,55705,38652,61725,65535,65535,65535,65535,65535,65535
2026-07-31 10:19:55.162,160.86,55705,38652,61725,65535,65535,65535,65535,65535,65535
2026-07-31 10:19:55.224,160.92,55705,38652,61725,65535,65535,65535,65535,65535,65535
2026-07-31 10:19:55.262,160.96,55705,38652,61725,65535,65535,65535,65535,65535,65535
2026-07-31 10:19:55.312,161.01,55705,38652,61725,65535,65535,65535,65535,65535,65535
2026-07-31 10:19:55.364,161.06,55705,38652,61725,65535,65535,65535,65535,65535,65535
2026-07-31 10:19:55.419,161.12,55705,38652,61725,65535,65535,65535,65535,65535,65535
2026-07-31 10:19:55.471,161.17,55705,38652,61725,65535,65535,65535,65535,65535,65535
2026-07-31 10:19:55.552,161.25,55959,44428,61280,65535,65535,65535,65535,65535,65535
2026-07-31 10:19:55.602,161.3,55959,44428,61280,65535,65535,65535,65535,65535,65535
2026-07-31 10:19:55.654,161.35,55959,44428,61280,65535,65535,65535,65535,65535,65535
2026-07-31 10:19:55.692,161.39,55959,44428,61280,65535,65535,65535,65535,65535,65535
2026-07-31 10:19:55.729,161.43,55959,44428,61280,65535,65535,65535,65535,65535,65535
2026-07-31 10:19:55.776,161.47,55959,44428,61280,65535,65535,65535,65535,65535,65535
2026-07-31 10:19:55.823,161.52,55959,44428,61280,65535,65535,65535,65535,65535,65535
2026-07-31 10:19:55.876,161.57,55959,44428,61280,65535,65535,65535,65535,65535,65535
2026-07-31 10:19:55.940,161.64,55959,44428,61280,65535,65535,65535,65535,65535,65535
2026-07-31 10:19:56.005,161.7,55959,44428,61280,65535,65535,65535,65535,65535,65535
2026-07-31 10:19:56.059,161.76,55959,44428,61280,65535,65535,65535,65535,65535,65535
2026-07-31 10:19:56.112,161.81,55874,44089,61873,65535,65535,65535,65535,65535,65535
2026-07-31 10:19:56.155,161.85,55874,44089,61873,65535,65535,65535,65535,65535,65535
2026-07-31 10:19:56.193,161.89,55874,44089,61873,65535,65535,65535,65535,65535,65535
2026-07-31 10:19:56.244,161.94,55874,44089,61873,65535,65535,65535,65535,65535,65535
2026-07-31 10:19:56.296,161.99,55874,44089,61873,65535,65535,65535,65535,65535,65535
2026-07-31 10:19:56.346,162.04,55874,44089,61873,65535,65535,65535,65535,65535,65535
2026-07-31 10:19:56.398,162.1,55874,44089,61873,65535,65535,65535,65535,65535,65535
2026-07-31 10:19:56.457,162.16,55874,44089,61873,65535,65535,65535,65535,65535,65535
2026-07-31 10:19:56.508,162.21,55874,44089,61873,65535,65535,65535,65535,65535,65535
2026-07-31 10:19:56.557,162.26,55874,44089,61873,65535,65535,65535,65535,65535,65535
2026-07-31 10:19:56.604,162.3,55874,44089,61873,65535,65535,65535,65535,65535,65535
2026-07-31 10:19:56.653,162.35,65187,44089,62022,65535,65535,65535,65535,65535,65535
2026-07-31 10:19:56.695,162.39,65187,44089,62022,65535,65535,65535,65535,65535,65535
2026-07-31 10:19:56.744,162.44,65187,44089,62022,65535,65535,65535,65535,65535,65535
2026-07-31 10:19:56.796,162.49,65187,44089,62022,65535,65535,65535,65535,65535,65535
2026-07-31 10:19:56.847,162.55,65187,44089,62022,65535,65535,65535,65535,65535,65535
2026-07-31 10:19:56.895,162.59,65187,44089,62022,65535,65535,65535,65535,65535,65535
2026-07-31 10:19:56.941,162.64,65187,44089,62022,65535,65535,65535,65535,65535,65535
2026-07-31 10:19:56.988,162.69,65187,44089,62022,65535,65535,65535,65535,65535,65535
2026-07-31 10:19:57.039,162.74,65187,44089,62022,65535,65535,65535,65535,65535,65535
2026-07-31 10:19:57.085,162.78,65187,44089,62022,65535,65535,65535,65535,65535,65535
2026-07-31 10:19:57.169,162.87,65187,44089,62022,65535,65535,65535,65535,65535,65535
2026-07-31 10:19:57.204,162.9,65187,44089,61576,65535,65535,65535,65535,65535,65535
2026-07-31 10:19:57.252,162.95,64890,42478,61576,65535,65535,65535,65535,65535,65535
2026-07-31 10:19:57.301,163.0,64890,42478,61576,65535,65535,65535,65535,65535,65535
2026-07-31 10:19:57.354,163.05,64890,42478,61576,65535,65535,65535,65535,65535,65535
2026-07-31 10:19:57.399,163.1,64890,42478,61576,65535,65535,65535,65535,65535,65535
2026-07-31 10:19:57.447,163.15,64890,42478,61576,65535,65535,65535,65535,65535,65535
2026-07-31 10:19:57.499,163.2,64890,42478,61576,65535,65535,65535,65535,65535,65535
2026-07-31 10:19:57.558,163.26,64890,42478,61576,65535,65535,65535,65535,65535,65535
2026-07-31 10:19:57.623,163.32,64890,42478,61576,65535,65535,65535,65535,65535,65535
2026-07-31 10:19:57.681,163.38,64890,42478,61576,65535,65535,65535,65535,65535,65535
2026-07-31 10:19:57.719,163.42,64890,42478,61576,65535,65535,65535,65535,65535,65535
2026-07-31 10:19:57.766,163.46,64890,42478,61725,65535,65535,65535,65535,65535,65535
2026-07-31 10:19:57.810,163.51,65187,38726,61725,65535,65535,65535,65535,65535,65535
2026-07-31 10:19:57.869,163.57,65187,38726,61725,65535,65535,65535,65535,65535,65535
2026-07-31 10:19:57.935,163.63,65187,38726,61725,65535,65535,65535,65535,65535,65535
2026-07-31 10:19:58.025,163.72,65187,38726,61725,65535,65535,65535,65535,65535,65535
2026-07-31 10:19:58.097,163.8,65187,38726,61725,65535,65535,65535,65535,65535,65535
2026-07-31 10:19:58.168,163.87,65187,38726,61725,65535,65535,65535,65535,65535,65535
2026-07-31 10:19:58.215,163.91,65187,38726,61725,65535,65535,65535,65535,65535,65535
2026-07-31 10:19:58.268,163.97,65187,38726,61725,65535,65535,65535,65535,65535,65535
2026-07-31 10:19:58.374,164.07,55790,44343,62022,65535,65535,65535,65535,65535,65535
2026-07-31 10:19:58.434,164.13,55790,44343,62022,65535,65535,65535,65535,65535,65535
2026-07-31 10:19:58.528,164.23,55790,44343,62022,65535,65535,65535,65535,65535,65535
2026-07-31 10:19:58.583,164.28,55790,44343,62022,65535,65535,65535,65535,65535,65535
2026-07-31 10:19:58.635,164.33,55790,44343,62022,65535,65535,65535,65535,65535,65535
2026-07-31 10:19:58.682,164.38,55790,44343,62022,65535,65535,65535,65535,65535,65535
2026-07-31 10:19:58.722,164.42,55790,44343,62022,65535,65535,65535,65535,65535,65535
2026-07-31 10:19:58.771,164.47,55790,44343,62022,65535,65535,65535,65535,65535,65535
2026-07-31 10:19:58.823,164.52,55790,44343,62022,65535,65535,65535,65535,65535,65535
2026-07-31 10:19:58.891,164.59,64989,44343,61873,65535,65535,65535,65535,65535,65535
2026-07-31 10:19:58.955,164.65,64989,44174,61873,65535,65535,65535,65535,65535,65535
2026-07-31 10:19:59.016,164.71,64989,44174,61873,65535,65535,65535,65535,65535,65535
2026-07-31 10:19:59.078,164.78,64989,44174,61873,65535,65535,65535,65535,65535,65535
2026-07-31 10:19:59.131,164.83,64989,44174,61873,65535,65535,65535,65535,65535,65535
2026-07-31 10:19:59.186,164.88,64989,44174,61873,65535,65535,65535,65535,65535,65535
2026-07-31 10:19:59.226,164.92,64989,44174,61873,65535,65535,65535,65535,65535,65535
2026-07-31 10:19:59.275,164.97,64989,44174,61873,65535,65535,65535,65535,65535,65535
2026-07-31 10:19:59.326,165.02,64989,44174,61873,65535,65535,65535,65535,65535,65535
2026-07-31 10:19:59.373,165.07,64989,44174,61873,65535,65535,65535,65535,65535,65535
2026-07-31 10:19:59.425,165.12,64989,44174,61873,65535,65535,65535,65535,65535,65535
2026-07-31 10:19:59.494,165.19,65187,44428,61576,65535,65535,65535,65535,65535,65535
2026-07-31 10:19:59.573,165.27,65187,44428,61576,65535,65535,65535,65535,65535,65535
2026-07-31 10:19:59.617,165.32,65187,44428,61576,65535,65535,65535,65535,65535,65535
2026-07-31 10:19:59.696,165.39,65187,44428,61576,65535,65535,65535,65535,65535,65535
2026-07-31 10:19:59.732,165.43,65187,44428,61576,65535,65535,65535,65535,65535,65535
2026-07-31 10:19:59.778,165.48,65187,44428,61576,65535,65535,65535,65535,65535,65535
2026-07-31 10:19:59.825,165.52,65187,44428,61576,65535,65535,65535,65535,65535,65535
2026-07-31 10:19:59.874,165.57,65187,44428,61576,65535,65535,65535,65535,65535,65535
2026-07-31 10:19:59.920,165.62,65187,44428,61576,65535,65535,65535,65535,65535,65535
2026-07-31 10:19:59.981,165.68,65187,44428,61576,65535,65535,65535,65535,65535,65535
2026-07-31 10:20:00.028,165.73,65286,44428,61280,65535,65535,65535,65535,65535,65535
2026-07-31 10:20:00.075,165.77,65286,44343,61280,65535,65535,65535,65535,65535,65535
2026-07-31 10:20:00.124,165.82,65286,44343,61280,65535,65535,65535,65535,65535,65535
2026-07-31 10:20:00.173,165.87,65286,44343,61280,65535,65535,65535,65535,65535,65535
2026-07-31 10:20:00.214,165.91,65286,44343,61280,65535,65535,65535,65535,65535,65535
2026-07-31 10:20:00.261,165.96,65286,44343,61280,65535,65535,65535,65535,65535,65535
2026-07-31 10:20:00.308,166.01,65286,44343,61280,65535,65535,65535,65535,65535,65535
2026-07-31 10:20:00.356,166.05,65286,44343,61280,65535,65535,65535,65535,65535,65535
2026-07-31 10:20:00.407,166.11,65286,44343,61280,65535,65535,65535,65535,65535,65535
2026-07-31 10:20:00.451,166.15,65286,44343,61280,65535,65535,65535,65535,65535,65535
2026-07-31 10:20:00.501,166.2,65286,44343,61280,65535,65535,65535,65535,65535,65535
2026-07-31 10:20:00.553,166.25,65286,44343,61280,65535,65535,65535,65535,65535,65535
2026-07-31 10:20:00.600,166.3,64989,44174,61576,65535,65535,65535,65535,65535,65535
2026-07-31 10:20:00.650,166.35,64989,44174,61576,65535,65535,65535,65535,65535,65535
2026-07-31 10:20:00.706,166.4,64989,44174,61576,65535,65535,65535,65535,65535,65535
2026-07-31 10:20:00.749,166.45,64989,44174,61576,65535,65535,65535,65535,65535,65535
2026-07-31 10:20:00.799,166.5,64989,44174,61576,65535,65535,65535,65535,65535,65535
2026-07-31 10:20:00.846,166.54,64989,44174,61576,65535,65535,65535,65535,65535,65535
2026-07-31 10:20:00.892,166.59,64989,44174,61576,65535,65535,65535,65535,65535,65535
2026-07-31 10:20:00.941,166.64,64989,44174,61576,65535,65535,65535,65535,65535,65535
2026-07-31 10:20:00.990,166.69,64989,44174,61576,65535,65535,65535,65535,65535,65535
2026-07-31 10:20:01.037,166.74,64989,44174,61576,65535,65535,65535,65535,65535,65535
2026-07-31 10:20:01.090,166.79,64989,44174,61576,65535,65535,65535,65535,65535,65535
2026-07-31 10:20:01.136,166.83,64989,44174,61725,65535,65535,65535,65535,65535,65535
2026-07-31 10:20:01.186,166.88,55874,51437,61725,65535,65535,65535,65535,65535,65535
2026-07-31 10:20:01.221,166.92,55874,51437,61725,65535,65535,65535,65535,65535,65535
2026-07-31 10:20:01.268,166.97,55874,51437,61725,65535,65535,65535,65535,65535,65535
2026-07-31 10:20:01.313,167.01,55874,51437,61725,65535,65535,65535,65535,65535,65535
2026-07-31 10:20:01.364,167.06,55874,51437,61725,65535,65535,65535,65535,65535,65535
2026-07-31 10:20:01.410,167.11,55874,51437,61725,65535,65535,65535,65535,65535,65535
2026-07-31 10:20:01.460,167.16,55874,51437,61725,65535,65535,65535,65535,65535,65535
2026-07-31 10:20:01.504,167.2,55874,51437,61725,65535,65535,65535,65535,65535,65535
2026-07-31 10:20:01.556,167.25,55874,51437,61725,65535,65535,65535,65535,65535,65535
2026-07-31 10:20:01.603,167.3,55874,51437,61725,65535,65535,65535,65535,65535,65535
2026-07-31 10:20:01.651,167.35,55874,51437,61725,65535,65535,65535,65535,65535,65535
2026-07-31 10:20:01.686,167.38,55874,51437,49380,65535,65535,65535,65535,65535,65535
2026-07-31 10:20:01.722,167.42,65286,51437,49380,65535,65535,65535,65535,65535,65535
2026-07-31 10:20:01.770,167.47,65286,51536,49380,65535,65535,65535,65535,65535,65535
2026-07-31 10:20:01.815,167.51,65286,51536,49380,65535,65535,65535,65535,65535,65535
2026-07-31 10:20:01.867,167.57,65286,51536,49380,65535,65535,65535,65535,65535,65535
2026-07-31 10:20:01.918,167.62,65286,51536,49380,65535,65535,65535,65535,65535,65535
2026-07-31 10:20:01.964,167.66,65286,51536,49380,65535,65535,65535,65535,65535,65535
2026-07-31 10:20:02.017,167.72,65286,51536,49380,65535,65535,65535,65535,65535,65535
2026-07-31 10:20:02.061,167.76,65286,51536,49380,65535,65535,65535,65535,65535,65535
2026-07-31 10:20:02.113,167.81,65286,51536,49380,65535,65535,65535,65535,65535,65535
2026-07-31 10:20:02.155,167.85,65286,51536,49380,65535,65535,65535,65535,65535,65535
2026-07-31 10:20:02.195,167.89,65286,51536,49380,65535,65535,65535,65535,65535,65535
2026-07-31 10:20:02.243,167.94,65286,51536,49380,65535,65535,65535,65535,65535,65535
2026-07-31 10:20:02.289,167.99,55959,51536,61725,65535,65535,65535,65535,65535,65535
2026-07-31 10:20:02.336,168.03,55959,44089,61725,65535,65535,65535,65535,65535,65535
2026-07-31 10:20:02.384,168.08,55959,44089,61725,65535,65535,65535,65535,65535,65535
2026-07-31 10:20:02.433,168.13,55959,44089,61725,65535,65535,65535,65535,65535,65535
2026-07-31 10:20:02.482,168.18,55959,44089,61725,65535,65535,65535,65535,65535,65535
2026-07-31 10:20:02.534,168.23,55959,44089,61725,65535,65535,65535,65535,65535,65535
2026-07-31 10:20:02.581,168.28,55959,44089,61725,65535,65535,65535,65535,65535,65535
2026-07-31 10:20:02.627,168.33,55959,44089,61725,65535,65535,65535,65535,65535,65535
2026-07-31 10:20:02.677,168.38,55959,44089,61725,65535,65535,65535,65535,65535,65535
2026-07-31 10:20:02.713,168.41,55959,44089,61725,65535,65535,65535,65535,65535,65535
2026-07-31 10:20:02.760,168.46,55959,44089,61725,65535,65535,65535,65535,65535,65535
2026-07-31 10:20:02.804,168.5,55959,44089,61725,65535,65535,65535,65535,65535,65535
2026-07-31 10:20:02.856,168.55,65534,44089,61725,65535,65535,65535,65535,65535,65535
2026-07-31 10:20:02.907,168.61,65534,44343,61725,65535,65535,65535,65535,65535,65535
2026-07-31 10:20:02.957,168.66,65534,44343,61725,65535,65535,65535,65535,65535,65535
2026-07-31 10:20:03.004,168.7,65534,44343,61725,65535,65535,65535,65535,65535,65535
2026-07-31 10:20:03.051,168.75,65534,44343,61725,65535,65535,65535,65535,65535,65535
2026-07-31 10:20:03.099,168.8,65534,44343,61725,65535,65535,65535,65535,65535,65535
2026-07-31 10:20:03.146,168.84,65534,44343,61725,65535,65535,65535,65535,65535,65535
2026-07-31 10:20:03.189,168.89,65534,44343,61725,65535,65535,65535,65535,65535,65535
2026-07-31 10:20:03.224,168.92,65534,44343,61725,65535,65535,65535,65535,65535,65535
2026-07-31 10:20:03.268,168.97,65534,44343,61725,65535,65535,65535,65535,65535,65535
2026-07-31 10:20:03.320,169.02,65534,44343,61725,65535,65535,65535,65535,65535,65535
2026-07-31 10:20:03.365,169.06,65534,44343,61725,65535,65535,65535,65535,65535,65535
2026-07-31 10:20:03.414,169.11,55705,44343,61725,65535,65535,65535,65535,65535,65535
2026-07-31 10:20:03.458,169.16,55705,44259,61725,65535,65535,65535,65535,65535,65535
2026-07-31 10:20:03.504,169.2,55705,44259,61725,65535,65535,65535,65535,65535,65535
2026-07-31 10:20:03.550,169.25,55705,44259,61725,65535,65535,65535,65535,65535,65535
2026-07-31 10:20:03.600,169.3,55705,44259,61725,65535,65535,65535,65535,65535,65535
2026-07-31 10:20:03.649,169.35,55705,44259,61725,65535,65535,65535,65535,65535,65535
2026-07-31 10:20:03.687,169.39,55705,44259,61725,65535,65535,65535,65535,65535,65535
2026-07-31 10:20:03.723,169.42,55705,44259,61725,65535,65535,65535,65535,65535,65535
2026-07-31 10:20:03.769,169.47,55705,44259,61725,65535,65535,65535,65535,65535,65535
2026-07-31 10:20:03.816,169.51,55705,44259,61725,65535,65535,65535,65535,65535,65535
2026-07-31 10:20:03.863,169.56,55705,44259,61725,65535,65535,65535,65535,65535,65535
2026-07-31 10:20:03.906,169.6,55705,44259,61725,65535,65535,65535,65535,65535,65535
2026-07-31 10:20:03.956,169.65,55705,44259,61576,65535,65535,65535,65535,65535,65535
2026-07-31 10:20:04.005,169.7,55620,38800,61576,65535,65535,65535,65535,65535,65535
2026-07-31 10:20:04.052,169.75,55620,38800,61576,65535,65535,65535,65535,65535,65535
2026-07-31 10:20:04.097,169.8,55620,38800,61576,65535,65535,65535,65535,65535,65535
2026-07-31 10:20:04.143,169.84,55620,38800,61576,65535,65535,65535,65535,65535,65535
2026-07-31 10:20:04.183,169.88,55620,38800,61576,65535,65535,65535,65535,65535,65535
2026-07-31 10:20:04.217,169.92,55620,38800,61576,65535,65535,65535,65535,65535,65535
2026-07-31 10:20:04.265,169.96,55620,38800,61576,65535,65535,65535,65535,65535,65535
2026-07-31 10:20:04.313,170.01,55620,38800,61576,65535,65535,65535,65535,65535,65535
2026-07-31 10:20:04.359,170.06,55620,38800,61576,65535,65535,65535,65535,65535,65535
2026-07-31 10:20:04.410,170.11,55620,38800,61576,65535,65535,65535,65535,65535,65535
2026-07-31 10:20:04.453,170.15,55620,38800,61576,65535,65535,65535,65535,65535,65535
2026-07-31 10:20:04.503,170.2,55620,38800,61576,65535,65535,65535,65535,65535,65535
2026-07-31 10:20:04.549,170.25,65088,38800,61280,65535,65535,65535,65535,65535,65535
2026-07-31 10:20:04.601,170.3,65088,51536,61280,65535,65535,65535,65535,65535,65535
2026-07-31 10:20:04.647,170.35,65088,51536,61280,65535,65535,65535,65535,65535,65535
2026-07-31 10:20:04.684,170.38,65088,51536,61280,65535,65535,65535,65535,65535,65535
2026-07-31 10:20:04.720,170.42,65088,51536,61280,65535,65535,65535,65535,65535,65535
2026-07-31 10:20:04.763,170.46,65088,51536,61280,65535,65535,65535,65535,65535,65535
2026-07-31 10:20:04.810,170.51,65088,51536,61280,65535,65535,65535,65535,65535,65535
2026-07-31 10:20:04.863,170.56,65088,51536,61280,65535,65535,65535,65535,65535,65535
2026-07-31 10:20:04.910,170.61,65088,51536,61280,65535,65535,65535,65535,65535,65535
2026-07-31 10:20:04.957,170.66,65088,51536,61280,65535,65535,65535,65535,65535,65535
2026-07-31 10:20:05.005,170.7,65088,51536,61280,65535,65535,65535,65535,65535,65535
2026-07-31 10:20:05.054,170.75,65088,51536,61280,65535,65535,65535,65535,65535,65535
2026-07-31 10:20:05.098,170.8,65088,51536,65534,65535,65535,65535,65535,65535,65535
2026-07-31 10:20:05.148,170.85,65484,44343,65534,65535,65535,65535,65535,65535,65535
2026-07-31 10:20:05.194,170.89,65484,44343,65534,65535,65535,65535,65535,65535,65535
2026-07-31 10:20:05.233,170.93,65484,44343,65534,65535,65535,65535,65535,65535,65535
2026-07-31 10:20:05.280,170.98,65484,44343,65534,65535,65535,65535,65535,65535,65535
2026-07-31 10:20:05.325,171.02,65484,44343,65534,65535,65535,65535,65535,65535,65535
2026-07-31 10:20:05.376,171.07,65484,44343,65534,65535,65535,65535,65535,65535,65535
2026-07-31 10:20:05.424,171.12,65484,44343,65534,65535,65535,65535,65535,65535,65535
2026-07-31 10:20:05.473,171.17,65484,44343,65534,65535,65535,65535,65535,65535,65535
2026-07-31 10:20:05.518,171.22,65484,44343,65534,65535,65535,65535,65535,65535,65535
2026-07-31 10:20:05.564,171.26,65484,44343,65534,65535,65535,65535,65535,65535,65535
2026-07-31 10:20:05.616,171.31,65484,44343,65534,65535,65535,65535,65535,65535,65535
2026-07-31 10:20:05.660,171.36,65484,44343,61725,65535,65535,65535,65535,65535,65535
2026-07-31 10:20:05.698,171.4,65088,60199,61725,65535,65535,65535,65535,65535,65535
2026-07-31 10:20:05.745,171.44,65088,60199,61725,65535,65535,65535,65535,65535,65535
2026-07-31 10:20:05.792,171.49,65088,60199,61725,65535,65535,65535,65535,65535,65535
2026-07-31 10:20:05.841,171.54,65088,60199,61725,65535,65535,65535,65535,65535,65535
2026-07-31 10:20:05.889,171.59,65088,60199,61725,65535,65535,65535,65535,65535,65535
2026-07-31 10:20:05.934,171.63,65088,60199,61725,65535,65535,65535,65535,65535,65535
2026-07-31 10:20:05.984,171.68,65088,60199,61725,65535,65535,65535,65535,65535,65535
2026-07-31 10:20:06.030,171.73,65088,60199,61725,65535,65535,65535,65535,65535,65535
2026-07-31 10:20:06.081,171.78,65088,60199,61725,65535,65535,65535,65535,65535,65535
2026-07-31 10:20:06.125,171.82,65088,60199,61725,65535,65535,65535,65535,65535,65535
2026-07-31 10:20:06.177,171.88,65088,60199,61725,65535,65535,65535,65535,65535,65535
2026-07-31 10:20:06.212,171.91,65088,60199,61725,65535,65535,65535,65535,65535,65535
2026-07-31 10:20:06.262,171.96,55705,44174,61576,65535,65535,65535,65535,65535,65535
2026-07-31 10:20:06.320,172.02,55705,44174,61576,65535,65535,65535,65535,65535,65535
2026-07-31 10:20:06.366,172.06,55705,44174,61576,65535,65535,65535,65535,65535,65535
2026-07-31 10:20:06.416,172.11,55705,44174,61576,65535,65535,65535,65535,65535,65535
2026-07-31 10:20:06.464,172.16,55705,44174,61576,65535,65535,65535,65535,65535,65535
2026-07-31 10:20:06.511,172.21,55705,44174,61576,65535,65535,65535,65535,65535,65535
2026-07-31 10:20:06.559,172.26,55705,44174,61576,65535,65535,65535,65535,65535,65535
2026-07-31 10:20:06.602,172.3,55705,44174,61576,65535,65535,65535,65535,65535,65535
2026-07-31 10:20:06.647,172.35,55705,44174,61576,65535,65535,65535,65535,65535,65535
2026-07-31 10:20:06.692,172.39,55705,44174,61576,65535,65535,65535,65535,65535,65535
2026-07-31 10:20:06.732,172.43,55705,44174,61576,65535,65535,65535,65535,65535,65535
2026-07-31 10:20:06.779,172.48,55705,44174,61576,65535,65535,65535,65535,65535,65535
2026-07-31 10:20:06.824,172.52,65286,44174,61576,65535,65535,65535,65535,65535,65535
2026-07-31 10:20:06.875,172.57,65286,51437,61576,65535,65535,65535,65535,65535,65535
2026-07-31 10:20:06.927,172.62,65286,51437,61576,65535,65535,65535,65535,65535,65535
2026-07-31 10:20:06.976,172.67,65286,51437,61576,65535,65535,65535,65535,65535,65535
2026-07-31 10:20:07.021,172.72,65286,51437,61576,65535,65535,65535,65535,65535,65535
2026-07-31 10:20:07.066,172.76,65286,51437,61576,65535,65535,65535,65535,65535,65535
2026-07-31 10:20:07.118,172.82,65286,51437,61576,65535,65535,65535,65535,65535,65535
2026-07-31 10:20:07.164,172.86,65286,51437,61576,65535,65535,65535,65535,65535,65535
2026-07-31 10:20:07.202,172.9,65286,51437,61576,65535,65535,65535,65535,65535,65535
2026-07-31 10:20:07.247,172.95,65286,51437,61576,65535,65535,65535,65535,65535,65535
2026-07-31 10:20:07.295,172.99,65286,51437,61576,65535,65535,65535,65535,65535,65535
2026-07-31 10:20:07.345,173.04,65286,51437,61725,65535,65535,65535,65535,65535,65535
2026-07-31 10:20:07.394,173.09,56044,44259,61725,65535,65535,65535,65535,65535,65535
2026-07-31 10:20:07.437,173.14,56044,44259,61725,65535,65535,65535,65535,65535,65535
2026-07-31 10:20:07.486,173.18,56044,44259,61725,65535,65535,65535,65535,65535,65535
2026-07-31 10:20:07.534,173.23,56044,44259,61725,65535,65535,65535,65535,65535,65535
2026-07-31 10:20:07.585,173.28,56044,44259,61725,65535,65535,65535,65535,65535,65535
2026-07-31 10:20:07.629,173.33,56044,44259,61725,65535,65535,65535,65535,65535,65535
2026-07-31 10:20:07.680,173.38,56044,44259,61725,65535,65535,65535,65535,65535,65535
2026-07-31 10:20:07.716,173.41,56044,44259,61725,65535,65535,65535,65535,65535,65535
2026-07-31 10:20:07.764,173.46,56044,44259,61725,65535,65535,65535,65535,65535,65535
2026-07-31 10:20:07.810,173.51,56044,44259,61725,65535,65535,65535,65535,65535,65535
2026-07-31 10:20:07.857,173.56,56044,44259,61725,65535,65535,65535,65535,65535,65535
2026-07-31 10:20:07.902,173.6,56044,44259,61725,65535,65535,65535,65535,65535,65535
2026-07-31 10:20:07.957,173.66,55959,44174,61576,65535,65535,65535,65535,65535,65535
2026-07-31 10:20:08.007,173.71,55959,44174,61576,65535,65535,65535,65535,65535,65535
2026-07-31 10:20:08.057,173.76,55959,44174,61576,65535,65535,65535,65535,65535,65535
2026-07-31 10:20:08.103,173.8,55959,44174,61576,65535,65535,65535,65535,65535,65535
2026-07-31 10:20:08.155,173.85,55959,44174,61576,65535,65535,65535,65535,65535,65535
2026-07-31 10:20:08.197,173.9,55959,44174,61576,65535,65535,65535,65535,65535,65535
2026-07-31 10:20:08.235,173.93,55959,44174,61576,65535,65535,65535,65535,65535,65535
2026-07-31 10:20:08.278,173.98,55959,44174,61576,65535,65535,65535,65535,65535,65535
2026-07-31 10:20:08.323,174.02,55959,44174,61576,65535,65535,65535,65535,65535,65535
2026-07-31 10:20:08.367,174.07,55959,44174,61576,65535,65535,65535,65535,65535,65535
2026-07-31 10:20:08.415,174.11,55959,44174,61576,65535,65535,65535,65535,65535,65535
2026-07-31 10:20:08.464,174.16,55959,44174,61576,65535,65535,65535,65535,65535,65535
2026-07-31 10:20:08.513,174.21,65534,44174,61873,65535,65535,65535,65535,65535,65535
2026-07-31 10:20:08.558,174.26,65534,44259,61873,65535,65535,65535,65535,65535,65535
2026-07-31 10:20:08.605,174.3,65534,44259,61873,65535,65535,65535,65535,65535,65535
2026-07-31 10:20:08.651,174.35,65534,44259,61873,65535,65535,65535,65535,65535,65535
2026-07-31 10:20:08.702,174.4,65534,44259,61873,65535,65535,65535,65535,65535,65535
2026-07-31 10:20:08.740,174.44,65534,44259,61873,65535,65535,65535,65535,65535,65535
2026-07-31 10:20:08.788,174.49,65534,44259,61873,65535,65535,65535,65535,65535,65535
2026-07-31 10:20:08.835,174.53,65534,44259,61873,65535,65535,65535,65535,65535,65535
2026-07-31 10:20:08.884,174.58,65534,44259,61873,65535,65535,65535,65535,65535,65535
2026-07-31 10:20:08.929,174.63,65534,44259,61873,65535,65535,65535,65535,65535,65535
2026-07-31 10:20:08.981,174.68,65534,44259,61873,65535,65535,65535,65535,65535,65535
2026-07-31 10:20:09.025,174.72,65534,44259,61873,65535,65535,65535,65535,65535,65535
2026-07-31 10:20:09.078,174.78,61329,44259,61576,65535,65535,65535,65535,65535,65535
2026-07-31 10:20:09.130,174.83,61329,44343,61576,65535,65535,65535,65535,65535,65535
2026-07-31 10:20:09.173,174.87,61329,44343,61576,65535,65535,65535,65535,65535,65535
2026-07-31 10:20:09.213,174.91,61329,44343,61576,65535,65535,65535,65535,65535,65535
2026-07-31 10:20:09.261,174.96,61329,44343,61576,65535,65535,65535,65535,65535,65535
2026-07-31 10:20:09.307,175.01,61329,44343,61576,65535,65535,65535,65535,65535,65535
2026-07-31 10:20:09.354,175.05,61329,44343,61576,65535,65535,65535,65535,65535,65535
2026-07-31 10:20:09.402,175.1,61329,44343,61576,65535,65535,65535,65535,65535,65535
2026-07-31 10:20:09.449,175.15,61329,44343,61576,65535,65535,65535,65535,65535,65535
2026-07-31 10:20:09.498,175.2,61329,44343,61576,65535,65535,65535,65535,65535,65535
2026-07-31 10:20:09.548,175.25,61329,44343,61576,65535,65535,65535,65535,65535,65535
2026-07-31 10:20:09.594,175.29,61329,44343,61576,65535,65535,65535,65535,65535,65535
2026-07-31 10:20:09.640,175.34,65286,44343,61725,65535,65535,65535,65535,65535,65535
2026-07-31 10:20:09.693,175.39,65286,44174,61725,65535,65535,65535,65535,65535,65535
2026-07-31 10:20:09.732,175.43,65286,44174,61725,65535,65535,65535,65535,65535,65535
2026-07-31 10:20:09.780,175.48,65286,44174,61725,65535,65535,65535,65535,65535,65535
2026-07-31 10:20:09.825,175.52,65286,44174,61725,65535,65535,65535,65535,65535,65535
2026-07-31 10:20:09.876,175.57,65286,44174,61725,65535,65535,65535,65535,65535,65535
2026-07-31 10:20:09.921,175.62,65286,44174,61725,65535,65535,65535,65535,65535,65535
2026-07-31 10:20:09.973,175.67,65286,44174,61725,65535,65535,65535,65535,65535,65535
2026-07-31 10:20:10.016,175.71,65286,44174,61725,65535,65535,65535,65535,65535,65535
2026-07-31 10:20:10.065,175.76,65286,44174,61725,65535,65535,65535,65535,65535,65535
2026-07-31 10:20:10.113,175.81,65286,44174,61725,65535,65535,65535,65535,65535,65535
2026-07-31 10:20:10.161,175.86,65286,44174,61725,65535,65535,65535,65535,65535,65535
2026-07-31 10:20:10.206,175.9,65187,44174,61280,65535,65535,65535,65535,65535,65535
2026-07-31 10:20:10.244,175.94,65187,44089,61280,65535,65535,65535,65535,65535,65535
2026-07-31 10:20:10.289,175.99,65187,44089,61280,65535,65535,65535,65535,65535,65535
2026-07-31 10:20:10.340,176.04,65187,44089,61280,65535,65535,65535,65535,65535,65535
2026-07-31 10:20:10.384,176.08,65187,44089,61280,65535,65535,65535,65535,65535,65535
2026-07-31 10:20:10.433,176.13,65187,44089,61280,65535,65535,65535,65535,65535,65535
2026-07-31 10:20:10.481,176.18,65187,44089,61280,65535,65535,65535,65535,65535,65535
2026-07-31 10:20:10.529,176.23,65187,44089,61280,65535,65535,65535,65535,65535,65535
2026-07-31 10:20:10.575,176.27,65187,44089,61280,65535,65535,65535,65535,65535,65535
2026-07-31 10:20:10.624,176.32,65187,44089,61280,65535,65535,65535,65535,65535,65535
2026-07-31 10:20:10.669,176.37,65187,44089,61280,65535,65535,65535,65535,65535,65535
2026-07-31 10:20:10.709,176.41,65187,44089,61280,65535,65535,65535,65535,65535,65535
2026-07-31 10:20:10.745,176.44,65187,44089,61576,65535,65535,65535,65535,65535,65535
2026-07-31 10:20:10.792,176.49,65286,42902,61576,65535,65535,65535,65535,65535,65535
2026-07-31 10:20:10.839,176.54,65286,42902,61576,65535,65535,65535,65535,65535,65535
2026-07-31 10:20:10.883,176.58,65286,42902,61576,65535,65535,65535,65535,65535,65535
2026-07-31 10:20:10.929,176.63,65286,42902,61576,65535,65535,65535,65535,65535,65535
2026-07-31 10:20:10.977,176.68,65286,42902,61576,65535,65535,65535,65535,65535,65535
2026-07-31 10:20:11.026,176.72,65286,42902,61576,65535,65535,65535,65535,65535,65535
2026-07-31 10:20:11.071,176.77,65286,42902,61576,65535,65535,65535,65535,65535,65535
2026-07-31 10:20:11.119,176.82,65286,42902,61576,65535,65535,65535,65535,65535,65535
2026-07-31 10:20:11.167,176.87,65286,42902,61576,65535,65535,65535,65535,65535,65535
2026-07-31 10:20:11.204,176.9,65286,42902,61576,65535,65535,65535,65535,65535,65535
2026-07-31 10:20:11.239,176.94,65286,42902,61576,65535,65535,65535,65535,65535,65535
2026-07-31 10:20:11.283,176.98,65286,42902,61576,65535,65535,65535,65535,65535,65535
2026-07-31 10:20:11.328,177.03,65286,42902,49261,65535,65535,65535,65535,65535,65535
2026-07-31 10:20:11.373,177.07,65286,44343,49261,65535,65535,65535,65535,65535,65535
2026-07-31 10:20:11.419,177.12,65286,44343,49261,65535,65535,65535,65535,65535,65535
2026-07-31 10:20:11.468,177.17,65286,44343,49261,65535,65535,65535,65535,65535,65535
2026-07-31 10:20:11.514,177.21,65286,44343,49261,65535,65535,65535,65535,65535,65535
2026-07-31 10:20:11.564,177.26,65286,44343,49261,65535,65535,65535,65535,65535,65535
2026-07-31 10:20:11.613,177.31,65286,44343,49261,65535,65535,65535,65535,65535,65535
2026-07-31 10:20:11.658,177.36,65286,44343,49261,65535,65535,65535,65535,65535,65535
2026-07-31 10:20:11.697,177.4,65286,44343,49261,65535,65535,65535,65535,65535,65535
2026-07-31 10:20:11.732,177.43,65286,44343,49261,65535,65535,65535,65535,65535,65535
2026-07-31 10:20:11.779,177.48,65286,44343,49261,65535,65535,65535,65535,65535,65535
2026-07-31 10:20:11.826,177.52,65286,44343,49261,65535,65535,65535,65535,65535,65535
2026-07-31 10:20:11.874,177.57,65286,44343,61873,65535,65535,65535,65535,65535,65535
2026-07-31 10:20:11.919,177.62,55620,44174,61873,65535,65535,65535,65535,65535,65535
2026-07-31 10:20:11.969,177.67,55620,44174,61873,65535,65535,65535,65535,65535,65535
2026-07-31 10:20:12.016,177.71,55620,44174,61873,65535,65535,65535,65535,65535,65535
2026-07-31 10:20:12.065,177.76,55620,44174,61873,65535,65535,65535,65535,65535,65535
2026-07-31 10:20:12.113,177.81,55620,44174,61873,65535,65535,65535,65535,65535,65535
2026-07-31 10:20:12.162,177.86,55620,44174,61873,65535,65535,65535,65535,65535,65535
2026-07-31 10:20:12.205,177.9,55620,44174,61873,65535,65535,65535,65535,65535,65535
2026-07-31 10:20:12.240,177.94,55620,44174,61873,65535,65535,65535,65535,65535,65535
2026-07-31 10:20:12.287,177.99,55620,44174,61873,65535,65535,65535,65535,65535,65535
2026-07-31 10:20:12.333,178.03,55620,44174,61873,65535,65535,65535,65535,65535,65535
2026-07-31 10:20:12.379,178.08,55620,44174,61873,65535,65535,65535,65535,65535,65535
2026-07-31 10:20:12.423,178.12,55620,44174,61873,65535,65535,65535,65535,65535,65535
2026-07-31 10:20:12.473,178.17,65187,44174,61725,65535,65535,65535,65535,65535,65535
2026-07-31 10:20:12.522,178.22,65187,44513,61725,65535,65535,65535,65535,65535,65535
2026-07-31 10:20:12.566,178.26,65187,44513,61725,65535,65535,65535,65535,65535,65535
2026-07-31 10:20:12.604,178.3,65187,44513,61725,65535,65535,65535,65535,65535,65535
2026-07-31 10:20:12.651,178.35,65187,44513,61725,65535,65535,65535,65535,65535,65535
2026-07-31 10:20:12.700,178.4,65187,44513,61725,65535,65535,65535,65535,65535,65535
2026-07-31 10:20:12.736,178.43,65187,44513,61725,65535,65535,65535,65535,65535,65535
2026-07-31 10:20:12.780,178.48,65187,44513,61725,65535,65535,65535,65535,65535,65535
2026-07-31 10:20:12.831,178.53,65187,44513,61725,65535,65535,65535,65535,65535,65535
2026-07-31 10:20:12.875,178.57,65187,44513,61725,65535,65535,65535,65535,65535,65535
2026-07-31 10:20:12.926,178.62,65187,44513,61725,65535,65535,65535,65535,65535,65535
2026-07-31 10:20:12.977,178.67,65187,44513,61725,65535,65535,65535,65535,65535,65535
2026-07-31 10:20:13.034,178.73,65187,44513,54484,65535,65535,65535,65535,65535,65535
2026-07-31 10:20:13.087,178.79,65187,44174,54484,65535,65535,65535,65535,65535,65535
2026-07-31 10:20:13.151,178.85,65187,44174,54484,65535,65535,65535,65535,65535,65535
2026-07-31 10:20:13.232,178.93,65187,44174,54484,65535,65535,65535,65535,65535,65535
2026-07-31 10:20:13.289,178.99,65187,44174,54484,65535,65535,65535,65535,65535,65535
2026-07-31 10:20:13.341,179.04,65187,44174,54484,65535,65535,65535,65535,65535,65535
2026-07-31 10:20:13.396,179.09,65187,44174,54484,65535,65535,65535,65535,65535,65535
2026-07-31 10:20:13.478,179.18,65187,44174,54484,65535,65535,65535,65535,65535,65535
2026-07-31 10:20:13.534,179.23,65187,44174,54484,65535,65535,65535,65535,65535,65535
2026-07-31 10:20:13.616,179.31,56044,51536,61725,65535,65535,65535,65535,65535,65535
2026-07-31 10:20:13.676,179.37,56044,51536,61725,65535,65535,65535,65535,65535,65535
2026-07-31 10:20:13.729,179.43,56044,51536,61725,65535,65535,65535,65535,65535,65535
2026-07-31 10:20:13.778,179.48,56044,51536,61725,65535,65535,65535,65535,65535,65535
2026-07-31 10:20:13.822,179.52,56044,51536,61725,65535,65535,65535,65535,65535,65535
2026-07-31 10:20:13.893,179.59,56044,51536,61725,65535,65535,65535,65535,65535,65535
2026-07-31 10:20:13.945,179.64,56044,51536,61725,65535,65535,65535,65535,65535,65535
2026-07-31 10:20:13.993,179.69,56044,51536,61725,65535,65535,65535,65535,65535,65535
2026-07-31 10:20:14.048,179.75,56044,51536,61725,65535,65535,65535,65535,65535,65535
2026-07-31 10:20:14.100,179.8,56044,51536,61725,65535,65535,65535,65535,65535,65535
2026-07-31 10:20:14.150,179.85,55790,51536,61873,65535,65535,65535,65535,65535,65535
2026-07-31 10:20:14.198,179.9,55790,44259,61873,65535,65535,65535,65535,65535,65535
2026-07-31 10:20:14.233,179.93,55790,44259,61873,65535,65535,65535,65535,65535,65535
2026-07-31 10:20:14.295,179.99,55790,44259,61873,65535,65535,65535,65535,65535,65535
2026-07-31 10:20:14.348,180.05,55790,44259,61873,65535,65535,65535,65535,65535,65535
2026-07-31 10:20:14.398,180.1,55790,44259,61873,65535,65535,65535,65535,65535,65535
2026-07-31 10:20:14.448,180.15,55790,44259,61873,65535,65535,65535,65535,65535,65535
2026-07-31 10:20:14.496,180.19,55790,44259,61873,65535,65535,65535,65535,65535,65535
2026-07-31 10:20:14.541,180.24,55790,44259,61873,65535,65535,65535,65535,65535,65535
2026-07-31 10:20:14.592,180.29,55790,44259,61873,65535,65535,65535,65535,65535,65535
2026-07-31 10:20:14.637,180.34,55790,44259,61873,65535,65535,65535,65535,65535,65535
2026-07-31 10:20:14.687,180.39,55790,44259,61280,65535,65535,65535,65535,65535,65535
2026-07-31 10:20:14.722,180.42,65088,44259,61280,65535,65535,65535,65535,65535,65535
2026-07-31 10:20:14.767,180.47,65088,44089,61280,65535,65535,65535,65535,65535,65535
2026-07-31 10:20:14.816,180.51,65088,44089,61280,65535,65535,65535,65535,65535,65535
2026-07-31 10:20:14.862,180.56,65088,44089,61280,65535,65535,65535,65535,65535,65535
2026-07-31 10:20:14.913,180.61,65088,44089,61280,65535,65535,65535,65535,65535,65535
2026-07-31 10:20:14.961,180.66,65088,44089,61280,65535,65535,65535,65535,65535,65535
2026-07-31 10:20:15.005,180.7,65088,44089,61280,65535,65535,65535,65535,65535,65535
2026-07-31 10:20:15.053,180.75,65088,44089,61280,65535,65535,65535,65535,65535,65535
2026-07-31 10:20:15.102,180.8,65088,44089,61280,65535,65535,65535,65535,65535,65535
2026-07-31 10:20:15.147,180.85,65088,44089,61280,65535,65535,65535,65535,65535,65535
2026-07-31 10:20:15.195,180.89,65088,44089,61280,65535,65535,65535,65535,65535,65535
2026-07-31 10:20:15.232,180.93,65088,44089,61280,65535,65535,65535,65535,65535,65535
2026-07-31 10:20:15.279,180.98,65187,44089,61873,65535,65535,65535,65535,65535,65535
2026-07-31 10:20:15.327,181.03,65187,51833,61873,65535,65535,65535,65535,65535,65535
2026-07-31 10:20:15.376,181.07,65187,51833,61873,65535,65535,65535,65535,65535,65535
2026-07-31 10:20:15.429,181.13,65187,51833,61873,65535,65535,65535,65535,65535,65535
2026-07-31 10:20:15.483,181.18,65187,51833,61873,65535,65535,65535,65535,65535,65535
2026-07-31 10:20:15.535,181.23,65187,51833,61873,65535,65535,65535,65535,65535,65535
2026-07-31 10:20:15.580,181.28,65187,51833,61873,65535,65535,65535,65535,65535,65535
2026-07-31 10:20:15.627,181.33,65187,51833,61873,65535,65535,65535,65535,65535,65535
2026-07-31 10:20:15.675,181.37,65187,51833,61873,65535,65535,65535,65535,65535,65535
2026-07-31 10:20:15.714,181.41,65187,51833,61873,65535,65535,65535,65535,65535,65535
2026-07-31 10:20:15.749,181.45,65187,51833,61873,65535,65535,65535,65535,65535,65535
2026-07-31 10:20:15.795,181.49,65187,51833,61873,65535,65535,65535,65535,65535,65535
2026-07-31 10:20:15.844,181.54,55959,51833,61576,65535,65535,65535,65535,65535,65535
2026-07-31 10:20:15.890,181.59,55959,44174,61576,65535,65535,65535,65535,65535,65535
2026-07-31 10:20:15.940,181.64,55959,44174,61576,65535,65535,65535,65535,65535,65535
2026-07-31 10:20:15.985,181.68,55959,44174,61576,65535,65535,65535,65535,65535,65535
2026-07-31 10:20:16.034,181.73,55959,44174,61576,65535,65535,65535,65535,65535,65535
2026-07-31 10:20:16.081,181.78,55959,44174,61576,65535,65535,65535,65535,65535,65535
2026-07-31 10:20:16.131,181.83,55959,44174,61576,65535,65535,65535,65535,65535,65535
2026-07-31 10:20:16.179,181.88,55959,44174,61576,65535,65535,65535,65535,65535,65535
2026-07-31 10:20:16.228,181.93,55959,44174,61576,65535,65535,65535,65535,65535,65535
2026-07-31 10:20:16.268,181.97,55959,44174,61576,65535,65535,65535,65535,65535,65535
2026-07-31 10:20:16.313,182.01,55959,44174,61576,65535,65535,65535,65535,65535,65535
2026-07-31 10:20:16.364,182.06,55959,44174,61576,65535,65535,65535,65535,65535,65535
2026-07-31 10:20:16.412,182.11,65286,44174,61280,65535,65535,65535,65535,65535,65535
2026-07-31 10:20:16.458,182.16,65286,44343,61280,65535,65535,65535,65535,65535,65535
2026-07-31 10:20:16.507,182.21,65286,44343,61280,65535,65535,65535,65535,65535,65535
2026-07-31 10:20:16.556,182.25,65286,44343,61280,65535,65535,65535,65535,65535,65535
2026-07-31 10:20:16.603,182.3,65286,44343,61280,65535,65535,65535,65535,65535,65535
2026-07-31 10:20:16.648,182.35,65286,44343,61280,65535,65535,65535,65535,65535,65535
2026-07-31 10:20:16.695,182.39,65286,44343,61280,65535,65535,65535,65535,65535,65535
2026-07-31 10:20:16.736,182.43,65286,44343,61280,65535,65535,65535,65535,65535,65535
2026-07-31 10:20:16.775,182.47,65286,44343,61280,65535,65535,65535,65535,65535,65535
2026-07-31 10:20:16.822,182.52,65286,44343,61280,65535,65535,65535,65535,65535,65535
2026-07-31 10:20:16.866,182.56,65286,44343,61280,65535,65535,65535,65535,65535,65535
2026-07-31 10:20:16.914,182.61,65286,44343,61280,65535,65535,65535,65535,65535,65535
2026-07-31 10:20:16.961,182.66,65286,44343,62022,65535,65535,65535,65535,65535,65535
2026-07-31 10:20:17.011,182.71,65088,44259,62022,65535,65535,65535,65535,65535,65535
2026-07-31 10:20:17.063,182.76,65088,44259,62022,65535,65535,65535,65535,65535,65535
2026-07-31 10:20:17.110,182.81,65088,44259,62022,65535,65535,65535,65535,65535,65535
2026-07-31 10:20:17.158,182.86,65088,44259,62022,65535,65535,65535,65535,65535,65535
2026-07-31 10:20:17.203,182.9,65088,44259,62022,65535,65535,65535,65535,65535,65535
2026-07-31 10:20:17.240,182.94,65088,44259,62022,65535,65535,65535,65535,65535,65535
2026-07-31 10:20:17.289,182.99,65088,44259,62022,65535,65535,65535,65535,65535,65535
2026-07-31 10:20:17.332,183.03,65088,44259,62022,65535,65535,65535,65535,65535,65535
2026-07-31 10:20:17.378,183.08,65088,44259,62022,65535,65535,65535,65535,65535,65535
2026-07-31 10:20:17.425,183.12,65088,44259,62022,65535,65535,65535,65535,65535,65535
2026-07-31 10:20:17.472,183.17,65088,44259,62022,65535,65535,65535,65535,65535,65535
2026-07-31 10:20:17.515,183.21,65088,44259,61576,65535,65535,65535,65535,65535,65535
2026-07-31 10:20:17.561,183.26,65484,44174,61576,65535,65535,65535,65535,65535,65535
2026-07-31 10:20:17.609,183.31,65484,44174,61576,65535,65535,65535,65535,65535,65535
2026-07-31 10:20:17.664,183.36,65484,44174,61576,65535,65535,65535,65535,65535,65535
2026-07-31 10:20:17.716,183.41,65484,44174,61576,65535,65535,65535,65535,65535,65535
2026-07-31 10:20:17.751,183.45,65484,44174,61576,65535,65535,65535,65535,65535,65535
2026-07-31 10:20:17.798,183.5,65484,44174,61576,65535,65535,65535,65535,65535,65535
2026-07-31 10:20:17.846,183.54,65484,44174,61576,65535,65535,65535,65535,65535,65535
2026-07-31 10:20:17.893,183.59,65484,44174,61576,65535,65535,65535,65535,65535,65535
2026-07-31 10:20:17.943,183.64,65484,44174,61576,65535,65535,65535,65535,65535,65535
2026-07-31 10:20:17.989,183.69,65484,44174,61576,65535,65535,65535,65535,65535,65535
2026-07-31 10:20:18.037,183.74,65484,44174,61576,65535,65535,65535,65535,65535,65535
2026-07-31 10:20:18.086,183.78,65484,44174,61576,65535,65535,65535,65535,65535,65535
2026-07-31 10:20:18.135,183.83,55620,61640,61576,65535,65535,65535,65535,65535,65535
2026-07-31 10:20:18.182,183.88,55620,61640,61576,65535,65535,65535,65535,65535,65535
2026-07-31 10:20:18.228,183.93,55620,61640,61576,65535,65535,65535,65535,65535,65535
2026-07-31 10:20:18.264,183.96,55620,61640,61576,65535,65535,65535,65535,65535,65535
2026-07-31 10:20:18.311,184.01,55620,61640,61576,65535,65535,65535,65535,65535,65535
2026-07-31 10:20:18.361,184.06,55620,61640,61576,65535,65535,65535,65535,65535,65535
2026-07-31 10:20:18.403,184.1,55620,61640,61576,65535,65535,65535,65535,65535,65535
2026-07-31 10:20:18.449,184.15,55620,61640,61576,65535,65535,65535,65535,65535,65535
2026-07-31 10:20:18.503,184.2,55620,61640,61576,65535,65535,65535,65535,65535,65535
2026-07-31 10:20:18.554,184.25,55620,61640,61576,65535,65535,65535,65535,65535,65535
2026-07-31 10:20:18.602,184.3,55620,61640,61576,65535,65535,65535,65535,65535,65535
2026-07-31 10:20:18.646,184.34,55620,61640,61428,65535,65535,65535,65535,65535,65535
2026-07-31 10:20:18.695,184.39,55959,51536,61428,65535,65535,65535,65535,65535,65535
2026-07-31 10:20:18.745,184.44,55959,51536,61428,65535,65535,65535,65535,65535,65535
2026-07-31 10:20:18.785,184.48,55959,51536,61428,65535,65535,65535,65535,65535,65535
2026-07-31 10:20:18.832,184.53,55959,51536,61428,65535,65535,65535,65535,65535,65535
2026-07-31 10:20:18.879,184.58,55959,51536,61428,65535,65535,65535,65535,65535,65535
2026-07-31 10:20:18.928,184.63,55959,51536,61428,65535,65535,65535,65535,65535,65535
2026-07-31 10:20:18.975,184.67,55959,51536,61428,65535,65535,65535,65535,65535,65535
2026-07-31 10:20:19.020,184.72,55959,51536,61428,65535,65535,65535,65535,65535,65535
2026-07-31 10:20:19.071,184.77,55959,51536,61428,65535,65535,65535,65535,65535,65535
2026-07-31 10:20:19.118,184.82,55959,51536,61428,65535,65535,65535,65535,65535,65535
2026-07-31 10:20:19.169,184.87,55959,51536,61428,65535,65535,65535,65535,65535,65535
2026-07-31 10:20:19.223,184.92,55959,51536,61428,65535,65535,65535,65535,65535,65535
2026-07-31 10:20:19.264,184.96,65088,44343,61428,65535,65535,65535,65535,65535,65535
2026-07-31 10:20:19.299,185.0,65088,44343,61428,65535,65535,65535,65535,65535,65535
2026-07-31 10:20:19.345,185.04,65088,44343,61428,65535,65535,65535,65535,65535,65535
2026-07-31 10:20:19.395,185.09,65088,44343,61428,65535,65535,65535,65535,65535,65535
2026-07-31 10:20:19.439,185.14,65088,44343,61428,65535,65535,65535,65535,65535,65535
2026-07-31 10:20:19.486,185.18,65088,44343,61428,65535,65535,65535,65535,65535,65535
2026-07-31 10:20:19.534,185.23,65088,44343,61428,65535,65535,65535,65535,65535,65535
2026-07-31 10:20:19.586,185.28,65088,44343,61428,65535,65535,65535,65535,65535,65535
2026-07-31 10:20:19.630,185.33,65088,44343,61428,65535,65535,65535,65535,65535,65535
2026-07-31 10:20:19.679,185.38,65088,44343,61428,65535,65535,65535,65535,65535,65535
2026-07-31 10:20:19.722,185.42,65088,44343,61428,65535,65535,65535,65535,65535,65535
2026-07-31 10:20:19.763,185.46,65088,44343,61428,65535,65535,65535,65535,65535,65535
2026-07-31 10:20:19.809,185.51,55705,51536,49261,65535,65535,65535,65535,65535,65535
2026-07-31 10:20:19.858,185.56,55705,51536,49261,65535,65535,65535,65535,65535,65535
2026-07-31 10:20:19.905,185.6,55705,51536,49261,65535,65535,65535,65535,65535,65535
2026-07-31 10:20:19.950,185.65,55705,51536,49261,65535,65535,65535,65535,65535,65535
2026-07-31 10:20:19.998,185.7,55705,51536,49261,65535,65535,65535,65535,65535,65535
2026-07-31 10:20:20.049,185.75,55705,51536,49261,65535,65535,65535,65535,65535,65535
2026-07-31 10:20:20.092,185.79,55705,51536,49261,65535,65535,65535,65535,65535,65535
2026-07-31 10:20:20.137,185.84,55705,51536,49261,65535,65535,65535,65535,65535,65535
2026-07-31 10:20:20.182,185.88,55705,51536,49261,65535,65535,65535,65535,65535,65535
2026-07-31 10:20:20.233,185.93,55705,51536,49261,65535,65535,65535,65535,65535,65535
2026-07-31 10:20:20.268,185.97,55705,51536,49261,65535,65535,65535,65535,65535,65535
2026-07-31 10:20:20.304,186.0,55705,51536,49261,65535,65535,65535,65535,65535,65535
2026-07-31 10:20:20.351,186.05,55705,51536,61576,65535,65535,65535,65535,65535,65535
2026-07-31 10:20:20.399,186.1,64791,44259,61576,65535,65535,65535,65535,65535,65535
2026-07-31 10:20:20.446,186.14,64791,44259,61576,65535,65535,65535,65535,65535,65535
2026-07-31 10:20:20.494,186.19,64791,44259,61576,65535,65535,65535,65535,65535,65535
2026-07-31 10:20:20.539,186.24,64791,44259,61576,65535,65535,65535,65535,65535,65535
2026-07-31 10:20:20.587,186.29,64791,44259,61576,65535,65535,65535,65535,65535,65535
2026-07-31 10:20:20.636,186.33,64791,44259,61576,65535,65535,65535,65535,65535,65535
2026-07-31 10:20:20.684,186.38,64791,44259,61576,65535,65535,65535,65535,65535,65535
2026-07-31 10:20:20.734,186.43,64791,44259,61576,65535,65535,65535,65535,65535,65535
2026-07-31 10:20:20.772,186.47,64791,44259,61576,65535,65535,65535,65535,65535,65535
2026-07-31 10:20:20.818,186.52,64791,44259,61576,65535,65535,65535,65535,65535,65535
2026-07-31 10:20:20.865,186.56,64791,44259,61576,65535,65535,65535,65535,65535,65535
2026-07-31 10:20:20.915,186.61,64791,44259,61873,65535,65535,65535,65535,65535,65535
2026-07-31 10:20:20.964,186.66,55790,44089,61873,65535,65535,65535,65535,65535,65535
2026-07-31 10:20:21.010,186.71,55790,44089,61873,65535,65535,65535,65535,65535,65535
2026-07-31 10:20:21.057,186.76,55790,44089,61873,65535,65535,65535,65535,65535,65535
2026-07-31 10:20:21.104,186.8,55790,44089,61873,65535,65535,65535,65535,65535,65535
2026-07-31 10:20:21.154,186.85,55790,44089,61873,65535,65535,65535,65535,65535,65535
2026-07-31 10:20:21.203,186.9,55790,44089,61873,65535,65535,65535,65535,65535,65535
2026-07-31 10:20:21.248,186.95,55790,44089,61873,65535,65535,65535,65535,65535,65535
2026-07-31 10:20:21.285,186.98,55790,44089,61873,65535,65535,65535,65535,65535,65535
2026-07-31 10:20:21.335,187.03,55790,44089,61873,65535,65535,65535,65535,65535,65535
2026-07-31 10:20:21.384,187.08,55790,44089,61873,65535,65535,65535,65535,65535,65535
2026-07-31 10:20:21.429,187.13,55790,44089,61873,65535,65535,65535,65535,65535,65535
2026-07-31 10:20:21.476,187.17,55790,44089,61576,65535,65535,65535,65535,65535,65535
2026-07-31 10:20:21.523,187.22,65088,60283,61576,65535,65535,65535,65535,65535,65535
2026-07-31 10:20:21.568,187.27,65088,60283,61576,65535,65535,65535,65535,65535,65535
2026-07-31 10:20:21.617,187.32,65088,60283,61576,65535,65535,65535,65535,65535,65535
2026-07-31 10:20:21.664,187.36,65088,60283,61576,65535,65535,65535,65535,65535,65535
2026-07-31 10:20:21.707,187.41,65088,60283,61576,65535,65535,65535,65535,65535,65535
2026-07-31 10:20:21.750,187.45,65088,60283,61576,65535,65535,65535,65535,65535,65535
2026-07-31 10:20:21.787,187.49,65088,60283,61576,65535,65535,65535,65535,65535,65535
2026-07-31 10:20:21.836,187.53,65088,60283,61576,65535,65535,65535,65535,65535,65535
2026-07-31 10:20:21.880,187.58,65088,60283,61576,65535,65535,65535,65535,65535,65535
2026-07-31 10:20:21.930,187.63,65088,60283,61576,65535,65535,65535,65535,65535,65535
2026-07-31 10:20:21.979,187.68,65088,60283,61576,65535,65535,65535,65535,65535,65535
2026-07-31 10:20:22.025,187.72,65088,60283,61576,65535,65535,65535,65535,65535,65535
2026-07-31 10:20:22.072,187.77,65286,60283,61428,65535,65535,65535,65535,65535,65535
2026-07-31 10:20:22.118,187.82,65286,38652,61428,65535,65535,65535,65535,65535,65535
2026-07-31 10:20:22.165,187.86,65286,38652,61428,65535,65535,65535,65535,65535,65535
2026-07-31 10:20:22.213,187.91,65286,38652,61428,65535,65535,65535,65535,65535,65535
2026-07-31 10:20:22.255,187.95,65286,38652,61428,65535,65535,65535,65535,65535,65535
2026-07-31 10:20:22.289,187.99,65286,38652,61428,65535,65535,65535,65535,65535,65535
2026-07-31 10:20:22.337,188.04,65286,38652,61428,65535,65535,65535,65535,65535,65535
2026-07-31 10:20:22.383,188.08,65286,38652,61428,65535,65535,65535,65535,65535,65535
2026-07-31 10:20:22.431,188.13,65286,38652,61428,65535,65535,65535,65535,65535,65535
2026-07-31 10:20:22.478,188.18,65286,38652,61428,65535,65535,65535,65535,65535,65535
2026-07-31 10:20:22.524,188.22,65286,38652,61428,65535,65535,65535,65535,65535,65535
2026-07-31 10:20:22.574,188.27,65286,38652,61428,65535,65535,65535,65535,65535,65535
2026-07-31 10:20:22.627,188.33,55959,38652,61428,65535,65535,65535,65535,65535,65535
2026-07-31 10:20:22.675,188.37,55959,51734,61428,65535,65535,65535,65535,65535,65535
2026-07-31 10:20:22.727,188.43,55959,51734,61428,65535,65535,65535,65535,65535,65535
2026-07-31 10:20:22.777,188.48,55959,51734,61428,65535,65535,65535,65535,65535,65535
2026-07-31 10:20:22.827,188.53,55959,51734,61428,65535,65535,65535,65535,65535,65535
2026-07-31 10:20:22.875,188.57,55959,51734,61428,65535,65535,65535,65535,65535,65535
2026-07-31 10:20:22.921,188.62,55959,51734,61428,65535,65535,65535,65535,65535,65535
2026-07-31 10:20:22.970,188.67,55959,51734,61428,65535,65535,65535,65535,65535,65535
2026-07-31 10:20:23.021,188.72,55959,51734,61428,65535,65535,65535,65535,65535,65535
2026-07-31 10:20:23.071,188.77,55959,51734,61428,65535,65535,65535,65535,65535,65535
2026-07-31 10:20:23.119,188.82,55959,51734,61428,65535,65535,65535,65535,65535,65535
2026-07-31 10:20:23.166,188.86,55959,51734,61725,65535,65535,65535,65535,65535,65535
2026-07-31 10:20:23.216,188.91,65187,44259,61725,65535,65535,65535,65535,65535,65535
2026-07-31 10:20:23.267,188.97,65187,44259,61725,65535,65535,65535,65535,65535,65535
2026-07-31 10:20:23.306,189.0,65187,44259,61725,65535,65535,65535,65535,65535,65535
2026-07-31 10:20:23.354,189.05,65187,44259,61725,65535,65535,65535,65535,65535,65535
2026-07-31 10:20:23.399,189.1,65187,44259,61725,65535,65535,65535,65535,65535,65535
2026-07-31 10:20:23.451,189.15,65187,44259,61725,65535,65535,65535,65535,65535,65535
2026-07-31 10:20:23.502,189.2,65187,44259,61725,65535,65535,65535,65535,65535,65535
2026-07-31 10:20:23.548,189.25,65187,44259,61725,65535,65535,65535,65535,65535,65535
2026-07-31 10:20:23.601,189.3,65187,44259,61725,65535,65535,65535,65535,65535,65535
2026-07-31 10:20:23.650,189.35,65187,44259,61725,65535,65535,65535,65535,65535,65535
2026-07-31 10:20:23.703,189.4,65187,44259,61725,65535,65535,65535,65535,65535,65535
2026-07-31 10:20:23.755,189.45,65286,44259,61576,65535,65535,65535,65535,65535,65535
2026-07-31 10:20:23.790,189.49,65286,44259,61576,65535,65535,65535,65535,65535,65535
2026-07-31 10:20:23.842,189.54,65286,44259,61576,65535,65535,65535,65535,65535,65535
2026-07-31 10:20:23.892,189.59,65286,44259,61576,65535,65535,65535,65535,65535,65535
2026-07-31 10:20:23.945,189.64,65286,44259,61576,65535,65535,65535,65535,65535,65535
2026-07-31 10:20:23.995,189.69,65286,44259,61576,65535,65535,65535,65535,65535,65535
2026-07-31 10:20:24.044,189.74,65286,44259,61576,65535,65535,65535,65535,65535,65535
2026-07-31 10:20:24.093,189.79,65286,44259,61576,65535,65535,65535,65535,65535,65535
2026-07-31 10:20:24.140,189.84,65286,44259,61576,65535,65535,65535,65535,65535,65535
2026-07-31 10:20:24.192,189.89,65286,44259,61576,65535,65535,65535,65535,65535,65535
2026-07-31 10:20:24.237,189.94,65286,44259,61576,65535,65535,65535,65535,65535,65535
2026-07-31 10:20:24.280,189.98,65286,44259,61576,65535,65535,65535,65535,65535,65535
2026-07-31 10:20:24.317,190.02,55874,44259,61873,65535,65535,65535,65535,65535,65535
2026-07-31 10:20:24.366,190.06,55874,43919,61873,65535,65535,65535,65535,65535,65535
2026-07-31 10:20:24.415,190.11,55874,43919,61873,65535,65535,65535,65535,65535,65535
2026-07-31 10:20:24.463,190.16,55874,43919,61873,65535,65535,65535,65535,65535,65535
2026-07-31 10:20:24.513,190.21,55874,43919,61873,65535,65535,65535,65535,65535,65535
2026-07-31 10:20:24.559,190.26,55874,43919,61873,65535,65535,65535,65535,65535,65535
2026-07-31 10:20:24.608,190.31,55874,43919,61873,65535,65535,65535,65535,65535,65535
2026-07-31 10:20:24.655,190.35,55874,43919,61873,65535,65535,65535,65535,65535,65535
2026-07-31 10:20:24.703,190.4,55874,43919,61873,65535,65535,65535,65535,65535,65535
2026-07-31 10:20:24.749,190.45,55874,43919,61873,65535,65535,65535,65535,65535,65535
2026-07-31 10:20:24.787,190.49,55874,43919,61873,65535,65535,65535,65535,65535,65535
2026-07-31 10:20:24.822,190.52,55874,43919,61873,65535,65535,65535,65535,65535,65535
2026-07-31 10:20:24.870,190.57,55874,43919,65534,65535,65535,65535,65535,65535,65535
2026-07-31 10:20:24.919,190.62,55790,44343,65534,65535,65535,65535,65535,65535,65535
2026-07-31 10:20:24.972,190.67,55790,44343,65534,65535,65535,65535,65535,65535,65535
2026-07-31 10:20:25.018,190.72,55790,44343,65534,65535,65535,65535,65535,65535,65535
2026-07-31 10:20:25.066,190.76,55790,44343,65534,65535,65535,65535,65535,65535,65535
2026-07-31 10:20:25.117,190.82,55790,44343,65534,65535,65535,65535,65535,65535,65535
2026-07-31 10:20:25.169,190.87,55790,44343,65534,65535,65535,65535,65535,65535,65535
2026-07-31 10:20:25.217,190.92,55790,44343,65534,65535,65535,65535,65535,65535,65535
2026-07-31 10:20:25.264,190.96,55790,44343,65534,65535,65535,65535,65535,65535,65535
2026-07-31 10:20:25.300,191.0,55790,44343,65534,65535,65535,65535,65535,65535,65535
2026-07-31 10:20:25.337,191.04,55790,44343,65534,65535,65535,65535,65535,65535,65535
2026-07-31 10:20:25.385,191.08,55790,44343,65534,65535,65535,65535,65535,65535,65535
2026-07-31 10:20:25.432,191.13,55790,44343,61576,65535,65535,65535,65535,65535,65535
2026-07-31 10:20:25.479,191.18,64989,65534,61576,65535,65535,65535,65535,65535,65535
2026-07-31 10:20:25.525,191.22,64989,65534,61576,65535,65535,65535,65535,65535,65535
2026-07-31 10:20:25.575,191.27,64989,65534,61576,65535,65535,65535,65535,65535,65535
2026-07-31 10:20:25.623,191.32,64989,65534,61576,65535,65535,65535,65535,65535,65535
2026-07-31 10:20:25.668,191.37,64989,65534,61576,65535,65535,65535,65535,65535,65535
2026-07-31 10:20:25.715,191.41,64989,65534,61576,65535,65535,65535,65535,65535,65535
2026-07-31 10:20:25.767,191.47,64989,65534,61576,65535,65535,65535,65535,65535,65535
2026-07-31 10:20:25.807,191.51,64989,65534,61576,65535,65535,65535,65535,65535,65535
2026-07-31 10:20:25.844,191.54,64989,65534,61576,65535,65535,65535,65535,65535,65535
2026-07-31 10:20:25.888,191.59,64989,65534,61576,65535,65535,65535,65535,65535,65535
2026-07-31 10:20:25.937,191.64,64989,65534,61576,65535,65535,65535,65535,65535,65535
2026-07-31 10:20:25.989,191.69,64989,65534,61725,65535,65535,65535,65535,65535,65535
2026-07-31 10:20:26.040,191.74,64989,51635,61725,65535,65535,65535,65535,65535,65535
2026-07-31 10:20:26.088,191.79,64989,51635,61725,65535,65535,65535,65535,65535,65535
2026-07-31 10:20:26.135,191.83,64989,51635,61725,65535,65535,65535,65535,65535,65535
2026-07-31 10:20:26.186,191.88,64989,51635,61725,65535,65535,65535,65535,65535,65535
2026-07-31 10:20:26.239,191.94,64989,51635,61725,65535,65535,65535,65535,65535,65535
2026-07-31 10:20:26.288,191.99,64989,51635,61725,65535,65535,65535,65535,65535,65535
2026-07-31 10:20:26.328,192.03,64989,51635,61725,65535,65535,65535,65535,65535,65535
2026-07-31 10:20:26.376,192.07,64989,51635,61725,65535,65535,65535,65535,65535,65535
2026-07-31 10:20:26.432,192.13,64989,51635,61725,65535,65535,65535,65535,65535,65535
2026-07-31 10:20:26.482,192.18,64989,51635,61725,65535,65535,65535,65535,65535,65535
2026-07-31 10:20:26.535,192.23,64989,51635,61725,65535,65535,65535,65535,65535,65535
2026-07-31 10:20:26.577,192.28,64890,51635,61428,65535,65535,65535,65535,65535,65535
2026-07-31 10:20:26.623,192.32,64890,51536,61428,65535,65535,65535,65535,65535,65535
2026-07-31 10:20:26.668,192.37,64890,51536,61428,65535,65535,65535,65535,65535,65535
2026-07-31 10:20:26.720,192.42,64890,51536,61428,65535,65535,65535,65535,65535,65535
2026-07-31 10:20:26.766,192.46,64890,51536,61428,65535,65535,65535,65535,65535,65535
2026-07-31 10:20:26.803,192.5,64890,51536,61428,65535,65535,65535,65535,65535,65535
2026-07-31 10:20:26.838,192.54,64890,51536,61428,65535,65535,65535,65535,65535,65535
2026-07-31 10:20:26.887,192.59,64890,51536,61428,65535,65535,65535,65535,65535,65535
2026-07-31 10:20:26.934,192.63,64890,51536,61428,65535,65535,65535,65535,65535,65535
2026-07-31 10:20:26.979,192.68,64890,51536,61428,65535,65535,65535,65535,65535,65535
2026-07-31 10:20:27.030,192.73,64890,51536,61428,65535,65535,65535,65535,65535,65535
2026-07-31 10:20:27.082,192.78,64890,51536,61428,65535,65535,65535,65535,65535,65535
2026-07-31 10:20:27.129,192.83,64890,51536,61725,65535,65535,65535,65535,65535,65535
2026-07-31 10:20:27.176,192.87,65187,44004,61725,65535,65535,65535,65535,65535,65535
2026-07-31 10:20:27.224,192.92,65187,44004,61725,65535,65535,65535,65535,65535,65535
2026-07-31 10:20:27.273,192.97,65187,44004,61725,65535,65535,65535,65535,65535,65535
2026-07-31 10:20:27.314,193.01,65187,44004,61725,65535,65535,65535,65535,65535,65535
2026-07-31 10:20:27.351,193.05,65187,44004,61725,65535,65535,65535,65535,65535,65535
2026-07-31 10:20:27.398,193.1,65187,44004,61725,65535,65535,65535,65535,65535,65535
2026-07-31 10:20:27.444,193.14,65187,44004,61725,65535,65535,65535,65535,65535,65535
2026-07-31 10:20:27.494,193.19,65187,44004,61725,65535,65535,65535,65535,65535,65535
2026-07-31 10:20:27.542,193.24,65187,44004,61725,65535,65535,65535,65535,65535,65535
2026-07-31 10:20:27.589,193.29,65187,44004,61725,65535,65535,65535,65535,65535,65535
2026-07-31 10:20:27.633,193.33,65187,44004,61725,65535,65535,65535,65535,65535,65535
2026-07-31 10:20:27.673,193.37,65187,44004,61725,65535,65535,65535,65535,65535,65535
2026-07-31 10:20:27.720,193.42,55620,51536,61725,65535,65535,65535,65535,65535,65535
2026-07-31 10:20:27.767,193.47,55620,51536,61725,65535,65535,65535,65535,65535,65535
2026-07-31 10:20:27.808,193.51,55620,51536,61725,65535,65535,65535,65535,65535,65535
2026-07-31 10:20:27.845,193.54,55620,51536,61725,65535,65535,65535,65535,65535,65535
2026-07-31 10:20:27.894,193.59,55620,51536,61725,65535,65535,65535,65535,65535,65535
2026-07-31 10:20:27.941,193.64,55620,51536,61725,65535,65535,65535,65535,65535,65535
2026-07-31 10:20:27.992,193.69,55620,51536,61725,65535,65535,65535,65535,65535,65535
2026-07-31 10:20:28.048,193.75,55620,51536,61725,65535,65535,65535,65535,65535,65535
2026-07-31 10:20:28.101,193.8,55620,51536,61725,65535,65535,65535,65535,65535,65535
2026-07-31 10:20:28.154,193.85,55620,51536,61725,65535,65535,65535,65535,65535,65535
2026-07-31 10:20:28.206,193.9,55620,51536,61725,65535,65535,65535,65535,65535,65535
2026-07-31 10:20:28.258,193.96,55620,51536,61576,65535,65535,65535,65535,65535,65535
2026-07-31 10:20:28.327,194.03,65484,44089,61576,65535,65535,65535,65535,65535,65535
2026-07-31 10:20:28.369,194.07,65484,44089,61576,65535,65535,65535,65535,65535,65535
2026-07-31 10:20:28.422,194.12,65484,44089,61576,65535,65535,65535,65535,65535,65535
2026-07-31 10:20:28.477,194.17,65484,44089,61576,65535,65535,65535,65535,65535,65535
2026-07-31 10:20:28.542,194.24,65484,44089,61576,65535,65535,65535,65535,65535,65535
2026-07-31 10:20:28.606,194.3,65484,44089,61576,65535,65535,65535,65535,65535,65535
2026-07-31 10:20:28.658,194.36,65484,44089,61576,65535,65535,65535,65535,65535,65535
2026-07-31 10:20:28.708,194.41,65484,44089,61576,65535,65535,65535,65535,65535,65535
2026-07-31 10:20:28.761,194.46,65484,44089,61576,65535,65535,65535,65535,65535,65535
2026-07-31 10:20:28.810,194.51,65484,44089,62170,65535,65535,65535,65535,65535,65535
2026-07-31 10:20:28.850,194.55,65385,65534,62170,65535,65535,65535,65535,65535,65535
2026-07-31 10:20:28.897,194.6,65385,65534,62170,65535,65535,65535,65535,65535,65535
2026-07-31 10:20:28.944,194.64,65385,65534,62170,65535,65535,65535,65535,65535,65535
2026-07-31 10:20:28.991,194.69,65385,65534,62170,65535,65535,65535,65535,65535,65535
2026-07-31 10:20:29.042,194.74,65385,65534,62170,65535,65535,65535,65535,65535,65535
2026-07-31 10:20:29.102,194.8,65385,65534,62170,65535,65535,65535,65535,65535,65535
2026-07-31 10:20:29.153,194.85,65385,65534,62170,65535,65535,65535,65535,65535,65535
2026-07-31 10:20:29.199,194.9,65385,65534,62170,65535,65535,65535,65535,65535,65535
2026-07-31 10:20:29.251,194.95,65385,65534,62170,65535,65535,65535,65535,65535,65535
2026-07-31 10:20:29.304,195.0,65385,65534,62170,65535,65535,65535,65535,65535,65535
2026-07-31 10:20:29.339,195.04,65385,65534,62170,65535,65535,65535,65535,65535,65535
2026-07-31 10:20:29.385,195.08,65385,65534,61576,65535,65535,65535,65535,65535,65535
2026-07-31 10:20:29.434,195.13,65286,44428,61576,65535,65535,65535,65535,65535,65535
2026-07-31 10:20:29.483,195.18,65286,44428,61576,65535,65535,65535,65535,65535,65535
2026-07-31 10:20:29.530,195.23,65286,44428,61576,65535,65535,65535,65535,65535,65535
2026-07-31 10:20:29.577,195.28,65286,44428,61576,65535,65535,65535,65535,65535,65535
2026-07-31 10:20:29.624,195.32,65286,44428,61576,65535,65535,65535,65535,65535,65535
2026-07-31 10:20:29.672,195.37,65286,44428,61576,65535,65535,65535,65535,65535,65535
2026-07-31 10:20:29.721,195.42,65286,44428,61576,65535,65535,65535,65535,65535,65535
2026-07-31 10:20:29.770,195.47,65286,44428,61576,65535,65535,65535,65535,65535,65535
2026-07-31 10:20:29.805,195.5,65286,44428,61576,65535,65535,65535,65535,65535,65535
2026-07-31 10:20:29.839,195.54,65286,44428,61576,65535,65535,65535,65535,65535,65535
2026-07-31 10:20:29.888,195.59,65286,44428,61576,65535,65535,65535,65535,65535,65535
2026-07-31 10:20:29.935,195.63,65286,44428,61725,65535,65535,65535,65535,65535,65535
2026-07-31 10:20:29.984,195.68,56044,38800,61725,65535,65535,65535,65535,65535,65535
2026-07-31 10:20:30.028,195.73,56044,38800,61725,65535,65535,65535,65535,65535,65535
2026-07-31 10:20:30.076,195.77,56044,38800,61725,65535,65535,65535,65535,65535,65535
2026-07-31 10:20:30.126,195.82,56044,38800,61725,65535,65535,65535,65535,65535,65535
2026-07-31 10:20:30.171,195.87,56044,38800,61725,65535,65535,65535,65535,65535,65535
2026-07-31 10:20:30.220,195.92,56044,38800,61725,65535,65535,65535,65535,65535,65535
2026-07-31 10:20:30.265,195.96,56044,38800,61725,65535,65535,65535,65535,65535,65535
2026-07-31 10:20:30.305,196.0,56044,38800,61725,65535,65535,65535,65535,65535,65535
2026-07-31 10:20:30.340,196.04,56044,38800,61725,65535,65535,65535,65535,65535,65535
2026-07-31 10:20:30.387,196.09,56044,38800,61725,65535,65535,65535,65535,65535,65535
2026-07-31 10:20:30.430,196.13,56044,38800,61725,65535,65535,65535,65535,65535,65535
2026-07-31 10:20:30.473,196.17,56044,38800,61725,65535,65535,65535,65535,65535,65535
2026-07-31 10:20:30.524,196.22,55790,38800,61725,65535,65535,65535,65535,65535,65535
2026-07-31 10:20:30.572,196.27,55790,44259,61725,65535,65535,65535,65535,65535,65535
2026-07-31 10:20:30.618,196.32,55790,44259,61725,65535,65535,65535,65535,65535,65535
2026-07-31 10:20:30.663,196.36,55790,44259,61725,65535,65535,65535,65535,65535,65535
2026-07-31 10:20:30.714,196.41,55790,44259,61725,65535,65535,65535,65535,65535,65535
2026-07-31 10:20:30.761,196.46,55790,44259,61725,65535,65535,65535,65535,65535,65535
2026-07-31 10:20:30.811,196.51,55790,44259,61725,65535,65535,65535,65535,65535,65535
2026-07-31 10:20:30.846,196.54,55790,44259,61725,65535,65535,65535,65535,65535,65535
2026-07-31 10:20:30.893,196.59,55790,44259,61725,65535,65535,65535,65535,65535,65535
2026-07-31 10:20:30.941,196.64,55790,44259,61725,65535,65535,65535,65535,65535,65535
2026-07-31 10:20:30.988,196.69,55790,44259,61725,65535,65535,65535,65535,65535,65535
2026-07-31 10:20:31.034,196.73,55790,44259,61725,65535,65535,65535,65535,65535,65535
2026-07-31 10:20:31.083,196.78,55790,44259,61725,65535,65535,65535,65535,65535,65535
2026-07-31 10:20:31.131,196.83,55790,44089,61725,65535,65535,65535,65535,65535,65535
2026-07-31 10:20:31.181,196.88,55790,44089,61725,65535,65535,65535,65535,65535,65535
2026-07-31 10:20:31.227,196.93,55790,44089,61725,65535,65535,65535,65535,65535,65535
2026-07-31 10:20:31.273,196.97,55790,44089,61725,65535,65535,65535,65535,65535,65535
2026-07-31 10:20:31.312,197.01,55790,44089,61725,65535,65535,65535,65535,65535,65535
2026-07-31 10:20:31.349,197.05,55790,44089,61725,65535,65535,65535,65535,65535,65535
2026-07-31 10:20:31.396,197.09,55790,44089,61725,65535,65535,65535,65535,65535,65535
2026-07-31 10:20:31.441,197.14,55790,44089,61725,65535,65535,65535,65535,65535,65535
2026-07-31 10:20:31.487,197.19,55790,44089,61725,65535,65535,65535,65535,65535,65535
2026-07-31 10:20:31.537,197.24,55790,44089,61725,65535,65535,65535,65535,65535,65535
2026-07-31 10:20:31.585,197.28,55790,44089,61725,65535,65535,65535,65535,65535,65535
2026-07-31 10:20:31.634,197.33,55790,44089,61576,65535,65535,65535,65535,65535,65535
2026-07-31 10:20:31.682,197.38,65534,44089,61576,65535,65535,65535,65535,65535,65535
2026-07-31 10:20:31.730,197.43,65534,44089,61576,65535,65535,65535,65535,65535,65535
2026-07-31 10:20:31.777,197.47,65534,44089,61576,65535,65535,65535,65535,65535,65535
2026-07-31 10:20:31.814,197.51,65534,44089,61576,65535,65535,65535,65535,65535,65535
2026-07-31 10:20:31.859,197.56,65534,44089,61576,65535,65535,65535,65535,65535,65535
2026-07-31 10:20:31.903,197.6,65534,44089,61576,65535,65535,65535,65535,65535,65535
2026-07-31 10:20:31.950,197.65,65534,44089,61576,65535,65535,65535,65535,65535,65535
2026-07-31 10:20:32.000,197.7,65534,44089,61576,65535,65535,65535,65535,65535,65535
2026-07-31 10:20:32.050,197.75,65534,44089,61576,65535,65535,65535,65535,65535,65535
2026-07-31 10:20:32.102,197.8,65534,44089,61576,65535,65535,65535,65535,65535,65535
2026-07-31 10:20:32.146,197.84,65534,44089,61576,65535,65535,65535,65535,65535,65535
2026-07-31 10:20:32.198,197.9,65534,44089,61576,65535,65535,65535,65535,65535,65535
2026-07-31 10:20:32.246,197.94,64692,44343,49380,65535,65535,65535,65535,65535,65535
2026-07-31 10:20:32.289,197.99,64692,44343,49380,65535,65535,65535,65535,65535,65535
2026-07-31 10:20:32.328,198.03,64692,44343,49380,65535,65535,65535,65535,65535,65535
2026-07-31 10:20:32.364,198.06,64692,44343,49380,65535,65535,65535,65535,65535,65535
2026-07-31 10:20:32.408,198.11,64692,44343,49380,65535,65535,65535,65535,65535,65535
2026-07-31 10:20:32.458,198.16,64692,44343,49380,65535,65535,65535,65535,65535,65535
2026-07-31 10:20:32.503,198.2,64692,44343,49380,65535,65535,65535,65535,65535,65535
2026-07-31 10:20:32.553,198.25,64692,44343,49380,65535,65535,65535,65535,65535,65535
2026-07-31 10:20:32.600,198.3,64692,44343,49380,65535,65535,65535,65535,65535,65535
2026-07-31 10:20:32.647,198.35,64692,44343,49380,65535,65535,65535,65535,65535,65535
2026-07-31 10:20:32.696,198.39,64692,44343,49380,65535,65535,65535,65535,65535,65535
2026-07-31 10:20:32.740,198.44,64692,44343,49380,65535,65535,65535,65535,65535,65535
2026-07-31 10:20:32.787,198.49,64692,44343,49498,65535,65535,65535,65535,65535,65535
2026-07-31 10:20:32.835,198.53,55874,44259,49498,65535,65535,65535,65535,65535,65535
2026-07-31 10:20:32.872,198.57,55874,44259,49498,65535,65535,65535,65535,65535,65535
2026-07-31 10:20:32.920,198.62,55874,44259,49498,65535,65535,65535,65535,65535,65535
2026-07-31 10:20:32.964,198.66,55874,44259,49498,65535,65535,65535,65535,65535,65535
2026-07-31 10:20:33.012,198.71,55874,44259,49498,65535,65535,65535,65535,65535,65535
2026-07-31 10:20:33.060,198.76,55874,44259,49498,65535,65535,65535,65535,65535,65535
2026-07-31 10:20:33.109,198.81,55874,44259,49498,65535,65535,65535,65535,65535,65535
2026-07-31 10:20:33.155,198.85,55874,44259,49498,65535,65535,65535,65535,65535,65535
2026-07-31 10:20:33.201,198.9,55874,44259,49498,65535,65535,65535,65535,65535,65535
2026-07-31 10:20:33.251,198.95,55874,44259,49498,65535,65535,65535,65535,65535,65535
2026-07-31 10:20:33.298,199.0,55874,44259,49498,65535,65535,65535,65535,65535,65535
2026-07-31 10:20:33.336,199.03,55874,44259,61576,65535,65535,65535,65535,65535,65535
2026-07-31 10:20:33.372,199.07,65187,44259,61576,65535,65535,65535,65535,65535,65535
2026-07-31 10:20:33.415,199.11,65187,44174,61576,65535,65535,65535,65535,65535,65535
2026-07-31 10:20:33.464,199.16,65187,44174,61576,65535,65535,65535,65535,65535,65535
2026-07-31 10:20:33.512,199.21,65187,44174,61576,65535,65535,65535,65535,65535,65535
2026-07-31 10:20:33.559,199.26,65187,44174,61576,65535,65535,65535,65535,65535,65535
2026-07-31 10:20:33.610,199.31,65187,44174,61576,65535,65535,65535,65535,65535,65535
2026-07-31 10:20:33.655,199.35,65187,44174,61576,65535,65535,65535,65535,65535,65535
2026-07-31 10:20:33.707,199.41,65187,44174,61576,65535,65535,65535,65535,65535,65535
2026-07-31 10:20:33.757,199.46,65187,44174,61576,65535,65535,65535,65535,65535,65535
2026-07-31 10:20:33.803,199.5,65187,44174,61576,65535,65535,65535,65535,65535,65535
2026-07-31 10:20:33.842,199.54,65187,44174,61576,65535,65535,65535,65535,65535,65535
2026-07-31 10:20:33.888,199.59,65187,44174,61576,65535,65535,65535,65535,65535,65535
2026-07-31 10:20:33.936,199.63,55790,44174,65534,65535,65535,65535,65535,65535,65535
2026-07-31 10:20:33.984,199.68,55790,44174,65534,65535,65535,65535,65535,65535,65535
2026-07-31 10:20:34.030,199.73,55790,44174,65534,65535,65535,65535,65535,65535,65535
2026-07-31 10:20:34.077,199.78,55790,44174,65534,65535,65535,65535,65535,65535,65535
2026-07-31 10:20:34.125,199.82,55790,44174,65534,65535,65535,65535,65535,65535,65535
2026-07-31 10:20:34.173,199.87,55790,44174,65534,65535,65535,65535,65535,65535,65535
2026-07-31 10:20:34.217,199.92,55790,44174,65534,65535,65535,65535,65535,65535,65535
2026-07-31 10:20:34.266,199.96,55790,44174,65534,65535,65535,65535,65535,65535,65535
2026-07-31 10:20:34.315,200.01,55790,44174,65534,65535,65535,65535,65535,65535,65535
2026-07-31 10:20:34.350,200.05,55790,44174,65534,65535,65535,65535,65535,65535,65535
2026-07-31 10:20:34.395,200.09,55790,44174,65534,65535,65535,65535,65535,65535,65535
2026-07-31 10:20:34.442,200.14,55790,44174,65534,65535,65535,65535,65535,65535,65535
2026-07-31 10:20:34.490,200.19,65385,44174,65534,65535,65535,65535,65535,65535,65535
2026-07-31 10:20:34.540,200.24,65385,44004,65534,65535,65535,65535,65535,65535,65535
2026-07-31 10:20:34.587,200.29,65385,44004,65534,65535,65535,65535,65535,65535,65535
2026-07-31 10:20:34.635,200.33,65385,44004,65534,65535,65535,65535,65535,65535,65535
2026-07-31 10:20:34.679,200.38,65385,44004,65534,65535,65535,65535,65535,65535,65535
2026-07-31 10:20:34.729,200.43,65385,44004,65534,65535,65535,65535,65535,65535,65535
2026-07-31 10:20:34.777,200.48,65385,44004,65534,65535,65535,65535,65535,65535,65535
2026-07-31 10:20:34.825,200.52,65385,44004,65534,65535,65535,65535,65535,65535,65535
2026-07-31 10:20:34.861,200.56,65385,44004,65534,65535,65535,65535,65535,65535,65535
2026-07-31 10:20:34.905,200.6,65385,44004,65534,65535,65535,65535,65535,65535,65535
2026-07-31 10:20:34.955,200.65,65385,44004,65534,65535,65535,65535,65535,65535,65535
2026-07-31 10:20:35.001,200.7,65385,44004,65534,65535,65535,65535,65535,65535,65535
2026-07-31 10:20:35.047,200.75,65385,44004,62022,65535,65535,65535,65535,65535,65535
2026-07-31 10:20:35.096,200.79,56044,44174,62022,65535,65535,65535,65535,65535,65535
2026-07-31 10:20:35.143,200.84,56044,44174,62022,65535,65535,65535,65535,65535,65535
2026-07-31 10:20:35.194,200.89,56044,44174,62022,65535,65535,65535,65535,65535,65535
2026-07-31 10:20:35.241,200.94,56044,44174,62022,65535,65535,65535,65535,65535,65535
2026-07-31 10:20:35.288,200.99,56044,44174,62022,65535,65535,65535,65535,65535,65535
2026-07-31 10:20:35.324,201.02,56044,44174,62022,65535,65535,65535,65535,65535,65535
2026-07-31 10:20:35.359,201.06,56044,44174,62022,65535,65535,65535,65535,65535,65535
2026-07-31 10:20:35.407,201.11,56044,44174,62022,65535,65535,65535,65535,65535,65535
2026-07-31 10:20:35.458,201.16,56044,44174,62022,65535,65535,65535,65535,65535,65535
2026-07-31 10:20:35.508,201.21,56044,44174,62022,65535,65535,65535,65535,65535,65535
2026-07-31 10:20:35.551,201.25,56044,44174,62022,65535,65535,65535,65535,65535,65535
2026-07-31 10:20:35.603,201.3,56044,44174,61873,65535,65535,65535,65535,65535,65535
2026-07-31 10:20:35.648,201.35,65187,44343,61873,65535,65535,65535,65535,65535,65535
2026-07-31 10:20:35.696,201.39,65187,44343,61873,65535,65535,65535,65535,65535,65535
2026-07-31 10:20:35.741,201.44,65187,44343,61873,65535,65535,65535,65535,65535,65535
2026-07-31 10:20:35.792,201.49,65187,44343,61873,65535,65535,65535,65535,65535,65535
2026-07-31 10:20:35.835,201.53,65187,44343,61873,65535,65535,65535,65535,65535,65535
2026-07-31 10:20:35.874,201.57,65187,44343,61873,65535,65535,65535,65535,65535,65535
2026-07-31 10:20:35.918,201.62,65187,44343,61873,65535,65535,65535,65535,65535,65535
2026-07-31 10:20:35.970,201.67,65187,44343,61873,65535,65535,65535,65535,65535,65535
2026-07-31 10:20:36.014,201.71,65187,44343,61873,65535,65535,65535,65535,65535,65535
2026-07-31 10:20:36.067,201.77,65187,44343,61873,65535,65535,65535,65535,65535,65535
2026-07-31 10:20:36.119,201.82,65187,44343,61873,65535,65535,65535,65535,65535,65535
2026-07-31 10:20:36.164,201.86,65187,44343,61725,65535,65535,65535,65535,65535,65535
2026-07-31 10:20:36.215,201.91,64791,51635,61725,65535,65535,65535,65535,65535,65535
2026-07-31 10:20:36.263,201.96,64791,51635,61725,65535,65535,65535,65535,65535,65535
2026-07-31 10:20:36.311,202.01,64791,51635,61725,65535,65535,65535,65535,65535,65535
2026-07-31 10:20:36.348,202.05,64791,51635,61725,65535,65535,65535,65535,65535,65535
2026-07-31 10:20:36.389,202.09,64791,51635,61725,65535,65535,65535,65535,65535,65535
2026-07-31 10:20:36.438,202.14,64791,51635,61725,65535,65535,65535,65535,65535,65535
2026-07-31 10:20:36.489,202.19,64791,51635,61725,65535,65535,65535,65535,65535,65535
2026-07-31 10:20:36.536,202.23,64791,51635,61725,65535,65535,65535,65535,65535,65535
2026-07-31 10:20:36.584,202.28,64791,51635,61725,65535,65535,65535,65535,65535,65535
2026-07-31 10:20:36.630,202.33,64791,51635,61725,65535,65535,65535,65535,65535,65535
2026-07-31 10:20:36.679,202.38,64791,51635,61725,65535,65535,65535,65535,65535,65535
2026-07-31 10:20:36.728,202.43,64791,51635,61725,65535,65535,65535,65535,65535,65535
2026-07-31 10:20:36.775,202.47,64989,44259,61725,65535,65535,65535,65535,65535,65535
2026-07-31 10:20:36.823,202.52,64989,44259,61725,65535,65535,65535,65535,65535,65535
2026-07-31 10:20:36.859,202.56,64989,44259,61725,65535,65535,65535,65535,65535,65535
2026-07-31 10:20:36.906,202.6,64989,44259,61725,65535,65535,65535,65535,65535,65535
2026-07-31 10:20:36.952,202.65,64989,44259,61725,65535,65535,65535,65535,65535,65535
2026-07-31 10:20:37.002,202.7,64989,44259,61725,65535,65535,65535,65535,65535,65535
2026-07-31 10:20:37.048,202.75,64989,44259,61725,65535,65535,65535,65535,65535,65535
2026-07-31 10:20:37.097,202.8,64989,44259,61725,65535,65535,65535,65535,65535,65535
2026-07-31 10:20:37.143,202.84,64989,44259,61725,65535,65535,65535,65535,65535,65535
2026-07-31 10:20:37.191,202.89,64989,44259,61725,65535,65535,65535,65535,65535,65535
2026-07-31 10:20:37.237,202.94,64989,44259,61725,65535,65535,65535,65535,65535,65535
2026-07-31 10:20:37.286,202.98,64989,44259,61725,65535,65535,65535,65535,65535,65535
2026-07-31 10:20:37.337,203.04,65088,44174,62022,65535,65535,65535,65535,65535,65535
2026-07-31 10:20:37.373,203.07,65088,44174,62022,65535,65535,65535,65535,65535,65535
2026-07-31 10:20:37.416,203.11,65088,44174,62022,65535,65535,65535,65535,65535,65535
2026-07-31 10:20:37.464,203.16,65088,44174,62022,65535,65535,65535,65535,65535,65535
2026-07-31 10:20:37.513,203.21,65088,44174,62022,65535,65535,65535,65535,65535,65535
2026-07-31 10:20:37.563,203.26,65088,44174,62022,65535,65535,65535,65535,65535,65535
2026-07-31 10:20:37.610,203.31,65088,44174,62022,65535,65535,65535,65535,65535,65535
2026-07-31 10:20:37.655,203.35,65088,44174,62022,65535,65535,65535,65535,65535,65535
2026-07-31 10:20:37.705,203.4,65088,44174,62022,65535,65535,65535,65535,65535,65535
2026-07-31 10:20:37.753,203.45,65088,44174,62022,65535,65535,65535,65535,65535,65535
2026-07-31 10:20:37.799,203.5,65088,44174,62022,65535,65535,65535,65535,65535,65535
2026-07-31 10:20:37.836,203.53,65088,44174,62022,65535,65535,65535,65535,65535,65535
2026-07-31 10:20:37.872,203.57,65088,44174,61873,65535,65535,65535,65535,65535,65535
2026-07-31 10:20:37.918,203.62,55535,51635,61873,65535,65535,65535,65535,65535,65535
2026-07-31 10:20:37.967,203.67,55535,51635,61873,65535,65535,65535,65535,65535,65535
2026-07-31 10:20:38.011,203.71,55535,51635,61873,65535,65535,65535,65535,65535,65535
2026-07-31 10:20:38.061,203.76,55535,51635,61873,65535,65535,65535,65535,65535,65535
2026-07-31 10:20:38.106,203.8,55535,51635,61873,65535,65535,65535,65535,65535,65535
2026-07-31 10:20:38.156,203.85,55535,51635,61873,65535,65535,65535,65535,65535,65535
2026-07-31 10:20:38.210,203.91,55535,51635,61873,65535,65535,65535,65535,65535,65535
2026-07-31 10:20:38.256,203.95,55535,51635,61873,65535,65535,65535,65535,65535,65535
2026-07-31 10:20:38.305,204.0,55535,51635,61873,65535,65535,65535,65535,65535,65535
2026-07-31 10:20:38.351,204.05,55535,51635,61873,65535,65535,65535,65535,65535,65535
2026-07-31 10:20:38.388,204.09,55535,51635,61873,65535,65535,65535,65535,65535,65535
2026-07-31 10:20:38.434,204.13,55535,51635,49261,65535,65535,65535,65535,65535,65535
2026-07-31 10:20:38.480,204.18,55705,42732,49261,65535,65535,65535,65535,65535,65535
2026-07-31 10:20:38.528,204.23,55705,42732,49261,65535,65535,65535,65535,65535,65535
2026-07-31 10:20:38.578,204.28,55705,42732,49261,65535,65535,65535,65535,65535,65535
2026-07-31 10:20:38.625,204.32,55705,42732,49261,65535,65535,65535,65535,65535,65535
2026-07-31 10:20:38.672,204.37,55705,42732,49261,65535,65535,65535,65535,65535,65535
2026-07-31 10:20:38.719,204.42,55705,42732,49261,65535,65535,65535,65535,65535,65535
2026-07-31 10:20:38.767,204.47,55705,42732,49261,65535,65535,65535,65535,65535,65535
2026-07-31 10:20:38.816,204.51,55705,42732,49261,65535,65535,65535,65535,65535,65535
2026-07-31 10:20:38.864,204.56,55705,42732,49261,65535,65535,65535,65535,65535,65535
2026-07-31 10:20:38.905,204.6,55705,42732,49261,65535,65535,65535,65535,65535,65535
2026-07-31 10:20:38.949,204.65,55705,42732,49261,65535,65535,65535,65535,65535,65535
2026-07-31 10:20:39.001,204.7,55705,42732,61576,65535,65535,65535,65535,65535,65535
2026-07-31 10:20:39.052,204.75,65088,44259,61576,65535,65535,65535,65535,65535,65535
2026-07-31 10:20:39.096,204.79,65088,44259,61576,65535,65535,65535,65535,65535,65535
2026-07-31 10:20:39.147,204.85,65088,44259,61576,65535,65535,65535,65535,65535,65535
2026-07-31 10:20:39.194,204.89,65088,44259,61576,65535,65535,65535,65535,65535,65535
2026-07-31 10:20:39.241,204.94,65088,44259,61576,65535,65535,65535,65535,65535,65535
2026-07-31 10:20:39.286,204.98,65088,44259,61576,65535,65535,65535,65535,65535,65535
2026-07-31 10:20:39.334,205.03,65088,44259,61576,65535,65535,65535,65535,65535,65535
2026-07-31 10:20:39.372,205.07,65088,44259,61576,65535,65535,65535,65535,65535,65535
2026-07-31 10:20:39.420,205.12,65088,44259,61576,65535,65535,65535,65535,65535,65535
2026-07-31 10:20:39.467,205.17,65088,44259,61576,65535,65535,65535,65535,65535,65535
2026-07-31 10:20:39.512,205.21,65088,44259,61576,65535,65535,65535,65535,65535,65535
2026-07-31 10:20:39.562,205.26,65088,44259,61873,65535,65535,65535,65535,65535,65535
2026-07-31 10:20:39.611,205.31,64989,38949,61873,65535,65535,65535,65535,65535,65535
2026-07-31 10:20:39.659,205.36,64989,38949,61873,65535,65535,65535,65535,65535,65535
2026-07-31 10:20:39.703,205.4,64989,38949,61873,65535,65535,65535,65535,65535,65535
2026-07-31 10:20:39.749,205.45,64989,38949,61873,65535,65535,65535,65535,65535,65535
2026-07-31 10:20:39.800,205.5,64989,38949,61873,65535,65535,65535,65535,65535,65535
2026-07-31 10:20:39.847,205.55,64989,38949,61873,65535,65535,65535,65535,65535,65535
2026-07-31 10:20:39.884,205.58,64989,38949,61873,65535,65535,65535,65535,65535,65535
2026-07-31 10:20:39.930,205.63,64989,38949,61873,65535,65535,65535,65535,65535,65535
2026-07-31 10:20:39.976,205.67,64989,38949,61873,65535,65535,65535,65535,65535,65535
2026-07-31 10:20:40.026,205.72,64989,38949,61873,65535,65535,65535,65535,65535,65535
2026-07-31 10:20:40.076,205.77,64989,38949,61873,65535,65535,65535,65535,65535,65535
2026-07-31 10:20:40.124,205.82,64989,38949,62022,65535,65535,65535,65535,65535,65535
2026-07-31 10:20:40.174,205.87,55705,44343,62022,65535,65535,65535,65535,65535,65535
2026-07-31 10:20:40.221,205.92,55705,44343,62022,65535,65535,65535,65535,65535,65535
2026-07-31 10:20:40.270,205.97,55705,44343,62022,65535,65535,65535,65535,65535,65535
2026-07-31 10:20:40.317,206.01,55705,44343,62022,65535,65535,65535,65535,65535,65535
2026-07-31 10:20:40.367,206.07,55705,44343,62022,65535,65535,65535,65535,65535,65535
2026-07-31 10:20:40.401,206.1,55705,44343,62022,65535,65535,65535,65535,65535,65535
2026-07-31 10:20:40.450,206.15,55705,44343,62022,65535,65535,65535,65535,65535,65535
2026-07-31 10:20:40.494,206.19,55705,44343,62022,65535,65535,65535,65535,65535,65535
2026-07-31 10:20:40.542,206.24,55705,44343,62022,65535,65535,65535,65535,65535,65535
2026-07-31 10:20:40.588,206.29,55705,44343,62022,65535,65535,65535,65535,65535,65535
2026-07-31 10:20:40.642,206.34,55705,44343,62022,65535,65535,65535,65535,65535,65535
2026-07-31 10:20:40.693,206.39,55705,44343,61576,65535,65535,65535,65535,65535,65535
2026-07-31 10:20:40.739,206.44,65088,44259,61576,65535,65535,65535,65535,65535,65535
2026-07-31 10:20:40.788,206.49,65088,44259,61576,65535,65535,65535,65535,65535,65535
2026-07-31 10:20:40.835,206.53,65088,44259,61576,65535,65535,65535,65535,65535,65535
2026-07-31 10:20:40.875,206.57,65088,44259,61576,65535,65535,65535,65535,65535,65535
2026-07-31 10:20:40.923,206.62,65088,44259,61576,65535,65535,65535,65535,65535,65535
2026-07-31 10:20:40.966,206.66,65088,44259,61576,65535,65535,65535,65535,65535,65535
2026-07-31 10:20:41.015,206.71,65088,44259,61576,65535,65535,65535,65535,65535,65535
2026-07-31 10:20:41.062,206.76,65088,44259,61576,65535,65535,65535,65535,65535,65535
2026-07-31 10:20:41.111,206.81,65088,44259,61576,65535,65535,65535,65535,65535,65535
2026-07-31 10:20:41.158,206.86,65088,44259,61576,65535,65535,65535,65535,65535,65535
2026-07-31 10:20:41.204,206.9,65088,44259,61576,65535,65535,65535,65535,65535,65535
2026-07-31 10:20:41.255,206.95,65088,44259,61576,65535,65535,65535,65535,65535,65535
2026-07-31 10:20:41.301,207.0,65286,44259,61576,65535,65535,65535,65535,65535,65535
2026-07-31 10:20:41.351,207.05,65286,44259,61576,65535,65535,65535,65535,65535,65535
2026-07-31 10:20:41.386,207.08,65286,44259,61576,65535,65535,65535,65535,65535,65535
2026-07-31 10:20:41.430,207.13,65286,44259,61576,65535,65535,65535,65535,65535,65535
2026-07-31 10:20:41.483,207.18,65286,44259,61576,65535,65535,65535,65535,65535,65535
2026-07-31 10:20:41.528,207.23,65286,44259,61576,65535,65535,65535,65535,65535,65535
2026-07-31 10:20:41.575,207.27,65286,44259,61576,65535,65535,65535,65535,65535,65535
2026-07-31 10:20:41.622,207.32,65286,44259,61576,65535,65535,65535,65535,65535,65535
2026-07-31 10:20:41.670,207.37,65286,44259,61576,65535,65535,65535,65535,65535,65535
2026-07-31 10:20:41.719,207.42,65286,44259,61576,65535,65535,65535,65535,65535,65535
2026-07-31 10:20:41.765,207.46,65286,44259,61576,65535,65535,65535,65535,65535,65535
2026-07-31 10:20:41.814,207.51,65286,44259,61576,65535,65535,65535,65535,65535,65535
2026-07-31 10:20:41.855,207.55,65088,44259,61873,65535,65535,65535,65535,65535,65535
2026-07-31 10:20:41.891,207.59,65088,44259,61873,65535,65535,65535,65535,65535,65535
2026-07-31 10:20:41.937,207.64,65088,44259,61873,65535,65535,65535,65535,65535,65535
2026-07-31 10:20:41.982,207.68,65088,44259,61873,65535,65535,65535,65535,65535,65535
2026-07-31 10:20:42.032,207.73,65088,44259,61873,65535,65535,65535,65535,65535,65535
2026-07-31 10:20:42.077,207.78,65088,44259,61873,65535,65535,65535,65535,65535,65535
2026-07-31 10:20:42.127,207.83,65088,44259,61873,65535,65535,65535,65535,65535,65535
2026-07-31 10:20:42.173,207.87,65088,44259,61873,65535,65535,65535,65535,65535,65535
2026-07-31 10:20:42.224,207.92,65088,44259,61873,65535,65535,65535,65535,65535,65535
2026-07-31 10:20:42.269,207.97,65088,44259,61873,65535,65535,65535,65535,65535,65535
2026-07-31 10:20:42.318,208.02,65088,44259,61873,65535,65535,65535,65535,65535,65535
2026-07-31 10:20:42.365,208.06,65088,44259,61873,65535,65535,65535,65535,65535,65535
2026-07-31 10:20:42.402,208.1,65088,44259,62022,65535,65535,65535,65535,65535,65535
2026-07-31 10:20:42.448,208.15,55959,51635,62022,65535,65535,65535,65535,65535,65535
2026-07-31 10:20:42.496,208.19,55959,51635,62022,65535,65535,65535,65535,65535,65535
2026-07-31 10:20:42.543,208.24,55959,51635,62022,65535,65535,65535,65535,65535,65535
2026-07-31 10:20:42.595,208.29,55959,51635,62022,65535,65535,65535,65535,65535,65535
2026-07-31 10:20:42.638,208.34,55959,51635,62022,65535,65535,65535,65535,65535,65535
2026-07-31 10:20:42.688,208.39,55959,51635,62022,65535,65535,65535,65535,65535,65535
2026-07-31 10:20:42.736,208.43,55959,51635,62022,65535,65535,65535,65535,65535,65535
2026-07-31 10:20:42.784,208.48,55959,51635,62022,65535,65535,65535,65535,65535,65535
2026-07-31 10:20:42.830,208.53,55959,51635,62022,65535,65535,65535,65535,65535,65535
2026-07-31 10:20:42.878,208.58,55959,51635,62022,65535,65535,65535,65535,65535,65535
2026-07-31 10:20:42.915,208.61,55959,51635,62022,65535,65535,65535,65535,65535,65535
2026-07-31 10:20:42.964,208.66,55959,51635,61873,65535,65535,65535,65535,65535,65535
2026-07-31 10:20:43.007,208.71,65286,42648,61873,65535,65535,65535,65535,65535,65535
2026-07-31 10:20:43.056,208.75,65286,42648,61873,65535,65535,65535,65535,65535,65535
2026-07-31 10:20:43.106,208.8,65286,42648,61873,65535,65535,65535,65535,65535,65535
2026-07-31 10:20:43.187,208.89,65286,42648,61873,65535,65535,65535,65535,65535,65535
2026-07-31 10:20:43.240,208.94,65286,42648,61873,65535,65535,65535,65535,65535,65535
2026-07-31 10:20:43.296,208.99,65286,42648,61873,65535,65535,65535,65535,65535,65535
2026-07-31 10:20:43.352,209.05,65286,42648,61873,65535,65535,65535,65535,65535,65535
2026-07-31 10:20:43.419,209.12,65286,42648,61873,65535,65535,65535,65535,65535,65535
2026-07-31 10:20:43.458,209.16,65286,42648,61873,65535,65535,65535,65535,65535,65535
2026-07-31 10:20:43.510,209.21,65286,42648,61873,65535,65535,65535,65535,65535,65535
2026-07-31 10:20:43.640,209.34,65187,44174,61576,65535,65535,65535,65535,65535,65535
2026-07-31 10:20:43.716,209.41,65187,44174,61576,65535,65535,65535,65535,65535,65535
2026-07-31 10:20:43.783,209.48,65187,44174,61576,65535,65535,65535,65535,65535,65535
2026-07-31 10:20:43.842,209.54,65187,44174,61576,65535,65535,65535,65535,65535,65535
2026-07-31 10:20:43.892,209.59,65187,44174,61576,65535,65535,65535,65535,65535,65535
2026-07-31 10:20:43.937,209.64,65187,44174,61576,65535,65535,65535,65535,65535,65535
2026-07-31 10:20:43.991,209.69,65187,44174,61576,65535,65535,65535,65535,65535,65535
2026-07-31 10:20:44.043,209.74,65187,44174,61576,65535,65535,65535,65535,65535,65535
2026-07-31 10:20:44.094,209.79,56044,44174,61873,65535,65535,65535,65535,65535,65535
2026-07-31 10:20:44.162,209.86,56044,44259,61873,65535,65535,65535,65535,65535,65535
2026-07-31 10:20:44.217,209.92,56044,44259,61873,65535,65535,65535,65535,65535,65535
2026-07-31 10:20:44.268,209.97,56044,44259,61873,65535,65535,65535,65535,65535,65535
2026-07-31 10:20:44.317,210.02,56044,44259,61873,65535,65535,65535,65535,65535,65535
2026-07-31 10:20:44.365,210.06,56044,44259,61873,65535,65535,65535,65535,65535,65535
2026-07-31 10:20:44.400,210.1,56044,44259,61873,65535,65535,65535,65535,65535,65535
2026-07-31 10:20:44.449,210.15,56044,44259,61873,65535,65535,65535,65535,65535,65535
2026-07-31 10:20:44.498,210.2,56044,44259,61873,65535,65535,65535,65535,65535,65535
2026-07-31 10:20:44.548,210.25,56044,44259,61873,65535,65535,65535,65535,65535,65535
2026-07-31 10:20:44.597,210.3,56044,44259,61873,65535,65535,65535,65535,65535,65535
2026-07-31 10:20:44.644,210.34,56044,44259,49261,65535,65535,65535,65535,65535,65535
2026-07-31 10:20:44.694,210.39,65187,42648,49261,65535,65535,65535,65535,65535,65535
2026-07-31 10:20:44.738,210.44,65187,42648,49261,65535,65535,65535,65535,65535,65535
2026-07-31 10:20:44.787,210.49,65187,42648,49261,65535,65535,65535,65535,65535,65535
2026-07-31 10:20:44.836,210.53,65187,42648,49261,65535,65535,65535,65535,65535,65535
2026-07-31 10:20:44.872,210.57,65187,42648,49261,65535,65535,65535,65535,65535,65535
2026-07-31 10:20:44.908,210.61,65187,42648,49261,65535,65535,65535,65535,65535,65535
2026-07-31 10:20:44.954,210.65,65187,42648,49261,65535,65535,65535,65535,65535,65535
2026-07-31 10:20:45.000,210.7,65187,42648,49261,65535,65535,65535,65535,65535,65535
2026-07-31 10:20:45.044,210.74,65187,42648,49261,65535,65535,65535,65535,65535,65535
2026-07-31 10:20:45.094,210.79,65187,42648,49261,65535,65535,65535,65535,65535,65535
2026-07-31 10:20:45.138,210.84,65187,42648,49261,65535,65535,65535,65535,65535,65535
2026-07-31 10:20:45.186,210.88,65187,42648,49261,65535,65535,65535,65535,65535,65535
2026-07-31 10:20:45.237,210.94,65484,42648,61576,65535,65535,65535,65535,65535,65535
2026-07-31 10:20:45.284,210.98,65484,44343,61576,65535,65535,65535,65535,65535,65535
2026-07-31 10:20:45.336,211.03,65484,44343,61576,65535,65535,65535,65535,65535,65535
2026-07-31 10:20:45.378,211.08,65484,44343,61576,65535,65535,65535,65535,65535,65535
2026-07-31 10:20:45.415,211.11,65484,44343,61576,65535,65535,65535,65535,65535,65535
2026-07-31 10:20:45.461,211.16,65484,44343,61576,65535,65535,65535,65535,65535,65535
2026-07-31 10:20:45.508,211.21,65484,44343,61576,65535,65535,65535,65535,65535,65535
2026-07-31 10:20:45.555,211.25,65484,44343,61576,65535,65535,65535,65535,65535,65535
2026-07-31 10:20:45.602,211.3,65484,44343,61576,65535,65535,65535,65535,65535,65535
2026-07-31 10:20:45.650,211.35,65484,44343,61576,65535,65535,65535,65535,65535,65535
2026-07-31 10:20:45.699,211.4,65484,44343,61576,65535,65535,65535,65535,65535,65535
2026-07-31 10:20:45.747,211.45,65484,44343,61576,65535,65535,65535,65535,65535,65535
2026-07-31 10:20:45.792,211.49,65187,44343,49024,65535,65535,65535,65535,65535,65535
2026-07-31 10:20:45.839,211.54,65187,44259,49024,65535,65535,65535,65535,65535,65535
2026-07-31 10:20:45.882,211.58,65187,44259,49024,65535,65535,65535,65535,65535,65535
2026-07-31 10:20:45.921,211.62,65187,44259,49024,65535,65535,65535,65535,65535,65535
2026-07-31 10:20:45.965,211.66,65187,44259,49024,65535,65535,65535,65535,65535,65535
2026-07-31 10:20:46.013,211.71,65187,44259,49024,65535,65535,65535,65535,65535,65535
2026-07-31 10:20:46.063,211.76,65187,44259,49024,65535,65535,65535,65535,65535,65535
2026-07-31 10:20:46.111,211.81,65187,44259,49024,65535,65535,65535,65535,65535,65535
2026-07-31 10:20:46.160,211.86,65187,44259,49024,65535,65535,65535,65535,65535,65535
2026-07-31 10:20:46.206,211.9,65187,44259,49024,65535,65535,65535,65535,65535,65535
2026-07-31 10:20:46.254,211.95,65187,44259,49024,65535,65535,65535,65535,65535,65535
2026-07-31 10:20:46.304,212.0,65187,44259,49024,65535,65535,65535,65535,65535,65535
2026-07-31 10:20:46.352,212.05,65187,44259,61725,65535,65535,65535,65535,65535,65535
2026-07-31 10:20:46.387,212.09,56129,44089,61725,65535,65535,65535,65535,65535,65535
2026-07-31 10:20:46.422,212.12,56129,44089,61725,65535,65535,65535,65535,65535,65535
2026-07-31 10:20:46.471,212.17,56129,44089,61725,65535,65535,65535,65535,65535,65535
2026-07-31 10:20:46.518,212.22,56129,44089,61725,65535,65535,65535,65535,65535,65535
2026-07-31 10:20:46.565,212.26,56129,44089,61725,65535,65535,65535,65535,65535,65535
2026-07-31 10:20:46.614,212.31,56129,44089,61725,65535,65535,65535,65535,65535,65535
2026-07-31 10:20:46.659,212.36,56129,44089,61725,65535,65535,65535,65535,65535,65535
2026-07-31 10:20:46.707,212.41,56129,44089,61725,65535,65535,65535,65535,65535,65535
2026-07-31 10:20:46.753,212.45,56129,44089,61725,65535,65535,65535,65535,65535,65535
2026-07-31 10:20:46.800,212.5,56129,44089,61725,65535,65535,65535,65535,65535,65535
2026-07-31 10:20:46.848,212.55,56129,44089,61725,65535,65535,65535,65535,65535,65535
2026-07-31 10:20:46.887,212.59,56129,44089,61725,65535,65535,65535,65535,65535,65535
2026-07-31 10:20:46.931,212.63,65286,44089,61873,65535,65535,65535,65535,65535,65535
2026-07-31 10:20:46.980,212.68,65286,44343,61873,65535,65535,65535,65535,65535,65535
2026-07-31 10:20:47.029,212.73,65286,44343,61873,65535,65535,65535,65535,65535,65535
2026-07-31 10:20:47.075,212.77,65286,44343,61873,65535,65535,65535,65535,65535,65535
2026-07-31 10:20:47.124,212.82,65286,44343,61873,65535,65535,65535,65535,65535,65535
2026-07-31 10:20:47.174,212.87,65286,44343,61873,65535,65535,65535,65535,65535,65535
2026-07-31 10:20:47.221,212.92,65286,44343,61873,65535,65535,65535,65535,65535,65535
2026-07-31 10:20:47.268,212.97,65286,44343,61873,65535,65535,65535,65535,65535,65535
2026-07-31 10:20:47.316,213.01,65286,44343,61873,65535,65535,65535,65535,65535,65535
2026-07-31 10:20:47.367,213.07,65286,44343,61873,65535,65535,65535,65535,65535,65535
2026-07-31 10:20:47.401,213.1,65286,44343,61873,65535,65535,65535,65535,65535,65535
2026-07-31 10:20:47.449,213.15,65286,44343,61873,65535,65535,65535,65535,65535,65535
2026-07-31 10:20:47.494,213.19,55959,44343,61725,65535,65535,65535,65535,65535,65535
2026-07-31 10:20:47.542,213.24,55959,44259,61725,65535,65535,65535,65535,65535,65535
2026-07-31 10:20:47.593,213.29,55959,44259,61725,65535,65535,65535,65535,65535,65535
2026-07-31 10:20:47.637,213.34,55959,44259,61725,65535,65535,65535,65535,65535,65535
2026-07-31 10:20:47.686,213.38,55959,44259,61725,65535,65535,65535,65535,65535,65535
2026-07-31 10:20:47.735,213.43,55959,44259,61725,65535,65535,65535,65535,65535,65535
2026-07-31 10:20:47.781,213.48,55959,44259,61725,65535,65535,65535,65535,65535,65535
2026-07-31 10:20:47.830,213.53,55959,44259,61725,65535,65535,65535,65535,65535,65535
2026-07-31 10:20:47.878,213.58,55959,44259,61725,65535,65535,65535,65535,65535,65535
2026-07-31 10:20:47.914,213.61,55959,44259,61725,65535,65535,65535,65535,65535,65535
2026-07-31 10:20:47.960,213.66,55959,44259,61725,65535,65535,65535,65535,65535,65535
2026-07-31 10:20:48.006,213.7,55959,44259,61725,65535,65535,65535,65535,65535,65535
2026-07-31 10:20:48.057,213.76,55874,44259,62022,65535,65535,65535,65535,65535,65535
2026-07-31 10:20:48.101,213.8,55874,51734,62022,65535,65535,65535,65535,65535,65535
2026-07-31 10:20:48.152,213.85,55874,51734,62022,65535,65535,65535,65535,65535,65535
2026-07-31 10:20:48.200,213.9,55874,51734,62022,65535,65535,65535,65535,65535,65535
2026-07-31 10:20:48.247,213.95,55874,51734,62022,65535,65535,65535,65535,65535,65535
2026-07-31 10:20:48.294,213.99,55874,51734,62022,65535,65535,65535,65535,65535,65535
2026-07-31 10:20:48.342,214.04,55874,51734,62022,65535,65535,65535,65535,65535,65535
2026-07-31 10:20:48.379,214.08,55874,51734,62022,65535,65535,65535,65535,65535,65535
2026-07-31 10:20:48.427,214.13,55874,51734,62022,65535,65535,65535,65535,65535,65535
2026-07-31 10:20:48.473,214.17,55874,51734,62022,65535,65535,65535,65535,65535,65535
2026-07-31 10:20:48.521,214.22,55874,51734,62022,65535,65535,65535,65535,65535,65535
2026-07-31 10:20:48.567,214.26,55874,51734,62022,65535,65535,65535,65535,65535,65535
2026-07-31 10:20:48.609,214.31,55874,51734,61873,65535,65535,65535,65535,65535,65535
2026-07-31 10:20:48.661,214.36,65385,44089,61873,65535,65535,65535,65535,65535,65535
2026-07-31 10:20:48.709,214.41,65385,44089,61873,65535,65535,65535,65535,65535,65535
2026-07-31 10:20:48.755,214.45,65385,44089,61873,65535,65535,65535,65535,65535,65535
2026-07-31 10:20:48.800,214.5,65385,44089,61873,65535,65535,65535,65535,65535,65535
2026-07-31 10:20:48.848,214.55,65385,44089,61873,65535,65535,65535,65535,65535,65535
2026-07-31 10:20:48.887,214.59,65385,44089,61873,65535,65535,65535,65535,65535,65535
2026-07-31 10:20:48.931,214.63,65385,44089,61873,65535,65535,65535,65535,65535,65535
2026-07-31 10:20:48.980,214.68,65385,44089,61873,65535,65535,65535,65535,65535,65535
2026-07-31 10:20:49.026,214.72,65385,44089,61873,65535,65535,65535,65535,65535,65535
2026-07-31 10:20:49.076,214.77,65385,44089,61873,65535,65535,65535,65535,65535,65535
2026-07-31 10:20:49.122,214.82,65385,44089,61873,65535,65535,65535,65535,65535,65535
2026-07-31 10:20:49.169,214.87,65385,44089,61576,65535,65535,65535,65535,65535,65535
2026-07-31 10:20:49.217,214.91,65286,44089,61576,65535,65535,65535,65535,65535,65535
2026-07-31 10:20:49.265,214.96,65286,44089,61576,65535,65535,65535,65535,65535,65535
2026-07-31 10:20:49.313,215.01,65286,44089,61576,65535,65535,65535,65535,65535,65535
2026-07-31 10:20:49.360,215.06,65286,44089,61576,65535,65535,65535,65535,65535,65535
2026-07-31 10:20:49.399,215.1,65286,44089,61576,65535,65535,65535,65535,65535,65535
2026-07-31 10:20:49.446,215.14,65286,44089,61576,65535,65535,65535,65535,65535,65535
2026-07-31 10:20:49.494,215.19,65286,44089,61576,65535,65535,65535,65535,65535,65535
2026-07-31 10:20:49.540,215.24,65286,44089,61576,65535,65535,65535,65535,65535,65535
2026-07-31 10:20:49.586,215.28,65286,44089,61576,65535,65535,65535,65535,65535,65535
2026-07-31 10:20:49.634,215.33,65286,44089,61576,65535,65535,65535,65535,65535,65535
2026-07-31 10:20:49.685,215.38,65286,44089,61576,65535,65535,65535,65535,65535,65535
2026-07-31 10:20:49.731,215.43,65286,44089,61428,65535,65535,65535,65535,65535,65535
2026-07-31 10:20:49.780,215.48,65385,44004,61428,65535,65535,65535,65535,65535,65535
2026-07-31 10:20:49.827,215.53,65385,44004,61428,65535,65535,65535,65535,65535,65535
2026-07-31 10:20:49.871,215.57,65385,44004,61428,65535,65535,65535,65535,65535,65535
2026-07-31 10:20:49.905,215.6,65385,44004,61428,65535,65535,65535,65535,65535,65535
2026-07-31 10:20:49.941,215.64,65385,44004,61428,65535,65535,65535,65535,65535,65535
2026-07-31 10:20:49.988,215.69,65385,44004,61428,65535,65535,65535,65535,65535,65535
2026-07-31 10:20:50.034,215.73,65385,44004,61428,65535,65535,65535,65535,65535,65535
2026-07-31 10:20:50.081,215.78,65385,44004,61428,65535,65535,65535,65535,65535,65535
2026-07-31 10:20:50.130,215.83,65385,44004,61428,65535,65535,65535,65535,65535,65535
2026-07-31 10:20:50.178,215.88,65385,44004,61428,65535,65535,65535,65535,65535,65535
2026-07-31 10:20:50.225,215.92,65385,44004,61428,65535,65535,65535,65535,65535,65535
2026-07-31 10:20:50.273,215.97,65385,44004,61428,65535,65535,65535,65535,65535,65535
2026-07-31 10:20:50.318,216.02,65385,44004,61576,65535,65535,65535,65535,65535,65535
2026-07-31 10:20:50.367,216.07,65286,44513,61576,65535,65535,65535,65535,65535,65535
2026-07-31 10:20:50.404,216.1,65286,44513,61576,65535,65535,65535,65535,65535,65535
2026-07-31 10:20:50.441,216.14,65286,44513,61576,65535,65535,65535,65535,65535,65535
2026-07-31 10:20:50.489,216.19,65286,44513,61576,65535,65535,65535,65535,65535,65535
2026-07-31 10:20:50.539,216.24,65286,44513,61576,65535,65535,65535,65535,65535,65535
2026-07-31 10:20:50.585,216.28,65286,44513,61576,65535,65535,65535,65535,65535,65535
2026-07-31 10:20:50.632,216.33,65286,44513,61576,65535,65535,65535,65535,65535,65535
2026-07-31 10:20:50.679,216.38,65286,44513,61576,65535,65535,65535,65535,65535,65535
2026-07-31 10:20:50.729,216.43,65286,44513,61576,65535,65535,65535,65535,65535,65535
2026-07-31 10:20:50.779,216.48,65286,44513,61576,65535,65535,65535,65535,65535,65535
2026-07-31 10:20:50.826,216.52,65286,44513,61576,65535,65535,65535,65535,65535,65535
2026-07-31 10:20:50.873,216.57,65286,44513,61725,65535,65535,65535,65535,65535,65535
2026-07-31 10:20:50.910,216.61,65286,51437,61725,65535,65535,65535,65535,65535,65535
2026-07-31 10:20:50.957,216.65,65286,51437,61725,65535,65535,65535,65535,65535,65535
2026-07-31 10:20:51.002,216.7,65286,51437,61725,65535,65535,65535,65535,65535,65535
2026-07-31 10:20:51.050,216.75,65286,51437,61725,65535,65535,65535,65535,65535,65535
2026-07-31 10:20:51.099,216.8,65286,51437,61725,65535,65535,65535,65535,65535,65535
2026-07-31 10:20:51.149,216.85,65286,51437,61725,65535,65535,65535,65535,65535,65535
2026-07-31 10:20:51.196,216.89,65286,51437,61725,65535,65535,65535,65535,65535,65535
2026-07-31 10:20:51.245,216.94,65286,51437,61725,65535,65535,65535,65535,65535,65535
2026-07-31 10:20:51.294,216.99,65286,51437,61725,65535,65535,65535,65535,65535,65535
2026-07-31 10:20:51.340,217.04,65286,51437,61725,65535,65535,65535,65535,65535,65535
2026-07-31 10:20:51.387,217.09,65286,51437,61725,65535,65535,65535,65535,65535,65535
2026-07-31 10:20:51.423,217.12,65286,51437,61725,65535,65535,65535,65535,65535,65535
2026-07-31 10:20:51.468,217.17,52653,51437,61725,65535,65535,65535,65535,65535,65535
2026-07-31 10:20:51.516,217.21,52653,51635,61725,65535,65535,65535,65535,65535,65535
2026-07-31 10:20:51.565,217.26,52653,51635,61725,65535,65535,65535,65535,65535,65535
2026-07-31 10:20:51.613,217.31,52653,51635,61725,65535,65535,65535,65535,65535,65535
2026-07-31 10:20:51.662,217.36,52653,51635,61725,65535,65535,65535,65535,65535,65535
2026-07-31 10:20:51.707,217.41,52653,51635,61725,65535,65535,65535,65535,65535,65535
2026-07-31 10:20:51.753,217.45,52653,51635,61725,65535,65535,65535,65535,65535,65535
2026-07-31 10:20:51.804,217.5,52653,51635,61725,65535,65535,65535,65535,65535,65535
2026-07-31 10:20:51.850,217.55,52653,51635,61725,65535,65535,65535,65535,65535,65535
2026-07-31 10:20:51.900,217.6,52653,51635,61725,65535,65535,65535,65535,65535,65535
2026-07-31 10:20:51.935,217.63,52653,51635,61725,65535,65535,65535,65535,65535,65535
2026-07-31 10:20:51.980,217.68,52653,51635,61725,65535,65535,65535,65535,65535,65535
2026-07-31 10:20:52.032,217.73,55959,51635,62022,65535,65535,65535,65535,65535,65535
2026-07-31 10:20:52.079,217.78,55959,44174,62022,65535,65535,65535,65535,65535,65535
2026-07-31 10:20:52.124,217.82,55959,44174,62022,65535,65535,65535,65535,65535,65535
2026-07-31 10:20:52.174,217.87,55959,44174,62022,65535,65535,65535,65535,65535,65535
2026-07-31 10:20:52.223,217.92,55959,44174,62022,65535,65535,65535,65535,65535,65535
2026-07-31 10:20:52.271,217.97,55959,44174,62022,65535,65535,65535,65535,65535,65535
2026-07-31 10:20:52.318,218.02,55959,44174,62022,65535,65535,65535,65535,65535,65535
2026-07-31 10:20:52.364,218.06,55959,44174,62022,65535,65535,65535,65535,65535,65535
2026-07-31 10:20:52.402,218.1,55959,44174,62022,65535,65535,65535,65535,65535,65535
2026-07-31 10:20:52.448,218.15,55959,44174,62022,65535,65535,65535,65535,65535,65535
2026-07-31 10:20:52.496,218.19,55959,44174,62022,65535,65535,65535,65535,65535,65535
2026-07-31 10:20:52.543,218.24,55959,44174,62022,65535,65535,65535,65535,65535,65535
2026-07-31 10:20:52.592,218.29,65385,44174,61725,65535,65535,65535,65535,65535,65535
2026-07-31 10:20:52.639,218.34,65385,44259,61725,65535,65535,65535,65535,65535,65535
2026-07-31 10:20:52.686,218.38,65385,44259,61725,65535,65535,65535,65535,65535,65535
2026-07-31 10:20:52.732,218.43,65385,44259,61725,65535,65535,65535,65535,65535,65535
2026-07-31 10:20:52.779,218.48,65385,44259,61725,65535,65535,65535,65535,65535,65535
2026-07-31 10:20:52.830,218.53,65385,44259,61725,65535,65535,65535,65535,65535,65535
2026-07-31 10:20:52.877,218.58,65385,44259,61725,65535,65535,65535,65535,65535,65535
2026-07-31 10:20:52.914,218.61,65385,44259,61725,65535,65535,65535,65535,65535,65535
2026-07-31 10:20:52.957,218.66,65385,44259,61725,65535,65535,65535,65535,65535,65535
2026-07-31 10:20:53.004,218.7,65385,44259,61725,65535,65535,65535,65535,65535,65535
2026-07-31 10:20:53.052,218.75,65385,44259,61725,65535,65535,65535,65535,65535,65535
2026-07-31 10:20:53.102,218.8,65385,44259,61725,65535,65535,65535,65535,65535,65535
2026-07-31 10:20:53.150,218.85,65385,44259,62022,65535,65535,65535,65535,65535,65535
2026-07-31 10:20:53.194,218.89,55874,44259,62022,65535,65535,65535,65535,65535,65535
2026-07-31 10:20:53.245,218.94,55874,44259,62022,65535,65535,65535,65535,65535,65535
2026-07-31 10:20:53.295,218.99,55874,44259,62022,65535,65535,65535,65535,65535,65535
2026-07-31 10:20:53.348,219.05,55874,44259,62022,65535,65535,65535,65535,65535,65535
2026-07-31 10:20:53.399,219.1,55874,44259,62022,65535,65535,65535,65535,65535,65535
2026-07-31 10:20:53.445,219.14,55874,44259,62022,65535,65535,65535,65535,65535,65535
2026-07-31 10:20:53.494,219.19,55874,44259,62022,65535,65535,65535,65535,65535,65535
2026-07-31 10:20:53.547,219.25,55874,44259,62022,65535,65535,65535,65535,65535,65535
2026-07-31 10:20:53.598,219.3,55874,44259,62022,65535,65535,65535,65535,65535,65535
2026-07-31 10:20:53.651,219.35,55874,44259,62022,65535,65535,65535,65535,65535,65535
2026-07-31 10:20:53.700,219.4,55874,44259,61576,65535,65535,65535,65535,65535,65535
2026-07-31 10:20:53.756,219.45,55959,49855,61576,65535,65535,65535,65535,65535,65535
2026-07-31 10:20:53.808,219.51,55959,49855,61576,65535,65535,65535,65535,65535,65535
2026-07-31 10:20:53.856,219.55,55959,49855,61576,65535,65535,65535,65535,65535,65535
2026-07-31 10:20:53.906,219.6,55959,49855,61576,65535,65535,65535,65535,65535,65535
2026-07-31 10:20:53.954,219.65,55959,49855,61576,65535,65535,65535,65535,65535,65535
2026-07-31 10:20:54.001,219.7,55959,49855,61576,65535,65535,65535,65535,65535,65535
2026-07-31 10:20:54.039,219.74,55959,49855,61576,65535,65535,65535,65535,65535,65535
2026-07-31 10:20:54.073,219.77,55959,49855,61576,65535,65535,65535,65535,65535,65535
2026-07-31 10:20:54.121,219.82,55959,49855,61576,65535,65535,65535,65535,65535,65535
2026-07-31 10:20:54.168,219.87,55959,49855,61576,65535,65535,65535,65535,65535,65535
2026-07-31 10:20:54.219,219.92,55959,49855,61576,65535,65535,65535,65535,65535,65535
2026-07-31 10:20:54.266,219.96,55959,49855,61725,65535,65535,65535,65535,65535,65535
2026-07-31 10:20:54.313,220.01,65088,44089,61725,65535,65535,65535,65535,65535,65535
2026-07-31 10:20:54.365,220.06,65088,44089,61725,65535,65535,65535,65535,65535,65535
2026-07-31 10:20:54.413,220.11,65088,44089,61725,65535,65535,65535,65535,65535,65535
2026-07-31 10:20:54.453,220.15,65088,44089,61725,65535,65535,65535,65535,65535,65535
2026-07-31 10:20:54.497,220.2,65088,44089,61725,65535,65535,65535,65535,65535,65535
2026-07-31 10:20:54.548,220.25,65088,44089,61725,65535,65535,65535,65535,65535,65535
2026-07-31 10:20:54.595,220.29,65088,44089,61725,65535,65535,65535,65535,65535,65535
2026-07-31 10:20:54.641,220.34,65088,44089,61725,65535,65535,65535,65535,65535,65535
2026-07-31 10:20:54.685,220.38,65088,44089,61725,65535,65535,65535,65535,65535,65535
2026-07-31 10:20:54.736,220.43,65088,44089,61725,65535,65535,65535,65535,65535,65535
2026-07-31 10:20:54.782,220.48,65088,44089,61725,65535,65535,65535,65535,65535,65535
2026-07-31 10:20:54.830,220.53,65088,44089,61873,65535,65535,65535,65535,65535,65535
2026-07-31 10:20:54.877,220.58,56129,44428,61873,65535,65535,65535,65535,65535,65535
2026-07-31 10:20:54.916,220.61,56129,44428,61873,65535,65535,65535,65535,65535,65535
2026-07-31 10:20:54.964,220.66,56129,44428,61873,65535,65535,65535,65535,65535,65535
2026-07-31 10:20:55.016,220.71,56129,44428,61873,65535,65535,65535,65535,65535,65535
2026-07-31 10:20:55.060,220.76,56129,44428,61873,65535,65535,65535,65535,65535,65535
2026-07-31 10:20:55.110,220.81,56129,44428,61873,65535,65535,65535,65535,65535,65535
2026-07-31 10:20:55.159,220.86,56129,44428,61873,65535,65535,65535,65535,65535,65535
2026-07-31 10:20:55.207,220.91,56129,44428,61873,65535,65535,65535,65535,65535,65535
2026-07-31 10:20:55.258,220.96,56129,44428,61873,65535,65535,65535,65535,65535,65535
2026-07-31 10:20:55.307,221.01,56129,44428,61873,65535,65535,65535,65535,65535,65535
2026-07-31 10:20:55.359,221.06,56129,44428,61873,65535,65535,65535,65535,65535,65535
2026-07-31 10:20:55.408,221.11,55705,44428,49380,65535,65535,65535,65535,65535,65535
2026-07-31 10:20:55.443,221.14,55705,44343,49380,65535,65535,65535,65535,65535,65535
2026-07-31 10:20:55.488,221.19,55705,44343,49380,65535,65535,65535,65535,65535,65535
2026-07-31 10:20:55.539,221.24,55705,44343,49380,65535,65535,65535,65535,65535,65535
2026-07-31 10:20:55.586,221.28,55705,44343,49380,65535,65535,65535,65535,65535,65535
2026-07-31 10:20:55.634,221.33,55705,44343,49380,65535,65535,65535,65535,65535,65535
2026-07-31 10:20:55.684,221.38,55705,44343,49380,65535,65535,65535,65535,65535,65535
2026-07-31 10:20:55.728,221.43,55705,44343,49380,65535,65535,65535,65535,65535,65535
2026-07-31 10:20:55.778,221.48,55705,44343,49380,65535,65535,65535,65535,65535,65535
2026-07-31 10:20:55.825,221.52,55705,44343,49380,65535,65535,65535,65535,65535,65535
2026-07-31 10:20:55.876,221.57,55705,44343,49380,65535,65535,65535,65535,65535,65535
2026-07-31 10:20:55.925,221.62,55705,44343,49380,65535,65535,65535,65535,65535,65535
2026-07-31 10:20:55.975,221.67,65385,44343,61873,65535,65535,65535,65535,65535,65535
2026-07-31 10:20:56.012,221.71,65385,51635,61873,65535,65535,65535,65535,65535,65535
2026-07-31 10:20:56.053,221.75,65385,51635,61873,65535,65535,65535,65535,65535,65535
2026-07-31 10:20:56.098,221.8,65385,51635,61873,65535,65535,65535,65535,65535,65535
2026-07-31 10:20:56.147,221.85,65385,51635,61873,65535,65535,65535,65535,65535,65535
2026-07-31 10:20:56.192,221.89,65385,51635,61873,65535,65535,65535,65535,65535,65535
2026-07-31 10:20:56.242,221.94,65385,51635,61873,65535,65535,65535,65535,65535,65535
2026-07-31 10:20:56.291,221.99,65385,51635,61873,65535,65535,65535,65535,65535,65535
2026-07-31 10:20:56.343,222.04,65385,51635,61873,65535,65535,65535,65535,65535,65535
2026-07-31 10:20:56.392,222.09,65385,51635,61873,65535,65535,65535,65535,65535,65535
2026-07-31 10:20:56.427,222.13,65385,51635,61873,65535,65535,65535,65535,65535,65535
2026-07-31 10:20:56.475,222.17,65385,51635,61873,65535,65535,65535,65535,65535,65535
2026-07-31 10:20:56.521,222.22,65385,51635,61873,65535,65535,65535,65535,65535,65535
2026-07-31 10:20:56.566,222.26,56129,44259,61873,65535,65535,65535,65535,65535,65535
2026-07-31 10:20:56.614,222.31,56129,44259,61873,65535,65535,65535,65535,65535,65535
2026-07-31 10:20:56.664,222.36,56129,44259,61873,65535,65535,65535,65535,65535,65535
2026-07-31 10:20:56.711,222.41,56129,44259,61873,65535,65535,65535,65535,65535,65535
2026-07-31 10:20:56.757,222.46,56129,44259,61873,65535,65535,65535,65535,65535,65535
2026-07-31 10:20:56.807,222.51,56129,44259,61873,65535,65535,65535,65535,65535,65535
2026-07-31 10:20:56.855,222.55,56129,44259,61873,65535,65535,65535,65535,65535,65535
2026-07-31 10:20:56.903,222.6,56129,44259,61873,65535,65535,65535,65535,65535,65535
2026-07-31 10:20:56.938,222.64,56129,44259,61873,65535,65535,65535,65535,65535,65535
2026-07-31 10:20:56.986,222.68,56129,44259,61873,65535,65535,65535,65535,65535,65535
2026-07-31 10:20:57.032,222.73,56129,44259,61873,65535,65535,65535,65535,65535,65535
2026-07-31 10:20:57.082,222.78,56129,44259,61725,65535,65535,65535,65535,65535,65535
2026-07-31 10:20:57.130,222.83,65286,51734,61725,65535,65535,65535,65535,65535,65535
2026-07-31 10:20:57.176,222.87,65286,51734,61725,65535,65535,65535,65535,65535,65535
2026-07-31 10:20:57.221,222.92,65286,51734,61725,65535,65535,65535,65535,65535,65535
2026-07-31 10:20:57.272,222.97,65286,51734,61725,65535,65535,65535,65535,65535,65535
2026-07-31 10:20:57.319,223.02,65286,51734,61725,65535,65535,65535,65535,65535,65535
2026-07-31 10:20:57.367,223.07,65286,51734,61725,65535,65535,65535,65535,65535,65535
2026-07-31 10:20:57.403,223.1,65286,51734,61725,65535,65535,65535,65535,65535,65535
2026-07-31 10:20:57.451,223.15,65286,51734,61725,65535,65535,65535,65535,65535,65535
2026-07-31 10:20:57.499,223.2,65286,51734,61725,65535,65535,65535,65535,65535,65535
2026-07-31 10:20:57.547,223.25,65286,51734,61725,65535,65535,65535,65535,65535,65535
2026-07-31 10:20:57.592,223.29,65286,51734,61725,65535,65535,65535,65535,65535,65535
2026-07-31 10:20:57.640,223.34,65286,51734,61725,65535,65535,65535,65535,65535,65535
2026-07-31 10:20:57.687,223.39,65484,51536,62170,65535,65535,65535,65535,65535,65535
2026-07-31 10:20:57.736,223.43,65484,51536,62170,65535,65535,65535,65535,65535,65535
2026-07-31 10:20:57.783,223.48,65484,51536,62170,65535,65535,65535,65535,65535,65535
2026-07-31 10:20:57.831,223.53,65484,51536,62170,65535,65535,65535,65535,65535,65535
2026-07-31 10:20:57.874,223.57,65484,51536,62170,65535,65535,65535,65535,65535,65535
2026-07-31 10:20:57.911,223.61,65484,51536,62170,65535,65535,65535,65535,65535,65535
2026-07-31 10:20:57.959,223.66,65484,51536,62170,65535,65535,65535,65535,65535,65535
2026-07-31 10:20:58.004,223.7,65484,51536,62170,65535,65535,65535,65535,65535,65535
2026-07-31 10:20:58.053,223.75,65484,51536,62170,65535,65535,65535,65535,65535,65535
2026-07-31 10:20:58.104,223.8,65484,51536,62170,65535,65535,65535,65535,65535,65535
2026-07-31 10:20:58.162,223.86,65484,51536,62170,65535,65535,65535,65535,65535,65535
2026-07-31 10:20:58.217,223.92,65484,51536,49498,65535,65535,65535,65535,65535,65535
2026-07-31 10:20:58.267,223.97,55790,44343,49498,65535,65535,65535,65535,65535,65535
2026-07-31 10:20:58.316,224.01,55790,44343,49498,65535,65535,65535,65535,65535,65535
2026-07-31 10:20:58.371,224.07,55790,44343,49498,65535,65535,65535,65535,65535,65535
2026-07-31 10:20:58.425,224.12,55790,44343,49498,65535,65535,65535,65535,65535,65535
2026-07-31 10:20:58.477,224.18,55790,44343,49498,65535,65535,65535,65535,65535,65535
2026-07-31 10:20:58.523,224.22,55790,44343,49498,65535,65535,65535,65535,65535,65535
2026-07-31 10:20:58.574,224.27,55790,44343,49498,65535,65535,65535,65535,65535,65535
2026-07-31 10:20:58.627,224.33,55790,44343,49498,65535,65535,65535,65535,65535,65535
2026-07-31 10:20:58.681,224.38,55790,44343,49498,65535,65535,65535,65535,65535,65535
2026-07-31 10:20:58.733,224.43,55790,44343,49498,65535,65535,65535,65535,65535,65535
2026-07-31 10:20:58.785,224.48,55790,44343,61576,65535,65535,65535,65535,65535,65535
2026-07-31 10:20:58.833,224.53,65187,44174,61576,65535,65535,65535,65535,65535,65535
2026-07-31 10:20:58.873,224.57,65187,44174,61576,65535,65535,65535,65535,65535,65535
2026-07-31 10:20:58.909,224.61,65187,44174,61576,65535,65535,65535,65535,65535,65535
2026-07-31 10:20:58.956,224.65,65187,44174,61576,65535,65535,65535,65535,65535,65535
2026-07-31 10:20:59.001,224.7,65187,44174,61576,65535,65535,65535,65535,65535,65535
2026-07-31 10:20:59.053,224.75,65187,44174,61576,65535,65535,65535,65535,65535,65535
2026-07-31 10:20:59.104,224.8,65187,44174,61576,65535,65535,65535,65535,65535,65535
2026-07-31 10:20:59.156,224.85,65187,44174,61576,65535,65535,65535,65535,65535,65535
2026-07-31 10:20:59.202,224.9,65187,44174,61576,65535,65535,65535,65535,65535,65535
2026-07-31 10:20:59.254,224.95,65187,44174,61576,65535,65535,65535,65535,65535,65535
2026-07-31 10:20:59.302,225.0,65187,44174,61576,65535,65535,65535,65535,65535,65535
2026-07-31 10:20:59.346,225.04,65187,44174,62022,65535,65535,65535,65535,65535,65535
2026-07-31 10:20:59.386,225.08,55959,44174,62022,65535,65535,65535,65535,65535,65535
2026-07-31 10:20:59.421,225.12,55959,44174,62022,65535,65535,65535,65535,65535,65535
2026-07-31 10:20:59.467,225.17,55959,44174,62022,65535,65535,65535,65535,65535,65535
2026-07-31 10:20:59.518,225.22,55959,44174,62022,65535,65535,65535,65535,65535,65535
2026-07-31 10:20:59.564,225.26,55959,44174,62022,65535,65535,65535,65535,65535,65535
2026-07-31 10:20:59.608,225.31,55959,44174,62022,65535,65535,65535,65535,65535,65535
2026-07-31 10:20:59.659,225.36,55959,44174,62022,65535,65535,65535,65535,65535,65535
2026-07-31 10:20:59.707,225.41,55959,44174,62022,65535,65535,65535,65535,65535,65535
2026-07-31 10:20:59.756,225.45,55959,44174,62022,65535,65535,65535,65535,65535,65535
2026-07-31 10:20:59.803,225.5,55959,44174,62022,65535,65535,65535,65535,65535,65535
2026-07-31 10:20:59.849,225.55,55959,44174,62022,65535,65535,65535,65535,65535,65535
2026-07-31 10:20:59.890,225.59,55959,44174,62022,65535,65535,65535,65535,65535,65535
2026-07-31 10:20:59.929,225.63,55451,44174,61725,65535,65535,65535,65535,65535,65535
2026-07-31 10:20:59.976,225.67,55451,44259,61725,65535,65535,65535,65535,65535,65535
2026-07-31 10:21:00.022,225.72,55451,44259,61725,65535,65535,65535,65535,65535,65535
2026-07-31 10:21:00.068,225.77,55451,44259,61725,65535,65535,65535,65535,65535,65535
2026-07-31 10:21:00.114,225.81,55451,44259,61725,65535,65535,65535,65535,65535,65535
2026-07-31 10:21:00.160,225.86,55451,44259,61725,65535,65535,65535,65535,65535,65535
2026-07-31 10:21:00.208,225.91,55451,44259,61725,65535,65535,65535,65535,65535,65535
2026-07-31 10:21:00.258,225.96,55451,44259,61725,65535,65535,65535,65535,65535,65535
2026-07-31 10:21:00.305,226.0,55451,44259,61725,65535,65535,65535,65535,65535,65535
2026-07-31 10:21:00.353,226.05,55451,44259,61725,65535,65535,65535,65535,65535,65535
2026-07-31 10:21:00.389,226.09,55451,44259,61725,65535,65535,65535,65535,65535,65535
2026-07-31 10:21:00.425,226.12,55451,44259,61725,65535,65535,65535,65535,65535,65535
2026-07-31 10:21:00.472,226.17,55451,44259,61725,65535,65535,65535,65535,65535,65535
2026-07-31 10:21:00.519,226.22,55790,44343,62022,65535,65535,65535,65535,65535,65535
2026-07-31 10:21:00.568,226.27,55790,44343,62022,65535,65535,65535,65535,65535,65535
2026-07-31 10:21:00.612,226.31,55790,44343,62022,65535,65535,65535,65535,65535,65535
2026-07-31 10:21:00.663,226.36,55790,44343,62022,65535,65535,65535,65535,65535,65535
2026-07-31 10:21:00.705,226.4,55790,44343,62022,65535,65535,65535,65535,65535,65535
2026-07-31 10:21:00.760,226.46,55790,44343,62022,65535,65535,65535,65535,65535,65535
2026-07-31 10:21:00.812,226.51,55790,44343,62022,65535,65535,65535,65535,65535,65535
2026-07-31 10:21:00.857,226.56,55790,44343,62022,65535,65535,65535,65535,65535,65535
2026-07-31 10:21:00.896,226.59,55790,44343,62022,65535,65535,65535,65535,65535,65535
2026-07-31 10:21:00.943,226.64,55790,44343,62022,65535,65535,65535,65535,65535,65535
2026-07-31 10:21:00.988,226.69,55790,44343,62022,65535,65535,65535,65535,65535,65535
2026-07-31 10:21:01.040,226.74,55790,44343,61873,65535,65535,65535,65535,65535,65535
2026-07-31 10:21:01.083,226.78,65088,44004,61873,65535,65535,65535,65535,65535,65535
2026-07-31 10:21:01.134,226.83,65088,44004,61873,65535,65535,65535,65535,65535,65535
2026-07-31 10:21:01.182,226.88,65088,44004,61873,65535,65535,65535,65535,65535,65535
2026-07-31 10:21:01.230,226.93,65088,44004,61873,65535,65535,65535,65535,65535,65535
2026-07-31 10:21:01.277,226.98,65088,44004,61873,65535,65535,65535,65535,65535,65535
2026-07-31 10:21:01.322,227.02,65088,44004,61873,65535,65535,65535,65535,65535,65535
2026-07-31 10:21:01.375,227.07,65088,44004,61873,65535,65535,65535,65535,65535,65535
2026-07-31 10:21:01.409,227.11,65088,44004,61873,65535,65535,65535,65535,65535,65535
2026-07-31 10:21:01.455,227.15,65088,44004,61873,65535,65535,65535,65535,65535,65535
2026-07-31 10:21:01.502,227.2,65088,44004,61873,65535,65535,65535,65535,65535,65535
2026-07-31 10:21:01.549,227.25,65088,44004,61873,65535,65535,65535,65535,65535,65535
2026-07-31 10:21:01.601,227.3,65088,44004,61873,65535,65535,65535,65535,65535,65535
2026-07-31 10:21:01.654,227.35,65385,51734,61725,65535,65535,65535,65535,65535,65535
2026-07-31 10:21:01.698,227.4,65385,51734,61725,65535,65535,65535,65535,65535,65535
2026-07-31 10:21:01.749,227.45,65385,51734,61725,65535,65535,65535,65535,65535,65535
2026-07-31 10:21:01.794,227.49,65385,51734,61725,65535,65535,65535,65535,65535,65535
2026-07-31 10:21:01.845,227.54,65385,51734,61725,65535,65535,65535,65535,65535,65535
2026-07-31 10:21:01.891,227.59,65385,51734,61725,65535,65535,65535,65535,65535,65535
2026-07-31 10:21:01.929,227.63,65385,51734,61725,65535,65535,65535,65535,65535,65535
2026-07-31 10:21:01.974,227.67,65385,51734,61725,65535,65535,65535,65535,65535,65535
2026-07-31 10:21:02.024,227.72,65385,51734,61725,65535,65535,65535,65535,65535,65535
2026-07-31 10:21:02.070,227.77,65385,51734,61725,65535,65535,65535,65535,65535,65535
2026-07-31 10:21:02.117,227.82,65385,51734,61725,65535,65535,65535,65535,65535,65535
2026-07-31 10:21:02.167,227.87,65385,51734,61725,65535,65535,65535,65535,65535,65535
2026-07-31 10:21:02.214,227.91,55790,44343,61873,65535,65535,65535,65535,65535,65535
2026-07-31 10:21:02.259,227.96,55790,44343,61873,65535,65535,65535,65535,65535,65535
2026-07-31 10:21:02.310,228.01,55790,44343,61873,65535,65535,65535,65535,65535,65535
2026-07-31 10:21:02.353,228.05,55790,44343,61873,65535,65535,65535,65535,65535,65535
2026-07-31 10:21:02.402,228.1,55790,44343,61873,65535,65535,65535,65535,65535,65535
2026-07-31 10:21:02.441,228.14,55790,44343,61873,65535,65535,65535,65535,65535,65535
2026-07-31 10:21:02.487,228.19,55790,44343,61873,65535,65535,65535,65535,65535,65535
2026-07-31 10:21:02.536,228.23,55790,44343,61873,65535,65535,65535,65535,65535,65535
2026-07-31 10:21:02.582,228.28,55790,44343,61873,65535,65535,65535,65535,65535,65535
2026-07-31 10:21:02.629,228.33,55790,44343,61873,65535,65535,65535,65535,65535,65535
2026-07-31 10:21:02.681,228.38,55790,44343,61873,65535,65535,65535,65535,65535,65535
2026-07-31 10:21:02.742,228.44,55790,44343,61873,65535,65535,65535,65535,65535,65535
2026-07-31 10:21:02.792,228.49,55874,44174,61873,65535,65535,65535,65535,65535,65535
2026-07-31 10:21:02.832,228.53,55874,44174,61873,65535,65535,65535,65535,65535,65535
2026-07-31 10:21:02.906,228.6,55874,44174,61873,65535,65535,65535,65535,65535,65535
2026-07-31 10:21:02.960,228.66,55874,44174,61873,65535,65535,65535,65535,65535,65535
2026-07-31 10:21:03.010,228.71,55874,44174,61873,65535,65535,65535,65535,65535,65535
2026-07-31 10:21:03.058,228.76,55874,44174,61873,65535,65535,65535,65535,65535,65535
2026-07-31 10:21:03.106,228.8,55874,44174,61873,65535,65535,65535,65535,65535,65535
2026-07-31 10:21:03.154,228.85,55874,44174,61873,65535,65535,65535,65535,65535,65535
2026-07-31 10:21:03.199,228.9,55874,44174,61873,65535,65535,65535,65535,65535,65535
2026-07-31 10:21:03.248,228.95,55874,44174,61873,65535,65535,65535,65535,65535,65535
2026-07-31 10:21:03.294,228.99,55874,44174,61873,65535,65535,65535,65535,65535,65535
2026-07-31 10:21:03.344,229.04,65286,44174,62022,65535,65535,65535,65535,65535,65535
2026-07-31 10:21:03.393,229.09,65286,44174,62022,65535,65535,65535,65535,65535,65535
2026-07-31 10:21:03.444,229.14,65286,44174,62022,65535,65535,65535,65535,65535,65535
2026-07-31 10:21:03.494,229.19,65286,44174,62022,65535,65535,65535,65535,65535,65535
2026-07-31 10:21:03.546,229.24,65286,44174,62022,65535,65535,65535,65535,65535,65535
2026-07-31 10:21:03.595,229.29,65286,44174,62022,65535,65535,65535,65535,65535,65535
2026-07-31 10:21:03.645,229.34,65286,44174,62022,65535,65535,65535,65535,65535,65535
2026-07-31 10:21:03.690,229.39,65286,44174,62022,65535,65535,65535,65535,65535,65535
2026-07-31 10:21:03.729,229.43,65286,44174,62022,65535,65535,65535,65535,65535,65535
2026-07-31 10:21:03.764,229.46,65286,44174,62022,65535,65535,65535,65535,65535,65535
2026-07-31 10:21:03.809,229.51,65286,44174,62022,65535,65535,65535,65535,65535,65535
2026-07-31 10:21:03.857,229.56,65286,44174,62022,65535,65535,65535,65535,65535,65535
2026-07-31 10:21:03.905,229.6,65385,44174,61576,65535,65535,65535,65535,65535,65535
2026-07-31 10:21:03.955,229.65,65385,44089,61576,65535,65535,65535,65535,65535,65535
2026-07-31 10:21:04.004,229.7,65385,44089,61576,65535,65535,65535,65535,65535,65535
2026-07-31 10:21:04.049,229.75,65385,44089,61576,65535,65535,65535,65535,65535,65535
2026-07-31 10:21:04.096,229.79,65385,44089,61576,65535,65535,65535,65535,65535,65535
2026-07-31 10:21:04.145,229.84,65385,44089,61576,65535,65535,65535,65535,65535,65535
2026-07-31 10:21:04.191,229.89,65385,44089,61576,65535,65535,65535,65535,65535,65535
2026-07-31 10:21:04.231,229.93,65385,44089,61576,65535,65535,65535,65535,65535,65535
2026-07-31 10:21:04.266,229.96,65385,44089,61576,65535,65535,65535,65535,65535,65535
2026-07-31 10:21:04.313,230.01,65385,44089,61576,65535,65535,65535,65535,65535,65535
2026-07-31 10:21:04.361,230.06,65385,44089,61576,65535,65535,65535,65535,65535,65535
2026-07-31 10:21:04.407,230.11,65385,44089,61576,65535,65535,65535,65535,65535,65535
2026-07-31 10:21:04.458,230.16,56044,44089,61873,65535,65535,65535,65535,65535,65535
2026-07-31 10:21:04.505,230.2,56044,44174,61873,65535,65535,65535,65535,65535,65535
2026-07-31 10:21:04.550,230.25,56044,44174,61873,65535,65535,65535,65535,65535,65535
2026-07-31 10:21:04.600,230.3,56044,44174,61873,65535,65535,65535,65535,65535,65535
2026-07-31 10:21:04.647,230.34,56044,44174,61873,65535,65535,65535,65535,65535,65535
2026-07-31 10:21:04.693,230.39,56044,44174,61873,65535,65535,65535,65535,65535,65535
2026-07-31 10:21:04.730,230.43,56044,44174,61873,65535,65535,65535,65535,65535,65535
2026-07-31 10:21:04.776,230.47,56044,44174,61873,65535,65535,65535,65535,65535,65535
2026-07-31 10:21:04.824,230.52,56044,44174,61873,65535,65535,65535,65535,65535,65535
2026-07-31 10:21:04.873,230.57,56044,44174,61873,65535,65535,65535,65535,65535,65535
2026-07-31 10:21:04.919,230.62,56044,44174,61873,65535,65535,65535,65535,65535,65535
2026-07-31 10:21:04.966,230.66,56044,44174,61873,65535,65535,65535,65535,65535,65535
2026-07-31 10:21:05.016,230.71,56044,44174,61873,65535,65535,65535,65535,65535,65535
2026-07-31 10:21:05.061,230.76,56129,44259,61873,65535,65535,65535,65535,65535,65535
2026-07-31 10:21:05.111,230.81,56129,44259,61873,65535,65535,65535,65535,65535,65535
2026-07-31 10:21:05.157,230.86,56129,44259,61873,65535,65535,65535,65535,65535,65535
2026-07-31 10:21:05.207,230.91,56129,44259,61873,65535,65535,65535,65535,65535,65535
2026-07-31 10:21:05.248,230.95,56129,44259,61873,65535,65535,65535,65535,65535,65535
2026-07-31 10:21:05.296,230.99,56129,44259,61873,65535,65535,65535,65535,65535,65535
2026-07-31 10:21:05.342,231.04,56129,44259,61873,65535,65535,65535,65535,65535,65535
2026-07-31 10:21:05.387,231.09,56129,44259,61873,65535,65535,65535,65535,65535,65535
2026-07-31 10:21:05.441,231.14,56129,44259,61873,65535,65535,65535,65535,65535,65535
2026-07-31 10:21:05.492,231.19,56129,44259,61873,65535,65535,65535,65535,65535,65535
2026-07-31 10:21:05.539,231.24,56129,44259,61873,65535,65535,65535,65535,65535,65535
2026-07-31 10:21:05.586,231.28,55959,44259,61725,65535,65535,65535,65535,65535,65535
2026-07-31 10:21:05.631,231.33,55959,44428,61725,65535,65535,65535,65535,65535,65535
2026-07-31 10:21:05.681,231.38,55959,44428,61725,65535,65535,65535,65535,65535,65535
2026-07-31 10:21:05.729,231.43,55959,44428,61725,65535,65535,65535,65535,65535,65535
2026-07-31 10:21:05.766,231.46,55959,44428,61725,65535,65535,65535,65535,65535,65535
2026-07-31 10:21:05.809,231.51,55959,44428,61725,65535,65535,65535,65535,65535,65535
2026-07-31 10:21:05.883,231.58,55959,44428,61725,65535,65535,65535,65535,65535,65535
2026-07-31 10:21:05.932,231.63,55959,44428,61725,65535,65535,65535,65535,65535,65535
2026-07-31 10:21:05.980,231.68,55959,44428,61725,65535,65535,65535,65535,65535,65535
2026-07-31 10:21:06.030,231.73,55959,44428,61725,65535,65535,65535,65535,65535,65535
2026-07-31 10:21:06.077,231.78,55959,44428,61725,65535,65535,65535,65535,65535,65535
2026-07-31 10:21:06.125,231.82,55959,44428,61725,65535,65535,65535,65535,65535,65535
2026-07-31 10:21:06.174,231.87,56129,44174,61725,65535,65535,65535,65535,65535,65535
2026-07-31 10:21:06.229,231.93,56129,44174,61725,65535,65535,65535,65535,65535,65535
2026-07-31 10:21:06.269,231.97,56129,44174,61725,65535,65535,65535,65535,65535,65535
2026-07-31 10:21:06.318,232.02,56129,44174,61725,65535,65535,65535,65535,65535,65535
2026-07-31 10:21:06.369,232.07,56129,44174,61725,65535,65535,65535,65535,65535,65535
2026-07-31 10:21:06.418,232.12,56129,44174,61725,65535,65535,65535,65535,65535,65535
2026-07-31 10:21:06.464,232.16,56129,44174,61725,65535,65535,65535,65535,65535,65535
2026-07-31 10:21:06.511,232.21,56129,44174,61725,65535,65535,65535,65535,65535,65535
2026-07-31 10:21:06.558,232.26,56129,44174,61725,65535,65535,65535,65535,65535,65535
2026-07-31 10:21:06.607,232.31,56129,44174,61725,65535,65535,65535,65535,65535,65535
2026-07-31 10:21:06.654,232.35,56129,44174,61725,65535,65535,65535,65535,65535,65535
2026-07-31 10:21:06.701,232.4,56129,44174,61725,65535,65535,65535,65535,65535,65535
2026-07-31 10:21:06.737,232.44,65385,38652,61725,65535,65535,65535,65535,65535,65535
2026-07-31 10:21:06.777,232.48,65385,38652,61725,65535,65535,65535,65535,65535,65535
2026-07-31 10:21:06.826,232.52,65385,38652,61725,65535,65535,65535,65535,65535,65535
2026-07-31 10:21:06.877,232.58,65385,38652,61725,65535,65535,65535,65535,65535,65535
2026-07-31 10:21:06.921,232.62,65385,38652,61725,65535,65535,65535,65535,65535,65535
2026-07-31 10:21:06.974,232.67,65385,38652,61725,65535,65535,65535,65535,65535,65535
2026-07-31 10:21:07.019,232.72,65385,38652,61725,65535,65535,65535,65535,65535,65535
2026-07-31 10:21:07.070,232.77,65385,38652,61725,65535,65535,65535,65535,65535,65535
2026-07-31 10:21:07.114,232.81,65385,38652,61725,65535,65535,65535,65535,65535,65535
2026-07-31 10:21:07.161,232.86,65385,38652,61725,65535,65535,65535,65535,65535,65535
2026-07-31 10:21:07.211,232.91,65385,38652,61725,65535,65535,65535,65535,65535,65535
2026-07-31 10:21:07.248,232.95,65385,38652,61725,65535,65535,65535,65535,65535,65535
2026-07-31 10:21:07.283,232.98,52483,38652,61576,65535,65535,65535,65535,65535,65535
2026-07-31 10:21:07.327,233.03,52483,44174,61576,65535,65535,65535,65535,65535,65535
2026-07-31 10:21:07.379,233.08,52483,44174,61576,65535,65535,65535,65535,65535,65535
2026-07-31 10:21:07.427,233.13,52483,44174,61576,65535,65535,65535,65535,65535,65535
2026-07-31 10:21:07.474,233.17,52483,44174,61576,65535,65535,65535,65535,65535,65535
2026-07-31 10:21:07.521,233.22,52483,44174,61576,65535,65535,65535,65535,65535,65535
2026-07-31 10:21:07.567,233.26,52483,44174,61576,65535,65535,65535,65535,65535,65535
2026-07-31 10:21:07.618,233.32,52483,44174,61576,65535,65535,65535,65535,65535,65535
2026-07-31 10:21:07.662,233.36,52483,44174,61576,65535,65535,65535,65535,65535,65535
2026-07-31 10:21:07.715,233.41,52483,44174,61576,65535,65535,65535,65535,65535,65535
2026-07-31 10:21:07.754,233.45,52483,44174,61576,65535,65535,65535,65535,65535,65535
2026-07-31 10:21:07.803,233.5,52483,44174,61576,65535,65535,65535,65535,65535,65535
2026-07-31 10:21:07.846,233.54,56044,44174,61725,65535,65535,65535,65535,65535,65535
2026-07-31 10:21:07.898,233.6,56044,44174,61725,65535,65535,65535,65535,65535,65535
2026-07-31 10:21:07.943,233.64,56044,44174,61725,65535,65535,65535,65535,65535,65535
2026-07-31 10:21:07.993,233.69,56044,44174,61725,65535,65535,65535,65535,65535,65535
2026-07-31 10:21:08.037,233.74,56044,44174,61725,65535,65535,65535,65535,65535,65535
2026-07-31 10:21:08.083,233.78,56044,44174,61725,65535,65535,65535,65535,65535,65535
2026-07-31 10:21:08.128,233.83,56044,44174,61725,65535,65535,65535,65535,65535,65535
2026-07-31 10:21:08.179,233.88,56044,44174,61725,65535,65535,65535,65535,65535,65535
2026-07-31 10:21:08.223,233.92,56044,44174,61725,65535,65535,65535,65535,65535,65535
2026-07-31 10:21:08.262,233.96,56044,44174,61725,65535,65535,65535,65535,65535,65535
2026-07-31 10:21:08.311,234.01,56044,44174,61725,65535,65535,65535,65535,65535,65535
2026-07-31 10:21:08.357,234.06,56044,44174,61725,65535,65535,65535,65535,65535,65535
2026-07-31 10:21:08.405,234.1,56044,44174,61725,65535,65535,65535,65535,65535,65535
2026-07-31 10:21:08.454,234.15,65286,44428,61725,65535,65535,65535,65535,65535,65535
2026-07-31 10:21:08.498,234.2,65286,44428,61725,65535,65535,65535,65535,65535,65535
2026-07-31 10:21:08.552,234.25,65286,44428,61725,65535,65535,65535,65535,65535,65535
2026-07-31 10:21:08.603,234.3,65286,44428,61725,65535,65535,65535,65535,65535,65535
2026-07-31 10:21:08.652,234.35,65286,44428,61725,65535,65535,65535,65535,65535,65535
2026-07-31 10:21:08.699,234.4,65286,44428,61725,65535,65535,65535,65535,65535,65535
2026-07-31 10:21:08.736,234.43,65286,44428,61725,65535,65535,65535,65535,65535,65535
2026-07-31 10:21:08.771,234.47,65286,44428,61725,65535,65535,65535,65535,65535,65535
2026-07-31 10:21:08.814,234.51,65286,44428,61725,65535,65535,65535,65535,65535,65535
2026-07-31 10:21:08.866,234.56,65286,44428,61725,65535,65535,65535,65535,65535,65535
2026-07-31 10:21:08.911,234.61,65286,44428,61725,65535,65535,65535,65535,65535,65535
2026-07-31 10:21:08.964,234.66,65286,44428,61576,65535,65535,65535,65535,65535,65535
2026-07-31 10:21:09.016,234.71,56129,51734,61576,65535,65535,65535,65535,65535,65535
2026-07-31 10:21:09.059,234.76,56129,51734,61576,65535,65535,65535,65535,65535,65535
2026-07-31 10:21:09.112,234.81,56129,51734,61576,65535,65535,65535,65535,65535,65535
2026-07-31 10:21:09.156,234.85,56129,51734,61576,65535,65535,65535,65535,65535,65535
2026-07-31 10:21:09.207,234.91,56129,51734,61576,65535,65535,65535,65535,65535,65535
2026-07-31 10:21:09.247,234.95,56129,51734,61576,65535,65535,65535,65535,65535,65535
2026-07-31 10:21:09.283,234.98,56129,51734,61576,65535,65535,65535,65535,65535,65535
2026-07-31 10:21:09.331,235.03,56129,51734,61576,65535,65535,65535,65535,65535,65535
2026-07-31 10:21:09.375,235.07,56129,51734,61576,65535,65535,65535,65535,65535,65535
2026-07-31 10:21:09.427,235.13,56129,51734,61576,65535,65535,65535,65535,65535,65535
2026-07-31 10:21:09.472,235.17,56129,51734,61576,65535,65535,65535,65535,65535,65535
2026-07-31 10:21:09.521,235.22,56129,51734,61576,65535,65535,65535,65535,65535,65535
2026-07-31 10:21:09.570,235.27,64890,44259,61576,65535,65535,65535,65535,65535,65535
2026-07-31 10:21:09.616,235.31,64890,44259,61576,65535,65535,65535,65535,65535,65535
2026-07-31 10:21:09.667,235.37,64890,44259,61576,65535,65535,65535,65535,65535,65535
2026-07-31 10:21:09.712,235.41,64890,44259,61576,65535,65535,65535,65535,65535,65535
2026-07-31 10:21:09.757,235.46,64890,44259,61576,65535,65535,65535,65535,65535,65535
2026-07-31 10:21:09.793,235.49,64890,44259,61576,65535,65535,65535,65535,65535,65535
2026-07-31 10:21:09.837,235.54,64890,44259,61576,65535,65535,65535,65535,65535,65535
2026-07-31 10:21:09.888,235.59,64890,44259,61576,65535,65535,65535,65535,65535,65535
2026-07-31 10:21:09.931,235.63,64890,44259,61576,65535,65535,65535,65535,65535,65535
2026-07-31 10:21:09.984,235.68,64890,44259,61576,65535,65535,65535,65535,65535,65535
2026-07-31 10:21:10.030,235.73,64890,44259,61576,65535,65535,65535,65535,65535,65535
2026-07-31 10:21:10.079,235.78,64890,44259,61576,65535,65535,65535,65535,65535,65535
2026-07-31 10:21:10.129,235.83,56129,44343,61873,65535,65535,65535,65535,65535,65535
2026-07-31 10:21:10.174,235.87,56129,44343,61873,65535,65535,65535,65535,65535,65535
2026-07-31 10:21:10.226,235.92,56129,44343,61873,65535,65535,65535,65535,65535,65535
2026-07-31 10:21:10.264,235.96,56129,44343,61873,65535,65535,65535,65535,65535,65535
2026-07-31 10:21:10.300,236.0,56129,44343,61873,65535,65535,65535,65535,65535,65535
2026-07-31 10:21:10.347,236.05,56129,44343,61873,65535,65535,65535,65535,65535,65535
2026-07-31 10:21:10.391,236.09,56129,44343,61873,65535,65535,65535,65535,65535,65535
2026-07-31 10:21:10.445,236.14,56129,44343,61873,65535,65535,65535,65535,65535,65535
2026-07-31 10:21:10.490,236.19,56129,44343,61873,65535,65535,65535,65535,65535,65535
2026-07-31 10:21:10.540,236.24,56129,44343,61873,65535,65535,65535,65535,65535,65535
2026-07-31 10:21:10.587,236.29,56129,44343,61873,65535,65535,65535,65535,65535,65535
2026-07-31 10:21:10.636,236.33,56129,44343,61873,65535,65535,65535,65535,65535,65535
2026-07-31 10:21:10.685,236.38,65534,44343,49380,65535,65535,65535,65535,65535,65535
2026-07-31 10:21:10.731,236.43,65534,44428,49380,65535,65535,65535,65535,65535,65535
2026-07-31 10:21:10.768,236.47,65534,44428,49380,65535,65535,65535,65535,65535,65535
2026-07-31 10:21:10.818,236.52,65534,44428,49380,65535,65535,65535,65535,65535,65535
2026-07-31 10:21:10.870,236.57,65534,44428,49380,65535,65535,65535,65535,65535,65535
2026-07-31 10:21:10.915,236.61,65534,44428,49380,65535,65535,65535,65535,65535,65535
2026-07-31 10:21:10.962,236.66,65534,44428,49380,65535,65535,65535,65535,65535,65535
2026-07-31 10:21:11.010,236.71,65534,44428,49380,65535,65535,65535,65535,65535,65535
2026-07-31 10:21:11.058,236.76,65534,44428,49380,65535,65535,65535,65535,65535,65535
2026-07-31 10:21:11.102,236.8,65534,44428,49380,65535,65535,65535,65535,65535,65535
2026-07-31 10:21:11.150,236.85,65534,44428,49380,65535,65535,65535,65535,65535,65535
2026-07-31 10:21:11.197,236.9,65534,44428,49380,65535,65535,65535,65535,65535,65535
2026-07-31 10:21:11.252,236.95,55959,44428,49380,65535,65535,65535,65535,65535,65535
2026-07-31 10:21:11.290,236.99,55959,44259,49380,65535,65535,65535,65535,65535,65535
2026-07-31 10:21:11.335,237.03,55959,44259,49380,65535,65535,65535,65535,65535,65535
2026-07-31 10:21:11.382,237.08,55959,44259,49380,65535,65535,65535,65535,65535,65535
2026-07-31 10:21:11.432,237.13,55959,44259,49380,65535,65535,65535,65535,65535,65535
2026-07-31 10:21:11.479,237.18,55959,44259,49380,65535,65535,65535,65535,65535,65535
2026-07-31 10:21:11.528,237.23,55959,44259,49380,65535,65535,65535,65535,65535,65535
2026-07-31 10:21:11.571,237.27,55959,44259,49380,65535,65535,65535,65535,65535,65535
2026-07-31 10:21:11.620,237.32,55959,44259,49380,65535,65535,65535,65535,65535,65535
2026-07-31 10:21:11.668,237.37,55959,44259,49380,65535,65535,65535,65535,65535,65535
2026-07-31 10:21:11.714,237.41,55959,44259,49380,65535,65535,65535,65535,65535,65535
2026-07-31 10:21:11.753,237.45,55959,44259,49380,65535,65535,65535,65535,65535,65535
2026-07-31 10:21:11.790,237.49,55959,44259,61576,65535,65535,65535,65535,65535,65535
2026-07-31 10:21:11.835,237.53,56044,44343,61576,65535,65535,65535,65535,65535,65535
2026-07-31 10:21:11.884,237.58,56044,44343,61576,65535,65535,65535,65535,65535,65535
2026-07-31 10:21:11.933,237.63,56044,44343,61576,65535,65535,65535,65535,65535,65535
2026-07-31 10:21:11.980,237.68,56044,44343,61576,65535,65535,65535,65535,65535,65535
2026-07-31 10:21:12.026,237.72,56044,44343,61576,65535,65535,65535,65535,65535,65535
2026-07-31 10:21:12.075,237.77,56044,44343,61576,65535,65535,65535,65535,65535,65535
2026-07-31 10:21:12.122,237.82,56044,44343,61576,65535,65535,65535,65535,65535,65535
2026-07-31 10:21:12.168,237.87,56044,44343,61576,65535,65535,65535,65535,65535,65535
2026-07-31 10:21:12.215,237.91,56044,44343,61576,65535,65535,65535,65535,65535,65535
2026-07-31 10:21:12.253,237.95,56044,44343,61576,65535,65535,65535,65535,65535,65535
2026-07-31 10:21:12.302,238.0,56044,44343,61576,65535,65535,65535,65535,65535,65535
2026-07-31 10:21:12.350,238.05,56044,44343,61131,65535,65535,65535,65535,65535,65535
2026-07-31 10:21:12.397,238.1,55959,44089,61131,65535,65535,65535,65535,65535,65535
2026-07-31 10:21:12.443,238.14,55959,44089,61131,65535,65535,65535,65535,65535,65535
2026-07-31 10:21:12.490,238.19,55959,44089,61131,65535,65535,65535,65535,65535,65535
2026-07-31 10:21:12.539,238.24,55959,44089,61131,65535,65535,65535,65535,65535,65535
2026-07-31 10:21:12.586,238.28,55959,44089,61131,65535,65535,65535,65535,65535,65535
2026-07-31 10:21:12.633,238.33,55959,44089,61131,65535,65535,65535,65535,65535,65535
2026-07-31 10:21:12.678,238.38,55959,44089,61131,65535,65535,65535,65535,65535,65535
2026-07-31 10:21:12.728,238.43,55959,44089,61131,65535,65535,65535,65535,65535,65535
2026-07-31 10:21:12.765,238.46,55959,44089,61131,65535,65535,65535,65535,65535,65535
2026-07-31 10:21:12.806,238.5,55959,44089,61131,65535,65535,65535,65535,65535,65535
2026-07-31 10:21:12.849,238.55,55959,44089,61131,65535,65535,65535,65535,65535,65535
2026-07-31 10:21:12.897,238.6,55959,44089,61131,65535,65535,65535,65535,65535,65535
2026-07-31 10:21:12.946,238.64,65534,44089,49380,65535,65535,65535,65535,65535,65535
2026-07-31 10:21:12.998,238.7,65534,44174,49380,65535,65535,65535,65535,65535,65535
2026-07-31 10:21:13.046,238.74,65534,44174,49380,65535,65535,65535,65535,65535,65535
2026-07-31 10:21:13.099,238.8,65534,44174,49380,65535,65535,65535,65535,65535,65535
2026-07-31 10:21:13.134,238.83,65534,44174,49380,65535,65535,65535,65535,65535,65535
2026-07-31 10:21:13.183,238.88,65534,44174,49380,65535,65535,65535,65535,65535,65535
2026-07-31 10:21:13.236,238.93,65534,44174,49380,65535,65535,65535,65535,65535,65535
2026-07-31 10:21:13.270,238.97,65534,44174,49380,65535,65535,65535,65535,65535,65535
2026-07-31 10:21:13.306,239.0,65534,44174,49380,65535,65535,65535,65535,65535,65535
2026-07-31 10:21:13.356,239.05,65534,44174,49380,65535,65535,65535,65535,65535,65535
2026-07-31 10:21:13.410,239.11,65534,44174,49380,65535,65535,65535,65535,65535,65535
2026-07-31 10:21:13.461,239.16,65534,44174,49380,65535,65535,65535,65535,65535,65535
2026-07-31 10:21:13.509,239.21,55959,44174,65534,65535,65535,65535,65535,65535,65535
2026-07-31 10:21:13.558,239.26,55959,44343,65534,65535,65535,65535,65535,65535,65535
2026-07-31 10:21:13.649,239.35,55959,44343,65534,65535,65535,65535,65535,65535,65535
2026-07-31 10:21:13.706,239.4,55959,44343,65534,65535,65535,65535,65535,65535,65535
2026-07-31 10:21:13.758,239.46,55959,44343,65534,65535,65535,65535,65535,65535,65535
2026-07-31 10:21:13.806,239.5,55959,44343,65534,65535,65535,65535,65535,65535,65535
2026-07-31 10:21:13.854,239.55,55959,44343,65534,65535,65535,65535,65535,65535,65535
2026-07-31 10:21:13.895,239.59,55959,44343,65534,65535,65535,65535,65535,65535,65535
2026-07-31 10:21:13.944,239.64,55959,44343,65534,65535,65535,65535,65535,65535,65535
2026-07-31 10:21:13.997,239.7,55959,44343,65534,65535,65535,65535,65535,65535,65535
2026-07-31 10:21:14.051,239.75,55959,44343,61873,65535,65535,65535,65535,65535,65535
2026-07-31 10:21:14.114,239.81,65187,44174,61873,65535,65535,65535,65535,65535,65535
2026-07-31 10:21:14.165,239.86,65187,44174,61873,65535,65535,65535,65535,65535,65535
2026-07-31 10:21:14.257,239.96,65187,44174,61873,65535,65535,65535,65535,65535,65535
2026-07-31 10:21:14.312,240.01,65187,44174,61873,65535,65535,65535,65535,65535,65535
2026-07-31 10:21:14.364,240.06,65187,44174,61873,65535,65535,65535,65535,65535,65535
2026-07-31 10:21:14.403,240.1,65187,44174,61873,65535,65535,65535,65535,65535,65535
2026-07-31 10:21:14.566,240.26,65187,44174,61873,65535,65535,65535,65535,65535,65535
2026-07-31 10:21:14.628,240.33,56129,44174,61873,65535,65535,65535,65535,65535,65535
2026-07-31 10:21:14.678,240.38,56129,51635,61873,65535,65535,65535,65535,65535,65535
2026-07-31 10:21:14.742,240.44,56129,51635,61873,65535,65535,65535,65535,65535,65535
2026-07-31 10:21:14.778,240.48,56129,51635,61873,65535,65535,65535,65535,65535,65535
2026-07-31 10:21:14.815,240.51,56129,51635,61873,65535,65535,65535,65535,65535,65535
2026-07-31 10:21:14.864,240.56,56129,51635,61873,65535,65535,65535,65535,65535,65535
2026-07-31 10:21:14.911,240.61,56129,51635,61873,65535,65535,65535,65535,65535,65535
2026-07-31 10:21:14.964,240.66,56129,51635,61873,65535,65535,65535,65535,65535,65535
2026-07-31 10:21:15.013,240.71,56129,51635,61873,65535,65535,65535,65535,65535,65535
2026-07-31 10:21:15.065,240.76,56129,51635,61873,65535,65535,65535,65535,65535,65535
2026-07-31 10:21:15.110,240.81,56129,51635,61873,65535,65535,65535,65535,65535,65535
2026-07-31 10:21:15.160,240.86,56129,51635,61576,65535,65535,65535,65535,65535,65535
2026-07-31 10:21:15.212,240.91,56129,51635,61576,65535,65535,65535,65535,65535,65535
2026-07-31 10:21:15.262,240.96,56129,51635,61576,65535,65535,65535,65535,65535,65535
2026-07-31 10:21:15.302,241.0,56129,51635,61576,65535,65535,65535,65535,65535,65535
2026-07-31 10:21:15.350,241.05,56129,51635,61576,65535,65535,65535,65535,65535,65535
2026-07-31 10:21:15.398,241.1,56129,51635,61576,65535,65535,65535,65535,65535,65535
2026-07-31 10:21:15.448,241.15,56129,51635,61576,65535,65535,65535,65535,65535,65535
2026-07-31 10:21:15.496,241.19,56129,51635,61576,65535,65535,65535,65535,65535,65535
2026-07-31 10:21:15.544,241.24,56129,51635,61576,65535,65535,65535,65535,65535,65535
2026-07-31 10:21:15.593,241.29,56129,51635,61576,65535,65535,65535,65535,65535,65535
2026-07-31 10:21:15.638,241.34,56129,51635,61576,65535,65535,65535,65535,65535,65535
2026-07-31 10:21:15.684,241.38,56129,51635,61576,65535,65535,65535,65535,65535,65535
2026-07-31 10:21:15.734,241.43,56129,51635,61873,65535,65535,65535,65535,65535,65535
2026-07-31 10:21:15.776,241.47,55959,51437,61873,65535,65535,65535,65535,65535,65535
2026-07-31 10:21:15.813,241.51,55959,51437,61873,65535,65535,65535,65535,65535,65535
2026-07-31 10:21:15.860,241.56,55959,51437,61873,65535,65535,65535,65535,65535,65535
2026-07-31 10:21:15.904,241.6,55959,51437,61873,65535,65535,65535,65535,65535,65535
2026-07-31 10:21:15.954,241.65,55959,51437,61873,65535,65535,65535,65535,65535,65535
2026-07-31 10:21:16.001,241.7,55959,51437,61873,65535,65535,65535,65535,65535,65535
2026-07-31 10:21:16.049,241.75,55959,51437,61873,65535,65535,65535,65535,65535,65535
2026-07-31 10:21:16.099,241.8,55959,51437,61873,65535,65535,65535,65535,65535,65535
2026-07-31 10:21:16.147,241.85,55959,51437,61873,65535,65535,65535,65535,65535,65535
2026-07-31 10:21:16.193,241.89,55959,51437,61873,65535,65535,65535,65535,65535,65535
2026-07-31 10:21:16.239,241.94,55959,51437,61873,65535,65535,65535,65535,65535,65535
2026-07-31 10:21:16.279,241.98,55959,51437,61873,65535,65535,65535,65535,65535,65535
2026-07-31 10:21:16.315,242.01,65534,51437,49498,65535,65535,65535,65535,65535,65535
2026-07-31 10:21:16.362,242.06,65534,44343,49498,65535,65535,65535,65535,65535,65535
2026-07-31 10:21:16.409,242.11,65534,44343,49498,65535,65535,65535,65535,65535,65535
2026-07-31 10:21:16.456,242.15,65534,44343,49498,65535,65535,65535,65535,65535,65535
2026-07-31 10:21:16.506,242.2,65534,44343,49498,65535,65535,65535,65535,65535,65535
2026-07-31 10:21:16.553,242.25,65534,44343,49498,65535,65535,65535,65535,65535,65535
2026-07-31 10:21:16.597,242.3,65534,44343,49498,65535,65535,65535,65535,65535,65535
2026-07-31 10:21:16.647,242.35,65534,44343,49498,65535,65535,65535,65535,65535,65535
2026-07-31 10:21:16.693,242.39,65534,44343,49498,65535,65535,65535,65535,65535,65535
2026-07-31 10:21:16.740,242.44,65534,44343,49498,65535,65535,65535,65535,65535,65535
2026-07-31 10:21:16.779,242.48,65534,44343,49498,65535,65535,65535,65535,65535,65535
2026-07-31 10:21:16.823,242.52,65534,44343,49498,65535,65535,65535,65535,65535,65535
2026-07-31 10:21:16.872,242.57,65534,44343,61873,65535,65535,65535,65535,65535,65535
2026-07-31 10:21:16.921,242.62,65286,51833,61873,65535,65535,65535,65535,65535,65535
2026-07-31 10:21:16.968,242.67,65286,51833,61873,65535,65535,65535,65535,65535,65535
2026-07-31 10:21:17.015,242.71,65286,51833,61873,65535,65535,65535,65535,65535,65535
2026-07-31 10:21:17.064,242.76,65286,51833,61873,65535,65535,65535,65535,65535,65535
2026-07-31 10:21:17.110,242.81,65286,51833,61873,65535,65535,65535,65535,65535,65535
2026-07-31 10:21:17.158,242.86,65286,51833,61873,65535,65535,65535,65535,65535,65535
2026-07-31 10:21:17.212,242.91,65286,51833,61873,65535,65535,65535,65535,65535,65535
2026-07-31 10:21:17.262,242.96,65286,51833,61873,65535,65535,65535,65535,65535,65535
2026-07-31 10:21:17.297,243.0,65286,51833,61873,65535,65535,65535,65535,65535,65535
2026-07-31 10:21:17.346,243.04,65286,51833,61873,65535,65535,65535,65535,65535,65535
2026-07-31 10:21:17.394,243.09,65286,51833,61873,65535,65535,65535,65535,65535,65535
2026-07-31 10:21:17.441,243.14,65286,51833,49380,65535,65535,65535,65535,65535,65535
2026-07-31 10:21:17.486,243.18,64989,44259,49380,65535,65535,65535,65535,65535,65535
2026-07-31 10:21:17.538,243.24,64989,44259,49380,65535,65535,65535,65535,65535,65535
2026-07-31 10:21:17.585,243.28,64989,44259,49380,65535,65535,65535,65535,65535,65535
2026-07-31 10:21:17.631,243.33,64989,44259,49380,65535,65535,65535,65535,65535,65535
2026-07-31 10:21:17.676,243.37,64989,44259,49380,65535,65535,65535,65535,65535,65535
2026-07-31 10:21:17.726,243.42,64989,44259,49380,65535,65535,65535,65535,65535,65535
2026-07-31 10:21:17.764,243.46,64989,44259,49380,65535,65535,65535,65535,65535,65535
2026-07-31 10:21:17.809,243.51,64989,44259,49380,65535,65535,65535,65535,65535,65535
2026-07-31 10:21:17.856,243.55,64989,44259,49380,65535,65535,65535,65535,65535,65535
2026-07-31 10:21:17.903,243.6,64989,44259,49380,65535,65535,65535,65535,65535,65535
2026-07-31 10:21:17.955,243.65,64989,44259,49380,65535,65535,65535,65535,65535,65535
2026-07-31 10:21:18.003,243.7,64989,44259,61725,65535,65535,65535,65535,65535,65535
2026-07-31 10:21:18.047,243.74,55959,44343,61725,65535,65535,65535,65535,65535,65535
2026-07-31 10:21:18.096,243.79,55959,44343,61725,65535,65535,65535,65535,65535,65535
2026-07-31 10:21:18.144,243.84,55959,44343,61725,65535,65535,65535,65535,65535,65535
2026-07-31 10:21:18.195,243.89,55959,44343,61725,65535,65535,65535,65535,65535,65535
2026-07-31 10:21:18.244,243.94,55959,44343,61725,65535,65535,65535,65535,65535,65535
2026-07-31 10:21:18.282,243.98,55959,44343,61725,65535,65535,65535,65535,65535,65535
2026-07-31 10:21:18.327,244.03,55959,44343,61725,65535,65535,65535,65535,65535,65535
2026-07-31 10:21:18.379,244.08,55959,44343,61725,65535,65535,65535,65535,65535,65535
2026-07-31 10:21:18.427,244.13,55959,44343,61725,65535,65535,65535,65535,65535,65535
2026-07-31 10:21:18.471,244.17,55959,44343,61725,65535,65535,65535,65535,65535,65535
2026-07-31 10:21:18.520,244.22,55959,44343,61725,65535,65535,65535,65535,65535,65535
2026-07-31 10:21:18.567,244.26,55959,44343,61725,65535,65535,65535,65535,65535,65535
2026-07-31 10:21:18.616,244.31,56044,44174,61725,65535,65535,65535,65535,65535,65535
2026-07-31 10:21:18.662,244.36,56044,44174,61725,65535,65535,65535,65535,65535,65535
2026-07-31 10:21:18.711,244.41,56044,44174,61725,65535,65535,65535,65535,65535,65535
2026-07-31 10:21:18.761,244.46,56044,44174,61725,65535,65535,65535,65535,65535,65535
2026-07-31 10:21:18.797,244.5,56044,44174,61725,65535,65535,65535,65535,65535,65535
2026-07-31 10:21:18.843,244.54,56044,44174,61725,65535,65535,65535,65535,65535,65535
2026-07-31 10:21:18.888,244.59,56044,44174,61725,65535,65535,65535,65535,65535,65535
2026-07-31 10:21:18.939,244.64,56044,44174,61725,65535,65535,65535,65535,65535,65535
2026-07-31 10:21:18.983,244.68,56044,44174,61725,65535,65535,65535,65535,65535,65535
2026-07-31 10:21:19.029,244.73,56044,44174,61725,65535,65535,65535,65535,65535,65535
2026-07-31 10:21:19.077,244.78,56044,44174,61725,65535,65535,65535,65535,65535,65535
2026-07-31 10:21:19.123,244.82,56044,44174,61576,65535,65535,65535,65535,65535,65535
2026-07-31 10:21:19.170,244.87,56214,44428,61576,65535,65535,65535,65535,65535,65535
2026-07-31 10:21:19.219,244.92,56214,44428,61576,65535,65535,65535,65535,65535,65535
2026-07-31 10:21:19.265,244.96,56214,44428,61576,65535,65535,65535,65535,65535,65535
2026-07-31 10:21:19.305,245.0,56214,44428,61576,65535,65535,65535,65535,65535,65535
2026-07-31 10:21:19.350,245.05,56214,44428,61576,65535,65535,65535,65535,65535,65535
2026-07-31 10:21:19.397,245.1,56214,44428,61576,65535,65535,65535,65535,65535,65535
2026-07-31 10:21:19.448,245.15,56214,44428,61576,65535,65535,65535,65535,65535,65535
2026-07-31 10:21:19.494,245.19,56214,44428,61576,65535,65535,65535,65535,65535,65535
2026-07-31 10:21:19.541,245.24,56214,44428,61576,65535,65535,65535,65535,65535,65535
2026-07-31 10:21:19.590,245.29,56214,44428,61576,65535,65535,65535,65535,65535,65535
2026-07-31 10:21:19.636,245.33,56214,44428,61576,65535,65535,65535,65535,65535,65535
2026-07-31 10:21:19.686,245.38,56214,44428,61576,65535,65535,65535,65535,65535,65535
2026-07-31 10:21:19.732,245.43,55959,44259,61576,65535,65535,65535,65535,65535,65535
2026-07-31 10:21:19.774,245.47,55959,44259,61576,65535,65535,65535,65535,65535,65535
2026-07-31 10:21:19.810,245.51,55959,44259,61576,65535,65535,65535,65535,65535,65535
2026-07-31 10:21:19.857,245.56,55959,44259,61576,65535,65535,65535,65535,65535,65535
2026-07-31 10:21:19.906,245.6,55959,44259,61576,65535,65535,65535,65535,65535,65535
2026-07-31 10:21:19.953,245.65,55959,44259,61576,65535,65535,65535,65535,65535,65535
2026-07-31 10:21:19.999,245.7,55959,44259,61576,65535,65535,65535,65535,65535,65535
2026-07-31 10:21:20.050,245.75,55959,44259,61576,65535,65535,65535,65535,65535,65535
2026-07-31 10:21:20.097,245.8,55959,44259,61576,65535,65535,65535,65535,65535,65535
2026-07-31 10:21:20.143,245.84,55959,44259,61576,65535,65535,65535,65535,65535,65535
2026-07-31 10:21:20.191,245.89,55959,44259,61576,65535,65535,65535,65535,65535,65535
2026-07-31 10:21:20.240,245.94,55959,44259,61576,65535,65535,65535,65535,65535,65535
2026-07-31 10:21:20.278,245.98,65088,44259,61873,65535,65535,65535,65535,65535,65535
2026-07-31 10:21:20.312,246.01,65088,44259,61873,65535,65535,65535,65535,65535,65535
2026-07-31 10:21:20.359,246.06,65088,44259,61873,65535,65535,65535,65535,65535,65535
2026-07-31 10:21:20.407,246.11,65088,44259,61873,65535,65535,65535,65535,65535,65535
2026-07-31 10:21:20.454,246.15,65088,44259,61873,65535,65535,65535,65535,65535,65535
2026-07-31 10:21:20.505,246.2,65088,44259,61873,65535,65535,65535,65535,65535,65535
2026-07-31 10:21:20.552,246.25,65088,44259,61873,65535,65535,65535,65535,65535,65535
2026-07-31 10:21:20.596,246.29,65088,44259,61873,65535,65535,65535,65535,65535,65535
2026-07-31 10:21:20.648,246.35,65088,44259,61873,65535,65535,65535,65535,65535,65535
2026-07-31 10:21:20.692,246.39,65088,44259,61873,65535,65535,65535,65535,65535,65535
2026-07-31 10:21:20.741,246.44,65088,44259,61873,65535,65535,65535,65535,65535,65535
2026-07-31 10:21:20.779,246.48,65088,44259,61873,65535,65535,65535,65535,65535,65535
2026-07-31 10:21:20.815,246.51,65088,44259,61725,65535,65535,65535,65535,65535,65535
2026-07-31 10:21:20.860,246.56,56044,51437,61725,65535,65535,65535,65535,65535,65535
2026-07-31 10:21:20.912,246.61,56044,51437,61725,65535,65535,65535,65535,65535,65535
2026-07-31 10:21:20.962,246.66,56044,51437,61725,65535,65535,65535,65535,65535,65535
2026-07-31 10:21:21.009,246.71,56044,51437,61725,65535,65535,65535,65535,65535,65535
2026-07-31 10:21:21.056,246.75,56044,51437,61725,65535,65535,65535,65535,65535,65535
2026-07-31 10:21:21.105,246.8,56044,51437,61725,65535,65535,65535,65535,65535,65535
2026-07-31 10:21:21.153,246.85,56044,51437,61725,65535,65535,65535,65535,65535,65535
2026-07-31 10:21:21.201,246.9,56044,51437,61725,65535,65535,65535,65535,65535,65535
2026-07-31 10:21:21.250,246.95,56044,51437,61725,65535,65535,65535,65535,65535,65535
2026-07-31 10:21:21.285,246.98,56044,51437,61725,65535,65535,65535,65535,65535,65535
2026-07-31 10:21:21.337,247.04,56044,51437,61725,65535,65535,65535,65535,65535,65535
2026-07-31 10:21:21.387,247.09,56044,51437,61576,65535,65535,65535,65535,65535,65535
2026-07-31 10:21:21.432,247.13,65088,44089,61576,65535,65535,65535,65535,65535,65535
2026-07-31 10:21:21.482,247.18,65088,44089,61576,65535,65535,65535,65535,65535,65535
2026-07-31 10:21:21.527,247.23,65088,44089,61576,65535,65535,65535,65535,65535,65535
2026-07-31 10:21:21.579,247.28,65088,44089,61576,65535,65535,65535,65535,65535,65535
2026-07-31 10:21:21.624,247.32,65088,44089,61576,65535,65535,65535,65535,65535,65535
2026-07-31 10:21:21.670,247.37,65088,44089,61576,65535,65535,65535,65535,65535,65535
2026-07-31 10:21:21.719,247.42,65088,44089,61576,65535,65535,65535,65535,65535,65535
2026-07-31 10:21:21.761,247.46,65088,44089,61576,65535,65535,65535,65535,65535,65535
2026-07-31 10:21:21.798,247.5,65088,44089,61576,65535,65535,65535,65535,65535,65535
2026-07-31 10:21:21.840,247.54,65088,44089,61576,65535,65535,65535,65535,65535,65535
2026-07-31 10:21:21.888,247.59,65088,44089,61576,65535,65535,65535,65535,65535,65535
2026-07-31 10:21:21.933,247.63,65088,44089,61576,65535,65535,65535,65535,65535,65535
2026-07-31 10:21:21.978,247.68,56044,44089,61873,65535,65535,65535,65535,65535,65535
2026-07-31 10:21:22.027,247.73,56044,44089,61873,65535,65535,65535,65535,65535,65535
2026-07-31 10:21:22.071,247.77,56044,44089,61873,65535,65535,65535,65535,65535,65535
2026-07-31 10:21:22.118,247.82,56044,44089,61873,65535,65535,65535,65535,65535,65535
2026-07-31 10:21:22.165,247.86,56044,44089,61873,65535,65535,65535,65535,65535,65535
2026-07-31 10:21:22.217,247.92,56044,44089,61873,65535,65535,65535,65535,65535,65535
2026-07-31 10:21:22.260,247.96,56044,44089,61873,65535,65535,65535,65535,65535,65535
2026-07-31 10:21:22.298,248.0,56044,44089,61873,65535,65535,65535,65535,65535,65535
2026-07-31 10:21:22.344,248.04,56044,44089,61873,65535,65535,65535,65535,65535,65535
2026-07-31 10:21:22.391,248.09,56044,44089,61873,65535,65535,65535,65535,65535,65535
2026-07-31 10:21:22.439,248.14,56044,44089,61873,65535,65535,65535,65535,65535,65535
2026-07-31 10:21:22.487,248.19,56044,44089,61873,65535,65535,65535,65535,65535,65535
2026-07-31 10:21:22.533,248.23,56129,44089,49498,65535,65535,65535,65535,65535,65535
2026-07-31 10:21:22.579,248.28,56129,38726,49498,65535,65535,65535,65535,65535,65535
2026-07-31 10:21:22.629,248.33,56129,38726,49498,65535,65535,65535,65535,65535,65535
2026-07-31 10:21:22.677,248.38,56129,38726,49498,65535,65535,65535,65535,65535,65535
2026-07-31 10:21:22.724,248.42,56129,38726,49498,65535,65535,65535,65535,65535,65535
2026-07-31 10:21:22.771,248.47,56129,38726,49498,65535,65535,65535,65535,65535,65535
2026-07-31 10:21:22.808,248.51,56129,38726,49498,65535,65535,65535,65535,65535,65535
2026-07-31 10:21:22.855,248.55,56129,38726,49498,65535,65535,65535,65535,65535,65535
2026-07-31 10:21:22.902,248.6,56129,38726,49498,65535,65535,65535,65535,65535,65535
2026-07-31 10:21:22.947,248.65,56129,38726,49498,65535,65535,65535,65535,65535,65535
2026-07-31 10:21:22.995,248.69,56129,38726,49498,65535,65535,65535,65535,65535,65535
2026-07-31 10:21:23.043,248.74,56129,38726,49498,65535,65535,65535,65535,65535,65535
2026-07-31 10:21:23.091,248.79,56129,38726,61725,65535,65535,65535,65535,65535,65535
2026-07-31 10:21:23.139,248.84,65286,44174,61725,65535,65535,65535,65535,65535,65535
2026-07-31 10:21:23.187,248.89,65286,44174,61725,65535,65535,65535,65535,65535,65535
2026-07-31 10:21:23.235,248.93,65286,44174,61725,65535,65535,65535,65535,65535,65535
2026-07-31 10:21:23.272,248.97,65286,44174,61725,65535,65535,65535,65535,65535,65535
2026-07-31 10:21:23.308,249.01,65286,44174,61725,65535,65535,65535,65535,65535,65535
2026-07-31 10:21:23.353,249.05,65286,44174,61725,65535,65535,65535,65535,65535,65535
2026-07-31 10:21:23.400,249.1,65286,44174,61725,65535,65535,65535,65535,65535,65535
2026-07-31 10:21:23.447,249.15,65286,44174,61725,65535,65535,65535,65535,65535,65535
2026-07-31 10:21:23.498,249.2,65286,44174,61725,65535,65535,65535,65535,65535,65535
2026-07-31 10:21:23.544,249.24,65286,44174,61725,65535,65535,65535,65535,65535,65535
2026-07-31 10:21:23.593,249.29,65286,44174,61725,65535,65535,65535,65535,65535,65535
2026-07-31 10:21:23.640,249.34,65286,44174,61725,65535,65535,65535,65535,65535,65535
2026-07-31 10:21:23.688,249.39,55874,44259,62022,65535,65535,65535,65535,65535,65535
2026-07-31 10:21:23.735,249.43,55874,44259,62022,65535,65535,65535,65535,65535,65535
2026-07-31 10:21:23.772,249.47,55874,44259,62022,65535,65535,65535,65535,65535,65535
2026-07-31 10:21:23.809,249.51,55874,44259,62022,65535,65535,65535,65535,65535,65535
2026-07-31 10:21:23.855,249.55,55874,44259,62022,65535,65535,65535,65535,65535,65535
2026-07-31 10:21:23.903,249.6,55874,44259,62022,65535,65535,65535,65535,65535,65535
2026-07-31 10:21:23.954,249.65,55874,44259,62022,65535,65535,65535,65535,65535,65535
2026-07-31 10:21:24.003,249.7,55874,44259,62022,65535,65535,65535,65535,65535,65535
2026-07-31 10:21:24.051,249.75,55874,44259,62022,65535,65535,65535,65535,65535,65535
2026-07-31 10:21:24.101,249.8,55874,44259,62022,65535,65535,65535,65535,65535,65535
2026-07-31 10:21:24.148,249.85,55874,44259,62022,65535,65535,65535,65535,65535,65535
2026-07-31 10:21:24.196,249.89,55874,44259,62022,65535,65535,65535,65535,65535,65535
2026-07-31 10:21:24.243,249.94,65534,44259,61725,65535,65535,65535,65535,65535,65535
2026-07-31 10:21:24.280,249.98,65534,44259,61725,65535,65535,65535,65535,65535,65535
2026-07-31 10:21:24.315,250.01,65534,44259,61725,65535,65535,65535,65535,65535,65535
2026-07-31 10:21:24.363,250.06,65534,44259,61725,65535,65535,65535,65535,65535,65535
2026-07-31 10:21:24.410,250.11,65534,44259,61725,65535,65535,65535,65535,65535,65535
2026-07-31 10:21:24.456,250.15,65534,44259,61725,65535,65535,65535,65535,65535,65535
2026-07-31 10:21:24.505,250.2,65534,44259,61725,65535,65535,65535,65535,65535,65535
2026-07-31 10:21:24.551,250.25,65534,44259,61725,65535,65535,65535,65535,65535,65535
2026-07-31 10:21:24.603,250.3,65534,44259,61725,65535,65535,65535,65535,65535,65535
2026-07-31 10:21:24.648,250.35,65534,44259,61725,65535,65535,65535,65535,65535,65535
2026-07-31 10:21:24.694,250.39,65534,44259,61725,65535,65535,65535,65535,65535,65535
2026-07-31 10:21:24.746,250.44,65534,44259,61725,65535,65535,65535,65535,65535,65535
2026-07-31 10:21:24.791,250.49,65534,44259,61576,65535,65535,65535,65535,65535,65535
2026-07-31 10:21:24.827,250.53,56129,51338,61576,65535,65535,65535,65535,65535,65535
2026-07-31 10:21:24.872,250.57,56129,51338,61576,65535,65535,65535,65535,65535,65535
2026-07-31 10:21:24.922,250.62,56129,51338,61576,65535,65535,65535,65535,65535,65535
2026-07-31 10:21:24.968,250.67,56129,51338,61576,65535,65535,65535,65535,65535,65535
2026-07-31 10:21:25.018,250.72,56129,51338,61576,65535,65535,65535,65535,65535,65535
2026-07-31 10:21:25.065,250.76,56129,51338,61576,65535,65535,65535,65535,65535,65535
2026-07-31 10:21:25.111,250.81,56129,51338,61576,65535,65535,65535,65535,65535,65535
2026-07-31 10:21:25.159,250.86,56129,51338,61576,65535,65535,65535,65535,65535,65535
2026-07-31 10:21:25.211,250.91,56129,51338,61576,65535,65535,65535,65535,65535,65535
2026-07-31 10:21:25.259,250.96,56129,51338,61576,65535,65535,65535,65535,65535,65535
2026-07-31 10:21:25.299,251.0,56129,51338,61576,65535,65535,65535,65535,65535,65535
2026-07-31 10:21:25.345,251.04,56129,51338,61873,65535,65535,65535,65535,65535,65535
2026-07-31 10:21:25.392,251.09,65484,44259,61873,65535,65535,65535,65535,65535,65535
2026-07-31 10:21:25.443,251.14,65484,44259,61873,65535,65535,65535,65535,65535,65535
2026-07-31 10:21:25.490,251.19,65484,44259,61873,65535,65535,65535,65535,65535,65535
2026-07-31 10:21:25.534,251.23,65484,44259,61873,65535,65535,65535,65535,65535,65535
2026-07-31 10:21:25.584,251.28,65484,44259,61873,65535,65535,65535,65535,65535,65535
2026-07-31 10:21:25.631,251.33,65484,44259,61873,65535,65535,65535,65535,65535,65535
2026-07-31 10:21:25.681,251.38,65484,44259,61873,65535,65535,65535,65535,65535,65535
2026-07-31 10:21:25.727,251.43,65484,44259,61873,65535,65535,65535,65535,65535,65535
2026-07-31 10:21:25.774,251.47,65484,44259,61873,65535,65535,65535,65535,65535,65535
2026-07-31 10:21:25.811,251.51,65484,44259,61873,65535,65535,65535,65535,65535,65535
2026-07-31 10:21:25.857,251.56,65484,44259,61873,65535,65535,65535,65535,65535,65535
2026-07-31 10:21:25.904,251.6,65484,44259,61725,65535,65535,65535,65535,65535,65535
2026-07-31 10:21:25.950,251.65,65088,38726,61725,65535,65535,65535,65535,65535,65535
2026-07-31 10:21:25.998,251.7,65088,38726,61725,65535,65535,65535,65535,65535,65535
2026-07-31 10:21:26.048,251.75,65088,38726,61725,65535,65535,65535,65535,65535,65535
2026-07-31 10:21:26.097,251.8,65088,38726,61725,65535,65535,65535,65535,65535,65535
2026-07-31 10:21:26.142,251.84,65088,38726,61725,65535,65535,65535,65535,65535,65535
2026-07-31 10:21:26.190,251.89,65088,38726,61725,65535,65535,65535,65535,65535,65535
2026-07-31 10:21:26.241,251.94,65088,38726,61725,65535,65535,65535,65535,65535,65535
2026-07-31 10:21:26.289,251.99,65088,38726,61725,65535,65535,65535,65535,65535,65535
2026-07-31 10:21:26.325,252.02,65088,38726,61725,65535,65535,65535,65535,65535,65535
2026-07-31 10:21:26.369,252.07,65088,38726,61725,65535,65535,65535,65535,65535,65535
2026-07-31 10:21:26.418,252.12,65088,38726,61725,65535,65535,65535,65535,65535,65535
2026-07-31 10:21:26.469,252.17,65088,38726,61873,65535,65535,65535,65535,65535,65535
2026-07-31 10:21:26.515,252.21,65286,51635,61873,65535,65535,65535,65535,65535,65535
2026-07-31 10:21:26.559,252.26,65286,51635,61873,65535,65535,65535,65535,65535,65535
2026-07-31 10:21:26.608,252.31,65286,51635,61873,65535,65535,65535,65535,65535,65535
2026-07-31 10:21:26.655,252.35,65286,51635,61873,65535,65535,65535,65535,65535,65535
2026-07-31 10:21:26.706,252.4,65286,51635,61873,65535,65535,65535,65535,65535,65535
2026-07-31 10:21:26.753,252.45,65286,51635,61873,65535,65535,65535,65535,65535,65535
2026-07-31 10:21:26.790,252.49,65286,51635,61873,65535,65535,65535,65535,65535,65535
2026-07-31 10:21:26.834,252.53,65286,51635,61873,65535,65535,65535,65535,65535,65535
2026-07-31 10:21:26.884,252.58,65286,51635,61873,65535,65535,65535,65535,65535,65535
2026-07-31 10:21:26.931,252.63,65286,51635,61873,65535,65535,65535,65535,65535,65535
2026-07-31 10:21:26.980,252.68,65286,51635,61873,65535,65535,65535,65535,65535,65535
2026-07-31 10:21:27.025,252.72,65286,51635,61873,65535,65535,65535,65535,65535,65535
2026-07-31 10:21:27.075,252.77,55959,51635,61725,65535,65535,65535,65535,65535,65535
2026-07-31 10:21:27.127,252.83,55959,44343,61725,65535,65535,65535,65535,65535,65535
2026-07-31 10:21:27.176,252.87,55959,44343,61725,65535,65535,65535,65535,65535,65535
2026-07-31 10:21:27.223,252.92,55959,44343,61725,65535,65535,65535,65535,65535,65535
2026-07-31 10:21:27.274,252.97,55959,44343,61725,65535,65535,65535,65535,65535,65535
2026-07-31 10:21:27.310,253.01,55959,44343,61725,65535,65535,65535,65535,65535,65535
2026-07-31 10:21:27.356,253.05,55959,44343,61725,65535,65535,65535,65535,65535,65535
2026-07-31 10:21:27.404,253.1,55959,44343,61725,65535,65535,65535,65535,65535,65535
2026-07-31 10:21:27.451,253.15,55959,44343,61725,65535,65535,65535,65535,65535,65535
2026-07-31 10:21:27.499,253.2,55959,44343,61725,65535,65535,65535,65535,65535,65535
2026-07-31 10:21:27.547,253.25,55959,44343,61725,65535,65535,65535,65535,65535,65535
2026-07-31 10:21:27.596,253.29,55959,44343,61725,65535,65535,65535,65535,65535,65535
2026-07-31 10:21:27.642,253.34,65286,51437,61725,65535,65535,65535,65535,65535,65535
2026-07-31 10:21:27.688,253.39,65286,51437,61725,65535,65535,65535,65535,65535,65535
2026-07-31 10:21:27.741,253.44,65286,51437,61725,65535,65535,65535,65535,65535,65535
2026-07-31 10:21:27.775,253.47,65286,51437,61725,65535,65535,65535,65535,65535,65535
2026-07-31 10:21:27.811,253.51,65286,51437,61725,65535,65535,65535,65535,65535,65535
2026-07-31 10:21:27.846,253.54,65286,51437,61725,65535,65535,65535,65535,65535,65535
2026-07-31 10:21:27.891,253.59,65286,51437,61725,65535,65535,65535,65535,65535,65535
2026-07-31 10:21:27.941,253.64,65286,51437,61725,65535,65535,65535,65535,65535,65535
2026-07-31 10:21:27.989,253.69,65286,51437,61725,65535,65535,65535,65535,65535,65535
2026-07-31 10:21:28.033,253.73,65286,51437,61725,65535,65535,65535,65535,65535,65535
2026-07-31 10:21:28.080,253.78,65286,51437,61725,65535,65535,65535,65535,65535,65535
2026-07-31 10:21:28.129,253.83,65286,51437,61725,65535,65535,65535,65535,65535,65535
2026-07-31 10:21:28.183,253.88,65286,51437,49261,65535,65535,65535,65535,65535,65535
2026-07-31 10:21:28.237,253.93,56214,65534,49261,65535,65535,65535,65535,65535,65535
2026-07-31 10:21:28.293,253.99,56214,65534,49261,65535,65535,65535,65535,65535,65535
2026-07-31 10:21:28.345,254.04,56214,65534,49261,65535,65535,65535,65535,65535,65535
2026-07-31 10:21:28.384,254.08,56214,65534,49261,65535,65535,65535,65535,65535,65535
2026-07-31 10:21:28.422,254.12,56214,65534,49261,65535,65535,65535,65535,65535,65535
2026-07-31 10:21:28.477,254.18,56214,65534,49261,65535,65535,65535,65535,65535,65535
2026-07-31 10:21:28.539,254.24,56214,65534,49261,65535,65535,65535,65535,65535,65535
2026-07-31 10:21:28.614,254.31,56214,65534,49261,65535,65535,65535,65535,65535,65535
2026-07-31 10:21:28.666,254.36,56214,65534,49261,65535,65535,65535,65535,65535,65535
2026-07-31 10:21:28.719,254.42,56214,65534,49261,65535,65535,65535,65535,65535,65535
2026-07-31 10:21:28.771,254.47,65484,65534,61725,65535,65535,65535,65535,65535,65535
2026-07-31 10:21:28.816,254.51,65484,38652,61725,65535,65535,65535,65535,65535,65535
2026-07-31 10:21:28.853,254.55,65484,38652,61725,65535,65535,65535,65535,65535,65535
2026-07-31 10:21:28.901,254.6,65484,38652,61725,65535,65535,65535,65535,65535,65535
2026-07-31 10:21:28.948,254.65,65484,38652,61725,65535,65535,65535,65535,65535,65535
2026-07-31 10:21:28.997,254.7,65484,38652,61725,65535,65535,65535,65535,65535,65535
2026-07-31 10:21:29.047,254.75,65484,38652,61725,65535,65535,65535,65535,65535,65535
2026-07-31 10:21:29.095,254.79,65484,38652,61725,65535,65535,65535,65535,65535,65535
2026-07-31 10:21:29.145,254.84,65484,38652,61725,65535,65535,65535,65535,65535,65535
2026-07-31 10:21:29.192,254.89,65484,38652,61725,65535,65535,65535,65535,65535,65535
2026-07-31 10:21:29.245,254.94,65484,38652,61725,65535,65535,65535,65535,65535,65535
2026-07-31 10:21:29.287,254.99,65484,38652,61725,65535,65535,65535,65535,65535,65535
2026-07-31 10:21:29.328,255.03,65385,38652,61725,65535,65535,65535,65535,65535,65535
2026-07-31 10:21:29.376,255.07,65385,44259,61725,65535,65535,65535,65535,65535,65535
2026-07-31 10:21:29.423,255.12,65385,44259,61725,65535,65535,65535,65535,65535,65535
2026-07-31 10:21:29.470,255.17,65385,44259,61725,65535,65535,65535,65535,65535,65535
2026-07-31 10:21:29.517,255.22,65385,44259,61725,65535,65535,65535,65535,65535,65535
2026-07-31 10:21:29.565,255.26,65385,44259,61725,65535,65535,65535,65535,65535,65535
2026-07-31 10:21:29.611,255.31,65385,44259,61725,65535,65535,65535,65535,65535,65535
2026-07-31 10:21:29.664,255.36,65385,44259,61725,65535,65535,65535,65535,65535,65535
2026-07-31 10:21:29.707,255.41,65385,44259,61725,65535,65535,65535,65535,65535,65535
2026-07-31 10:21:29.760,255.46,65385,44259,61725,65535,65535,65535,65535,65535,65535
2026-07-31 10:21:29.800,255.5,65385,44259,61725,65535,65535,65535,65535,65535,65535
2026-07-31 10:21:29.845,255.54,65385,44259,61725,65535,65535,65535,65535,65535,65535
2026-07-31 10:21:29.894,255.59,65534,44259,65534,65535,65535,65535,65535,65535,65535
2026-07-31 10:21:29.938,255.64,65534,51536,65534,65535,65535,65535,65535,65535,65535
2026-07-31 10:21:29.989,255.69,65534,51536,65534,65535,65535,65535,65535,65535,65535
2026-07-31 10:21:30.033,255.73,65534,51536,65534,65535,65535,65535,65535,65535,65535
2026-07-31 10:21:30.078,255.78,65534,51536,65534,65535,65535,65535,65535,65535,65535
2026-07-31 10:21:30.124,255.82,65534,51536,65534,65535,65535,65535,65535,65535,65535
2026-07-31 10:21:30.170,255.87,65534,51536,65534,65535,65535,65535,65535,65535,65535
2026-07-31 10:21:30.216,255.91,65534,51536,65534,65535,65535,65535,65535,65535,65535
2026-07-31 10:21:30.263,255.96,65534,51536,65534,65535,65535,65535,65535,65535,65535
2026-07-31 10:21:30.308,256.01,65534,51536,65534,65535,65535,65535,65535,65535,65535
2026-07-31 10:21:30.345,256.04,65534,51536,65534,65535,65535,65535,65535,65535,65535
2026-07-31 10:21:30.392,256.09,65534,51536,65534,65535,65535,65535,65535,65535,65535
2026-07-31 10:21:30.438,256.14,65534,51536,49380,65535,65535,65535,65535,65535,65535
2026-07-31 10:21:30.486,256.18,48816,51635,49380,65535,65535,65535,65535,65535,65535
2026-07-31 10:21:30.535,256.23,48816,51635,49380,65535,65535,65535,65535,65535,65535
2026-07-31 10:21:30.583,256.28,48816,51635,49380,65535,65535,65535,65535,65535,65535
2026-07-31 10:21:30.626,256.32,48816,51635,49380,65535,65535,65535,65535,65535,65535
2026-07-31 10:21:30.672,256.37,48816,51635,49380,65535,65535,65535,65535,65535,65535
2026-07-31 10:21:30.723,256.42,48816,51635,49380,65535,65535,65535,65535,65535,65535
2026-07-31 10:21:30.771,256.47,48816,51635,49380,65535,65535,65535,65535,65535,65535
2026-07-31 10:21:30.819,256.52,48816,51635,49380,65535,65535,65535,65535,65535,65535
2026-07-31 10:21:30.853,256.55,48816,51635,49380,65535,65535,65535,65535,65535,65535
2026-07-31 10:21:30.895,256.59,48816,51635,49380,65535,65535,65535,65535,65535,65535
2026-07-31 10:21:30.946,256.64,48816,51635,49380,65535,65535,65535,65535,65535,65535
2026-07-31 10:21:30.992,256.69,48816,51635,61725,65535,65535,65535,65535,65535,65535
2026-07-31 10:21:31.042,256.74,56129,44428,61725,65535,65535,65535,65535,65535,65535
2026-07-31 10:21:31.089,256.79,56129,44428,61725,65535,65535,65535,65535,65535,65535
2026-07-31 10:21:31.137,256.84,56129,44428,61725,65535,65535,65535,65535,65535,65535
2026-07-31 10:21:31.181,256.88,56129,44428,61725,65535,65535,65535,65535,65535,65535
2026-07-31 10:21:31.227,256.93,56129,44428,61725,65535,65535,65535,65535,65535,65535
2026-07-31 10:21:31.274,256.97,56129,44428,61725,65535,65535,65535,65535,65535,65535
2026-07-31 10:21:31.314,257.01,56129,44428,61725,65535,65535,65535,65535,65535,65535
2026-07-31 10:21:31.351,257.05,56129,44428,61725,65535,65535,65535,65535,65535,65535
2026-07-31 10:21:31.397,257.1,56129,44428,61725,65535,65535,65535,65535,65535,65535
2026-07-31 10:21:31.444,257.14,56129,44428,61725,65535,65535,65535,65535,65535,65535
2026-07-31 10:21:31.489,257.19,56129,44428,61725,65535,65535,65535,65535,65535,65535
2026-07-31 10:21:31.537,257.24,56129,44428,61725,65535,65535,65535,65535,65535,65535
2026-07-31 10:21:31.586,257.28,65385,44428,49736,65535,65535,65535,65535,65535,65535
2026-07-31 10:21:31.633,257.33,65385,44259,49736,65535,65535,65535,65535,65535,65535
2026-07-31 10:21:31.680,257.38,65385,44259,49736,65535,65535,65535,65535,65535,65535
2026-07-31 10:21:31.728,257.43,65385,44259,49736,65535,65535,65535,65535,65535,65535
2026-07-31 10:21:31.777,257.47,65385,44259,49736,65535,65535,65535,65535,65535,65535
2026-07-31 10:21:31.814,257.51,65385,44259,49736,65535,65535,65535,65535,65535,65535
2026-07-31 10:21:31.850,257.55,65385,44259,49736,65535,65535,65535,65535,65535,65535
2026-07-31 10:21:31.895,257.59,65385,44259,49736,65535,65535,65535,65535,65535,65535
2026-07-31 10:21:31.941,257.64,65385,44259,49736,65535,65535,65535,65535,65535,65535
2026-07-31 10:21:31.989,257.69,65385,44259,49736,65535,65535,65535,65535,65535,65535
2026-07-31 10:21:32.038,257.74,65385,44259,49736,65535,65535,65535,65535,65535,65535
2026-07-31 10:21:32.082,257.78,65385,44259,49736,65535,65535,65535,65535,65535,65535
2026-07-31 10:21:32.128,257.83,65385,44259,65534,65535,65535,65535,65535,65535,65535
2026-07-31 10:21:32.177,257.88,65484,44343,65534,65535,65535,65535,65535,65535,65535
2026-07-31 10:21:32.227,257.93,65484,44343,65534,65535,65535,65535,65535,65535,65535
2026-07-31 10:21:32.274,257.97,65484,44343,65534,65535,65535,65535,65535,65535,65535
2026-07-31 10:21:32.311,258.01,65484,44343,65534,65535,65535,65535,65535,65535,65535
2026-07-31 10:21:32.348,258.05,65484,44343,65534,65535,65535,65535,65535,65535,65535
2026-07-31 10:21:32.393,258.09,65484,44343,65534,65535,65535,65535,65535,65535,65535
2026-07-31 10:21:32.442,258.14,65484,44343,65534,65535,65535,65535,65535,65535,65535
2026-07-31 10:21:32.486,258.18,65484,44343,65534,65535,65535,65535,65535,65535,65535
2026-07-31 10:21:32.535,258.23,65484,44343,65534,65535,65535,65535,65535,65535,65535
2026-07-31 10:21:32.583,258.28,65484,44343,65534,65535,65535,65535,65535,65535,65535
2026-07-31 10:21:32.633,258.33,65484,44343,65534,65535,65535,65535,65535,65535,65535
2026-07-31 10:21:32.680,258.38,65484,44343,65534,65535,65535,65535,65535,65535,65535
2026-07-31 10:21:32.728,258.43,65534,44343,49380,65535,65535,65535,65535,65535,65535
2026-07-31 10:21:32.779,258.48,65534,44174,49380,65535,65535,65535,65535,65535,65535
2026-07-31 10:21:32.815,258.51,65534,44174,49380,65535,65535,65535,65535,65535,65535
2026-07-31 10:21:32.851,258.55,65534,44174,49380,65535,65535,65535,65535,65535,65535
2026-07-31 10:21:32.898,258.6,65534,44174,49380,65535,65535,65535,65535,65535,65535
2026-07-31 10:21:32.944,258.64,65534,44174,49380,65535,65535,65535,65535,65535,65535
2026-07-31 10:21:32.994,258.69,65534,44174,49380,65535,65535,65535,65535,65535,65535
2026-07-31 10:21:33.041,258.74,65534,44174,49380,65535,65535,65535,65535,65535,65535
2026-07-31 10:21:33.089,258.79,65534,44174,49380,65535,65535,65535,65535,65535,65535
2026-07-31 10:21:33.133,258.83,65534,44174,49380,65535,65535,65535,65535,65535,65535
2026-07-31 10:21:33.184,258.88,65534,44174,49380,65535,65535,65535,65535,65535,65535
2026-07-31 10:21:33.229,258.93,65534,44174,49380,65535,65535,65535,65535,65535,65535
2026-07-31 10:21:33.277,258.98,65534,44174,61725,65535,65535,65535,65535,65535,65535
2026-07-31 10:21:33.322,259.02,65534,38949,61725,65535,65535,65535,65535,65535,65535
2026-07-31 10:21:33.359,259.06,65534,38949,61725,65535,65535,65535,65535,65535,65535
2026-07-31 10:21:33.405,259.1,65534,38949,61725,65535,65535,65535,65535,65535,65535
2026-07-31 10:21:33.452,259.15,65534,38949,61725,65535,65535,65535,65535,65535,65535
2026-07-31 10:21:33.502,259.2,65534,38949,61725,65535,65535,65535,65535,65535,65535
2026-07-31 10:21:33.551,259.25,65534,38949,61725,65535,65535,65535,65535,65535,65535
2026-07-31 10:21:33.596,259.29,65534,38949,61725,65535,65535,65535,65535,65535,65535
2026-07-31 10:21:33.642,259.34,65534,38949,61725,65535,65535,65535,65535,65535,65535
2026-07-31 10:21:33.689,259.39,65534,38949,61725,65535,65535,65535,65535,65535,65535
2026-07-31 10:21:33.740,259.44,65534,38949,61725,65535,65535,65535,65535,65535,65535
2026-07-31 10:21:33.786,259.48,65534,38949,61725,65535,65535,65535,65535,65535,65535
2026-07-31 10:21:33.824,259.52,65534,38949,61576,65535,65535,65535,65535,65535,65535
2026-07-31 10:21:33.869,259.57,55620,44343,61576,65535,65535,65535,65535,65535,65535
2026-07-31 10:21:33.917,259.62,55620,44343,61576,65535,65535,65535,65535,65535,65535
2026-07-31 10:21:33.966,259.66,55620,44343,61576,65535,65535,65535,65535,65535,65535
2026-07-31 10:21:34.013,259.71,55620,44343,61576,65535,65535,65535,65535,65535,65535
2026-07-31 10:21:34.059,259.76,55620,44343,61576,65535,65535,65535,65535,65535,65535
2026-07-31 10:21:34.108,259.81,55620,44343,61576,65535,65535,65535,65535,65535,65535
2026-07-31 10:21:34.157,259.86,55620,44343,61576,65535,65535,65535,65535,65535,65535
2026-07-31 10:21:34.206,259.9,55620,44343,61576,65535,65535,65535,65535,65535,65535
2026-07-31 10:21:34.248,259.95,55620,44343,61576,65535,65535,65535,65535,65535,65535
2026-07-31 10:21:34.302,260.0,55620,44343,61576,65535,65535,65535,65535,65535,65535
2026-07-31 10:21:34.337,260.03,55620,44343,61576,65535,65535,65535,65535,65535,65535
2026-07-31 10:21:34.384,260.08,55620,44343,61576,65535,65535,65535,65535,65535,65535
2026-07-31 10:21:34.430,260.13,65484,44174,65534,65535,65535,65535,65535,65535,65535
2026-07-31 10:21:34.477,260.18,65484,44174,65534,65535,65535,65535,65535,65535,65535
2026-07-31 10:21:34.525,260.22,65484,44174,65534,65535,65535,65535,65535,65535,65535
2026-07-31 10:21:34.570,260.27,65484,44174,65534,65535,65535,65535,65535,65535,65535
2026-07-31 10:21:34.622,260.32,65484,44174,65534,65535,65535,65535,65535,65535,65535
2026-07-31 10:21:34.670,260.37,65484,44174,65534,65535,65535,65535,65535,65535,65535
2026-07-31 10:21:34.721,260.42,65484,44174,65534,65535,65535,65535,65535,65535,65535
2026-07-31 10:21:34.766,260.46,65484,44174,65534,65535,65535,65535,65535,65535,65535
2026-07-31 10:21:34.816,260.51,65484,44174,65534,65535,65535,65535,65535,65535,65535
2026-07-31 10:21:34.856,260.55,65484,44174,65534,65535,65535,65535,65535,65535,65535
2026-07-31 10:21:34.903,260.6,65484,44174,65534,65535,65535,65535,65535,65535,65535
2026-07-31 10:21:34.955,260.65,65484,44174,65534,65535,65535,65535,65535,65535,65535
2026-07-31 10:21:35.000,260.7,55790,44174,65534,65535,65535,65535,65535,65535,65535
2026-07-31 10:21:35.048,260.75,55790,44174,65534,65535,65535,65535,65535,65535,65535
2026-07-31 10:21:35.090,260.79,55790,44174,65534,65535,65535,65535,65535,65535,65535
2026-07-31 10:21:35.136,260.83,55790,44174,65534,65535,65535,65535,65535,65535,65535
2026-07-31 10:21:35.186,260.88,55790,44174,65534,65535,65535,65535,65535,65535,65535
2026-07-31 10:21:35.236,260.93,55790,44174,65534,65535,65535,65535,65535,65535,65535
2026-07-31 10:21:35.286,260.98,55790,44174,65534,65535,65535,65535,65535,65535,65535
2026-07-31 10:21:35.322,261.02,55790,44174,65534,65535,65535,65535,65535,65535,65535
2026-07-31 10:21:35.357,261.06,55790,44174,65534,65535,65535,65535,65535,65535,65535
2026-07-31 10:21:35.402,261.1,55790,44174,65534,65535,65535,65535,65535,65535,65535
2026-07-31 10:21:35.452,261.15,55790,44174,65534,65535,65535,65535,65535,65535,65535
2026-07-31 10:21:35.499,261.2,55790,44174,65534,65535,65535,65535,65535,65535,65535
2026-07-31 10:21:35.545,261.24,56129,44174,61873,65535,65535,65535,65535,65535,65535
2026-07-31 10:21:35.595,261.29,56129,44259,61873,65535,65535,65535,65535,65535,65535
2026-07-31 10:21:35.641,261.34,56129,44259,61873,65535,65535,65535,65535,65535,65535
2026-07-31 10:21:35.691,261.39,56129,44259,61873,65535,65535,65535,65535,65535,65535
2026-07-31 10:21:35.738,261.44,56129,44259,61873,65535,65535,65535,65535,65535,65535
2026-07-31 10:21:35.787,261.49,56129,44259,61873,65535,65535,65535,65535,65535,65535
2026-07-31 10:21:35.822,261.52,56129,44259,61873,65535,65535,65535,65535,65535,65535
2026-07-31 10:21:35.858,261.56,56129,44259,61873,65535,65535,65535,65535,65535,65535
2026-07-31 10:21:35.905,261.6,56129,44259,61873,65535,65535,65535,65535,65535,65535
2026-07-31 10:21:35.953,261.65,56129,44259,61873,65535,65535,65535,65535,65535,65535
2026-07-31 10:21:35.999,261.7,56129,44259,61873,65535,65535,65535,65535,65535,65535
2026-07-31 10:21:36.048,261.75,56129,44259,61873,65535,65535,65535,65535,65535,65535
2026-07-31 10:21:36.093,261.79,56129,44259,61873,65535,65535,65535,65535,65535,65535
2026-07-31 10:21:36.143,261.84,55874,51932,61873,65535,65535,65535,65535,65535,65535
2026-07-31 10:21:36.189,261.89,55874,51932,61873,65535,65535,65535,65535,65535,65535
2026-07-31 10:21:36.237,261.94,55874,51932,61873,65535,65535,65535,65535,65535,65535
2026-07-31 10:21:36.286,261.98,55874,51932,61873,65535,65535,65535,65535,65535,65535
2026-07-31 10:21:36.322,262.02,55874,51932,61873,65535,65535,65535,65535,65535,65535
2026-07-31 10:21:36.357,262.06,55874,51932,61873,65535,65535,65535,65535,65535,65535
2026-07-31 10:21:36.407,262.11,55874,51932,61873,65535,65535,65535,65535,65535,65535
2026-07-31 10:21:36.456,262.15,55874,51932,61873,65535,65535,65535,65535,65535,65535
2026-07-31 10:21:36.506,262.2,55874,51932,61873,65535,65535,65535,65535,65535,65535
2026-07-31 10:21:36.554,262.25,55874,51932,61873,65535,65535,65535,65535,65535,65535
2026-07-31 10:21:36.607,262.31,55874,51932,61873,65535,65535,65535,65535,65535,65535
2026-07-31 10:21:36.653,262.35,55874,51932,61873,65535,65535,65535,65535,65535,65535
2026-07-31 10:21:36.700,262.4,65088,44428,61873,65535,65535,65535,65535,65535,65535
2026-07-31 10:21:36.748,262.45,65088,44428,61873,65535,65535,65535,65535,65535,65535
2026-07-31 10:21:36.797,262.5,65088,44428,61873,65535,65535,65535,65535,65535,65535
2026-07-31 10:21:36.837,262.54,65088,44428,61873,65535,65535,65535,65535,65535,65535
2026-07-31 10:21:36.876,262.57,65088,44428,61873,65535,65535,65535,65535,65535,65535
2026-07-31 10:21:36.926,262.62,65088,44428,61873,65535,65535,65535,65535,65535,65535
2026-07-31 10:21:36.975,262.67,65088,44428,61873,65535,65535,65535,65535,65535,65535
2026-07-31 10:21:37.022,262.72,65088,44428,61873,65535,65535,65535,65535,65535,65535
2026-07-31 10:21:37.069,262.77,65088,44428,61873,65535,65535,65535,65535,65535,65535
2026-07-31 10:21:37.117,262.81,65088,44428,61873,65535,65535,65535,65535,65535,65535
2026-07-31 10:21:37.166,262.86,65088,44428,61873,65535,65535,65535,65535,65535,65535
2026-07-31 10:21:37.214,262.91,65088,44428,61873,65535,65535,65535,65535,65535,65535
2026-07-31 10:21:37.262,262.96,65286,44428,61873,65535,65535,65535,65535,65535,65535
2026-07-31 10:21:37.311,263.01,65286,44428,61873,65535,65535,65535,65535,65535,65535
2026-07-31 10:21:37.346,263.04,65286,44428,61873,65535,65535,65535,65535,65535,65535
2026-07-31 10:21:37.393,263.09,65286,44428,61873,65535,65535,65535,65535,65535,65535
2026-07-31 10:21:37.441,263.14,65286,44428,61873,65535,65535,65535,65535,65535,65535
2026-07-31 10:21:37.490,263.19,65286,44428,61873,65535,65535,65535,65535,65535,65535
2026-07-31 10:21:37.538,263.24,65286,44428,61873,65535,65535,65535,65535,65535,65535
2026-07-31 10:21:37.585,263.28,65286,44428,61873,65535,65535,65535,65535,65535,65535
2026-07-31 10:21:37.630,263.33,65286,44428,61873,65535,65535,65535,65535,65535,65535
2026-07-31 10:21:37.678,263.38,65286,44428,61873,65535,65535,65535,65535,65535,65535
2026-07-31 10:21:37.725,263.42,65286,44428,61873,65535,65535,65535,65535,65535,65535
2026-07-31 10:21:37.775,263.47,65286,44428,61873,65535,65535,65535,65535,65535,65535
2026-07-31 10:21:37.824,263.52,65286,44428,62022,65535,65535,65535,65535,65535,65535
2026-07-31 10:21:37.859,263.56,65286,44428,62022,65535,65535,65535,65535,65535,65535
2026-07-31 10:21:37.906,263.6,65286,44428,62022,65535,65535,65535,65535,65535,65535
2026-07-31 10:21:37.953,263.65,65286,44428,62022,65535,65535,65535,65535,65535,65535
2026-07-31 10:21:38.003,263.7,65286,44428,62022,65535,65535,65535,65535,65535,65535
2026-07-31 10:21:38.047,263.75,65286,44428,62022,65535,65535,65535,65535,65535,65535
2026-07-31 10:21:38.094,263.79,65286,44428,62022,65535,65535,65535,65535,65535,65535
2026-07-31 10:21:38.144,263.84,65286,44428,62022,65535,65535,65535,65535,65535,65535
2026-07-31 10:21:38.191,263.89,65286,44428,62022,65535,65535,65535,65535,65535,65535
2026-07-31 10:21:38.238,263.94,65286,44428,62022,65535,65535,65535,65535,65535,65535
2026-07-31 10:21:38.289,263.99,65286,44428,62022,65535,65535,65535,65535,65535,65535
2026-07-31 10:21:38.327,264.02,65286,44428,62022,65535,65535,65535,65535,65535,65535
2026-07-31 10:21:38.360,264.06,65286,44428,61873,65535,65535,65535,65535,65535,65535
2026-07-31 10:21:38.408,264.11,55790,42987,61873,65535,65535,65535,65535,65535,65535
2026-07-31 10:21:38.454,264.15,55790,42987,61873,65535,65535,65535,65535,65535,65535
2026-07-31 10:21:38.500,264.2,55790,42987,61873,65535,65535,65535,65535,65535,65535
2026-07-31 10:21:38.546,264.24,55790,42987,61873,65535,65535,65535,65535,65535,65535
2026-07-31 10:21:38.593,264.29,55790,42987,61873,65535,65535,65535,65535,65535,65535
2026-07-31 10:21:38.642,264.34,55790,42987,61873,65535,65535,65535,65535,65535,65535
2026-07-31 10:21:38.688,264.39,55790,42987,61873,65535,65535,65535,65535,65535,65535
2026-07-31 10:21:38.734,264.43,55790,42987,61873,65535,65535,65535,65535,65535,65535
2026-07-31 10:21:38.780,264.48,55790,42987,61873,65535,65535,65535,65535,65535,65535
2026-07-31 10:21:38.833,264.53,55790,42987,61873,65535,65535,65535,65535,65535,65535
2026-07-31 10:21:38.868,264.57,55790,42987,61873,65535,65535,65535,65535,65535,65535
2026-07-31 10:21:38.913,264.61,55790,42987,61873,65535,65535,65535,65535,65535,65535
2026-07-31 10:21:38.963,264.66,65187,38726,61725,65535,65535,65535,65535,65535,65535
2026-07-31 10:21:39.008,264.71,65187,38726,61725,65535,65535,65535,65535,65535,65535
2026-07-31 10:21:39.057,264.76,65187,38726,61725,65535,65535,65535,65535,65535,65535
2026-07-31 10:21:39.104,264.8,65187,38726,61725,65535,65535,65535,65535,65535,65535
2026-07-31 10:21:39.152,264.85,65187,38726,61725,65535,65535,65535,65535,65535,65535
2026-07-31 10:21:39.199,264.9,65187,38726,61725,65535,65535,65535,65535,65535,65535
2026-07-31 10:21:39.247,264.95,65187,38726,61725,65535,65535,65535,65535,65535,65535
2026-07-31 10:21:39.297,265.0,65187,38726,61725,65535,65535,65535,65535,65535,65535
2026-07-31 10:21:39.338,265.04,65187,38726,61725,65535,65535,65535,65535,65535,65535
2026-07-31 10:21:39.376,265.07,65187,38726,61725,65535,65535,65535,65535,65535,65535
2026-07-31 10:21:39.421,265.12,65187,38726,61725,65535,65535,65535,65535,65535,65535
2026-07-31 10:21:39.470,265.17,65187,38726,61725,65535,65535,65535,65535,65535,65535
2026-07-31 10:21:39.516,265.21,65534,38726,61725,65535,65535,65535,65535,65535,65535
2026-07-31 10:21:39.564,265.26,65534,38875,61725,65535,65535,65535,65535,65535,65535
2026-07-31 10:21:39.611,265.31,65534,38875,61725,65535,65535,65535,65535,65535,65535
2026-07-31 10:21:39.660,265.36,65534,38875,61725,65535,65535,65535,65535,65535,65535
2026-07-31 10:21:39.709,265.41,65534,38875,61725,65535,65535,65535,65535,65535,65535
2026-07-31 10:21:39.756,265.45,65534,38875,61725,65535,65535,65535,65535,65535,65535
2026-07-31 10:21:39.803,265.5,65534,38875,61725,65535,65535,65535,65535,65535,65535
2026-07-31 10:21:39.841,265.54,65534,38875,61725,65535,65535,65535,65535,65535,65535
2026-07-31 10:21:39.877,265.58,65534,38875,61725,65535,65535,65535,65535,65535,65535
2026-07-31 10:21:39.923,265.62,65534,38875,61725,65535,65535,65535,65535,65535,65535
2026-07-31 10:21:39.971,265.67,65534,38875,61725,65535,65535,65535,65535,65535,65535
2026-07-31 10:21:40.020,265.72,65534,38875,61725,65535,65535,65535,65535,65535,65535
2026-07-31 10:21:40.063,265.76,65534,38875,65534,65535,65535,65535,65535,65535,65535
2026-07-31 10:21:40.112,265.81,65286,44089,65534,65535,65535,65535,65535,65535,65535
2026-07-31 10:21:40.163,265.86,65286,44089,65534,65535,65535,65535,65535,65535,65535
2026-07-31 10:21:40.208,265.91,65286,44089,65534,65535,65535,65535,65535,65535,65535
2026-07-31 10:21:40.257,265.96,65286,44089,65534,65535,65535,65535,65535,65535,65535
2026-07-31 10:21:40.306,266.0,65286,44089,65534,65535,65535,65535,65535,65535,65535
2026-07-31 10:21:40.342,266.04,65286,44089,65534,65535,65535,65535,65535,65535,65535
2026-07-31 10:21:40.389,266.09,65286,44089,65534,65535,65535,65535,65535,65535,65535
2026-07-31 10:21:40.435,266.13,65286,44089,65534,65535,65535,65535,65535,65535,65535
2026-07-31 10:21:40.482,266.18,65286,44089,65534,65535,65535,65535,65535,65535,65535
2026-07-31 10:21:40.529,266.23,65286,44089,65534,65535,65535,65535,65535,65535,65535
2026-07-31 10:21:40.578,266.28,65286,44089,65534,65535,65535,65535,65535,65535,65535
2026-07-31 10:21:40.627,266.33,65286,44089,61873,65535,65535,65535,65535,65535,65535
2026-07-31 10:21:40.673,266.37,65088,42732,61873,65535,65535,65535,65535,65535,65535
2026-07-31 10:21:40.723,266.42,65088,42732,61873,65535,65535,65535,65535,65535,65535
2026-07-31 10:21:40.770,266.47,65088,42732,61873,65535,65535,65535,65535,65535,65535
2026-07-31 10:21:40.818,266.52,65088,42732,61873,65535,65535,65535,65535,65535,65535
2026-07-31 10:21:40.855,266.55,65088,42732,61873,65535,65535,65535,65535,65535,65535
2026-07-31 10:21:40.899,266.6,65088,42732,61873,65535,65535,65535,65535,65535,65535
2026-07-31 10:21:40.950,266.65,65088,42732,61873,65535,65535,65535,65535,65535,65535
2026-07-31 10:21:40.997,266.7,65088,42732,61873,65535,65535,65535,65535,65535,65535
2026-07-31 10:21:41.042,266.74,65088,42732,61873,65535,65535,65535,65535,65535,65535
2026-07-31 10:21:41.092,266.79,65088,42732,61873,65535,65535,65535,65535,65535,65535
2026-07-31 10:21:41.140,266.84,65088,42732,61873,65535,65535,65535,65535,65535,65535
2026-07-31 10:21:41.189,266.89,65088,42732,61576,65535,65535,65535,65535,65535,65535
2026-07-31 10:21:41.235,266.93,65286,44513,61576,65535,65535,65535,65535,65535,65535
2026-07-31 10:21:41.283,266.98,65286,44513,61576,65535,65535,65535,65535,65535,65535
2026-07-31 10:21:41.332,267.03,65286,44513,61576,65535,65535,65535,65535,65535,65535
2026-07-31 10:21:41.370,267.07,65286,44513,61576,65535,65535,65535,65535,65535,65535
2026-07-31 10:21:41.417,267.12,65286,44513,61576,65535,65535,65535,65535,65535,65535
2026-07-31 10:21:41.463,267.16,65286,44513,61576,65535,65535,65535,65535,65535,65535
2026-07-31 10:21:41.510,267.21,65286,44513,61576,65535,65535,65535,65535,65535,65535
2026-07-31 10:21:41.556,267.25,65286,44513,61576,65535,65535,65535,65535,65535,65535
2026-07-31 10:21:41.608,267.31,65286,44513,61576,65535,65535,65535,65535,65535,65535
2026-07-31 10:21:41.657,267.35,65286,44513,61576,65535,65535,65535,65535,65535,65535
2026-07-31 10:21:41.704,267.4,65286,44513,61576,65535,65535,65535,65535,65535,65535
2026-07-31 10:21:41.752,267.45,65286,44513,61576,65535,65535,65535,65535,65535,65535
2026-07-31 10:21:41.802,267.5,55874,51635,61576,65535,65535,65535,65535,65535,65535
2026-07-31 10:21:41.839,267.54,55874,51635,61576,65535,65535,65535,65535,65535,65535
2026-07-31 10:21:41.873,267.57,55874,51635,61576,65535,65535,65535,65535,65535,65535
2026-07-31 10:21:41.920,267.62,55874,51635,61576,65535,65535,65535,65535,65535,65535
2026-07-31 10:21:41.969,267.67,55874,51635,61576,65535,65535,65535,65535,65535,65535
2026-07-31 10:21:42.016,267.71,55874,51635,61576,65535,65535,65535,65535,65535,65535
2026-07-31 10:21:42.061,267.76,55874,51635,61576,65535,65535,65535,65535,65535,65535
2026-07-31 10:21:42.110,267.81,55874,51635,61576,65535,65535,65535,65535,65535,65535
2026-07-31 10:21:42.156,267.85,55874,51635,61576,65535,65535,65535,65535,65535,65535
2026-07-31 10:21:42.202,267.9,55874,51635,61576,65535,65535,65535,65535,65535,65535
2026-07-31 10:21:42.250,267.95,55874,51635,61576,65535,65535,65535,65535,65535,65535
2026-07-31 10:21:42.296,267.99,55874,51635,61576,65535,65535,65535,65535,65535,65535
2026-07-31 10:21:42.333,268.03,55874,51635,61873,65535,65535,65535,65535,65535,65535
2026-07-31 10:21:42.377,268.08,64791,52970,61873,65535,65535,65535,65535,65535,65535
2026-07-31 10:21:42.428,268.13,64791,52970,61873,65535,65535,65535,65535,65535,65535
2026-07-31 10:21:42.476,268.17,64791,52970,61873,65535,65535,65535,65535,65535,65535
2026-07-31 10:21:42.524,268.22,64791,52970,61873,65535,65535,65535,65535,65535,65535
2026-07-31 10:21:42.571,268.27,64791,52970,61873,65535,65535,65535,65535,65535,65535
2026-07-31 10:21:42.617,268.32,64791,52970,61873,65535,65535,65535,65535,65535,65535
2026-07-31 10:21:42.667,268.37,64791,52970,61873,65535,65535,65535,65535,65535,65535
2026-07-31 10:21:42.713,268.41,64791,52970,61873,65535,65535,65535,65535,65535,65535
2026-07-31 10:21:42.763,268.46,64791,52970,61873,65535,65535,65535,65535,65535,65535
2026-07-31 10:21:42.806,268.5,64791,52970,61873,65535,65535,65535,65535,65535,65535
2026-07-31 10:21:42.851,268.55,64791,52970,61873,65535,65535,65535,65535,65535,65535
2026-07-31 10:21:42.889,268.59,64791,52970,61725,65535,65535,65535,65535,65535,65535
2026-07-31 10:21:42.937,268.63,55959,51536,61725,65535,65535,65535,65535,65535,65535
2026-07-31 10:21:42.979,268.68,55959,51536,61725,65535,65535,65535,65535,65535,65535
2026-07-31 10:21:43.022,268.72,55959,51536,61725,65535,65535,65535,65535,65535,65535
2026-07-31 10:21:43.072,268.77,55959,51536,61725,65535,65535,65535,65535,65535,65535
2026-07-31 10:21:43.117,268.82,55959,51536,61725,65535,65535,65535,65535,65535,65535
2026-07-31 10:21:43.169,268.87,55959,51536,61725,65535,65535,65535,65535,65535,65535
2026-07-31 10:21:43.220,268.92,55959,51536,61725,65535,65535,65535,65535,65535,65535
2026-07-31 10:21:43.274,268.97,55959,51536,61725,65535,65535,65535,65535,65535,65535
2026-07-31 10:21:43.332,269.03,55959,51536,61725,65535,65535,65535,65535,65535,65535
2026-07-31 10:21:43.374,269.07,55959,51536,61725,65535,65535,65535,65535,65535,65535
2026-07-31 10:21:43.414,269.11,55959,51536,61725,65535,65535,65535,65535,65535,65535
2026-07-31 10:21:43.465,269.16,55959,51536,61725,65535,65535,65535,65535,65535,65535
2026-07-31 10:21:43.517,269.22,56044,51536,61725,65535,65535,65535,65535,65535,65535
2026-07-31 10:21:43.571,269.27,56044,51536,61725,65535,65535,65535,65535,65535,65535
2026-07-31 10:21:43.626,269.32,56044,51536,61725,65535,65535,65535,65535,65535,65535
2026-07-31 10:21:43.706,269.4,56044,51536,61725,65535,65535,65535,65535,65535,65535
2026-07-31 10:21:43.777,269.48,56044,51536,61725,65535,65535,65535,65535,65535,65535
2026-07-31 10:21:43.832,269.53,56044,51536,61725,65535,65535,65535,65535,65535,65535
2026-07-31 10:21:43.906,269.6,56044,51536,61725,65535,65535,65535,65535,65535,65535
2026-07-31 10:21:43.945,269.64,56044,51536,61725,65535,65535,65535,65535,65535,65535
2026-07-31 10:21:43.994,269.69,56044,51536,61725,65535,65535,65535,65535,65535,65535
2026-07-31 10:21:44.042,269.74,65534,51536,62022,65535,65535,65535,65535,65535,65535
2026-07-31 10:21:44.092,269.79,65534,38875,62022,65535,65535,65535,65535,65535,65535
2026-07-31 10:21:44.143,269.84,65534,38875,62022,65535,65535,65535,65535,65535,65535
2026-07-31 10:21:44.196,269.89,65534,38875,62022,65535,65535,65535,65535,65535,65535
2026-07-31 10:21:44.264,269.96,65534,38875,62022,65535,65535,65535,65535,65535,65535
2026-07-31 10:21:44.316,270.01,65534,38875,62022,65535,65535,65535,65535,65535,65535
2026-07-31 10:21:44.370,270.07,65534,38875,62022,65535,65535,65535,65535,65535,65535
2026-07-31 10:21:44.410,270.11,65534,38875,62022,65535,65535,65535,65535,65535,65535
2026-07-31 10:21:44.459,270.16,65534,38875,62022,65535,65535,65535,65535,65535,65535
2026-07-31 10:21:44.512,270.21,65534,38875,62022,65535,65535,65535,65535,65535,65535
2026-07-31 10:21:44.563,270.26,65534,38875,61576,65535,65535,65535,65535,65535,65535
2026-07-31 10:21:44.613,270.31,64989,44343,61576,65535,65535,65535,65535,65535,65535
2026-07-31 10:21:44.667,270.37,64989,44343,61576,65535,65535,65535,65535,65535,65535
2026-07-31 10:21:44.715,270.41,64989,44343,61576,65535,65535,65535,65535,65535,65535
2026-07-31 10:21:44.760,270.46,64989,44343,61576,65535,65535,65535,65535,65535,65535
2026-07-31 10:21:44.810,270.51,64989,44343,61576,65535,65535,65535,65535,65535,65535
2026-07-31 10:21:44.862,270.56,64989,44343,61576,65535,65535,65535,65535,65535,65535
2026-07-31 10:21:44.897,270.6,64989,44343,61576,65535,65535,65535,65535,65535,65535
2026-07-31 10:21:44.943,270.64,64989,44343,61576,65535,65535,65535,65535,65535,65535
2026-07-31 10:21:44.994,270.69,64989,44343,61576,65535,65535,65535,65535,65535,65535
2026-07-31 10:21:45.037,270.74,64989,44343,61576,65535,65535,65535,65535,65535,65535
2026-07-31 10:21:45.083,270.78,64989,44343,61576,65535,65535,65535,65535,65535,65535
2026-07-31 10:21:45.128,270.83,64989,44343,61576,65535,65535,65535,65535,65535,65535
2026-07-31 10:21:45.181,270.88,64989,44343,61576,65535,65535,65535,65535,65535,65535
2026-07-31 10:21:45.232,270.93,64989,44343,61576,65535,65535,65535,65535,65535,65535
2026-07-31 10:21:45.282,270.98,64989,44343,61576,65535,65535,65535,65535,65535,65535
2026-07-31 10:21:45.329,271.03,64989,44343,61576,65535,65535,65535,65535,65535,65535
2026-07-31 10:21:45.365,271.06,64989,44343,61576,65535,65535,65535,65535,65535,65535
2026-07-31 10:21:45.401,271.1,64989,44343,61576,65535,65535,65535,65535,65535,65535
2026-07-31 10:21:45.446,271.14,64989,44343,61576,65535,65535,65535,65535,65535,65535
2026-07-31 10:21:45.494,271.19,64989,44343,61576,65535,65535,65535,65535,65535,65535
2026-07-31 10:21:45.542,271.24,64989,44343,61576,65535,65535,65535,65535,65535,65535
2026-07-31 10:21:45.592,271.29,64989,44343,61576,65535,65535,65535,65535,65535,65535
2026-07-31 10:21:45.644,271.34,64989,44343,61576,65535,65535,65535,65535,65535,65535
2026-07-31 10:21:45.688,271.39,64989,44343,61576,65535,65535,65535,65535,65535,65535
2026-07-31 10:21:45.739,271.44,65088,44004,61725,65535,65535,65535,65535,65535,65535
2026-07-31 10:21:45.783,271.48,65088,44004,61725,65535,65535,65535,65535,65535,65535
2026-07-31 10:21:45.836,271.53,65088,44004,61725,65535,65535,65535,65535,65535,65535
2026-07-31 10:21:45.870,271.57,65088,44004,61725,65535,65535,65535,65535,65535,65535
2026-07-31 10:21:45.918,271.62,65088,44004,61725,65535,65535,65535,65535,65535,65535
2026-07-31 10:21:45.963,271.66,65088,44004,61725,65535,65535,65535,65535,65535,65535
2026-07-31 10:21:46.015,271.71,65088,44004,61725,65535,65535,65535,65535,65535,65535
2026-07-31 10:21:46.060,271.76,65088,44004,61725,65535,65535,65535,65535,65535,65535
2026-07-31 10:21:46.108,271.81,65088,44004,61725,65535,65535,65535,65535,65535,65535
2026-07-31 10:21:46.153,271.85,65088,44004,61725,65535,65535,65535,65535,65535,65535
2026-07-31 10:21:46.204,271.9,65088,44004,61725,65535,65535,65535,65535,65535,65535
2026-07-31 10:21:46.251,271.95,65088,44004,61725,65535,65535,65535,65535,65535,65535
2026-07-31 10:21:46.300,272.0,65187,44598,61873,65535,65535,65535,65535,65535,65535
2026-07-31 10:21:46.345,272.04,65187,44598,61873,65535,65535,65535,65535,65535,65535
2026-07-31 10:21:46.383,272.08,65187,44598,61873,65535,65535,65535,65535,65535,65535
2026-07-31 10:21:46.431,272.13,65187,44598,61873,65535,65535,65535,65535,65535,65535
2026-07-31 10:21:46.478,272.18,65187,44598,61873,65535,65535,65535,65535,65535,65535
2026-07-31 10:21:46.523,272.22,65187,44598,61873,65535,65535,65535,65535,65535,65535
2026-07-31 10:21:46.569,272.27,65187,44598,61873,65535,65535,65535,65535,65535,65535
2026-07-31 10:21:46.617,272.32,65187,44598,61873,65535,65535,65535,65535,65535,65535
2026-07-31 10:21:46.668,272.37,65187,44598,61873,65535,65535,65535,65535,65535,65535
2026-07-31 10:21:46.712,272.41,65187,44598,61873,65535,65535,65535,65535,65535,65535
2026-07-31 10:21:46.762,272.46,65187,44598,61873,65535,65535,65535,65535,65535,65535
2026-07-31 10:21:46.806,272.5,65187,44598,61873,65535,65535,65535,65535,65535,65535
2026-07-31 10:21:46.855,272.55,56044,44598,61873,65535,65535,65535,65535,65535,65535
2026-07-31 10:21:46.894,272.59,56044,44174,61873,65535,65535,65535,65535,65535,65535
2026-07-31 10:21:46.939,272.64,56044,44174,61873,65535,65535,65535,65535,65535,65535
2026-07-31 10:21:46.985,272.68,56044,44174,61873,65535,65535,65535,65535,65535,65535
2026-07-31 10:21:47.033,272.73,56044,44174,61873,65535,65535,65535,65535,65535,65535
2026-07-31 10:21:47.084,272.78,56044,44174,61873,65535,65535,65535,65535,65535,65535
2026-07-31 10:21:47.132,272.83,56044,44174,61873,65535,65535,65535,65535,65535,65535
2026-07-31 10:21:47.175,272.87,56044,44174,61873,65535,65535,65535,65535,65535,65535
2026-07-31 10:21:47.226,272.92,56044,44174,61873,65535,65535,65535,65535,65535,65535
2026-07-31 10:21:47.271,272.97,56044,44174,61873,65535,65535,65535,65535,65535,65535
2026-07-31 10:21:47.322,273.02,56044,44174,61873,65535,65535,65535,65535,65535,65535
2026-07-31 10:21:47.366,273.06,56044,44174,61873,65535,65535,65535,65535,65535,65535
2026-07-31 10:21:47.407,273.11,55959,44174,61576,65535,65535,65535,65535,65535,65535
2026-07-31 10:21:47.453,273.15,55959,38800,61576,65535,65535,65535,65535,65535,65535
2026-07-31 10:21:47.502,273.2,55959,38800,61576,65535,65535,65535,65535,65535,65535
2026-07-31 10:21:47.550,273.25,55959,38800,61576,65535,65535,65535,65535,65535,65535
2026-07-31 10:21:47.598,273.3,55959,38800,61576,65535,65535,65535,65535,65535,65535
2026-07-31 10:21:47.643,273.34,55959,38800,61576,65535,65535,65535,65535,65535,65535
2026-07-31 10:21:47.696,273.39,55959,38800,61576,65535,65535,65535,65535,65535,65535
2026-07-31 10:21:47.746,273.44,55959,38800,61576,65535,65535,65535,65535,65535,65535
2026-07-31 10:21:47.797,273.5,55959,38800,61576,65535,65535,65535,65535,65535,65535
2026-07-31 10:21:47.844,273.54,55959,38800,61576,65535,65535,65535,65535,65535,65535
2026-07-31 10:21:47.881,273.58,55959,38800,61576,65535,65535,65535,65535,65535,65535
2026-07-31 10:21:47.925,273.62,55959,38800,61576,65535,65535,65535,65535,65535,65535
2026-07-31 10:21:47.977,273.68,65484,38800,61873,65535,65535,65535,65535,65535,65535
2026-07-31 10:21:48.020,273.72,65484,51536,61873,65535,65535,65535,65535,65535,65535
2026-07-31 10:21:48.069,273.77,65484,51536,61873,65535,65535,65535,65535,65535,65535
2026-07-31 10:21:48.119,273.82,65484,51536,61873,65535,65535,65535,65535,65535,65535
2026-07-31 10:21:48.167,273.86,65484,51536,61873,65535,65535,65535,65535,65535,65535
2026-07-31 10:21:48.217,273.91,65484,51536,61873,65535,65535,65535,65535,65535,65535
2026-07-31 10:21:48.260,273.96,65484,51536,61873,65535,65535,65535,65535,65535,65535
2026-07-31 10:21:48.311,274.01,65484,51536,61873,65535,65535,65535,65535,65535,65535
2026-07-31 10:21:48.356,274.05,65484,51536,61873,65535,65535,65535,65535,65535,65535
2026-07-31 10:21:48.395,274.09,65484,51536,61873,65535,65535,65535,65535,65535,65535
2026-07-31 10:21:48.442,274.14,65484,51536,61873,65535,65535,65535,65535,65535,65535
2026-07-31 10:21:48.486,274.18,65484,51536,61873,65535,65535,65535,65535,65535,65535
2026-07-31 10:21:48.536,274.23,56044,51536,49261,65535,65535,65535,65535,65535,65535
2026-07-31 10:21:48.584,274.28,56044,44174,49261,65535,65535,65535,65535,65535,65535
2026-07-31 10:21:48.632,274.33,56044,44174,49261,65535,65535,65535,65535,65535,65535
2026-07-31 10:21:48.682,274.38,56044,44174,49261,65535,65535,65535,65535,65535,65535
2026-07-31 10:21:48.726,274.42,56044,44174,49261,65535,65535,65535,65535,65535,65535
2026-07-31 10:21:48.778,274.48,56044,44174,49261,65535,65535,65535,65535,65535,65535
2026-07-31 10:21:48.822,274.52,56044,44174,49261,65535,65535,65535,65535,65535,65535
2026-07-31 10:21:48.867,274.56,56044,44174,49261,65535,65535,65535,65535,65535,65535
2026-07-31 10:21:48.903,274.6,56044,44174,49261,65535,65535,65535,65535,65535,65535
2026-07-31 10:21:48.946,274.64,56044,44174,49261,65535,65535,65535,65535,65535,65535
2026-07-31 10:21:48.999,274.7,56044,44174,49261,65535,65535,65535,65535,65535,65535
2026-07-31 10:21:49.045,274.74,56044,44174,49261,65535,65535,65535,65535,65535,65535
2026-07-31 10:21:49.093,274.79,56044,44174,61873,65535,65535,65535,65535,65535,65535
2026-07-31 10:21:49.140,274.84,65088,51635,61873,65535,65535,65535,65535,65535,65535
2026-07-31 10:21:49.187,274.89,65088,51635,61873,65535,65535,65535,65535,65535,65535
2026-07-31 10:21:49.239,274.94,65088,51635,61873,65535,65535,65535,65535,65535,65535
2026-07-31 10:21:49.283,274.98,65088,51635,61873,65535,65535,65535,65535,65535,65535
2026-07-31 10:21:49.333,275.03,65088,51635,61873,65535,65535,65535,65535,65535,65535
2026-07-31 10:21:49.366,275.06,65088,51635,61873,65535,65535,65535,65535,65535,65535
2026-07-31 10:21:49.411,275.11,65088,51635,61873,65535,65535,65535,65535,65535,65535
2026-07-31 10:21:49.463,275.16,65088,51635,61873,65535,65535,65535,65535,65535,65535
2026-07-31 10:21:49.514,275.21,65088,51635,61873,65535,65535,65535,65535,65535,65535
2026-07-31 10:21:49.560,275.26,65088,51635,61873,65535,65535,65535,65535,65535,65535
2026-07-31 10:21:49.608,275.31,65088,51635,61873,65535,65535,65535,65535,65535,65535
2026-07-31 10:21:49.653,275.35,65088,51635,65534,65535,65535,65535,65535,65535,65535
2026-07-31 10:21:49.703,275.4,55874,62149,65534,65535,65535,65535,65535,65535,65535
2026-07-31 10:21:49.751,275.45,55874,62149,65534,65535,65535,65535,65535,65535,65535
2026-07-31 10:21:49.796,275.49,55874,62149,65534,65535,65535,65535,65535,65535,65535
2026-07-31 10:21:49.844,275.54,55874,62149,65534,65535,65535,65535,65535,65535,65535
2026-07-31 10:21:49.881,275.58,55874,62149,65534,65535,65535,65535,65535,65535,65535
2026-07-31 10:21:49.927,275.63,55874,62149,65534,65535,65535,65535,65535,65535,65535
2026-07-31 10:21:49.973,275.67,55874,62149,65534,65535,65535,65535,65535,65535,65535
2026-07-31 10:21:50.022,275.72,55874,62149,65534,65535,65535,65535,65535,65535,65535
2026-07-31 10:21:50.070,275.77,55874,62149,65534,65535,65535,65535,65535,65535,65535
2026-07-31 10:21:50.119,275.82,55874,62149,65534,65535,65535,65535,65535,65535,65535
2026-07-31 10:21:50.165,275.86,55874,62149,65534,65535,65535,65535,65535,65535,65535
2026-07-31 10:21:50.213,275.91,55874,62149,49142,65535,65535,65535,65535,65535,65535
2026-07-31 10:21:50.264,275.96,65286,44513,49142,65535,65535,65535,65535,65535,65535
2026-07-31 10:21:50.316,276.01,65286,44513,49142,65535,65535,65535,65535,65535,65535
2026-07-31 10:21:50.365,276.06,65286,44513,49142,65535,65535,65535,65535,65535,65535
2026-07-31 10:21:50.399,276.1,65286,44513,49142,65535,65535,65535,65535,65535,65535
2026-07-31 10:21:50.444,276.14,65286,44513,49142,65535,65535,65535,65535,65535,65535
2026-07-31 10:21:50.493,276.19,65286,44513,49142,65535,65535,65535,65535,65535,65535
2026-07-31 10:21:50.541,276.24,65286,44513,49142,65535,65535,65535,65535,65535,65535
2026-07-31 10:21:50.587,276.29,65286,44513,49142,65535,65535,65535,65535,65535,65535
2026-07-31 10:21:50.633,276.33,65286,44513,49142,65535,65535,65535,65535,65535,65535
2026-07-31 10:21:50.682,276.38,65286,44513,49142,65535,65535,65535,65535,65535,65535
2026-07-31 10:21:50.731,276.43,65286,44513,49142,65535,65535,65535,65535,65535,65535
2026-07-31 10:21:50.775,276.47,65286,44513,61873,65535,65535,65535,65535,65535,65535
2026-07-31 10:21:50.825,276.52,65286,51239,61873,65535,65535,65535,65535,65535,65535
2026-07-31 10:21:50.864,276.56,65286,51239,61873,65535,65535,65535,65535,65535,65535
2026-07-31 10:21:50.899,276.6,65286,51239,61873,65535,65535,65535,65535,65535,65535
2026-07-31 10:21:50.945,276.64,65286,51239,61873,65535,65535,65535,65535,65535,65535
2026-07-31 10:21:50.992,276.69,65286,51239,61873,65535,65535,65535,65535,65535,65535
2026-07-31 10:21:51.040,276.74,65286,51239,61873,65535,65535,65535,65535,65535,65535
2026-07-31 10:21:51.086,276.78,65286,51239,61873,65535,65535,65535,65535,65535,65535
2026-07-31 10:21:51.137,276.84,65286,51239,61873,65535,65535,65535,65535,65535,65535
2026-07-31 10:21:51.186,276.88,65286,51239,61873,65535,65535,65535,65535,65535,65535
2026-07-31 10:21:51.233,276.93,65286,51239,61873,65535,65535,65535,65535,65535,65535
2026-07-31 10:21:51.281,276.98,65286,51239,61873,65535,65535,65535,65535,65535,65535
2026-07-31 10:21:51.329,277.03,65286,51239,61873,65535,65535,65535,65535,65535,65535
2026-07-31 10:21:51.366,277.06,65534,51239,61873,65535,65535,65535,65535,65535,65535
2026-07-31 10:21:51.401,277.1,65534,44089,61873,65535,65535,65535,65535,65535,65535
2026-07-31 10:21:51.446,277.14,65534,44089,61873,65535,65535,65535,65535,65535,65535
2026-07-31 10:21:51.496,277.19,65534,44089,61873,65535,65535,65535,65535,65535,65535
2026-07-31 10:21:51.544,277.24,65534,44089,61873,65535,65535,65535,65535,65535,65535
2026-07-31 10:21:51.592,277.29,65534,44089,61873,65535,65535,65535,65535,65535,65535
2026-07-31 10:21:51.639,277.34,65534,44089,61873,65535,65535,65535,65535,65535,65535
2026-07-31 10:21:51.687,277.39,65534,44089,61873,65535,65535,65535,65535,65535,65535
2026-07-31 10:21:51.732,277.43,65534,44089,61873,65535,65535,65535,65535,65535,65535
2026-07-31 10:21:51.782,277.48,65534,44089,61873,65535,65535,65535,65535,65535,65535
2026-07-31 10:21:51.830,277.53,65534,44089,61873,65535,65535,65535,65535,65535,65535
2026-07-31 10:21:51.866,277.56,65534,44089,61873,65535,65535,65535,65535,65535,65535
2026-07-31 10:21:51.902,277.6,65534,44089,61873,65535,65535,65535,65535,65535,65535
2026-07-31 10:21:51.947,277.65,56044,51635,61725,65535,65535,65535,65535,65535,65535
2026-07-31 10:21:51.996,277.69,56044,51635,61725,65535,65535,65535,65535,65535,65535
2026-07-31 10:21:52.042,277.74,56044,51635,61725,65535,65535,65535,65535,65535,65535
2026-07-31 10:21:52.091,277.79,56044,51635,61725,65535,65535,65535,65535,65535,65535
2026-07-31 10:21:52.137,277.84,56044,51635,61725,65535,65535,65535,65535,65535,65535
2026-07-31 10:21:52.186,277.88,56044,51635,61725,65535,65535,65535,65535,65535,65535
2026-07-31 10:21:52.236,277.93,56044,51635,61725,65535,65535,65535,65535,65535,65535
2026-07-31 10:21:52.280,277.98,56044,51635,61725,65535,65535,65535,65535,65535,65535
2026-07-31 10:21:52.328,278.03,56044,51635,61725,65535,65535,65535,65535,65535,65535
2026-07-31 10:21:52.371,278.07,56044,51635,61725,65535,65535,65535,65535,65535,65535
2026-07-31 10:21:52.409,278.11,56044,51635,61725,65535,65535,65535,65535,65535,65535
2026-07-31 10:21:52.455,278.15,56044,51635,61725,65535,65535,65535,65535,65535,65535
2026-07-31 10:21:52.501,278.2,61230,51635,61725,65535,65535,65535,65535,65535,65535
2026-07-31 10:21:52.549,278.25,61230,44174,61725,65535,65535,65535,65535,65535,65535
2026-07-31 10:21:52.602,278.3,61230,44174,61725,65535,65535,65535,65535,65535,65535
2026-07-31 10:21:52.655,278.35,61230,44174,61725,65535,65535,65535,65535,65535,65535
2026-07-31 10:21:52.700,278.4,61230,44174,61725,65535,65535,65535,65535,65535,65535
2026-07-31 10:21:52.746,278.44,61230,44174,61725,65535,65535,65535,65535,65535,65535
2026-07-31 10:21:52.798,278.5,61230,44174,61725,65535,65535,65535,65535,65535,65535
2026-07-31 10:21:52.845,278.54,61230,44174,61725,65535,65535,65535,65535,65535,65535
2026-07-31 10:21:52.881,278.58,61230,44174,61725,65535,65535,65535,65535,65535,65535
2026-07-31 10:21:52.926,278.62,61230,44174,61725,65535,65535,65535,65535,65535,65535
2026-07-31 10:21:52.975,278.67,61230,44174,61725,65535,65535,65535,65535,65535,65535
2026-07-31 10:21:53.023,278.72,61230,44174,61725,65535,65535,65535,65535,65535,65535
2026-07-31 10:21:53.073,278.77,55959,44089,61873,65535,65535,65535,65535,65535,65535
2026-07-31 10:21:53.117,278.82,55959,44089,61873,65535,65535,65535,65535,65535,65535
2026-07-31 10:21:53.166,278.86,55959,44089,61873,65535,65535,65535,65535,65535,65535
2026-07-31 10:21:53.213,278.91,55959,44089,61873,65535,65535,65535,65535,65535,65535
2026-07-31 10:21:53.264,278.96,55959,44089,61873,65535,65535,65535,65535,65535,65535
2026-07-31 10:21:53.310,279.01,55959,44089,61873,65535,65535,65535,65535,65535,65535
2026-07-31 10:21:53.348,279.05,55959,44089,61873,65535,65535,65535,65535,65535,65535
2026-07-31 10:21:53.382,279.08,55959,44089,61873,65535,65535,65535,65535,65535,65535
2026-07-31 10:21:53.429,279.13,55959,44089,61873,65535,65535,65535,65535,65535,65535
2026-07-31 10:21:53.479,279.18,55959,44089,61873,65535,65535,65535,65535,65535,65535
2026-07-31 10:21:53.525,279.22,55959,44089,61873,65535,65535,65535,65535,65535,65535
2026-07-31 10:21:53.570,279.27,55959,44089,61873,65535,65535,65535,65535,65535,65535
2026-07-31 10:21:53.618,279.32,55790,44089,61725,65535,65535,65535,65535,65535,65535
2026-07-31 10:21:53.666,279.36,55790,51635,61725,65535,65535,65535,65535,65535,65535
2026-07-31 10:21:53.714,279.41,55790,51635,61725,65535,65535,65535,65535,65535,65535
2026-07-31 10:21:53.763,279.46,55790,51635,61725,65535,65535,65535,65535,65535,65535
2026-07-31 10:21:53.808,279.51,55790,51635,61725,65535,65535,65535,65535,65535,65535
2026-07-31 10:21:53.848,279.55,55790,51635,61725,65535,65535,65535,65535,65535,65535
2026-07-31 10:21:53.884,279.58,55790,51635,61725,65535,65535,65535,65535,65535,65535
2026-07-31 10:21:53.932,279.63,55790,51635,61725,65535,65535,65535,65535,65535,65535
2026-07-31 10:21:53.979,279.68,55790,51635,61725,65535,65535,65535,65535,65535,65535
2026-07-31 10:21:54.025,279.72,55790,51635,61725,65535,65535,65535,65535,65535,65535
2026-07-31 10:21:54.074,279.77,55790,51635,61725,65535,65535,65535,65535,65535,65535
2026-07-31 10:21:54.120,279.82,55790,51635,61725,65535,65535,65535,65535,65535,65535
2026-07-31 10:21:54.167,279.87,55790,51635,61576,65535,65535,65535,65535,65535,65535
2026-07-31 10:21:54.216,279.91,65484,38652,61576,65535,65535,65535,65535,65535,65535
2026-07-31 10:21:54.264,279.96,65484,38652,61576,65535,65535,65535,65535,65535,65535
2026-07-31 10:21:54.311,280.01,65484,38652,61576,65535,65535,65535,65535,65535,65535
2026-07-31 10:21:54.358,280.06,65484,38652,61576,65535,65535,65535,65535,65535,65535
2026-07-31 10:21:54.395,280.09,65484,38652,61576,65535,65535,65535,65535,65535,65535
2026-07-31 10:21:54.440,280.14,65484,38652,61576,65535,65535,65535,65535,65535,65535
2026-07-31 10:21:54.489,280.19,65484,38652,61576,65535,65535,65535,65535,65535,65535
2026-07-31 10:21:54.536,280.23,65484,38652,61576,65535,65535,65535,65535,65535,65535
2026-07-31 10:21:54.585,280.28,65484,38652,61576,65535,65535,65535,65535,65535,65535
2026-07-31 10:21:54.632,280.33,65484,38652,61576,65535,65535,65535,65535,65535,65535
2026-07-31 10:21:54.682,280.38,65484,38652,61576,65535,65535,65535,65535,65535,65535
2026-07-31 10:21:54.728,280.43,65484,38652,61576,65535,65535,65535,65535,65535,65535
2026-07-31 10:21:54.773,280.47,56044,44089,61576,65535,65535,65535,65535,65535,65535
2026-07-31 10:21:54.819,280.52,56044,44089,61576,65535,65535,65535,65535,65535,65535
2026-07-31 10:21:54.868,280.57,56044,44089,61576,65535,65535,65535,65535,65535,65535
2026-07-31 10:21:54.908,280.61,56044,44089,61576,65535,65535,65535,65535,65535,65535
2026-07-31 10:21:54.954,280.65,56044,44089,61576,65535,65535,65535,65535,65535,65535
2026-07-31 10:21:55.000,280.7,56044,44089,61576,65535,65535,65535,65535,65535,65535
2026-07-31 10:21:55.050,280.75,56044,44089,61576,65535,65535,65535,65535,65535,65535
2026-07-31 10:21:55.097,280.8,56044,44089,61576,65535,65535,65535,65535,65535,65535
2026-07-31 10:21:55.148,280.85,56044,44089,61576,65535,65535,65535,65535,65535,65535
2026-07-31 10:21:55.196,280.89,56044,44089,61576,65535,65535,65535,65535,65535,65535
2026-07-31 10:21:55.241,280.94,56044,44089,61576,65535,65535,65535,65535,65535,65535
2026-07-31 10:21:55.289,280.99,56044,44089,61576,65535,65535,65535,65535,65535,65535
2026-07-31 10:21:55.339,281.04,55620,44089,49261,65535,65535,65535,65535,65535,65535
2026-07-31 10:21:55.384,281.08,55620,44089,49261,65535,65535,65535,65535,65535,65535
2026-07-31 10:21:55.422,281.12,55620,44089,49261,65535,65535,65535,65535,65535,65535
2026-07-31 10:21:55.467,281.17,55620,44089,49261,65535,65535,65535,65535,65535,65535
2026-07-31 10:21:55.516,281.21,55620,44089,49261,65535,65535,65535,65535,65535,65535
2026-07-31 10:21:55.565,281.26,55620,44089,49261,65535,65535,65535,65535,65535,65535
2026-07-31 10:21:55.613,281.31,55620,44089,49261,65535,65535,65535,65535,65535,65535
2026-07-31 10:21:55.656,281.35,55620,44089,49261,65535,65535,65535,65535,65535,65535
2026-07-31 10:21:55.707,281.41,55620,44089,49261,65535,65535,65535,65535,65535,65535
2026-07-31 10:21:55.755,281.45,55620,44089,49261,65535,65535,65535,65535,65535,65535
2026-07-31 10:21:55.803,281.5,55620,44089,49261,65535,65535,65535,65535,65535,65535
2026-07-31 10:21:55.851,281.55,55620,44089,49261,65535,65535,65535,65535,65535,65535
2026-07-31 10:21:55.892,281.59,65187,44089,61576,65535,65535,65535,65535,65535,65535
2026-07-31 10:21:55.936,281.63,65187,44598,61576,65535,65535,65535,65535,65535,65535
2026-07-31 10:21:55.985,281.68,65187,44598,61576,65535,65535,65535,65535,65535,65535
2026-07-31 10:21:56.029,281.73,65187,44598,61576,65535,65535,65535,65535,65535,65535
2026-07-31 10:21:56.077,281.78,65187,44598,61576,65535,65535,65535,65535,65535,65535
2026-07-31 10:21:56.125,281.82,65187,44598,61576,65535,65535,65535,65535,65535,65535
2026-07-31 10:21:56.176,281.87,65187,44598,61576,65535,65535,65535,65535,65535,65535
2026-07-31 10:21:56.224,281.92,65187,44598,61576,65535,65535,65535,65535,65535,65535
2026-07-31 10:21:56.274,281.97,65187,44598,61576,65535,65535,65535,65535,65535,65535
2026-07-31 10:21:56.324,282.02,65187,44598,61576,65535,65535,65535,65535,65535,65535
2026-07-31 10:21:56.373,282.07,65187,44598,61576,65535,65535,65535,65535,65535,65535
2026-07-31 10:21:56.409,282.11,65187,44598,61576,65535,65535,65535,65535,65535,65535
2026-07-31 10:21:56.457,282.15,55790,44598,61873,65535,65535,65535,65535,65535,65535
2026-07-31 10:21:56.508,282.21,55790,44767,61873,65535,65535,65535,65535,65535,65535
2026-07-31 10:21:56.554,282.25,55790,44767,61873,65535,65535,65535,65535,65535,65535
2026-07-31 10:21:56.602,282.3,55790,44767,61873,65535,65535,65535,65535,65535,65535
2026-07-31 10:21:56.650,282.35,55790,44767,61873,65535,65535,65535,65535,65535,65535
2026-07-31 10:21:56.699,282.4,55790,44767,61873,65535,65535,65535,65535,65535,65535
2026-07-31 10:21:56.743,282.44,55790,44767,61873,65535,65535,65535,65535,65535,65535
2026-07-31 10:21:56.786,282.48,55790,44767,61873,65535,65535,65535,65535,65535,65535
2026-07-31 10:21:56.834,282.53,55790,44767,61873,65535,65535,65535,65535,65535,65535
2026-07-31 10:21:56.873,282.57,55790,44767,61873,65535,65535,65535,65535,65535,65535
2026-07-31 10:21:56.909,282.61,55790,44767,61873,65535,65535,65535,65535,65535,65535
2026-07-31 10:21:56.953,282.65,55790,44767,61873,65535,65535,65535,65535,65535,65535
2026-07-31 10:21:57.002,282.7,55790,44767,61428,65535,65535,65535,65535,65535,65535
2026-07-31 10:21:57.049,282.75,55874,44428,61428,65535,65535,65535,65535,65535,65535
2026-07-31 10:21:57.098,282.8,55874,44428,61428,65535,65535,65535,65535,65535,65535
2026-07-31 10:21:57.143,282.84,55874,44428,61428,65535,65535,65535,65535,65535,65535
2026-07-31 10:21:57.195,282.89,55874,44428,61428,65535,65535,65535,65535,65535,65535
2026-07-31 10:21:57.240,282.94,55874,44428,61428,65535,65535,65535,65535,65535,65535
2026-07-31 10:21:57.291,282.99,55874,44428,61428,65535,65535,65535,65535,65535,65535
2026-07-31 10:21:57.341,283.04,55874,44428,61428,65535,65535,65535,65535,65535,65535
2026-07-31 10:21:57.379,283.08,55874,44428,61428,65535,65535,65535,65535,65535,65535
2026-07-31 10:21:57.423,283.12,55874,44428,61428,65535,65535,65535,65535,65535,65535
2026-07-31 10:21:57.475,283.17,55874,44428,61428,65535,65535,65535,65535,65535,65535
2026-07-31 10:21:57.520,283.22,55874,44428,61428,65535,65535,65535,65535,65535,65535
2026-07-31 10:21:57.570,283.27,55874,44428,61428,65535,65535,65535,65535,65535,65535
2026-07-31 10:21:57.613,283.31,55790,44089,61428,65535,65535,65535,65535,65535,65535
2026-07-31 10:21:57.666,283.36,55790,44089,61428,65535,65535,65535,65535,65535,65535
2026-07-31 10:21:57.711,283.41,55790,44089,61428,65535,65535,65535,65535,65535,65535
2026-07-31 10:21:57.759,283.46,55790,44089,61428,65535,65535,65535,65535,65535,65535
2026-07-31 10:21:57.806,283.5,55790,44089,61428,65535,65535,65535,65535,65535,65535
2026-07-31 10:21:57.857,283.55,55790,44089,61428,65535,65535,65535,65535,65535,65535
2026-07-31 10:21:57.891,283.59,55790,44089,61428,65535,65535,65535,65535,65535,65535
2026-07-31 10:21:57.927,283.63,55790,44089,61428,65535,65535,65535,65535,65535,65535
2026-07-31 10:21:57.976,283.67,55790,44089,61428,65535,65535,65535,65535,65535,65535
2026-07-31 10:21:58.019,283.72,55790,44089,61428,65535,65535,65535,65535,65535,65535
2026-07-31 10:21:58.065,283.76,55790,44089,61428,65535,65535,65535,65535,65535,65535
2026-07-31 10:21:58.110,283.81,55790,44089,61428,65535,65535,65535,65535,65535,65535
2026-07-31 10:21:58.160,283.86,65187,44089,61725,65535,65535,65535,65535,65535,65535
2026-07-31 10:21:58.206,283.9,65187,44089,61725,65535,65535,65535,65535,65535,65535
2026-07-31 10:21:58.254,283.95,65187,44089,61725,65535,65535,65535,65535,65535,65535
2026-07-31 10:21:58.308,284.01,65187,44089,61725,65535,65535,65535,65535,65535,65535
2026-07-31 10:21:58.362,284.06,65187,44089,61725,65535,65535,65535,65535,65535,65535
2026-07-31 10:21:58.400,284.1,65187,44089,61725,65535,65535,65535,65535,65535,65535
2026-07-31 10:21:58.440,284.14,65187,44089,61725,65535,65535,65535,65535,65535,65535
2026-07-31 10:21:58.492,284.19,65187,44089,61725,65535,65535,65535,65535,65535,65535
2026-07-31 10:21:58.550,284.25,65187,44089,61725,65535,65535,65535,65535,65535,65535
2026-07-31 10:21:58.603,284.3,65187,44089,61725,65535,65535,65535,65535,65535,65535
2026-07-31 10:21:58.659,284.36,65187,44089,61725,65535,65535,65535,65535,65535,65535
2026-07-31 10:21:58.721,284.42,55959,44089,61873,65535,65535,65535,65535,65535,65535
2026-07-31 10:21:58.815,284.51,55959,44174,61873,65535,65535,65535,65535,65535,65535
2026-07-31 10:21:58.866,284.56,55959,44174,61873,65535,65535,65535,65535,65535,65535
2026-07-31 10:21:58.918,284.62,55959,44174,61873,65535,65535,65535,65535,65535,65535
2026-07-31 10:21:58.954,284.65,55959,44174,61873,65535,65535,65535,65535,65535,65535
2026-07-31 10:21:59.001,284.7,55959,44174,61873,65535,65535,65535,65535,65535,65535
2026-07-31 10:21:59.054,284.75,55959,44174,61873,65535,65535,65535,65535,65535,65535
2026-07-31 10:21:59.099,284.8,55959,44174,61873,65535,65535,65535,65535,65535,65535
2026-07-31 10:21:59.148,284.85,55959,44174,61873,65535,65535,65535,65535,65535,65535
2026-07-31 10:21:59.194,284.89,55959,44174,61873,65535,65535,65535,65535,65535,65535
2026-07-31 10:21:59.244,284.94,55959,44174,61873,65535,65535,65535,65535,65535,65535
2026-07-31 10:21:59.296,284.99,65187,44343,61576,65535,65535,65535,65535,65535,65535
2026-07-31 10:21:59.343,285.04,65187,44343,61576,65535,65535,65535,65535,65535,65535
2026-07-31 10:21:59.393,285.09,65187,44343,61576,65535,65535,65535,65535,65535,65535
2026-07-31 10:21:59.432,285.13,65187,44343,61576,65535,65535,65535,65535,65535,65535
2026-07-31 10:21:59.484,285.18,65187,44343,61576,65535,65535,65535,65535,65535,65535
2026-07-31 10:21:59.528,285.23,65187,44343,61576,65535,65535,65535,65535,65535,65535
2026-07-31 10:21:59.577,285.28,65187,44343,61576,65535,65535,65535,65535,65535,65535
2026-07-31 10:21:59.623,285.32,65187,44343,61576,65535,65535,65535,65535,65535,65535
2026-07-31 10:21:59.675,285.37,65187,44343,61576,65535,65535,65535,65535,65535,65535
2026-07-31 10:21:59.724,285.42,65187,44343,61576,65535,65535,65535,65535,65535,65535
2026-07-31 10:21:59.772,285.47,65187,44343,61576,65535,65535,65535,65535,65535,65535
2026-07-31 10:21:59.822,285.52,65187,44343,62022,65535,65535,65535,65535,65535,65535
2026-07-31 10:21:59.867,285.57,55705,44259,62022,65535,65535,65535,65535,65535,65535
2026-07-31 10:21:59.904,285.6,55705,44259,62022,65535,65535,65535,65535,65535,65535
2026-07-31 10:21:59.940,285.64,55705,44259,62022,65535,65535,65535,65535,65535,65535
2026-07-31 10:21:59.985,285.68,55705,44259,62022,65535,65535,65535,65535,65535,65535
2026-07-31 10:22:00.035,285.73,55705,44259,62022,65535,65535,65535,65535,65535,65535
2026-07-31 10:22:00.084,285.78,55705,44259,62022,65535,65535,65535,65535,65535,65535
2026-07-31 10:22:00.131,285.83,55705,44259,62022,65535,65535,65535,65535,65535,65535
2026-07-31 10:22:00.176,285.87,55705,44259,62022,65535,65535,65535,65535,65535,65535
2026-07-31 10:22:00.221,285.92,55705,44259,62022,65535,65535,65535,65535,65535,65535
2026-07-31 10:22:00.267,285.97,55705,44259,62022,65535,65535,65535,65535,65535,65535
2026-07-31 10:22:00.318,286.02,55705,44259,62022,65535,65535,65535,65535,65535,65535
2026-07-31 10:22:00.361,286.06,55705,44259,62022,65535,65535,65535,65535,65535,65535
2026-07-31 10:22:00.400,286.1,55705,44259,61725,65535,65535,65535,65535,65535,65535
2026-07-31 10:22:00.434,286.13,55790,44428,61725,65535,65535,65535,65535,65535,65535
2026-07-31 10:22:00.481,286.18,55790,44428,61725,65535,65535,65535,65535,65535,65535
2026-07-31 10:22:00.527,286.23,55790,44428,61725,65535,65535,65535,65535,65535,65535
2026-07-31 10:22:00.574,286.27,55790,44428,61725,65535,65535,65535,65535,65535,65535
2026-07-31 10:22:00.623,286.32,55790,44428,61725,65535,65535,65535,65535,65535,65535
2026-07-31 10:22:00.669,286.37,55790,44428,61725,65535,65535,65535,65535,65535,65535
2026-07-31 10:22:00.719,286.42,55790,44428,61725,65535,65535,65535,65535,65535,65535
2026-07-31 10:22:00.765,286.46,55790,44428,61725,65535,65535,65535,65535,65535,65535
2026-07-31 10:22:00.814,286.51,55790,44428,61725,65535,65535,65535,65535,65535,65535
2026-07-31 10:22:00.860,286.56,55790,44428,61725,65535,65535,65535,65535,65535,65535
2026-07-31 10:22:00.899,286.6,55790,44428,61725,65535,65535,65535,65535,65535,65535
2026-07-31 10:22:00.934,286.63,55790,44428,61725,65535,65535,65535,65535,65535,65535
2026-07-31 10:22:00.977,286.68,65286,44428,61873,65535,65535,65535,65535,65535,65535
2026-07-31 10:22:01.024,286.72,65286,51734,61873,65535,65535,65535,65535,65535,65535
2026-07-31 10:22:01.074,286.77,65286,51734,61873,65535,65535,65535,65535,65535,65535
2026-07-31 10:22:01.121,286.82,65286,51734,61873,65535,65535,65535,65535,65535,65535
2026-07-31 10:22:01.168,286.87,65286,51734,61873,65535,65535,65535,65535,65535,65535
2026-07-31 10:22:01.216,286.91,65286,51734,61873,65535,65535,65535,65535,65535,65535
2026-07-31 10:22:01.263,286.96,65286,51734,61873,65535,65535,65535,65535,65535,65535
2026-07-31 10:22:01.312,287.01,65286,51734,61873,65535,65535,65535,65535,65535,65535
2026-07-31 10:22:01.359,287.06,65286,51734,61873,65535,65535,65535,65535,65535,65535
2026-07-31 10:22:01.395,287.09,65286,51734,61873,65535,65535,65535,65535,65535,65535
2026-07-31 10:22:01.430,287.13,65286,51734,61873,65535,65535,65535,65535,65535,65535
2026-07-31 10:22:01.477,287.18,65286,51734,61873,65535,65535,65535,65535,65535,65535
2026-07-31 10:22:01.523,287.22,65286,51734,61725,65535,65535,65535,65535,65535,65535
2026-07-31 10:22:01.571,287.27,65534,42987,61725,65535,65535,65535,65535,65535,65535
2026-07-31 10:22:01.618,287.32,65534,42987,61725,65535,65535,65535,65535,65535,65535
2026-07-31 10:22:01.665,287.36,65534,42987,61725,65535,65535,65535,65535,65535,65535
2026-07-31 10:22:01.713,287.41,65534,42987,61725,65535,65535,65535,65535,65535,65535
2026-07-31 10:22:01.759,287.46,65534,42987,61725,65535,65535,65535,65535,65535,65535
2026-07-31 10:22:01.809,287.51,65534,42987,61725,65535,65535,65535,65535,65535,65535
2026-07-31 10:22:01.854,287.55,65534,42987,61725,65535,65535,65535,65535,65535,65535
2026-07-31 10:22:01.893,287.59,65534,42987,61725,65535,65535,65535,65535,65535,65535
2026-07-31 10:22:01.930,287.63,65534,42987,61725,65535,65535,65535,65535,65535,65535
2026-07-31 10:22:01.978,287.68,65534,42987,61725,65535,65535,65535,65535,65535,65535
2026-07-31 10:22:02.023,287.72,65534,42987,61725,65535,65535,65535,65535,65535,65535
2026-07-31 10:22:02.070,287.77,65534,42987,61725,65535,65535,65535,65535,65535,65535
2026-07-31 10:22:02.121,287.82,56044,42987,61873,65535,65535,65535,65535,65535,65535
2026-07-31 10:22:02.170,287.87,56044,44174,61873,65535,65535,65535,65535,65535,65535
2026-07-31 10:22:02.214,287.91,56044,44174,61873,65535,65535,65535,65535,65535,65535
2026-07-31 10:22:02.259,287.96,56044,44174,61873,65535,65535,65535,65535,65535,65535
2026-07-31 10:22:02.307,288.01,56044,44174,61873,65535,65535,65535,65535,65535,65535
2026-07-31 10:22:02.355,288.05,56044,44174,61873,65535,65535,65535,65535,65535,65535
2026-07-31 10:22:02.405,288.1,56044,44174,61873,65535,65535,65535,65535,65535,65535
2026-07-31 10:22:02.440,288.14,56044,44174,61873,65535,65535,65535,65535,65535,65535
2026-07-31 10:22:02.485,288.18,56044,44174,61873,65535,65535,65535,65535,65535,65535
2026-07-31 10:22:02.535,288.23,56044,44174,61873,65535,65535,65535,65535,65535,65535
2026-07-31 10:22:02.584,288.28,56044,44174,61873,65535,65535,65535,65535,65535,65535
2026-07-31 10:22:02.632,288.33,56044,44174,61873,65535,65535,65535,65535,65535,65535
2026-07-31 10:22:02.677,288.38,56129,44174,61576,65535,65535,65535,65535,65535,65535
2026-07-31 10:22:02.723,288.42,56129,44428,61576,65535,65535,65535,65535,65535,65535
2026-07-31 10:22:02.772,288.47,56129,44428,61576,65535,65535,65535,65535,65535,65535
2026-07-31 10:22:02.818,288.52,56129,44428,61576,65535,65535,65535,65535,65535,65535
2026-07-31 10:22:02.867,288.57,56129,44428,61576,65535,65535,65535,65535,65535,65535
2026-07-31 10:22:02.913,288.61,56129,44428,61576,65535,65535,65535,65535,65535,65535
2026-07-31 10:22:02.951,288.65,56129,44428,61576,65535,65535,65535,65535,65535,65535
2026-07-31 10:22:02.998,288.7,56129,44428,61576,65535,65535,65535,65535,65535,65535
2026-07-31 10:22:03.042,288.74,56129,44428,61576,65535,65535,65535,65535,65535,65535
2026-07-31 10:22:03.092,288.79,56129,44428,61576,65535,65535,65535,65535,65535,65535
2026-07-31 10:22:03.136,288.83,56129,44428,61576,65535,65535,65535,65535,65535,65535
2026-07-31 10:22:03.182,288.88,56129,44428,61576,65535,65535,65535,65535,65535,65535
2026-07-31 10:22:03.227,288.93,56129,44428,61131,65535,65535,65535,65535,65535,65535
2026-07-31 10:22:03.276,288.97,55705,44174,61131,65535,65535,65535,65535,65535,65535
2026-07-31 10:22:03.320,289.02,55705,44174,61131,65535,65535,65535,65535,65535,65535
2026-07-31 10:22:03.366,289.06,55705,44174,61131,65535,65535,65535,65535,65535,65535
2026-07-31 10:22:03.415,289.11,55705,44174,61131,65535,65535,65535,65535,65535,65535
2026-07-31 10:22:03.451,289.15,55705,44174,61131,65535,65535,65535,65535,65535,65535
2026-07-31 10:22:03.498,289.2,55705,44174,61131,65535,65535,65535,65535,65535,65535
2026-07-31 10:22:03.541,289.24,55705,44174,61131,65535,65535,65535,65535,65535,65535
2026-07-31 10:22:03.587,289.29,55705,44174,61131,65535,65535,65535,65535,65535,65535
2026-07-31 10:22:03.632,289.33,55705,44174,61131,65535,65535,65535,65535,65535,65535
2026-07-31 10:22:03.685,289.38,55705,44174,61131,65535,65535,65535,65535,65535,65535
2026-07-31 10:22:03.730,289.43,55705,44174,61131,65535,65535,65535,65535,65535,65535
2026-07-31 10:22:03.779,289.48,55705,44174,62022,65535,65535,65535,65535,65535,65535
2026-07-31 10:22:03.825,289.52,56044,44174,62022,65535,65535,65535,65535,65535,65535
2026-07-31 10:22:03.877,289.58,56044,44174,62022,65535,65535,65535,65535,65535,65535
2026-07-31 10:22:03.922,289.62,56044,44174,62022,65535,65535,65535,65535,65535,65535
2026-07-31 10:22:03.960,289.66,56044,44174,62022,65535,65535,65535,65535,65535,65535
2026-07-31 10:22:04.003,289.7,56044,44174,62022,65535,65535,65535,65535,65535,65535
2026-07-31 10:22:04.055,289.75,56044,44174,62022,65535,65535,65535,65535,65535,65535
2026-07-31 10:22:04.100,289.8,56044,44174,62022,65535,65535,65535,65535,65535,65535
2026-07-31 10:22:04.151,289.85,56044,44174,62022,65535,65535,65535,65535,65535,65535
2026-07-31 10:22:04.202,289.9,56044,44174,62022,65535,65535,65535,65535,65535,65535
2026-07-31 10:22:04.250,289.95,56044,44174,62022,65535,65535,65535,65535,65535,65535
2026-07-31 10:22:04.298,290.0,56044,44174,62022,65535,65535,65535,65535,65535,65535
2026-07-31 10:22:04.344,290.04,56044,44174,61873,65535,65535,65535,65535,65535,65535
2026-07-31 10:22:04.396,290.09,56044,44089,61873,65535,65535,65535,65535,65535,65535
2026-07-31 10:22:04.436,290.13,56044,44089,61873,65535,65535,65535,65535,65535,65535
2026-07-31 10:22:04.491,290.19,56044,44089,61873,65535,65535,65535,65535,65535,65535
2026-07-31 10:22:04.543,290.24,56044,44089,61873,65535,65535,65535,65535,65535,65535
2026-07-31 10:22:04.588,290.29,56044,44089,61873,65535,65535,65535,65535,65535,65535
2026-07-31 10:22:04.636,290.33,56044,44089,61873,65535,65535,65535,65535,65535,65535
2026-07-31 10:22:04.683,290.38,56044,44089,61873,65535,65535,65535,65535,65535,65535
2026-07-31 10:22:04.731,290.43,56044,44089,61873,65535,65535,65535,65535,65535,65535
2026-07-31 10:22:04.775,290.47,56044,44089,61873,65535,65535,65535,65535,65535,65535
2026-07-31 10:22:04.824,290.52,56044,44089,61873,65535,65535,65535,65535,65535,65535
2026-07-31 10:22:04.870,290.57,56044,44089,61873,65535,65535,65535,65535,65535,65535
2026-07-31 10:22:04.918,290.62,56044,44089,61873,65535,65535,65535,65535,65535,65535
2026-07-31 10:22:04.955,290.65,65088,38726,61873,65535,65535,65535,65535,65535,65535
2026-07-31 10:22:04.999,290.7,65088,38726,61873,65535,65535,65535,65535,65535,65535
2026-07-31 10:22:05.051,290.75,65088,38726,61873,65535,65535,65535,65535,65535,65535
2026-07-31 10:22:05.096,290.79,65088,38726,61873,65535,65535,65535,65535,65535,65535
2026-07-31 10:22:05.145,290.84,65088,38726,61873,65535,65535,65535,65535,65535,65535
2026-07-31 10:22:05.191,290.89,65088,38726,61873,65535,65535,65535,65535,65535,65535
2026-07-31 10:22:05.242,290.94,65088,38726,61873,65535,65535,65535,65535,65535,65535
2026-07-31 10:22:05.288,290.99,65088,38726,61873,65535,65535,65535,65535,65535,65535
2026-07-31 10:22:05.337,291.04,65088,38726,61873,65535,65535,65535,65535,65535,65535
2026-07-31 10:22:05.384,291.08,65088,38726,61873,65535,65535,65535,65535,65535,65535
2026-07-31 10:22:05.432,291.13,65088,38726,61873,65535,65535,65535,65535,65535,65535
2026-07-31 10:22:05.468,291.17,65088,38726,61873,65535,65535,65535,65535,65535,65535
2026-07-31 10:22:05.517,291.21,56044,44174,61428,65535,65535,65535,65535,65535,65535
2026-07-31 10:22:05.566,291.26,56044,44174,61428,65535,65535,65535,65535,65535,65535
2026-07-31 10:22:05.614,291.31,56044,44174,61428,65535,65535,65535,65535,65535,65535
2026-07-31 10:22:05.659,291.36,56044,44174,61428,65535,65535,65535,65535,65535,65535
2026-07-31 10:22:05.708,291.41,56044,44174,61428,65535,65535,65535,65535,65535,65535
2026-07-31 10:22:05.755,291.45,56044,44174,61428,65535,65535,65535,65535,65535,65535
2026-07-31 10:22:05.804,291.5,56044,44174,61428,65535,65535,65535,65535,65535,65535
2026-07-31 10:22:05.851,291.55,56044,44174,61428,65535,65535,65535,65535,65535,65535
2026-07-31 10:22:05.895,291.59,56044,44174,61428,65535,65535,65535,65535,65535,65535
2026-07-31 10:22:05.935,291.63,56044,44174,61428,65535,65535,65535,65535,65535,65535
2026-07-31 10:22:05.971,291.67,56044,44174,61428,65535,65535,65535,65535,65535,65535
2026-07-31 10:22:06.017,291.72,56044,44174,61428,65535,65535,65535,65535,65535,65535
2026-07-31 10:22:06.064,291.76,65534,44174,49498,65535,65535,65535,65535,65535,65535
2026-07-31 10:22:06.112,291.81,65534,44174,49498,65535,65535,65535,65535,65535,65535
2026-07-31 10:22:06.160,291.86,65534,44174,49498,65535,65535,65535,65535,65535,65535
2026-07-31 10:22:06.209,291.91,65534,44174,49498,65535,65535,65535,65535,65535,65535
2026-07-31 10:22:06.257,291.95,65534,44174,49498,65535,65535,65535,65535,65535,65535
2026-07-31 10:22:06.304,292.0,65534,44174,49498,65535,65535,65535,65535,65535,65535
2026-07-31 10:22:06.352,292.05,65534,44174,49498,65535,65535,65535,65535,65535,65535
2026-07-31 10:22:06.398,292.1,65534,44174,49498,65535,65535,65535,65535,65535,65535
2026-07-31 10:22:06.435,292.13,65534,44174,49498,65535,65535,65535,65535,65535,65535
2026-07-31 10:22:06.471,292.17,65534,44174,49498,65535,65535,65535,65535,65535,65535
2026-07-31 10:22:06.518,292.22,65534,44174,49498,65535,65535,65535,65535,65535,65535
2026-07-31 10:22:06.563,292.26,65534,44174,49498,65535,65535,65535,65535,65535,65535
2026-07-31 10:22:06.612,292.31,65534,44174,61873,65535,65535,65535,65535,65535,65535
2026-07-31 10:22:06.656,292.35,65385,51734,61873,65535,65535,65535,65535,65535,65535
2026-07-31 10:22:06.712,292.41,65385,51734,61873,65535,65535,65535,65535,65535,65535
2026-07-31 10:22:06.755,292.45,65385,51734,61873,65535,65535,65535,65535,65535,65535
2026-07-31 10:22:06.802,292.5,65385,51734,61873,65535,65535,65535,65535,65535,65535
2026-07-31 10:22:06.846,292.54,65385,51734,61873,65535,65535,65535,65535,65535,65535
2026-07-31 10:22:06.904,292.6,65385,51734,61873,65535,65535,65535,65535,65535,65535
2026-07-31 10:22:06.944,292.64,65385,51734,61873,65535,65535,65535,65535,65535,65535
2026-07-31 10:22:06.992,292.69,65385,51734,61873,65535,65535,65535,65535,65535,65535
2026-07-31 10:22:07.035,292.73,65385,51734,61873,65535,65535,65535,65535,65535,65535
2026-07-31 10:22:07.087,292.79,65385,51734,61873,65535,65535,65535,65535,65535,65535
2026-07-31 10:22:07.130,292.83,65385,51734,61873,65535,65535,65535,65535,65535,65535
2026-07-31 10:22:07.180,292.88,65385,51734,61725,65535,65535,65535,65535,65535,65535
2026-07-31 10:22:07.227,292.93,55959,44428,61725,65535,65535,65535,65535,65535,65535
2026-07-31 10:22:07.274,292.97,55959,44428,61725,65535,65535,65535,65535,65535,65535
2026-07-31 10:22:07.322,293.02,55959,44428,61725,65535,65535,65535,65535,65535,65535
2026-07-31 10:22:07.368,293.07,55959,44428,61725,65535,65535,65535,65535,65535,65535
2026-07-31 10:22:07.415,293.11,55959,44428,61725,65535,65535,65535,65535,65535,65535
2026-07-31 10:22:07.455,293.15,55959,44428,61725,65535,65535,65535,65535,65535,65535
2026-07-31 10:22:07.498,293.2,55959,44428,61725,65535,65535,65535,65535,65535,65535
2026-07-31 10:22:07.550,293.25,55959,44428,61725,65535,65535,65535,65535,65535,65535
2026-07-31 10:22:07.594,293.29,55959,44428,61725,65535,65535,65535,65535,65535,65535
2026-07-31 10:22:07.645,293.34,55959,44428,61725,65535,65535,65535,65535,65535,65535
2026-07-31 10:22:07.695,293.39,55959,44428,61725,65535,65535,65535,65535,65535,65535
2026-07-31 10:22:07.742,293.44,55959,44428,61725,65535,65535,65535,65535,65535,65535
2026-07-31 10:22:07.792,293.49,65484,60538,61725,65535,65535,65535,65535,65535,65535
2026-07-31 10:22:07.837,293.54,65484,60538,61725,65535,65535,65535,65535,65535,65535
2026-07-31 10:22:07.888,293.59,65484,60538,61725,65535,65535,65535,65535,65535,65535
2026-07-31 10:22:07.933,293.63,65484,60538,61725,65535,65535,65535,65535,65535,65535
2026-07-31 10:22:07.971,293.67,65484,60538,61725,65535,65535,65535,65535,65535,65535
2026-07-31 10:22:08.018,293.72,65484,60538,61725,65535,65535,65535,65535,65535,65535
2026-07-31 10:22:08.062,293.76,65484,60538,61725,65535,65535,65535,65535,65535,65535
2026-07-31 10:22:08.114,293.81,65484,60538,61725,65535,65535,65535,65535,65535,65535
2026-07-31 10:22:08.158,293.86,65484,60538,61725,65535,65535,65535,65535,65535,65535
2026-07-31 10:22:08.206,293.9,65484,60538,61725,65535,65535,65535,65535,65535,65535
2026-07-31 10:22:08.255,293.95,65484,60538,61725,65535,65535,65535,65535,65535,65535
2026-07-31 10:22:08.304,294.0,65484,60538,61873,65535,65535,65535,65535,65535,65535
2026-07-31 10:22:08.351,294.05,65286,44343,61873,65535,65535,65535,65535,65535,65535
2026-07-31 10:22:08.395,294.09,65286,44343,61873,65535,65535,65535,65535,65535,65535
2026-07-31 10:22:08.435,294.13,65286,44343,61873,65535,65535,65535,65535,65535,65535
2026-07-31 10:22:08.470,294.17,65286,44343,61873,65535,65535,65535,65535,65535,65535
2026-07-31 10:22:08.519,294.22,65286,44343,61873,65535,65535,65535,65535,65535,65535
2026-07-31 10:22:08.564,294.26,65286,44343,61873,65535,65535,65535,65535,65535,65535
2026-07-31 10:22:08.611,294.31,65286,44343,61873,65535,65535,65535,65535,65535,65535
2026-07-31 10:22:08.662,294.36,65286,44343,61873,65535,65535,65535,65535,65535,65535
2026-07-31 10:22:08.707,294.41,65286,44343,61873,65535,65535,65535,65535,65535,65535
2026-07-31 10:22:08.759,294.46,65286,44343,61873,65535,65535,65535,65535,65535,65535
2026-07-31 10:22:08.806,294.5,65286,44343,61873,65535,65535,65535,65535,65535,65535
2026-07-31 10:22:08.856,294.55,65286,44343,61873,65535,65535,65535,65535,65535,65535
2026-07-31 10:22:08.902,294.6,65088,44343,61873,65535,65535,65535,65535,65535,65535
2026-07-31 10:22:08.941,294.64,65088,38726,61873,65535,65535,65535,65535,65535,65535
2026-07-31 10:22:08.986,294.68,65088,38726,61873,65535,65535,65535,65535,65535,65535
2026-07-31 10:22:09.035,294.73,65088,38726,61873,65535,65535,65535,65535,65535,65535
2026-07-31 10:22:09.080,294.78,65088,38726,61873,65535,65535,65535,65535,65535,65535
2026-07-31 10:22:09.144,294.84,65088,38726,61873,65535,65535,65535,65535,65535,65535
2026-07-31 10:22:09.214,294.91,65088,38726,61873,65535,65535,65535,65535,65535,65535
2026-07-31 10:22:09.282,294.98,65088,38726,61873,65535,65535,65535,65535,65535,65535
2026-07-31 10:22:09.338,295.04,65088,38726,61873,65535,65535,65535,65535,65535,65535
2026-07-31 10:22:09.402,295.1,65088,38726,61873,65535,65535,65535,65535,65535,65535
2026-07-31 10:22:09.437,295.14,65088,38726,61576,65535,65535,65535,65535,65535,65535
2026-07-31 10:22:09.474,295.17,56044,44174,61576,65535,65535,65535,65535,65535,65535
2026-07-31 10:22:09.521,295.22,56044,44174,61576,65535,65535,65535,65535,65535,65535
2026-07-31 10:22:09.566,295.26,56044,44174,61576,65535,65535,65535,65535,65535,65535
2026-07-31 10:22:09.617,295.32,56044,44174,61576,65535,65535,65535,65535,65535,65535
2026-07-31 10:22:09.664,295.36,56044,44174,61576,65535,65535,65535,65535,65535,65535
2026-07-31 10:22:09.712,295.41,56044,44174,61576,65535,65535,65535,65535,65535,65535
2026-07-31 10:22:09.760,295.46,56044,44174,61576,65535,65535,65535,65535,65535,65535
2026-07-31 10:22:09.806,295.5,56044,44174,61576,65535,65535,65535,65535,65535,65535
2026-07-31 10:22:09.857,295.56,56044,44174,61576,65535,65535,65535,65535,65535,65535
2026-07-31 10:22:09.905,295.6,56044,44174,61576,65535,65535,65535,65535,65535,65535
2026-07-31 10:22:09.945,295.64,56044,44174,61576,65535,65535,65535,65535,65535,65535
2026-07-31 10:22:09.990,295.69,56044,44174,61576,65535,65535,65535,65535,65535,65535
2026-07-31 10:22:10.039,295.74,64890,44174,61576,65535,65535,65535,65535,65535,65535
2026-07-31 10:22:10.085,295.78,64890,44174,61576,65535,65535,65535,65535,65535,65535
2026-07-31 10:22:10.134,295.83,64890,44174,61576,65535,65535,65535,65535,65535,65535
2026-07-31 10:22:10.179,295.88,64890,44174,61576,65535,65535,65535,65535,65535,65535
2026-07-31 10:22:10.232,295.93,64890,44174,61576,65535,65535,65535,65535,65535,65535
2026-07-31 10:22:10.275,295.97,64890,44174,61576,65535,65535,65535,65535,65535,65535
2026-07-31 10:22:10.327,296.03,64890,44174,61576,65535,65535,65535,65535,65535,65535
2026-07-31 10:22:10.370,296.07,64890,44174,61576,65535,65535,65535,65535,65535,65535
2026-07-31 10:22:10.416,296.11,64890,44174,61576,65535,65535,65535,65535,65535,65535
2026-07-31 10:22:10.452,296.15,64890,44174,61576,65535,65535,65535,65535,65535,65535
2026-07-31 10:22:10.504,296.2,64890,44174,61576,65535,65535,65535,65535,65535,65535
2026-07-31 10:22:10.551,296.25,64890,44174,61576,65535,65535,65535,65535,65535,65535
2026-07-31 10:22:10.600,296.3,55874,44174,61576,65535,65535,65535,65535,65535,65535
2026-07-31 10:22:10.644,296.34,55874,44174,61576,65535,65535,65535,65535,65535,65535
2026-07-31 10:22:10.695,296.39,55874,44174,61576,65535,65535,65535,65535,65535,65535
2026-07-31 10:22:10.741,296.44,55874,44174,61576,65535,65535,65535,65535,65535,65535
2026-07-31 10:22:10.791,296.49,55874,44174,61576,65535,65535,65535,65535,65535,65535
2026-07-31 10:22:10.835,296.53,55874,44174,61576,65535,65535,65535,65535,65535,65535
2026-07-31 10:22:10.887,296.59,55874,44174,61576,65535,65535,65535,65535,65535,65535
2026-07-31 10:22:10.928,296.63,55874,44174,61576,65535,65535,65535,65535,65535,65535
2026-07-31 10:22:10.963,296.66,55874,44174,61576,65535,65535,65535,65535,65535,65535
2026-07-31 10:22:11.012,296.71,55874,44174,61576,65535,65535,65535,65535,65535,65535
2026-07-31 10:22:11.055,296.75,55874,44174,61576,65535,65535,65535,65535,65535,65535
2026-07-31 10:22:11.108,296.81,55874,44174,61576,65535,65535,65535,65535,65535,65535
2026-07-31 10:22:11.154,296.85,65187,44174,61576,65535,65535,65535,65535,65535,65535
2026-07-31 10:22:11.200,296.9,65187,44513,61576,65535,65535,65535,65535,65535,65535
2026-07-31 10:22:11.250,296.95,65187,44513,61576,65535,65535,65535,65535,65535,65535
2026-07-31 10:22:11.295,296.99,65187,44513,61576,65535,65535,65535,65535,65535,65535
2026-07-31 10:22:11.346,297.04,65187,44513,61576,65535,65535,65535,65535,65535,65535
2026-07-31 10:22:11.392,297.09,65187,44513,61576,65535,65535,65535,65535,65535,65535
2026-07-31 10:22:11.429,297.13,65187,44513,61576,65535,65535,65535,65535,65535,65535
2026-07-31 10:22:11.464,297.16,65187,44513,61576,65535,65535,65535,65535,65535,65535
2026-07-31 10:22:11.511,297.21,65187,44513,61576,65535,65535,65535,65535,65535,65535
2026-07-31 10:22:11.556,297.25,65187,44513,61576,65535,65535,65535,65535,65535,65535
2026-07-31 10:22:11.605,297.3,65187,44513,61576,65535,65535,65535,65535,65535,65535
2026-07-31 10:22:11.651,297.35,65187,44513,61576,65535,65535,65535,65535,65535,65535
2026-07-31 10:22:11.700,297.4,65187,44513,65534,65535,65535,65535,65535,65535,65535
2026-07-31 10:22:11.748,297.45,64989,65534,65534,65535,65535,65535,65535,65535,65535
2026-07-31 10:22:11.795,297.49,64989,65534,65534,65535,65535,65535,65535,65535,65535
2026-07-31 10:22:11.842,297.54,64989,65534,65534,65535,65535,65535,65535,65535,65535
2026-07-31 10:22:11.891,297.59,64989,65534,65534,65535,65535,65535,65535,65535,65535
2026-07-31 10:22:11.927,297.63,64989,65534,65534,65535,65535,65535,65535,65535,65535
2026-07-31 10:22:11.964,297.66,64989,65534,65534,65535,65535,65535,65535,65535,65535
2026-07-31 10:22:12.010,297.71,64989,65534,65534,65535,65535,65535,65535,65535,65535
2026-07-31 10:22:12.057,297.76,64989,65534,65534,65535,65535,65535,65535,65535,65535
2026-07-31 10:22:12.104,297.8,64989,65534,65534,65535,65535,65535,65535,65535,65535
2026-07-31 10:22:12.155,297.85,64989,65534,65534,65535,65535,65535,65535,65535,65535
2026-07-31 10:22:12.199,297.9,64989,65534,65534,65535,65535,65535,65535,65535,65535
2026-07-31 10:22:12.246,297.94,64989,65534,65534,65535,65535,65535,65535,65535,65535
2026-07-31 10:22:12.289,297.99,52653,65534,61576,65535,65535,65535,65535,65535,65535
2026-07-31 10:22:12.341,298.04,52653,44343,61576,65535,65535,65535,65535,65535,65535
2026-07-31 10:22:12.385,298.08,52653,44343,61576,65535,65535,65535,65535,65535,65535
2026-07-31 10:22:12.436,298.13,52653,44343,61576,65535,65535,65535,65535,65535,65535
2026-07-31 10:22:12.472,298.17,52653,44343,61576,65535,65535,65535,65535,65535,65535
2026-07-31 10:22:12.518,298.22,52653,44343,61576,65535,65535,65535,65535,65535,65535
2026-07-31 10:22:12.568,298.27,52653,44343,61576,65535,65535,65535,65535,65535,65535
2026-07-31 10:22:12.614,298.31,52653,44343,61576,65535,65535,65535,65535,65535,65535
2026-07-31 10:22:12.661,298.36,52653,44343,61576,65535,65535,65535,65535,65535,65535
2026-07-31 10:22:12.707,298.41,52653,44343,61576,65535,65535,65535,65535,65535,65535
2026-07-31 10:22:12.757,298.46,52653,44343,61576,65535,65535,65535,65535,65535,65535
2026-07-31 10:22:12.807,298.51,52653,44343,61576,65535,65535,65535,65535,65535,65535
2026-07-31 10:22:12.852,298.55,64989,44343,61576,65535,65535,65535,65535,65535,65535
2026-07-31 10:22:12.902,298.6,64989,44174,61576,65535,65535,65535,65535,65535,65535
2026-07-31 10:22:12.937,298.64,64989,44174,61576,65535,65535,65535,65535,65535,65535
2026-07-31 10:22:12.977,298.68,64989,44174,61576,65535,65535,65535,65535,65535,65535
2026-07-31 10:22:13.029,298.73,64989,44174,61576,65535,65535,65535,65535,65535,65535
2026-07-31 10:22:13.071,298.77,64989,44174,61576,65535,65535,65535,65535,65535,65535
2026-07-31 10:22:13.117,298.81,64989,44174,61576,65535,65535,65535,65535,65535,65535
2026-07-31 10:22:13.161,298.86,64989,44174,61576,65535,65535,65535,65535,65535,65535
2026-07-31 10:22:13.213,298.91,64989,44174,61576,65535,65535,65535,65535,65535,65535
2026-07-31 10:22:13.260,298.96,64989,44174,61576,65535,65535,65535,65535,65535,65535
2026-07-31 10:22:13.308,299.01,64989,44174,61576,65535,65535,65535,65535,65535,65535
2026-07-31 10:22:13.363,299.06,64989,44174,61576,65535,65535,65535,65535,65535,65535
2026-07-31 10:22:13.418,299.12,65385,44174,65534,65535,65535,65535,65535,65535,65535
2026-07-31 10:22:13.460,299.16,65385,44174,65534,65535,65535,65535,65535,65535,65535
2026-07-31 10:22:13.502,299.2,65385,44174,65534,65535,65535,65535,65535,65535,65535
2026-07-31 10:22:13.555,299.25,65385,44174,65534,65535,65535,65535,65535,65535,65535
2026-07-31 10:22:13.611,299.31,65385,44174,65534,65535,65535,65535,65535,65535,65535
2026-07-31 10:22:13.668,299.37,65385,44174,65534,65535,65535,65535,65535,65535,65535
2026-07-31 10:22:13.719,299.42,65385,44174,65534,65535,65535,65535,65535,65535,65535
2026-07-31 10:22:13.777,299.47,65385,44174,65534,65535,65535,65535,65535,65535,65535
2026-07-31 10:22:13.833,299.53,65385,44174,65534,65535,65535,65535,65535,65535,65535
2026-07-31 10:22:13.887,299.58,65385,44174,65534,65535,65535,65535,65535,65535,65535
2026-07-31 10:22:13.940,299.64,65385,44174,65534,65535,65535,65535,65535,65535,65535
2026-07-31 10:22:13.990,299.69,55959,43919,49498,65535,65535,65535,65535,65535,65535
2026-07-31 10:22:14.049,299.75,55959,43919,49498,65535,65535,65535,65535,65535,65535
2026-07-31 10:22:14.087,299.79,55959,43919,49498,65535,65535,65535,65535,65535,65535
2026-07-31 10:22:14.140,299.84,55959,43919,49498,65535,65535,65535,65535,65535,65535
2026-07-31 10:22:14.188,299.89,55959,43919,49498,65535,65535,65535,65535,65535,65535
2026-07-31 10:22:14.236,299.93,55959,43919,49498,65535,65535,65535,65535,65535,65535
2026-07-31 10:22:14.286,299.98,55959,43919,49498,65535,65535,65535,65535,65535,65535
