Timestamp,Elapsed_Seconds,AIN1,AIN2,AIN3,AIN4,AIN5,AIN6,AIN7,AIN8,AIN9
2026-07-31 09:46:59.520,0.0,61725,29082,33929,65535,65535,65535,65535,65535,65535
2026-07-31 09:46:59.555,0.03,61725,29082,33929,65535,65535,65535,65535,65535,65535
2026-07-31 09:46:59.597,0.08,61725,29082,33929,65535,65535,65535,65535,65535,65535
2026-07-31 09:46:59.642,0.12,61725,29082,33929,65535,65535,65535,65535,65535,65535
2026-07-31 09:46:59.692,0.17,61725,29082,33929,65535,65535,65535,65535,65535,65535
2026-07-31 09:46:59.734,0.21,61725,29082,33929,65535,65535,65535,65535,65535,65535
2026-07-31 09:46:59.780,0.26,61725,29082,33929,65535,65535,65535,65535,65535,65535
2026-07-31 09:46:59.829,0.31,61725,29082,33929,65535,65535,65535,65535,65535,65535
2026-07-31 09:46:59.883,0.36,61725,29082,33929,65535,65535,65535,65535,65535,65535
2026-07-31 09:46:59.927,0.41,61725,29082,33929,65535,65535,65535,65535,65535,65535
2026-07-31 09:46:59.976,0.46,55077,29082,40358,65535,65535,65535,65535,65535,65535
2026-07-31 09:47:00.024,0.5,55077,33533,40358,65535,65535,65535,65535,65535,65535
2026-07-31 09:47:00.071,0.55,55077,33533,40358,65535,65535,65535,65535,65535,65535
2026-07-31 09:47:00.119,0.6,55077,33533,40358,65535,65535,65535,65535,65535,65535
2026-07-31 09:47:00.168,0.65,55077,33533,40358,65535,65535,65535,65535,65535,65535
2026-07-31 09:47:00.217,0.7,55077,33533,40358,65535,65535,65535,65535,65535,65535
2026-07-31 09:47:00.263,0.74,55077,33533,40358,65535,65535,65535,65535,65535,65535
2026-07-31 09:47:00.310,0.79,55077,33533,40358,65535,65535,65535,65535,65535,65535
2026-07-31 09:47:00.355,0.83,55077,33533,40358,65535,65535,65535,65535,65535,65535
2026-07-31 09:47:00.403,0.88,55077,33533,40358,65535,65535,65535,65535,65535,65535
2026-07-31 09:47:00.453,0.93,55077,33533,40358,65535,65535,65535,65535,65535,65535
2026-07-31 09:47:00.503,0.98,55077,33533,40358,65535,65535,65535,65535,65535,65535
2026-07-31 09:47:00.548,1.03,49855,33533,40714,65535,65535,65535,65535,65535,65535
2026-07-31 09:47:00.598,1.08,49855,33533,40714,65535,65535,65535,65535,65535,65535
2026-07-31 09:47:00.644,1.12,49855,33533,40714,65535,65535,65535,65535,65535,65535
2026-07-31 09:47:00.692,1.17,49855,33533,40714,65535,65535,65535,65535,65535,65535
2026-07-31 09:47:00.739,1.22,49855,33533,40714,65535,65535,65535,65535,65535,65535
2026-07-31 09:47:00.787,1.27,49855,33533,40714,65535,65535,65535,65535,65535,65535
2026-07-31 09:47:00.834,1.31,49855,33533,40714,65535,65535,65535,65535,65535,65535
2026-07-31 09:47:00.880,1.36,49855,33533,40714,65535,65535,65535,65535,65535,65535
2026-07-31 09:47:00.927,1.41,49855,33533,40714,65535,65535,65535,65535,65535,65535
2026-07-31 09:47:00.974,1.45,49855,33533,40714,65535,65535,65535,65535,65535,65535
2026-07-31 09:47:01.021,1.5,49855,33533,40714,65535,65535,65535,65535,65535,65535
2026-07-31 09:47:01.073,1.55,49855,33533,33929,65535,65535,65535,65535,65535,65535
2026-07-31 09:47:01.117,1.6,63060,33830,33929,65535,65535,65535,65535,65535,65535
2026-07-31 09:47:01.168,1.65,63060,33830,33929,65535,65535,65535,65535,65535,65535
2026-07-31 09:47:01.216,1.7,63060,33830,33929,65535,65535,65535,65535,65535,65535
2026-07-31 09:47:01.264,1.74,63060,33830,33929,65535,65535,65535,65535,65535,65535
2026-07-31 09:47:01.313,1.79,63060,33830,33929,65535,65535,65535,65535,65535,65535
2026-07-31 09:47:01.361,1.84,63060,33830,33929,65535,65535,65535,65535,65535,65535
2026-07-31 09:47:01.407,1.89,63060,33830,33929,65535,65535,65535,65535,65535,65535
2026-07-31 09:47:01.452,1.93,63060,33830,33929,65535,65535,65535,65535,65535,65535
2026-07-31 09:47:01.503,1.98,63060,33830,33929,65535,65535,65535,65535,65535,65535
2026-07-31 09:47:01.547,2.03,63060,33830,33929,65535,65535,65535,65535,65535,65535
2026-07-31 09:47:01.597,2.08,63060,33830,33929,65535,65535,65535,65535,65535,65535
2026-07-31 09:47:01.656,2.14,63060,33830,33632,65535,65535,65535,65535,65535,65535
2026-07-31 09:47:01.700,2.18,49855,33632,33632,65535,65535,65535,65535,65535,65535
2026-07-31 09:47:01.751,2.23,49855,33632,33632,65535,65535,65535,65535,65535,65535
2026-07-31 09:47:01.803,2.28,49855,33632,33632,65535,65535,65535,65535,65535,65535
2026-07-31 09:47:01.851,2.33,49855,33632,33632,65535,65535,65535,65535,65535,65535
2026-07-31 09:47:01.902,2.38,49855,33632,33632,65535,65535,65535,65535,65535,65535
2026-07-31 09:47:01.951,2.43,49855,33632,33632,65535,65535,65535,65535,65535,65535
2026-07-31 09:47:01.999,2.48,49855,33632,33632,65535,65535,65535,65535,65535,65535
2026-07-31 09:47:02.042,2.52,49855,33632,33632,65535,65535,65535,65535,65535,65535
2026-07-31 09:47:02.092,2.57,49855,33632,33632,65535,65535,65535,65535,65535,65535
2026-07-31 09:47:02.140,2.62,49855,33632,33632,65535,65535,65535,65535,65535,65535
2026-07-31 09:47:02.186,2.67,49855,33632,33632,65535,65535,65535,65535,65535,65535
2026-07-31 09:47:02.232,2.71,49855,33632,40714,65535,65535,65535,65535,65535,65535
2026-07-31 09:47:02.282,2.76,49855,28827,40714,65535,65535,65535,65535,65535,65535
2026-07-31 09:47:02.328,2.81,49855,28827,40714,65535,65535,65535,65535,65535,65535
2026-07-31 09:47:02.378,2.86,49855,28827,40714,65535,65535,65535,65535,65535,65535
2026-07-31 09:47:02.426,2.91,49855,28827,40714,65535,65535,65535,65535,65535,65535
2026-07-31 09:47:02.475,2.95,49855,28827,40714,65535,65535,65535,65535,65535,65535
2026-07-31 09:47:02.526,3.01,49855,28827,40714,65535,65535,65535,65535,65535,65535
2026-07-31 09:47:02.576,3.06,49855,28827,40714,65535,65535,65535,65535,65535,65535
2026-07-31 09:47:02.628,3.11,49855,28827,40714,65535,65535,65535,65535,65535,65535
2026-07-31 09:47:02.687,3.17,49855,28827,40714,65535,65535,65535,65535,65535,65535
2026-07-31 09:47:02.735,3.21,49855,28827,40714,65535,65535,65535,65535,65535,65535
2026-07-31 09:47:02.783,3.26,49855,28827,40714,65535,65535,65535,65535,65535,65535
2026-07-31 09:47:02.832,3.31,49855,28742,40714,65535,65535,65535,65535,65535,65535
2026-07-31 09:47:02.884,3.36,49855,28742,40714,65535,65535,65535,65535,65535,65535
2026-07-31 09:47:02.934,3.41,49855,28742,40714,65535,65535,65535,65535,65535,65535
2026-07-31 09:47:02.982,3.46,49855,28742,40714,65535,65535,65535,65535,65535,65535
2026-07-31 09:47:03.028,3.51,49855,28742,40714,65535,65535,65535,65535,65535,65535
2026-07-31 09:47:03.078,3.56,49855,28742,40714,65535,65535,65535,65535,65535,65535
2026-07-31 09:47:03.123,3.6,49855,28742,40714,65535,65535,65535,65535,65535,65535
2026-07-31 09:47:03.170,3.65,49855,28742,40714,65535,65535,65535,65535,65535,65535
2026-07-31 09:47:03.220,3.7,49855,28742,40714,65535,65535,65535,65535,65535,65535
2026-07-31 09:47:03.269,3.75,49855,28742,40714,65535,65535,65535,65535,65535,65535
2026-07-31 09:47:03.314,3.79,49855,28742,40714,65535,65535,65535,65535,65535,65535
2026-07-31 09:47:03.360,3.84,49855,28742,40714,65535,65535,65535,65535,65535,65535
2026-07-31 09:47:03.408,3.89,49855,28742,40714,65535,65535,65535,65535,65535,65535
2026-07-31 09:47:03.459,3.94,49855,28742,40714,65535,65535,65535,65535,65535,65535
2026-07-31 09:47:03.511,3.99,49855,28742,40714,65535,65535,65535,65535,65535,65535
2026-07-31 09:47:03.561,4.04,49855,28742,40714,65535,65535,65535,65535,65535,65535
2026-07-31 09:47:03.614,4.09,49855,28742,40714,65535,65535,65535,65535,65535,65535
2026-07-31 09:47:03.669,4.15,49855,28742,40714,65535,65535,65535,65535,65535,65535
2026-07-31 09:47:03.721,4.2,49855,28742,40714,65535,65535,65535,65535,65535,65535
2026-07-31 09:47:03.774,4.25,49855,28742,40714,65535,65535,65535,65535,65535,65535
2026-07-31 09:47:03.819,4.3,49855,28742,40714,65535,65535,65535,65535,65535,65535
2026-07-31 09:47:03.867,4.35,49855,28742,40714,65535,65535,65535,65535,65535,65535
2026-07-31 09:47:03.911,4.39,49855,28742,40714,65535,65535,65535,65535,65535,65535
2026-07-31 09:47:03.963,4.44,62467,33632,40714,65535,65535,65535,65535,65535,65535
2026-07-31 09:47:04.007,4.49,62467,33632,40714,65535,65535,65535,65535,65535,65535
2026-07-31 09:47:04.054,4.53,62467,33632,40714,65535,65535,65535,65535,65535,65535
2026-07-31 09:47:04.105,4.58,62467,33632,40714,65535,65535,65535,65535,65535,65535
2026-07-31 09:47:04.156,4.64,62467,33632,40714,65535,65535,65535,65535,65535,65535
2026-07-31 09:47:04.205,4.68,62467,33632,40714,65535,65535,65535,65535,65535,65535
2026-07-31 09:47:04.254,4.73,62467,33632,40714,65535,65535,65535,65535,65535,65535
2026-07-31 09:47:04.304,4.78,62467,33632,40714,65535,65535,65535,65535,65535,65535
2026-07-31 09:47:04.349,4.83,62467,33632,40714,65535,65535,65535,65535,65535,65535
2026-07-31 09:47:04.398,4.88,62467,33632,40714,65535,65535,65535,65535,65535,65535
2026-07-31 09:47:04.443,4.92,62467,33632,40714,65535,65535,65535,65535,65535,65535
2026-07-31 09:47:04.493,4.97,50092,33632,33929,65535,65535,65535,65535,65535,65535
2026-07-31 09:47:04.538,5.02,50092,28742,33929,65535,65535,65535,65535,65535,65535
2026-07-31 09:47:04.587,5.07,50092,28742,33929,65535,65535,65535,65535,65535,65535
2026-07-31 09:47:04.636,5.12,50092,28742,33929,65535,65535,65535,65535,65535,65535
2026-07-31 09:47:04.685,5.16,50092,28742,33929,65535,65535,65535,65535,65535,65535
2026-07-31 09:47:04.733,5.21,50092,28742,33929,65535,65535,65535,65535,65535,65535
2026-07-31 09:47:04.784,5.26,50092,28742,33929,65535,65535,65535,65535,65535,65535
2026-07-31 09:47:04.831,5.31,50092,28742,33929,65535,65535,65535,65535,65535,65535
2026-07-31 09:47:04.882,5.36,50092,28742,33929,65535,65535,65535,65535,65535,65535
2026-07-31 09:47:04.930,5.41,50092,28742,33929,65535,65535,65535,65535,65535,65535
2026-07-31 09:47:04.978,5.46,50092,28742,33929,65535,65535,65535,65535,65535,65535
2026-07-31 09:47:05.030,5.51,50092,28742,25224,65535,65535,65535,65535,65535,65535
2026-07-31 09:47:05.077,5.56,61873,33830,25224,65535,65535,65535,65535,65535,65535
2026-07-31 09:47:05.125,5.6,61873,33830,25224,65535,65535,65535,65535,65535,65535
2026-07-31 09:47:05.198,5.68,61873,33830,25224,65535,65535,65535,65535,65535,65535
2026-07-31 09:47:05.247,5.73,61873,33830,25224,65535,65535,65535,65535,65535,65535
2026-07-31 09:47:05.292,5.77,61873,33830,25224,65535,65535,65535,65535,65535,65535
2026-07-31 09:47:05.344,5.82,61873,33830,25224,65535,65535,65535,65535,65535,65535
2026-07-31 09:47:05.394,5.87,61873,33830,25224,65535,65535,65535,65535,65535,65535
2026-07-31 09:47:05.443,5.92,61873,33830,25224,65535,65535,65535,65535,65535,65535
2026-07-31 09:47:05.489,5.97,61873,33830,25224,65535,65535,65535,65535,65535,65535
2026-07-31 09:47:05.533,6.01,61873,33830,25224,65535,65535,65535,65535,65535,65535
2026-07-31 09:47:05.583,6.06,61873,33830,25224,65535,65535,65535,65535,65535,65535
2026-07-31 09:47:05.630,6.11,49617,33533,33632,65535,65535,65535,65535,65535,65535
2026-07-31 09:47:05.677,6.16,49617,33533,33632,65535,65535,65535,65535,65535,65535
2026-07-31 09:47:05.723,6.2,49617,33533,33632,65535,65535,65535,65535,65535,65535
2026-07-31 09:47:05.770,6.25,49617,33533,33632,65535,65535,65535,65535,65535,65535
2026-07-31 09:47:05.821,6.3,49617,33533,33632,65535,65535,65535,65535,65535,65535
2026-07-31 09:47:05.870,6.35,49617,33533,33632,65535,65535,65535,65535,65535,65535
2026-07-31 09:47:05.917,6.4,49617,33533,33632,65535,65535,65535,65535,65535,65535
2026-07-31 09:47:05.963,6.44,49617,33533,33632,65535,65535,65535,65535,65535,65535
2026-07-31 09:47:06.009,6.49,49617,33533,33632,65535,65535,65535,65535,65535,65535
2026-07-31 09:47:06.058,6.54,49617,33533,33632,65535,65535,65535,65535,65535,65535
2026-07-31 09:47:06.109,6.59,49617,33533,33632,65535,65535,65535,65535,65535,65535
2026-07-31 09:47:06.157,6.64,49617,33533,40714,65535,65535,65535,65535,65535,65535
2026-07-31 09:47:06.210,6.69,62170,33632,40714,65535,65535,65535,65535,65535,65535
2026-07-31 09:47:06.262,6.74,62170,33632,40714,65535,65535,65535,65535,65535,65535
2026-07-31 09:47:06.313,6.79,62170,33632,40714,65535,65535,65535,65535,65535,65535
2026-07-31 09:47:06.360,6.84,62170,33632,40714,65535,65535,65535,65535,65535,65535
2026-07-31 09:47:06.411,6.89,62170,33632,40714,65535,65535,65535,65535,65535,65535
2026-07-31 09:47:06.464,6.94,62170,33632,40714,65535,65535,65535,65535,65535,65535
2026-07-31 09:47:06.515,6.99,62170,33632,40714,65535,65535,65535,65535,65535,65535
2026-07-31 09:47:06.562,7.04,62170,33632,40714,65535,65535,65535,65535,65535,65535
2026-07-31 09:47:06.609,7.09,62170,33632,40714,65535,65535,65535,65535,65535,65535
2026-07-31 09:47:06.659,7.14,62170,33632,40714,65535,65535,65535,65535,65535,65535
2026-07-31 09:47:06.709,7.19,62170,33632,40714,65535,65535,65535,65535,65535,65535
2026-07-31 09:47:06.754,7.23,62763,33632,25372,65535,65535,65535,65535,65535,65535
2026-07-31 09:47:06.802,7.28,62763,33830,25372,65535,65535,65535,65535,65535,65535
2026-07-31 09:47:06.849,7.33,62763,33830,25372,65535,65535,65535,65535,65535,65535
2026-07-31 09:47:06.898,7.38,62763,33830,25372,65535,65535,65535,65535,65535,65535
2026-07-31 09:47:06.945,7.42,62763,33830,25372,65535,65535,65535,65535,65535,65535
2026-07-31 09:47:06.994,7.47,62763,33830,25372,65535,65535,65535,65535,65535,65535
2026-07-31 09:47:07.041,7.52,62763,33830,25372,65535,65535,65535,65535,65535,65535
2026-07-31 09:47:07.090,7.57,62763,33830,25372,65535,65535,65535,65535,65535,65535
2026-07-31 09:47:07.138,7.62,62763,33830,25372,65535,65535,65535,65535,65535,65535
2026-07-31 09:47:07.184,7.66,62763,33830,25372,65535,65535,65535,65535,65535,65535
2026-07-31 09:47:07.233,7.71,62763,33830,25372,65535,65535,65535,65535,65535,65535
2026-07-31 09:47:07.277,7.76,62763,33830,25372,65535,65535,65535,65535,65535,65535
2026-07-31 09:47:07.329,7.81,62170,33632,33731,65535,65535,65535,65535,65535,65535
2026-07-31 09:47:07.376,7.86,62170,33632,33731,65535,65535,65535,65535,65535,65535
2026-07-31 09:47:07.423,7.9,62170,33632,33731,65535,65535,65535,65535,65535,65535
2026-07-31 09:47:07.468,7.95,62170,33632,33731,65535,65535,65535,65535,65535,65535
2026-07-31 09:47:07.520,8.0,62170,33632,33731,65535,65535,65535,65535,65535,65535
2026-07-31 09:47:07.570,8.05,62170,33632,33731,65535,65535,65535,65535,65535,65535
2026-07-31 09:47:07.620,8.1,62170,33632,33731,65535,65535,65535,65535,65535,65535
2026-07-31 09:47:07.668,8.15,62170,33632,33731,65535,65535,65535,65535,65535,65535
2026-07-31 09:47:07.716,8.2,62170,33632,33731,65535,65535,65535,65535,65535,65535
2026-07-31 09:47:07.782,8.26,62170,33632,33731,65535,65535,65535,65535,65535,65535
2026-07-31 09:47:07.827,8.31,62170,33632,33731,65535,65535,65535,65535,65535,65535
2026-07-31 09:47:07.874,8.35,49617,33632,40714,65535,65535,65535,65535,65535,65535
2026-07-31 09:47:07.920,8.4,49617,28827,40714,65535,65535,65535,65535,65535,65535
2026-07-31 09:47:07.969,8.45,49617,28827,40714,65535,65535,65535,65535,65535,65535
2026-07-31 09:47:08.017,8.5,49617,28827,40714,65535,65535,65535,65535,65535,65535
2026-07-31 09:47:08.065,8.54,49617,28827,40714,65535,65535,65535,65535,65535,65535
2026-07-31 09:47:08.113,8.59,49617,28827,40714,65535,65535,65535,65535,65535,65535
2026-07-31 09:47:08.160,8.64,49617,28827,40714,65535,65535,65535,65535,65535,65535
2026-07-31 09:47:08.204,8.68,49617,28827,40714,65535,65535,65535,65535,65535,65535
2026-07-31 09:47:08.252,8.73,49617,28827,40714,65535,65535,65535,65535,65535,65535
2026-07-31 09:47:08.298,8.78,49617,28827,40714,65535,65535,65535,65535,65535,65535
2026-07-31 09:47:08.351,8.83,49617,28827,40714,65535,65535,65535,65535,65535,65535
2026-07-31 09:47:08.402,8.88,49617,28827,40714,65535,65535,65535,65535,65535,65535
2026-07-31 09:47:08.448,8.93,49973,33632,40477,65535,65535,65535,65535,65535,65535
2026-07-31 09:47:08.497,8.98,49973,33632,40477,65535,65535,65535,65535,65535,65535
2026-07-31 09:47:08.545,9.02,49973,33632,40477,65535,65535,65535,65535,65535,65535
2026-07-31 09:47:08.595,9.07,49973,33632,40477,65535,65535,65535,65535,65535,65535
2026-07-31 09:47:08.647,9.13,49973,33632,40477,65535,65535,65535,65535,65535,65535
2026-07-31 09:47:08.691,9.17,49973,33632,40477,65535,65535,65535,65535,65535,65535
2026-07-31 09:47:08.742,9.22,49973,33632,40477,65535,65535,65535,65535,65535,65535
2026-07-31 09:47:08.788,9.27,49973,33632,40477,65535,65535,65535,65535,65535,65535
2026-07-31 09:47:08.838,9.32,49973,33632,40477,65535,65535,65535,65535,65535,65535
2026-07-31 09:47:08.882,9.36,49973,33632,40477,65535,65535,65535,65535,65535,65535
2026-07-31 09:47:08.931,9.41,49973,33632,40477,65535,65535,65535,65535,65535,65535
2026-07-31 09:47:08.975,9.45,49973,33632,40714,65535,65535,65535,65535,65535,65535
2026-07-31 09:47:09.028,9.51,61873,28742,40714,65535,65535,65535,65535,65535,65535
2026-07-31 09:47:09.080,9.56,61873,28742,40714,65535,65535,65535,65535,65535,65535
2026-07-31 09:47:09.124,9.6,61873,28742,40714,65535,65535,65535,65535,65535,65535
2026-07-31 09:47:09.171,9.65,61873,28742,40714,65535,65535,65535,65535,65535,65535
2026-07-31 09:47:09.219,9.7,61873,28742,40714,65535,65535,65535,65535,65535,65535
2026-07-31 09:47:09.270,9.75,61873,28742,40714,65535,65535,65535,65535,65535,65535
2026-07-31 09:47:09.315,9.79,61873,28742,40714,65535,65535,65535,65535,65535,65535
2026-07-31 09:47:09.366,9.85,61873,28742,40714,65535,65535,65535,65535,65535,65535
2026-07-31 09:47:09.416,9.9,61873,28742,40714,65535,65535,65535,65535,65535,65535
2026-07-31 09:47:09.463,9.94,61873,28742,40714,65535,65535,65535,65535,65535,65535
2026-07-31 09:47:09.514,9.99,61873,28742,40714,65535,65535,65535,65535,65535,65535
2026-07-31 09:47:09.563,10.04,62467,28742,33929,65535,65535,65535,65535,65535,65535
2026-07-31 09:47:09.609,10.09,62467,16816,33929,65535,65535,65535,65535,65535,65535
2026-07-31 09:47:09.659,10.14,62467,16816,33929,65535,65535,65535,65535,65535,65535
2026-07-31 09:47:09.707,10.19,62467,16816,33929,65535,65535,65535,65535,65535,65535
2026-07-31 09:47:09.752,10.23,62467,16816,33929,65535,65535,65535,65535,65535,65535
2026-07-31 09:47:09.812,10.29,62467,16816,33929,65535,65535,65535,65535,65535,65535
2026-07-31 09:47:09.861,10.34,62467,16816,33929,65535,65535,65535,65535,65535,65535
2026-07-31 09:47:09.912,10.39,62467,16816,33929,65535,65535,65535,65535,65535,65535
2026-07-31 09:47:09.960,10.44,62467,16816,33929,65535,65535,65535,65535,65535,65535
2026-07-31 09:47:10.004,10.48,62467,16816,33929,65535,65535,65535,65535,65535,65535
2026-07-31 09:47:10.054,10.53,62467,16816,33929,65535,65535,65535,65535,65535,65535
2026-07-31 09:47:10.102,10.58,62467,16816,33632,65535,65535,65535,65535,65535,65535
2026-07-31 09:47:10.151,10.63,49855,28827,33632,65535,65535,65535,65535,65535,65535
2026-07-31 09:47:10.196,10.68,49855,28827,33632,65535,65535,65535,65535,65535,65535
2026-07-31 09:47:10.245,10.72,49855,28827,33632,65535,65535,65535,65535,65535,65535
2026-07-31 09:47:10.296,10.78,49855,28827,33632,65535,65535,65535,65535,65535,65535
2026-07-31 09:47:10.345,10.82,49855,28827,33632,65535,65535,65535,65535,65535,65535
2026-07-31 09:47:10.390,10.87,49855,28827,33632,65535,65535,65535,65535,65535,65535
2026-07-31 09:47:10.439,10.92,49855,28827,33632,65535,65535,65535,65535,65535,65535
2026-07-31 09:47:10.488,10.97,49855,28827,33632,65535,65535,65535,65535,65535,65535
2026-07-31 09:47:10.537,11.02,49855,28827,33632,65535,65535,65535,65535,65535,65535
2026-07-31 09:47:10.592,11.07,49855,28827,33632,65535,65535,65535,65535,65535,65535
2026-07-31 09:47:10.642,11.12,49855,28827,33632,65535,65535,65535,65535,65535,65535
2026-07-31 09:47:10.693,11.17,61131,28827,40714,65535,65535,65535,65535,65535,65535
2026-07-31 09:47:10.745,11.22,61131,33830,40714,65535,65535,65535,65535,65535,65535
2026-07-31 09:47:10.797,11.28,61131,33830,40714,65535,65535,65535,65535,65535,65535
2026-07-31 09:47:10.841,11.32,61131,33830,40714,65535,65535,65535,65535,65535,65535
2026-07-31 09:47:10.892,11.37,61131,33830,40714,65535,65535,65535,65535,65535,65535
2026-07-31 09:47:10.942,11.42,61131,33830,40714,65535,65535,65535,65535,65535,65535
2026-07-31 09:47:10.994,11.47,61131,33830,40714,65535,65535,65535,65535,65535,65535
2026-07-31 09:47:11.046,11.53,61131,33830,40714,65535,65535,65535,65535,65535,65535
2026-07-31 09:47:11.093,11.57,61131,33830,40714,65535,65535,65535,65535,65535,65535
2026-07-31 09:47:11.143,11.62,61131,33830,40714,65535,65535,65535,65535,65535,65535
2026-07-31 09:47:11.192,11.67,61131,33830,40714,65535,65535,65535,65535,65535,65535
2026-07-31 09:47:11.237,11.72,61131,33830,40358,65535,65535,65535,65535,65535,65535
2026-07-31 09:47:11.282,11.76,49855,33632,40358,65535,65535,65535,65535,65535,65535
2026-07-31 09:47:11.333,11.81,49855,33632,40358,65535,65535,65535,65535,65535,65535
2026-07-31 09:47:11.383,11.86,49855,33632,40358,65535,65535,65535,65535,65535,65535
2026-07-31 09:47:11.427,11.91,49855,33632,40358,65535,65535,65535,65535,65535,65535
2026-07-31 09:47:11.475,11.95,49855,33632,40358,65535,65535,65535,65535,65535,65535
2026-07-31 09:47:11.522,12.0,49855,33632,40358,65535,65535,65535,65535,65535,65535
2026-07-31 09:47:11.576,12.06,49855,33632,40358,65535,65535,65535,65535,65535,65535
2026-07-31 09:47:11.621,12.1,49855,33632,40358,65535,65535,65535,65535,65535,65535
2026-07-31 09:47:11.672,12.15,49855,33632,40358,65535,65535,65535,65535,65535,65535
2026-07-31 09:47:11.724,12.2,49855,33632,40358,65535,65535,65535,65535,65535,65535
2026-07-31 09:47:11.777,12.26,49855,33632,40358,65535,65535,65535,65535,65535,65535
2026-07-31 09:47:11.828,12.31,62022,33632,40714,65535,65535,65535,65535,65535,65535
2026-07-31 09:47:11.872,12.35,62022,28742,40714,65535,65535,65535,65535,65535,65535
2026-07-31 09:47:11.923,12.4,62022,28742,40714,65535,65535,65535,65535,65535,65535
2026-07-31 09:47:11.975,12.45,62022,28742,40714,65535,65535,65535,65535,65535,65535
2026-07-31 09:47:12.024,12.5,62022,28742,40714,65535,65535,65535,65535,65535,65535
2026-07-31 09:47:12.073,12.55,62022,28742,40714,65535,65535,65535,65535,65535,65535
2026-07-31 09:47:12.119,12.6,62022,28742,40714,65535,65535,65535,65535,65535,65535
2026-07-31 09:47:12.166,12.65,62022,28742,40714,65535,65535,65535,65535,65535,65535
2026-07-31 09:47:12.217,12.7,62022,28742,40714,65535,65535,65535,65535,65535,65535
2026-07-31 09:47:12.265,12.74,62022,28742,40714,65535,65535,65535,65535,65535,65535
2026-07-31 09:47:12.314,12.79,62022,28742,40714,65535,65535,65535,65535,65535,65535
2026-07-31 09:47:12.362,12.84,62022,28742,40714,65535,65535,65535,65535,65535,65535
2026-07-31 09:47:12.412,12.89,63060,28997,40714,65535,65535,65535,65535,65535,65535
2026-07-31 09:47:12.458,12.94,63060,28997,40714,65535,65535,65535,65535,65535,65535
2026-07-31 09:47:12.508,12.99,63060,28997,40714,65535,65535,65535,65535,65535,65535
2026-07-31 09:47:12.553,13.03,63060,28997,40714,65535,65535,65535,65535,65535,65535
2026-07-31 09:47:12.605,13.08,63060,28997,40714,65535,65535,65535,65535,65535,65535
2026-07-31 09:47:12.661,13.14,63060,28997,40714,65535,65535,65535,65535,65535,65535
2026-07-31 09:47:12.711,13.19,63060,28997,40714,65535,65535,65535,65535,65535,65535
2026-07-31 09:47:12.762,13.24,63060,28997,40714,65535,65535,65535,65535,65535,65535
2026-07-31 09:47:12.809,13.29,63060,28997,40714,65535,65535,65535,65535,65535,65535
2026-07-31 09:47:12.853,13.33,63060,28997,40714,65535,65535,65535,65535,65535,65535
2026-07-31 09:47:12.904,13.38,63060,28997,40714,65535,65535,65535,65535,65535,65535
2026-07-31 09:47:12.955,13.43,49973,28827,40358,65535,65535,65535,65535,65535,65535
2026-07-31 09:47:13.006,13.49,49973,28827,40358,65535,65535,65535,65535,65535,65535
2026-07-31 09:47:13.057,13.54,49973,28827,40358,65535,65535,65535,65535,65535,65535
2026-07-31 09:47:13.101,13.58,49973,28827,40358,65535,65535,65535,65535,65535,65535
2026-07-31 09:47:13.155,13.63,49973,28827,40358,65535,65535,65535,65535,65535,65535
2026-07-31 09:47:13.204,13.68,49973,28827,40358,65535,65535,65535,65535,65535,65535
2026-07-31 09:47:13.254,13.73,49973,28827,40358,65535,65535,65535,65535,65535,65535
2026-07-31 09:47:13.299,13.78,49973,28827,40358,65535,65535,65535,65535,65535,65535
2026-07-31 09:47:13.347,13.83,49973,28827,40358,65535,65535,65535,65535,65535,65535
2026-07-31 09:47:13.396,13.88,49973,28827,40358,65535,65535,65535,65535,65535,65535
2026-07-31 09:47:13.446,13.93,49973,28827,40358,65535,65535,65535,65535,65535,65535
2026-07-31 09:47:13.495,13.97,49973,28827,40714,65535,65535,65535,65535,65535,65535
2026-07-31 09:47:13.541,14.02,62318,33632,40714,65535,65535,65535,65535,65535,65535
2026-07-31 09:47:13.587,14.07,62318,33632,40714,65535,65535,65535,65535,65535,65535
2026-07-31 09:47:13.636,14.12,62318,33632,40714,65535,65535,65535,65535,65535,65535
2026-07-31 09:47:13.685,14.16,62318,33632,40714,65535,65535,65535,65535,65535,65535
2026-07-31 09:47:13.734,14.21,62318,33632,40714,65535,65535,65535,65535,65535,65535
2026-07-31 09:47:13.779,14.26,62318,33632,40714,65535,65535,65535,65535,65535,65535
2026-07-31 09:47:13.827,14.31,62318,33632,40714,65535,65535,65535,65535,65535,65535
2026-07-31 09:47:13.878,14.36,62318,33632,40714,65535,65535,65535,65535,65535,65535
2026-07-31 09:47:13.929,14.41,62318,33632,40714,65535,65535,65535,65535,65535,65535
2026-07-31 09:47:13.976,14.46,62318,33632,40714,65535,65535,65535,65535,65535,65535
2026-07-31 09:47:14.026,14.51,62318,33632,40714,65535,65535,65535,65535,65535,65535
2026-07-31 09:47:14.070,14.55,49973,33632,33533,65535,65535,65535,65535,65535,65535
2026-07-31 09:47:14.114,14.59,49973,28827,33533,65535,65535,65535,65535,65535,65535
2026-07-31 09:47:14.163,14.64,49973,28827,33533,65535,65535,65535,65535,65535,65535
2026-07-31 09:47:14.210,14.69,49973,28827,33533,65535,65535,65535,65535,65535,65535
2026-07-31 09:47:14.259,14.74,49973,28827,33533,65535,65535,65535,65535,65535,65535
2026-07-31 09:47:14.304,14.78,49973,28827,33533,65535,65535,65535,65535,65535,65535
2026-07-31 09:47:14.354,14.83,49973,28827,33533,65535,65535,65535,65535,65535,65535
2026-07-31 09:47:14.399,14.88,49973,28827,33533,65535,65535,65535,65535,65535,65535
2026-07-31 09:47:14.449,14.93,49973,28827,33533,65535,65535,65535,65535,65535,65535
2026-07-31 09:47:14.497,14.98,49973,28827,33533,65535,65535,65535,65535,65535,65535
2026-07-31 09:47:14.544,15.02,49973,28827,33533,65535,65535,65535,65535,65535,65535
2026-07-31 09:47:14.591,15.07,49973,28827,33533,65535,65535,65535,65535,65535,65535
2026-07-31 09:47:14.639,15.12,62170,28827,33929,65535,65535,65535,65535,65535,65535
2026-07-31 09:47:14.690,15.17,62170,33632,33929,65535,65535,65535,65535,65535,65535
2026-07-31 09:47:14.733,15.21,62170,33632,33929,65535,65535,65535,65535,65535,65535
2026-07-31 09:47:14.781,15.26,62170,33632,33929,65535,65535,65535,65535,65535,65535
2026-07-31 09:47:14.829,15.31,62170,33632,33929,65535,65535,65535,65535,65535,65535
2026-07-31 09:47:14.882,15.36,62170,33632,33929,65535,65535,65535,65535,65535,65535
2026-07-31 09:47:14.930,15.41,62170,33632,33929,65535,65535,65535,65535,65535,65535
2026-07-31 09:47:14.978,15.46,62170,33632,33929,65535,65535,65535,65535,65535,65535
2026-07-31 09:47:15.028,15.51,62170,33632,33929,65535,65535,65535,65535,65535,65535
2026-07-31 09:47:15.072,15.55,62170,33632,33929,65535,65535,65535,65535,65535,65535
2026-07-31 09:47:15.119,15.6,62170,33632,33929,65535,65535,65535,65535,65535,65535
2026-07-31 09:47:15.169,15.65,62170,33632,33929,65535,65535,65535,65535,65535,65535
2026-07-31 09:47:15.222,15.7,49973,28742,40714,65535,65535,65535,65535,65535,65535
2026-07-31 09:47:15.275,15.75,49973,28742,40714,65535,65535,65535,65535,65535,65535
2026-07-31 09:47:15.327,15.81,49973,28742,40714,65535,65535,65535,65535,65535,65535
2026-07-31 09:47:15.378,15.86,49973,28742,40714,65535,65535,65535,65535,65535,65535
2026-07-31 09:47:15.429,15.91,49973,28742,40714,65535,65535,65535,65535,65535,65535
2026-07-31 09:47:15.477,15.96,49973,28742,40714,65535,65535,65535,65535,65535,65535
2026-07-31 09:47:15.526,16.01,49973,28742,40714,65535,65535,65535,65535,65535,65535
2026-07-31 09:47:15.573,16.05,49973,28742,40714,65535,65535,65535,65535,65535,65535
2026-07-31 09:47:15.618,16.1,49973,28742,40714,65535,65535,65535,65535,65535,65535
2026-07-31 09:47:15.667,16.15,49973,28742,40714,65535,65535,65535,65535,65535,65535
2026-07-31 09:47:15.714,16.19,49973,28742,40714,65535,65535,65535,65535,65535,65535
2026-07-31 09:47:15.765,16.24,49973,28742,33929,65535,65535,65535,65535,65535,65535
2026-07-31 09:47:15.812,16.29,49973,33533,33929,65535,65535,65535,65535,65535,65535
2026-07-31 09:47:15.857,16.34,49973,33533,33929,65535,65535,65535,65535,65535,65535
2026-07-31 09:47:15.905,16.38,49973,33533,33929,65535,65535,65535,65535,65535,65535
2026-07-31 09:47:15.955,16.43,49973,33533,33929,65535,65535,65535,65535,65535,65535
2026-07-31 09:47:16.000,16.48,49973,33533,33929,65535,65535,65535,65535,65535,65535
2026-07-31 09:47:16.048,16.53,49973,33533,33929,65535,65535,65535,65535,65535,65535
2026-07-31 09:47:16.099,16.58,49973,33533,33929,65535,65535,65535,65535,65535,65535
2026-07-31 09:47:16.146,16.63,49973,33533,33929,65535,65535,65535,65535,65535,65535
2026-07-31 09:47:16.195,16.67,49973,33533,33929,65535,65535,65535,65535,65535,65535
2026-07-31 09:47:16.248,16.73,49973,33533,33929,65535,65535,65535,65535,65535,65535
2026-07-31 09:47:16.302,16.78,49973,33533,33929,65535,65535,65535,65535,65535,65535
2026-07-31 09:47:16.355,16.84,61131,33929,40714,65535,65535,65535,65535,65535,65535
2026-07-31 09:47:16.403,16.88,61131,33929,40714,65535,65535,65535,65535,65535,65535
2026-07-31 09:47:16.456,16.94,61131,33929,40714,65535,65535,65535,65535,65535,65535
2026-07-31 09:47:16.503,16.98,61131,33929,40714,65535,65535,65535,65535,65535,65535
2026-07-31 09:47:16.576,17.06,61131,33929,40714,65535,65535,65535,65535,65535,65535
2026-07-31 09:47:16.620,17.1,61131,33929,40714,65535,65535,65535,65535,65535,65535
2026-07-31 09:47:16.670,17.15,61131,33929,40714,65535,65535,65535,65535,65535,65535
2026-07-31 09:47:16.714,17.19,61131,33929,40714,65535,65535,65535,65535,65535,65535
2026-07-31 09:47:16.766,17.25,61131,33929,40714,65535,65535,65535,65535,65535,65535
2026-07-31 09:47:16.810,17.29,61131,33929,40714,65535,65535,65535,65535,65535,65535
2026-07-31 09:47:16.864,17.34,61131,33929,40714,65535,65535,65535,65535,65535,65535
2026-07-31 09:47:16.911,17.39,62467,28742,40358,65535,65535,65535,65535,65535,65535
2026-07-31 09:47:16.959,17.44,62467,28742,40358,65535,65535,65535,65535,65535,65535
2026-07-31 09:47:17.010,17.49,62467,28742,40358,65535,65535,65535,65535,65535,65535
2026-07-31 09:47:17.054,17.53,62467,28742,40358,65535,65535,65535,65535,65535,65535
2026-07-31 09:47:17.103,17.58,62467,28742,40358,65535,65535,65535,65535,65535,65535
2026-07-31 09:47:17.155,17.63,62467,28742,40358,65535,65535,65535,65535,65535,65535
2026-07-31 09:47:17.204,17.68,62467,28742,40358,65535,65535,65535,65535,65535,65535
2026-07-31 09:47:17.262,17.74,62467,28742,40358,65535,65535,65535,65535,65535,65535
2026-07-31 09:47:17.309,17.79,62467,28742,40358,65535,65535,65535,65535,65535,65535
2026-07-31 09:47:17.392,17.87,62467,28742,40358,65535,65535,65535,65535,65535,65535
2026-07-31 09:47:17.443,17.92,62467,28742,40714,65535,65535,65535,65535,65535,65535
2026-07-31 09:47:17.489,17.97,62467,28827,40714,65535,65535,65535,65535,65535,65535
2026-07-31 09:47:17.542,18.02,62467,28827,40714,65535,65535,65535,65535,65535,65535
2026-07-31 09:47:17.594,18.07,62467,28827,40714,65535,65535,65535,65535,65535,65535
2026-07-31 09:47:17.640,18.12,62467,28827,40714,65535,65535,65535,65535,65535,65535
2026-07-31 09:47:17.694,18.17,62467,28827,40714,65535,65535,65535,65535,65535,65535
2026-07-31 09:47:17.737,18.22,62467,28827,40714,65535,65535,65535,65535,65535,65535
2026-07-31 09:47:17.788,18.27,62467,28827,40714,65535,65535,65535,65535,65535,65535
2026-07-31 09:47:17.834,18.31,62467,28827,40714,65535,65535,65535,65535,65535,65535
2026-07-31 09:47:17.885,18.36,62467,28827,40714,65535,65535,65535,65535,65535,65535
2026-07-31 09:47:17.936,18.42,62467,28827,40714,65535,65535,65535,65535,65535,65535
2026-07-31 09:47:17.981,18.46,62467,28827,40714,65535,65535,65535,65535,65535,65535
2026-07-31 09:47:18.032,18.51,50211,28827,33929,65535,65535,65535,65535,65535,65535
2026-07-31 09:47:18.086,18.57,50211,28997,33929,65535,65535,65535,65535,65535,65535
2026-07-31 09:47:18.133,18.61,50211,28997,33929,65535,65535,65535,65535,65535,65535
2026-07-31 09:47:18.209,18.69,50211,28997,33929,65535,65535,65535,65535,65535,65535
2026-07-31 09:47:18.256,18.74,50211,28997,33929,65535,65535,65535,65535,65535,65535
2026-07-31 09:47:18.313,18.79,50211,28997,33929,65535,65535,65535,65535,65535,65535
2026-07-31 09:47:18.360,18.84,50211,28997,33929,65535,65535,65535,65535,65535,65535
2026-07-31 09:47:18.406,18.89,50211,28997,33929,65535,65535,65535,65535,65535,65535
2026-07-31 09:47:18.452,18.93,50211,28997,33929,65535,65535,65535,65535,65535,65535
2026-07-31 09:47:18.505,18.98,50211,28997,33929,65535,65535,65535,65535,65535,65535
2026-07-31 09:47:18.554,19.03,50211,28997,33929,65535,65535,65535,65535,65535,65535
2026-07-31 09:47:18.603,19.08,62170,28742,40714,65535,65535,65535,65535,65535,65535
2026-07-31 09:47:18.648,19.13,62170,28742,40714,65535,65535,65535,65535,65535,65535
2026-07-31 09:47:18.697,19.18,62170,28742,40714,65535,65535,65535,65535,65535,65535
2026-07-31 09:47:18.745,19.22,62170,28742,40714,65535,65535,65535,65535,65535,65535
2026-07-31 09:47:18.794,19.27,62170,28742,40714,65535,65535,65535,65535,65535,65535
2026-07-31 09:47:18.845,19.32,62170,28742,40714,65535,65535,65535,65535,65535,65535
2026-07-31 09:47:18.896,19.38,62170,28742,40714,65535,65535,65535,65535,65535,65535
2026-07-31 09:47:18.945,19.42,62170,28742,40714,65535,65535,65535,65535,65535,65535
2026-07-31 09:47:18.994,19.47,62170,28742,40714,65535,65535,65535,65535,65535,65535
2026-07-31 09:47:19.043,19.52,62170,28742,40714,65535,65535,65535,65535,65535,65535
2026-07-31 09:47:19.093,19.57,62170,28742,40714,65535,65535,65535,65535,65535,65535
2026-07-31 09:47:19.143,19.62,62170,28742,40714,65535,65535,65535,65535,65535,65535
2026-07-31 09:47:19.193,19.67,49973,28827,40714,65535,65535,65535,65535,65535,65535
2026-07-31 09:47:19.246,19.73,49973,28827,40714,65535,65535,65535,65535,65535,65535
2026-07-31 09:47:19.294,19.77,49973,28827,40714,65535,65535,65535,65535,65535,65535
2026-07-31 09:47:19.345,19.82,49973,28827,40714,65535,65535,65535,65535,65535,65535
2026-07-31 09:47:19.391,19.87,49973,28827,40714,65535,65535,65535,65535,65535,65535
2026-07-31 09:47:19.439,19.92,49973,28827,40714,65535,65535,65535,65535,65535,65535
2026-07-31 09:47:19.487,19.97,49973,28827,40714,65535,65535,65535,65535,65535,65535
2026-07-31 09:47:19.537,20.02,49973,28827,40714,65535,65535,65535,65535,65535,65535
2026-07-31 09:47:19.590,20.07,49973,28827,40714,65535,65535,65535,65535,65535,65535
2026-07-31 09:47:19.646,20.13,49973,28827,40714,65535,65535,65535,65535,65535,65535
2026-07-31 09:47:19.691,20.17,49973,28827,40714,65535,65535,65535,65535,65535,65535
2026-07-31 09:47:19.743,20.22,62467,28827,40714,65535,65535,65535,65535,65535,65535
2026-07-31 09:47:19.810,20.29,62467,28827,40714,65535,65535,65535,65535,65535,65535
2026-07-31 09:47:19.862,20.34,62467,28827,40714,65535,65535,65535,65535,65535,65535
2026-07-31 09:47:19.909,20.39,62467,28827,40714,65535,65535,65535,65535,65535,65535
2026-07-31 09:47:19.958,20.44,62467,28827,40714,65535,65535,65535,65535,65535,65535
2026-07-31 09:47:20.007,20.49,62467,28827,40714,65535,65535,65535,65535,65535,65535
2026-07-31 09:47:20.058,20.54,62467,28827,40714,65535,65535,65535,65535,65535,65535
2026-07-31 09:47:20.103,20.58,62467,28827,40714,65535,65535,65535,65535,65535,65535
2026-07-31 09:47:20.152,20.63,62467,28827,40714,65535,65535,65535,65535,65535,65535
2026-07-31 09:47:20.205,20.68,62467,28827,40714,65535,65535,65535,65535,65535,65535
2026-07-31 09:47:20.254,20.73,62467,28827,33929,65535,65535,65535,65535,65535,65535
2026-07-31 09:47:20.305,20.78,62318,28827,33929,65535,65535,65535,65535,65535,65535
2026-07-31 09:47:20.355,20.83,62318,28827,33929,65535,65535,65535,65535,65535,65535
2026-07-31 09:47:20.401,20.88,62318,28827,33929,65535,65535,65535,65535,65535,65535
2026-07-31 09:47:20.452,20.93,62318,28827,33929,65535,65535,65535,65535,65535,65535
2026-07-31 09:47:20.502,20.98,62318,28827,33929,65535,65535,65535,65535,65535,65535
2026-07-31 09:47:20.552,21.03,62318,28827,33929,65535,65535,65535,65535,65535,65535
2026-07-31 09:47:20.598,21.08,62318,28827,33929,65535,65535,65535,65535,65535,65535
2026-07-31 09:47:20.647,21.13,62318,28827,33929,65535,65535,65535,65535,65535,65535
2026-07-31 09:47:20.692,21.17,62318,28827,33929,65535,65535,65535,65535,65535,65535
2026-07-31 09:47:20.741,21.22,62318,28827,33929,65535,65535,65535,65535,65535,65535
2026-07-31 09:47:20.794,21.27,62318,28827,33929,65535,65535,65535,65535,65535,65535
2026-07-31 09:47:20.843,21.32,63209,28827,33929,65535,65535,65535,65535,65535,65535
2026-07-31 09:47:20.895,21.37,63209,33533,33929,65535,65535,65535,65535,65535,65535
2026-07-31 09:47:20.944,21.42,63209,33533,33929,65535,65535,65535,65535,65535,65535
2026-07-31 09:47:20.992,21.47,63209,33533,33929,65535,65535,65535,65535,65535,65535
2026-07-31 09:47:21.044,21.52,63209,33533,33929,65535,65535,65535,65535,65535,65535
2026-07-31 09:47:21.093,21.57,63209,33533,33929,65535,65535,65535,65535,65535,65535
2026-07-31 09:47:21.145,21.62,63209,33533,33929,65535,65535,65535,65535,65535,65535
2026-07-31 09:47:21.194,21.67,63209,33533,33929,65535,65535,65535,65535,65535,65535
2026-07-31 09:47:21.240,21.72,63209,33533,33929,65535,65535,65535,65535,65535,65535
2026-07-31 09:47:21.290,21.77,63209,33533,33929,65535,65535,65535,65535,65535,65535
2026-07-31 09:47:21.336,21.82,63209,33533,33929,65535,65535,65535,65535,65535,65535
2026-07-31 09:47:21.386,21.87,63209,33533,33830,65535,65535,65535,65535,65535,65535
2026-07-31 09:47:21.428,21.91,62318,28742,33830,65535,65535,65535,65535,65535,65535
2026-07-31 09:47:21.480,21.96,62318,28742,33830,65535,65535,65535,65535,65535,65535
2026-07-31 09:47:21.526,22.01,62318,28742,33830,65535,65535,65535,65535,65535,65535
2026-07-31 09:47:21.577,22.06,62318,28742,33830,65535,65535,65535,65535,65535,65535
2026-07-31 09:47:21.626,22.11,62318,28742,33830,65535,65535,65535,65535,65535,65535
2026-07-31 09:47:21.672,22.15,62318,28742,33830,65535,65535,65535,65535,65535,65535
2026-07-31 09:47:21.722,22.2,62318,28742,33830,65535,65535,65535,65535,65535,65535
2026-07-31 09:47:21.770,22.25,62318,28742,33830,65535,65535,65535,65535,65535,65535
2026-07-31 09:47:21.819,22.3,62318,28742,33830,65535,65535,65535,65535,65535,65535
2026-07-31 09:47:21.863,22.34,62318,28742,33830,65535,65535,65535,65535,65535,65535
2026-07-31 09:47:21.914,22.39,62318,28742,33830,65535,65535,65535,65535,65535,65535
2026-07-31 09:47:21.960,22.44,62318,28742,33929,65535,65535,65535,65535,65535,65535
2026-07-31 09:47:22.013,22.49,49498,28997,33929,65535,65535,65535,65535,65535,65535
2026-07-31 09:47:22.065,22.54,49498,28997,33929,65535,65535,65535,65535,65535,65535
2026-07-31 09:47:22.114,22.59,49498,28997,33929,65535,65535,65535,65535,65535,65535
2026-07-31 09:47:22.167,22.65,49498,28997,33929,65535,65535,65535,65535,65535,65535
2026-07-31 09:47:22.215,22.69,49498,28997,33929,65535,65535,65535,65535,65535,65535
2026-07-31 09:47:22.260,22.74,49498,28997,33929,65535,65535,65535,65535,65535,65535
2026-07-31 09:47:22.308,22.79,49498,28997,33929,65535,65535,65535,65535,65535,65535
2026-07-31 09:47:22.355,22.83,49498,28997,33929,65535,65535,65535,65535,65535,65535
2026-07-31 09:47:22.407,22.89,49498,28997,33929,65535,65535,65535,65535,65535,65535
2026-07-31 09:47:22.450,22.93,49498,28997,33929,65535,65535,65535,65535,65535,65535
2026-07-31 09:47:22.507,22.99,49498,28997,33929,65535,65535,65535,65535,65535,65535
2026-07-31 09:47:22.561,23.04,62170,33632,33632,65535,65535,65535,65535,65535,65535
2026-07-31 09:47:22.612,23.09,62170,33632,33632,65535,65535,65535,65535,65535,65535
2026-07-31 09:47:22.658,23.14,62170,33632,33632,65535,65535,65535,65535,65535,65535
2026-07-31 09:47:22.705,23.18,62170,33632,33632,65535,65535,65535,65535,65535,65535
2026-07-31 09:47:22.750,23.23,62170,33632,33632,65535,65535,65535,65535,65535,65535
2026-07-31 09:47:22.803,23.28,62170,33632,33632,65535,65535,65535,65535,65535,65535
2026-07-31 09:47:22.856,23.34,62170,33632,33632,65535,65535,65535,65535,65535,65535
2026-07-31 09:47:22.906,23.39,62170,33632,33632,65535,65535,65535,65535,65535,65535
2026-07-31 09:47:22.952,23.43,62170,33632,33632,65535,65535,65535,65535,65535,65535
2026-07-31 09:47:22.999,23.48,62170,33632,33632,65535,65535,65535,65535,65535,65535
2026-07-31 09:47:23.045,23.52,62170,33632,33632,65535,65535,65535,65535,65535,65535
2026-07-31 09:47:23.094,23.57,62615,33632,33929,65535,65535,65535,65535,65535,65535
2026-07-31 09:47:23.142,23.62,62615,28742,33929,65535,65535,65535,65535,65535,65535
2026-07-31 09:47:23.188,23.67,62615,28742,33929,65535,65535,65535,65535,65535,65535
2026-07-31 09:47:23.236,23.72,62615,28742,33929,65535,65535,65535,65535,65535,65535
2026-07-31 09:47:23.283,23.76,62615,28742,33929,65535,65535,65535,65535,65535,65535
2026-07-31 09:47:23.332,23.81,62615,28742,33929,65535,65535,65535,65535,65535,65535
2026-07-31 09:47:23.382,23.86,62615,28742,33929,65535,65535,65535,65535,65535,65535
2026-07-31 09:47:23.432,23.91,62615,28742,33929,65535,65535,65535,65535,65535,65535
2026-07-31 09:47:23.484,23.96,62615,28742,33929,65535,65535,65535,65535,65535,65535
2026-07-31 09:47:23.531,24.01,62615,28742,33929,65535,65535,65535,65535,65535,65535
2026-07-31 09:47:23.586,24.07,62615,28742,33929,65535,65535,65535,65535,65535,65535
2026-07-31 09:47:23.637,24.12,62615,28742,33929,65535,65535,65535,65535,65535,65535
2026-07-31 09:47:23.686,24.17,50448,33830,33929,65535,65535,65535,65535,65535,65535
2026-07-31 09:47:23.735,24.21,50448,33830,33929,65535,65535,65535,65535,65535,65535
2026-07-31 09:47:23.784,24.26,50448,33830,33929,65535,65535,65535,65535,65535,65535
2026-07-31 09:47:23.833,24.31,50448,33830,33929,65535,65535,65535,65535,65535,65535
2026-07-31 09:47:23.881,24.36,50448,33830,33929,65535,65535,65535,65535,65535,65535
2026-07-31 09:47:23.929,24.41,50448,33830,33929,65535,65535,65535,65535,65535,65535
2026-07-31 09:47:23.976,24.46,50448,33830,33929,65535,65535,65535,65535,65535,65535
2026-07-31 09:47:24.024,24.5,50448,33830,33929,65535,65535,65535,65535,65535,65535
2026-07-31 09:47:24.078,24.56,50448,33830,33929,65535,65535,65535,65535,65535,65535
2026-07-31 09:47:24.130,24.61,50448,33830,33929,65535,65535,65535,65535,65535,65535
2026-07-31 09:47:24.177,24.66,50448,33830,33929,65535,65535,65535,65535,65535,65535
2026-07-31 09:47:24.226,24.71,62615,33830,33632,65535,65535,65535,65535,65535,65535
2026-07-31 09:47:24.273,24.75,62615,28827,33632,65535,65535,65535,65535,65535,65535
2026-07-31 09:47:24.322,24.8,62615,28827,33632,65535,65535,65535,65535,65535,65535
2026-07-31 09:47:24.374,24.85,62615,28827,33632,65535,65535,65535,65535,65535,65535
2026-07-31 09:47:24.423,24.9,62615,28827,33632,65535,65535,65535,65535,65535,65535
2026-07-31 09:47:24.472,24.95,62615,28827,33632,65535,65535,65535,65535,65535,65535
2026-07-31 09:47:24.519,25.0,62615,28827,33632,65535,65535,65535,65535,65535,65535
2026-07-31 09:47:24.567,25.05,62615,28827,33632,65535,65535,65535,65535,65535,65535
2026-07-31 09:47:24.611,25.09,62615,28827,33632,65535,65535,65535,65535,65535,65535
2026-07-31 09:47:24.662,25.14,62615,28827,33632,65535,65535,65535,65535,65535,65535
2026-07-31 09:47:24.712,25.19,62615,28827,33632,65535,65535,65535,65535,65535,65535
2026-07-31 09:47:24.762,25.24,62615,28827,33632,65535,65535,65535,65535,65535,65535
2026-07-31 09:47:24.806,25.29,62318,28827,40714,65535,65535,65535,65535,65535,65535
2026-07-31 09:47:24.855,25.33,62318,28827,40714,65535,65535,65535,65535,65535,65535
2026-07-31 09:47:24.904,25.38,62318,28827,40714,65535,65535,65535,65535,65535,65535
2026-07-31 09:47:24.955,25.44,62318,28827,40714,65535,65535,65535,65535,65535,65535
2026-07-31 09:47:25.005,25.48,62318,28827,40714,65535,65535,65535,65535,65535,65535
2026-07-31 09:47:25.053,25.53,62318,28827,40714,65535,65535,65535,65535,65535,65535
2026-07-31 09:47:25.102,25.58,62318,28827,40714,65535,65535,65535,65535,65535,65535
2026-07-31 09:47:25.152,25.63,62318,28827,40714,65535,65535,65535,65535,65535,65535
2026-07-31 09:47:25.203,25.68,62318,28827,40714,65535,65535,65535,65535,65535,65535
2026-07-31 09:47:25.253,25.73,62318,28827,40714,65535,65535,65535,65535,65535,65535
2026-07-31 09:47:25.304,25.78,62318,28827,40714,65535,65535,65535,65535,65535,65535
2026-07-31 09:47:25.355,25.83,50092,28827,28997,65535,65535,65535,65535,65535,65535
2026-07-31 09:47:25.406,25.89,50092,28827,28997,65535,65535,65535,65535,65535,65535
2026-07-31 09:47:25.453,25.93,50092,28827,28997,65535,65535,65535,65535,65535,65535
2026-07-31 09:47:25.503,25.98,50092,28827,28997,65535,65535,65535,65535,65535,65535
2026-07-31 09:47:25.556,26.04,50092,28827,28997,65535,65535,65535,65535,65535,65535
2026-07-31 09:47:25.604,26.08,50092,28827,28997,65535,65535,65535,65535,65535,65535
2026-07-31 09:47:25.656,26.14,50092,28827,28997,65535,65535,65535,65535,65535,65535
2026-07-31 09:47:25.702,26.18,50092,28827,28997,65535,65535,65535,65535,65535,65535
2026-07-31 09:47:25.749,26.23,50092,28827,28997,65535,65535,65535,65535,65535,65535
2026-07-31 09:47:25.799,26.28,50092,28827,28997,65535,65535,65535,65535,65535,65535
2026-07-31 09:47:25.850,26.33,50092,28827,28997,65535,65535,65535,65535,65535,65535
2026-07-31 09:47:25.901,26.38,50092,28827,33929,65535,65535,65535,65535,65535,65535
2026-07-31 09:47:25.947,26.43,62467,33533,33929,65535,65535,65535,65535,65535,65535
2026-07-31 09:47:25.997,26.48,62467,33533,33929,65535,65535,65535,65535,65535,65535
2026-07-31 09:47:26.047,26.53,62467,33533,33929,65535,65535,65535,65535,65535,65535
2026-07-31 09:47:26.095,26.57,62467,33533,33929,65535,65535,65535,65535,65535,65535
2026-07-31 09:47:26.140,26.62,62467,33533,33929,65535,65535,65535,65535,65535,65535
2026-07-31 09:47:26.188,26.67,62467,33533,33929,65535,65535,65535,65535,65535,65535
2026-07-31 09:47:26.237,26.72,62467,33533,33929,65535,65535,65535,65535,65535,65535
2026-07-31 09:47:26.287,26.77,62467,33533,33929,65535,65535,65535,65535,65535,65535
2026-07-31 09:47:26.337,26.82,62467,33533,33929,65535,65535,65535,65535,65535,65535
2026-07-31 09:47:26.386,26.87,62467,33533,33929,65535,65535,65535,65535,65535,65535
2026-07-31 09:47:26.443,26.92,62467,33533,33929,65535,65535,65535,65535,65535,65535
2026-07-31 09:47:26.497,26.98,61725,33533,40714,65535,65535,65535,65535,65535,65535
2026-07-31 09:47:26.544,27.02,61725,33632,40714,65535,65535,65535,65535,65535,65535
2026-07-31 09:47:26.594,27.07,61725,33632,40714,65535,65535,65535,65535,65535,65535
2026-07-31 09:47:26.639,27.12,61725,33632,40714,65535,65535,65535,65535,65535,65535
2026-07-31 09:47:26.686,27.17,61725,33632,40714,65535,65535,65535,65535,65535,65535
2026-07-31 09:47:26.734,27.21,61725,33632,40714,65535,65535,65535,65535,65535,65535
2026-07-31 09:47:26.787,27.27,61725,33632,40714,65535,65535,65535,65535,65535,65535
2026-07-31 09:47:26.838,27.32,61725,33632,40714,65535,65535,65535,65535,65535,65535
2026-07-31 09:47:26.886,27.37,61725,33632,40714,65535,65535,65535,65535,65535,65535
2026-07-31 09:47:26.935,27.41,61725,33632,40714,65535,65535,65535,65535,65535,65535
2026-07-31 09:47:26.978,27.46,61725,33632,40714,65535,65535,65535,65535,65535,65535
2026-07-31 09:47:27.027,27.51,61725,33632,40714,65535,65535,65535,65535,65535,65535
2026-07-31 09:47:27.076,27.56,62318,28742,40714,65535,65535,65535,65535,65535,65535
2026-07-31 09:47:27.124,27.6,62318,28742,40714,65535,65535,65535,65535,65535,65535
2026-07-31 09:47:27.171,27.65,62318,28742,40714,65535,65535,65535,65535,65535,65535
2026-07-31 09:47:27.217,27.7,62318,28742,40714,65535,65535,65535,65535,65535,65535
2026-07-31 09:47:27.263,27.74,62318,28742,40714,65535,65535,65535,65535,65535,65535
2026-07-31 09:47:27.312,27.79,62318,28742,40714,65535,65535,65535,65535,65535,65535
2026-07-31 09:47:27.361,27.84,62318,28742,40714,65535,65535,65535,65535,65535,65535
2026-07-31 09:47:27.406,27.89,62318,28742,40714,65535,65535,65535,65535,65535,65535
2026-07-31 09:47:27.453,27.93,62318,28742,40714,65535,65535,65535,65535,65535,65535
2026-07-31 09:47:27.506,27.99,62318,28742,40714,65535,65535,65535,65535,65535,65535
2026-07-31 09:47:27.556,28.04,62318,28742,40714,65535,65535,65535,65535,65535,65535
2026-07-31 09:47:27.609,28.09,49380,28742,40714,65535,65535,65535,65535,65535,65535
2026-07-31 09:47:27.654,28.13,49380,28997,40714,65535,65535,65535,65535,65535,65535
2026-07-31 09:47:27.706,28.19,49380,28997,40714,65535,65535,65535,65535,65535,65535
2026-07-31 09:47:27.754,28.23,49380,28997,40714,65535,65535,65535,65535,65535,65535
2026-07-31 09:47:27.806,28.29,49380,28997,40714,65535,65535,65535,65535,65535,65535
2026-07-31 09:47:27.853,28.33,49380,28997,40714,65535,65535,65535,65535,65535,65535
2026-07-31 09:47:27.901,28.38,49380,28997,40714,65535,65535,65535,65535,65535,65535
2026-07-31 09:47:27.952,28.43,49380,28997,40714,65535,65535,65535,65535,65535,65535
2026-07-31 09:47:27.998,28.48,49380,28997,40714,65535,65535,65535,65535,65535,65535
2026-07-31 09:47:28.047,28.53,49380,28997,40714,65535,65535,65535,65535,65535,65535
2026-07-31 09:47:28.092,28.57,49380,28997,40714,65535,65535,65535,65535,65535,65535
2026-07-31 09:47:28.143,28.62,49380,28997,40714,65535,65535,65535,65535,65535,65535
2026-07-31 09:47:28.191,28.67,49973,28997,33731,65535,65535,65535,65535,65535,65535
2026-07-31 09:47:28.240,28.72,49973,33533,33731,65535,65535,65535,65535,65535,65535
2026-07-31 09:47:28.287,28.77,49973,33533,33731,65535,65535,65535,65535,65535,65535
2026-07-31 09:47:28.336,28.82,49973,33533,33731,65535,65535,65535,65535,65535,65535
2026-07-31 09:47:28.381,28.86,49973,33533,33731,65535,65535,65535,65535,65535,65535
2026-07-31 09:47:28.430,28.91,49973,33533,33731,65535,65535,65535,65535,65535,65535
2026-07-31 09:47:28.483,28.96,49973,33533,33731,65535,65535,65535,65535,65535,65535
2026-07-31 09:47:28.531,29.01,49973,33533,33731,65535,65535,65535,65535,65535,65535
2026-07-31 09:47:28.584,29.06,49973,33533,33731,65535,65535,65535,65535,65535,65535
2026-07-31 09:47:28.636,29.12,49973,33533,33731,65535,65535,65535,65535,65535,65535
2026-07-31 09:47:28.684,29.16,49973,33533,33731,65535,65535,65535,65535,65535,65535
2026-07-31 09:47:28.736,29.22,62318,33533,33929,65535,65535,65535,65535,65535,65535
2026-07-31 09:47:28.787,29.27,62318,28827,33929,65535,65535,65535,65535,65535,65535
2026-07-31 09:47:28.835,29.31,62318,28827,33929,65535,65535,65535,65535,65535,65535
2026-07-31 09:47:28.887,29.37,62318,28827,33929,65535,65535,65535,65535,65535,65535
2026-07-31 09:47:28.932,29.41,62318,28827,33929,65535,65535,65535,65535,65535,65535
2026-07-31 09:47:28.984,29.46,62318,28827,33929,65535,65535,65535,65535,65535,65535
2026-07-31 09:47:29.033,29.51,62318,28827,33929,65535,65535,65535,65535,65535,65535
2026-07-31 09:47:29.082,29.56,62318,28827,33929,65535,65535,65535,65535,65535,65535
2026-07-31 09:47:29.137,29.62,62318,28827,33929,65535,65535,65535,65535,65535,65535
2026-07-31 09:47:29.186,29.67,62318,28827,33929,65535,65535,65535,65535,65535,65535
2026-07-31 09:47:29.237,29.72,62318,28827,33929,65535,65535,65535,65535,65535,65535
2026-07-31 09:47:29.288,29.77,62318,28827,33929,65535,65535,65535,65535,65535,65535
2026-07-31 09:47:29.335,29.81,50567,33830,33929,65535,65535,65535,65535,65535,65535
2026-07-31 09:47:29.384,29.86,50567,33830,33929,65535,65535,65535,65535,65535,65535
2026-07-31 09:47:29.432,29.91,50567,33830,33929,65535,65535,65535,65535,65535,65535
2026-07-31 09:47:29.483,29.96,50567,33830,33929,65535,65535,65535,65535,65535,65535
2026-07-31 09:47:29.529,30.01,50567,33830,33929,65535,65535,65535,65535,65535,65535
2026-07-31 09:47:29.577,30.06,50567,33830,33929,65535,65535,65535,65535,65535,65535
2026-07-31 09:47:29.633,30.11,50567,33830,33929,65535,65535,65535,65535,65535,65535
2026-07-31 09:47:29.679,30.16,50567,33830,33929,65535,65535,65535,65535,65535,65535
2026-07-31 09:47:29.730,30.21,50567,33830,33929,65535,65535,65535,65535,65535,65535
2026-07-31 09:47:29.779,30.26,50567,33830,33929,65535,65535,65535,65535,65535,65535
2026-07-31 09:47:29.831,30.31,50567,33830,33929,65535,65535,65535,65535,65535,65535
2026-07-31 09:47:29.886,30.37,49736,28827,40358,65535,65535,65535,65535,65535,65535
2026-07-31 09:47:29.933,30.41,49736,28827,40358,65535,65535,65535,65535,65535,65535
2026-07-31 09:47:29.979,30.46,49736,28827,40358,65535,65535,65535,65535,65535,65535
2026-07-31 09:47:30.028,30.51,49736,28827,40358,65535,65535,65535,65535,65535,65535
2026-07-31 09:47:30.074,30.55,49736,28827,40358,65535,65535,65535,65535,65535,65535
2026-07-31 09:47:30.121,30.6,49736,28827,40358,65535,65535,65535,65535,65535,65535
2026-07-31 09:47:30.167,30.65,49736,28827,40358,65535,65535,65535,65535,65535,65535
2026-07-31 09:47:30.215,30.69,49736,28827,40358,65535,65535,65535,65535,65535,65535
2026-07-31 09:47:30.262,30.74,49736,28827,40358,65535,65535,65535,65535,65535,65535
2026-07-31 09:47:30.311,30.79,49736,28827,40358,65535,65535,65535,65535,65535,65535
2026-07-31 09:47:30.363,30.84,49736,28827,40358,65535,65535,65535,65535,65535,65535
2026-07-31 09:47:30.413,30.89,49736,28827,33929,65535,65535,65535,65535,65535,65535
2026-07-31 09:47:30.462,30.94,49855,33929,33929,65535,65535,65535,65535,65535,65535
2026-07-31 09:47:30.511,30.99,49855,33929,33929,65535,65535,65535,65535,65535,65535
2026-07-31 09:47:30.556,31.04,49855,33929,33929,65535,65535,65535,65535,65535,65535
2026-07-31 09:47:30.606,31.09,49855,33929,33929,65535,65535,65535,65535,65535,65535
2026-07-31 09:47:30.659,31.14,49855,33929,33929,65535,65535,65535,65535,65535,65535
2026-07-31 09:47:30.709,31.19,49855,33929,33929,65535,65535,65535,65535,65535,65535
2026-07-31 09:47:30.757,31.24,49855,33929,33929,65535,65535,65535,65535,65535,65535
2026-07-31 09:47:30.805,31.28,49855,33929,33929,65535,65535,65535,65535,65535,65535
2026-07-31 09:47:30.850,31.33,49855,33929,33929,65535,65535,65535,65535,65535,65535
2026-07-31 09:47:30.900,31.38,49855,33929,33929,65535,65535,65535,65535,65535,65535
2026-07-31 09:47:30.950,31.43,49855,33929,33929,65535,65535,65535,65535,65535,65535
2026-07-31 09:47:30.999,31.48,49973,33929,40714,65535,65535,65535,65535,65535,65535
2026-07-31 09:47:31.044,31.52,49973,33533,40714,65535,65535,65535,65535,65535,65535
2026-07-31 09:47:31.092,31.57,49973,33533,40714,65535,65535,65535,65535,65535,65535
2026-07-31 09:47:31.139,31.62,49973,33533,40714,65535,65535,65535,65535,65535,65535
2026-07-31 09:47:31.189,31.67,49973,33533,40714,65535,65535,65535,65535,65535,65535
2026-07-31 09:47:31.234,31.71,49973,33533,40714,65535,65535,65535,65535,65535,65535
2026-07-31 09:47:31.282,31.76,49973,33533,40714,65535,65535,65535,65535,65535,65535
2026-07-31 09:47:31.332,31.81,49973,33533,40714,65535,65535,65535,65535,65535,65535
2026-07-31 09:47:31.381,31.86,49973,33533,40714,65535,65535,65535,65535,65535,65535
2026-07-31 09:47:31.432,31.91,49973,33533,40714,65535,65535,65535,65535,65535,65535
2026-07-31 09:47:31.476,31.96,49973,33533,40714,65535,65535,65535,65535,65535,65535
2026-07-31 09:47:31.525,32.0,49973,33533,40714,65535,65535,65535,65535,65535,65535
2026-07-31 09:47:31.573,32.05,49855,33533,33533,65535,65535,65535,65535,65535,65535
2026-07-31 09:47:31.620,32.1,49855,33632,33533,65535,65535,65535,65535,65535,65535
2026-07-31 09:47:31.666,32.15,49855,33632,33533,65535,65535,65535,65535,65535,65535
2026-07-31 09:47:31.714,32.19,49855,33632,33533,65535,65535,65535,65535,65535,65535
2026-07-31 09:47:31.763,32.24,49855,33632,33533,65535,65535,65535,65535,65535,65535
2026-07-31 09:47:31.811,32.29,49855,33632,33533,65535,65535,65535,65535,65535,65535
2026-07-31 09:47:31.859,32.34,49855,33632,33533,65535,65535,65535,65535,65535,65535
2026-07-31 09:47:31.905,32.39,49855,33632,33533,65535,65535,65535,65535,65535,65535
2026-07-31 09:47:31.957,32.44,49855,33632,33533,65535,65535,65535,65535,65535,65535
2026-07-31 09:47:32.011,32.49,49855,33632,33533,65535,65535,65535,65535,65535,65535
2026-07-31 09:47:32.064,32.54,49855,33632,33533,65535,65535,65535,65535,65535,65535
2026-07-31 09:47:32.115,32.59,49855,33632,33929,65535,65535,65535,65535,65535,65535
2026-07-31 09:47:32.162,32.64,49855,33533,33929,65535,65535,65535,65535,65535,65535
2026-07-31 09:47:32.212,32.69,49855,33533,33929,65535,65535,65535,65535,65535,65535
2026-07-31 09:47:32.265,32.74,49855,33533,33929,65535,65535,65535,65535,65535,65535
2026-07-31 09:47:32.312,32.79,49855,33533,33929,65535,65535,65535,65535,65535,65535
2026-07-31 09:47:32.357,32.84,49855,33533,33929,65535,65535,65535,65535,65535,65535
2026-07-31 09:47:32.406,32.89,49855,33533,33929,65535,65535,65535,65535,65535,65535
2026-07-31 09:47:32.454,32.93,49855,33533,33929,65535,65535,65535,65535,65535,65535
2026-07-31 09:47:32.501,32.98,49855,33533,33929,65535,65535,65535,65535,65535,65535
2026-07-31 09:47:32.551,33.03,49855,33533,33929,65535,65535,65535,65535,65535,65535
2026-07-31 09:47:32.598,33.08,49855,33533,33929,65535,65535,65535,65535,65535,65535
2026-07-31 09:47:32.647,33.13,49855,33533,33929,65535,65535,65535,65535,65535,65535
2026-07-31 09:47:32.694,33.17,50092,33533,40714,65535,65535,65535,65535,65535,65535
2026-07-31 09:47:32.743,33.22,50092,33533,40714,65535,65535,65535,65535,65535,65535
2026-07-31 09:47:32.788,33.27,50092,33533,40714,65535,65535,65535,65535,65535,65535
2026-07-31 09:47:32.835,33.31,50092,33533,40714,65535,65535,65535,65535,65535,65535
2026-07-31 09:47:32.889,33.37,50092,33533,40714,65535,65535,65535,65535,65535,65535
2026-07-31 09:47:32.937,33.42,50092,33533,40714,65535,65535,65535,65535,65535,65535
2026-07-31 09:47:32.990,33.47,50092,33533,40714,65535,65535,65535,65535,65535,65535
2026-07-31 09:47:33.042,33.52,50092,33533,40714,65535,65535,65535,65535,65535,65535
2026-07-31 09:47:33.093,33.57,50092,33533,40714,65535,65535,65535,65535,65535,65535
2026-07-31 09:47:33.143,33.62,50092,33533,40714,65535,65535,65535,65535,65535,65535
2026-07-31 09:47:33.191,33.67,50092,33533,40714,65535,65535,65535,65535,65535,65535
2026-07-31 09:47:33.237,33.72,50092,33533,33929,65535,65535,65535,65535,65535,65535
2026-07-31 09:47:33.289,33.77,49380,33830,33929,65535,65535,65535,65535,65535,65535
2026-07-31 09:47:33.339,33.82,49380,33830,33929,65535,65535,65535,65535,65535,65535
2026-07-31 09:47:33.387,33.87,49380,33830,33929,65535,65535,65535,65535,65535,65535
2026-07-31 09:47:33.435,33.91,49380,33830,33929,65535,65535,65535,65535,65535,65535
2026-07-31 09:47:33.486,33.97,49380,33830,33929,65535,65535,65535,65535,65535,65535
2026-07-31 09:47:33.537,34.02,49380,33830,33929,65535,65535,65535,65535,65535,65535
2026-07-31 09:47:33.588,34.07,49380,33830,33929,65535,65535,65535,65535,65535,65535
2026-07-31 09:47:33.635,34.11,49380,33830,33929,65535,65535,65535,65535,65535,65535
2026-07-31 09:47:33.681,34.16,49380,33830,33929,65535,65535,65535,65535,65535,65535
2026-07-31 09:47:33.730,34.21,49380,33830,33929,65535,65535,65535,65535,65535,65535
2026-07-31 09:47:33.784,34.26,49380,33830,33929,65535,65535,65535,65535,65535,65535
2026-07-31 09:47:33.832,34.31,62318,33632,33632,65535,65535,65535,65535,65535,65535
2026-07-31 09:47:33.883,34.36,62318,33632,33632,65535,65535,65535,65535,65535,65535
2026-07-31 09:47:33.936,34.42,62318,33632,33632,65535,65535,65535,65535,65535,65535
2026-07-31 09:47:33.987,34.47,62318,33632,33632,65535,65535,65535,65535,65535,65535
2026-07-31 09:47:34.036,34.52,62318,33632,33632,65535,65535,65535,65535,65535,65535
2026-07-31 09:47:34.081,34.56,62318,33632,33632,65535,65535,65535,65535,65535,65535
2026-07-31 09:47:34.132,34.61,62318,33632,33632,65535,65535,65535,65535,65535,65535
2026-07-31 09:47:34.183,34.66,62318,33632,33632,65535,65535,65535,65535,65535,65535
2026-07-31 09:47:34.231,34.71,62318,33632,33632,65535,65535,65535,65535,65535,65535
2026-07-31 09:47:34.282,34.76,62318,33632,33632,65535,65535,65535,65535,65535,65535
2026-07-31 09:47:34.334,34.81,62318,33632,33632,65535,65535,65535,65535,65535,65535
2026-07-31 09:47:34.382,34.86,62318,33632,40714,65535,65535,65535,65535,65535,65535
2026-07-31 09:47:34.436,34.92,62318,33632,40714,65535,65535,65535,65535,65535,65535
2026-07-31 09:47:34.487,34.97,62318,33632,40714,65535,65535,65535,65535,65535,65535
2026-07-31 09:47:34.536,35.02,62318,33632,40714,65535,65535,65535,65535,65535,65535
2026-07-31 09:47:34.582,35.06,62318,33632,40714,65535,65535,65535,65535,65535,65535
2026-07-31 09:47:34.632,35.11,62318,33632,40714,65535,65535,65535,65535,65535,65535
2026-07-31 09:47:34.683,35.16,62318,33632,40714,65535,65535,65535,65535,65535,65535
2026-07-31 09:47:34.735,35.21,62318,33632,40714,65535,65535,65535,65535,65535,65535
2026-07-31 09:47:34.787,35.27,62318,33632,40714,65535,65535,65535,65535,65535,65535
2026-07-31 09:47:34.830,35.31,62318,33632,40714,65535,65535,65535,65535,65535,65535
2026-07-31 09:47:34.877,35.36,62318,33632,40714,65535,65535,65535,65535,65535,65535
2026-07-31 09:47:34.922,35.4,62318,33632,40714,65535,65535,65535,65535,65535,65535
2026-07-31 09:47:34.973,35.45,62912,33830,40714,65535,65535,65535,65535,65535,65535
2026-07-31 09:47:35.028,35.51,62912,33830,40714,65535,65535,65535,65535,65535,65535
2026-07-31 09:47:35.075,35.55,62912,33830,40714,65535,65535,65535,65535,65535,65535
2026-07-31 09:47:35.127,35.61,62912,33830,40714,65535,65535,65535,65535,65535,65535
2026-07-31 09:47:35.173,35.65,62912,33830,40714,65535,65535,65535,65535,65535,65535
2026-07-31 09:47:35.231,35.71,62912,33830,40714,65535,65535,65535,65535,65535,65535
2026-07-31 09:47:35.281,35.76,62912,33830,40714,65535,65535,65535,65535,65535,65535
2026-07-31 09:47:35.330,35.81,62912,33830,40714,65535,65535,65535,65535,65535,65535
2026-07-31 09:47:35.380,35.86,62912,33830,40714,65535,65535,65535,65535,65535,65535
2026-07-31 09:47:35.431,35.91,62912,33830,40714,65535,65535,65535,65535,65535,65535
2026-07-31 09:47:35.480,35.96,62912,33830,33929,65535,65535,65535,65535,65535,65535
2026-07-31 09:47:35.523,36.0,50092,28827,33929,65535,65535,65535,65535,65535,65535
2026-07-31 09:47:35.577,36.06,50092,28827,33929,65535,65535,65535,65535,65535,65535
2026-07-31 09:47:35.627,36.11,50092,28827,33929,65535,65535,65535,65535,65535,65535
2026-07-31 09:47:35.673,36.15,50092,28827,33929,65535,65535,65535,65535,65535,65535
2026-07-31 09:47:35.725,36.2,50092,28827,33929,65535,65535,65535,65535,65535,65535
2026-07-31 09:47:35.775,36.25,50092,28827,33929,65535,65535,65535,65535,65535,65535
2026-07-31 09:47:35.827,36.31,50092,28827,33929,65535,65535,65535,65535,65535,65535
2026-07-31 09:47:35.882,36.36,50092,28827,33929,65535,65535,65535,65535,65535,65535
2026-07-31 09:47:35.931,36.41,50092,28827,33929,65535,65535,65535,65535,65535,65535
2026-07-31 09:47:35.981,36.46,50092,28827,33929,65535,65535,65535,65535,65535,65535
2026-07-31 09:47:36.035,36.51,50092,28827,33929,65535,65535,65535,65535,65535,65535
2026-07-31 09:47:36.086,36.57,49380,28827,40714,65535,65535,65535,65535,65535,65535
2026-07-31 09:47:36.136,36.62,49380,28827,40714,65535,65535,65535,65535,65535,65535
2026-07-31 09:47:36.193,36.67,49380,28827,40714,65535,65535,65535,65535,65535,65535
2026-07-31 09:47:36.241,36.72,49380,28827,40714,65535,65535,65535,65535,65535,65535
2026-07-31 09:47:36.290,36.77,49380,28827,40714,65535,65535,65535,65535,65535,65535
2026-07-31 09:47:36.338,36.82,49380,28827,40714,65535,65535,65535,65535,65535,65535
2026-07-31 09:47:36.387,36.87,49380,28827,40714,65535,65535,65535,65535,65535,65535
2026-07-31 09:47:36.438,36.92,49380,28827,40714,65535,65535,65535,65535,65535,65535
2026-07-31 09:47:36.483,36.96,49380,28827,40714,65535,65535,65535,65535,65535,65535
2026-07-31 09:47:36.532,37.01,49380,28827,40714,65535,65535,65535,65535,65535,65535
2026-07-31 09:47:36.583,37.06,49380,28827,40714,65535,65535,65535,65535,65535,65535
2026-07-31 09:47:36.632,37.11,62318,28827,40714,65535,65535,65535,65535,65535,65535
2026-07-31 09:47:36.678,37.16,62318,33533,40714,65535,65535,65535,65535,65535,65535
2026-07-31 09:47:36.725,37.2,62318,33533,40714,65535,65535,65535,65535,65535,65535
2026-07-31 09:47:36.773,37.25,62318,33533,40714,65535,65535,65535,65535,65535,65535
2026-07-31 09:47:36.824,37.3,62318,33533,40714,65535,65535,65535,65535,65535,65535
2026-07-31 09:47:36.878,37.36,62318,33533,40714,65535,65535,65535,65535,65535,65535
2026-07-31 09:47:36.921,37.4,62318,33533,40714,65535,65535,65535,65535,65535,65535
2026-07-31 09:47:36.973,37.45,62318,33533,40714,65535,65535,65535,65535,65535,65535
2026-07-31 09:47:37.022,37.5,62318,33533,40714,65535,65535,65535,65535,65535,65535
2026-07-31 09:47:37.070,37.55,62318,33533,40714,65535,65535,65535,65535,65535,65535
2026-07-31 09:47:37.127,37.61,62318,33533,40714,65535,65535,65535,65535,65535,65535
2026-07-31 09:47:37.176,37.66,62318,33533,33830,65535,65535,65535,65535,65535,65535
2026-07-31 09:47:37.222,37.7,49855,28827,33830,65535,65535,65535,65535,65535,65535
2026-07-31 09:47:37.276,37.76,49855,28827,33830,65535,65535,65535,65535,65535,65535
2026-07-31 09:47:37.326,37.81,49855,28827,33830,65535,65535,65535,65535,65535,65535
2026-07-31 09:47:37.378,37.86,49855,28827,33830,65535,65535,65535,65535,65535,65535
2026-07-31 09:47:37.432,37.91,49855,28827,33830,65535,65535,65535,65535,65535,65535
2026-07-31 09:47:37.481,37.96,49855,28827,33830,65535,65535,65535,65535,65535,65535
2026-07-31 09:47:37.532,38.01,49855,28827,33830,65535,65535,65535,65535,65535,65535
2026-07-31 09:47:37.583,38.06,49855,28827,33830,65535,65535,65535,65535,65535,65535
2026-07-31 09:47:37.628,38.11,49855,28827,33830,65535,65535,65535,65535,65535,65535
2026-07-31 09:47:37.683,38.16,49855,28827,33830,65535,65535,65535,65535,65535,65535
2026-07-31 09:47:37.733,38.21,49855,28827,40714,65535,65535,65535,65535,65535,65535
2026-07-31 09:47:37.783,38.26,49855,28997,40714,65535,65535,65535,65535,65535,65535
2026-07-31 09:47:37.832,38.31,49855,28997,40714,65535,65535,65535,65535,65535,65535
2026-07-31 09:47:37.875,38.35,49855,28997,40714,65535,65535,65535,65535,65535,65535
2026-07-31 09:47:37.926,38.41,49855,28997,40714,65535,65535,65535,65535,65535,65535
2026-07-31 09:47:37.971,38.45,49855,28997,40714,65535,65535,65535,65535,65535,65535
2026-07-31 09:47:38.020,38.5,49855,28997,40714,65535,65535,65535,65535,65535,65535
2026-07-31 09:47:38.066,38.55,49855,28997,40714,65535,65535,65535,65535,65535,65535
2026-07-31 09:47:38.120,38.6,49855,28997,40714,65535,65535,65535,65535,65535,65535
2026-07-31 09:47:38.172,38.65,49855,28997,40714,65535,65535,65535,65535,65535,65535
2026-07-31 09:47:38.217,38.7,49855,28997,40714,65535,65535,65535,65535,65535,65535
2026-07-31 09:47:38.267,38.75,49855,28997,40714,65535,65535,65535,65535,65535,65535
2026-07-31 09:47:38.313,38.79,49855,28997,40714,65535,65535,65535,65535,65535,65535
2026-07-31 09:47:38.364,38.84,62467,33632,40714,65535,65535,65535,65535,65535,65535
2026-07-31 09:47:38.415,38.89,62467,33632,40714,65535,65535,65535,65535,65535,65535
2026-07-31 09:47:38.462,38.94,62467,33632,40714,65535,65535,65535,65535,65535,65535
2026-07-31 09:47:38.509,38.99,62467,33632,40714,65535,65535,65535,65535,65535,65535
2026-07-31 09:47:38.557,39.04,62467,33632,40714,65535,65535,65535,65535,65535,65535
2026-07-31 09:47:38.608,39.09,62467,33632,40714,65535,65535,65535,65535,65535,65535
2026-07-31 09:47:38.658,39.14,62467,33632,40714,65535,65535,65535,65535,65535,65535
2026-07-31 09:47:38.707,39.19,62467,33632,40714,65535,65535,65535,65535,65535,65535
2026-07-31 09:47:38.757,39.24,62467,33632,40714,65535,65535,65535,65535,65535,65535
2026-07-31 09:47:38.804,39.28,62467,33632,40714,65535,65535,65535,65535,65535,65535
2026-07-31 09:47:38.856,39.34,62467,33632,40714,65535,65535,65535,65535,65535,65535
2026-07-31 09:47:38.906,39.39,61873,33830,33929,65535,65535,65535,65535,65535,65535
2026-07-31 09:47:38.956,39.44,61873,33830,33929,65535,65535,65535,65535,65535,65535
2026-07-31 09:47:39.004,39.48,61873,33830,33929,65535,65535,65535,65535,65535,65535
2026-07-31 09:47:39.049,39.53,61873,33830,33929,65535,65535,65535,65535,65535,65535
2026-07-31 09:47:39.099,39.58,61873,33830,33929,65535,65535,65535,65535,65535,65535
2026-07-31 09:47:39.141,39.62,61873,33830,33929,65535,65535,65535,65535,65535,65535
2026-07-31 09:47:39.190,39.67,61873,33830,33929,65535,65535,65535,65535,65535,65535
2026-07-31 09:47:39.239,39.72,61873,33830,33929,65535,65535,65535,65535,65535,65535
2026-07-31 09:47:39.289,39.77,61873,33830,33929,65535,65535,65535,65535,65535,65535
2026-07-31 09:47:39.339,39.82,61873,33830,33929,65535,65535,65535,65535,65535,65535
2026-07-31 09:47:39.387,39.87,61873,33830,33929,65535,65535,65535,65535,65535,65535
2026-07-31 09:47:39.434,39.91,61873,33830,33533,65535,65535,65535,65535,65535,65535
2026-07-31 09:47:39.498,39.98,50092,28827,33533,65535,65535,65535,65535,65535,65535
2026-07-31 09:47:39.545,40.02,50092,28827,33533,65535,65535,65535,65535,65535,65535
2026-07-31 09:47:39.594,40.07,50092,28827,33533,65535,65535,65535,65535,65535,65535
2026-07-31 09:47:39.639,40.12,50092,28827,33533,65535,65535,65535,65535,65535,65535
2026-07-31 09:47:39.689,40.17,50092,28827,33533,65535,65535,65535,65535,65535,65535
2026-07-31 09:47:39.738,40.22,50092,28827,33533,65535,65535,65535,65535,65535,65535
2026-07-31 09:47:39.786,40.27,50092,28827,33533,65535,65535,65535,65535,65535,65535
2026-07-31 09:47:39.831,40.31,50092,28827,33533,65535,65535,65535,65535,65535,65535
2026-07-31 09:47:39.883,40.36,50092,28827,33533,65535,65535,65535,65535,65535,65535
2026-07-31 09:47:39.936,40.42,50092,28827,33533,65535,65535,65535,65535,65535,65535
2026-07-31 09:47:39.981,40.46,50092,28827,33533,65535,65535,65535,65535,65535,65535
2026-07-31 09:47:40.034,40.51,50211,33632,40714,65535,65535,65535,65535,65535,65535
2026-07-31 09:47:40.084,40.56,50211,33632,40714,65535,65535,65535,65535,65535,65535
2026-07-31 09:47:40.133,40.61,50211,33632,40714,65535,65535,65535,65535,65535,65535
2026-07-31 09:47:40.188,40.67,50211,33632,40714,65535,65535,65535,65535,65535,65535
2026-07-31 09:47:40.236,40.72,50211,33632,40714,65535,65535,65535,65535,65535,65535
2026-07-31 09:47:40.303,40.78,50211,33632,40714,65535,65535,65535,65535,65535,65535
2026-07-31 09:47:40.352,40.83,50211,33632,40714,65535,65535,65535,65535,65535,65535
2026-07-31 09:47:40.402,40.88,50211,33632,40714,65535,65535,65535,65535,65535,65535
2026-07-31 09:47:40.449,40.93,50211,33632,40714,65535,65535,65535,65535,65535,65535
2026-07-31 09:47:40.502,40.98,50211,33632,40714,65535,65535,65535,65535,65535,65535
2026-07-31 09:47:40.562,41.04,50211,33632,40714,65535,65535,65535,65535,65535,65535
2026-07-31 09:47:40.613,41.09,63060,28997,40714,65535,65535,65535,65535,65535,65535
2026-07-31 09:47:40.657,41.14,63060,28997,40714,65535,65535,65535,65535,65535,65535
2026-07-31 09:47:40.708,41.19,63060,28997,40714,65535,65535,65535,65535,65535,65535
2026-07-31 09:47:40.760,41.24,63060,28997,40714,65535,65535,65535,65535,65535,65535
2026-07-31 09:47:40.810,41.29,63060,28997,40714,65535,65535,65535,65535,65535,65535
2026-07-31 09:47:40.858,41.34,63060,28997,40714,65535,65535,65535,65535,65535,65535
2026-07-31 09:47:40.907,41.39,63060,28997,40714,65535,65535,65535,65535,65535,65535
2026-07-31 09:47:40.954,41.43,63060,28997,40714,65535,65535,65535,65535,65535,65535
2026-07-31 09:47:41.007,41.49,63060,28997,40714,65535,65535,65535,65535,65535,65535
2026-07-31 09:47:41.052,41.53,63060,28997,40714,65535,65535,65535,65535,65535,65535
2026-07-31 09:47:41.100,41.58,63060,28997,40714,65535,65535,65535,65535,65535,65535
2026-07-31 09:47:41.147,41.63,49973,28997,33632,65535,65535,65535,65535,65535,65535
2026-07-31 09:47:41.194,41.67,49973,33533,33632,65535,65535,65535,65535,65535,65535
2026-07-31 09:47:41.244,41.72,49973,33533,33632,65535,65535,65535,65535,65535,65535
2026-07-31 09:47:41.298,41.78,49973,33533,33632,65535,65535,65535,65535,65535,65535
2026-07-31 09:47:41.349,41.83,49973,33533,33632,65535,65535,65535,65535,65535,65535
2026-07-31 09:47:41.400,41.88,49973,33533,33632,65535,65535,65535,65535,65535,65535
2026-07-31 09:47:41.449,41.93,49973,33533,33632,65535,65535,65535,65535,65535,65535
2026-07-31 09:47:41.499,41.98,49973,33533,33632,65535,65535,65535,65535,65535,65535
2026-07-31 09:47:41.545,42.02,49973,33533,33632,65535,65535,65535,65535,65535,65535
2026-07-31 09:47:41.593,42.07,49973,33533,33632,65535,65535,65535,65535,65535,65535
2026-07-31 09:47:41.644,42.12,49973,33533,33632,65535,65535,65535,65535,65535,65535
2026-07-31 09:47:41.694,42.17,49973,33533,33929,65535,65535,65535,65535,65535,65535
2026-07-31 09:47:41.744,42.22,62467,33632,33929,65535,65535,65535,65535,65535,65535
2026-07-31 09:47:41.792,42.27,62467,33632,33929,65535,65535,65535,65535,65535,65535
2026-07-31 09:47:41.841,42.32,62467,33632,33929,65535,65535,65535,65535,65535,65535
2026-07-31 09:47:41.888,42.37,62467,33632,33929,65535,65535,65535,65535,65535,65535
2026-07-31 09:47:41.936,42.42,62467,33632,33929,65535,65535,65535,65535,65535,65535
2026-07-31 09:47:41.985,42.46,62467,33632,33929,65535,65535,65535,65535,65535,65535
2026-07-31 09:47:42.030,42.51,62467,33632,33929,65535,65535,65535,65535,65535,65535
2026-07-31 09:47:42.080,42.56,62467,33632,33929,65535,65535,65535,65535,65535,65535
2026-07-31 09:47:42.127,42.61,62467,33632,33929,65535,65535,65535,65535,65535,65535
2026-07-31 09:47:42.175,42.65,62467,33632,33929,65535,65535,65535,65535,65535,65535
2026-07-31 09:47:42.222,42.7,62467,33632,33929,65535,65535,65535,65535,65535,65535
2026-07-31 09:47:42.270,42.75,49855,33632,33929,65535,65535,65535,65535,65535,65535
2026-07-31 09:47:42.318,42.8,49855,28827,33929,65535,65535,65535,65535,65535,65535
2026-07-31 09:47:42.367,42.85,49855,28827,33929,65535,65535,65535,65535,65535,65535
2026-07-31 09:47:42.419,42.9,49855,28827,33929,65535,65535,65535,65535,65535,65535
2026-07-31 09:47:42.463,42.94,49855,28827,33929,65535,65535,65535,65535,65535,65535
2026-07-31 09:47:42.513,42.99,49855,28827,33929,65535,65535,65535,65535,65535,65535
2026-07-31 09:47:42.562,43.04,49855,28827,33929,65535,65535,65535,65535,65535,65535
2026-07-31 09:47:42.615,43.09,49855,28827,33929,65535,65535,65535,65535,65535,65535
2026-07-31 09:47:42.662,43.14,49855,28827,33929,65535,65535,65535,65535,65535,65535
2026-07-31 09:47:42.708,43.19,49855,28827,33929,65535,65535,65535,65535,65535,65535
2026-07-31 09:47:42.757,43.24,49855,28827,33929,65535,65535,65535,65535,65535,65535
2026-07-31 09:47:42.803,43.28,49855,28827,33929,65535,65535,65535,65535,65535,65535
2026-07-31 09:47:42.850,43.33,49736,33632,40714,65535,65535,65535,65535,65535,65535
2026-07-31 09:47:42.904,43.38,49736,33632,40714,65535,65535,65535,65535,65535,65535
2026-07-31 09:47:42.952,43.43,49736,33632,40714,65535,65535,65535,65535,65535,65535
2026-07-31 09:47:42.998,43.48,49736,33632,40714,65535,65535,65535,65535,65535,65535
2026-07-31 09:47:43.048,43.53,49736,33632,40714,65535,65535,65535,65535,65535,65535
2026-07-31 09:47:43.094,43.57,49736,33632,40714,65535,65535,65535,65535,65535,65535
2026-07-31 09:47:43.143,43.62,49736,33632,40714,65535,65535,65535,65535,65535,65535
2026-07-31 09:47:43.195,43.67,49736,33632,40714,65535,65535,65535,65535,65535,65535
2026-07-31 09:47:43.247,43.73,49736,33632,40714,65535,65535,65535,65535,65535,65535
2026-07-31 09:47:43.298,43.78,49736,33632,40714,65535,65535,65535,65535,65535,65535
2026-07-31 09:47:43.350,43.83,49736,33632,40714,65535,65535,65535,65535,65535,65535
2026-07-31 09:47:43.394,43.87,49736,33632,40714,65535,65535,65535,65535,65535,65535
2026-07-31 09:47:43.445,43.92,62318,33632,40714,65535,65535,65535,65535,65535,65535
2026-07-31 09:47:43.491,43.97,62318,33632,40714,65535,65535,65535,65535,65535,65535
2026-07-31 09:47:43.540,44.02,62318,33632,40714,65535,65535,65535,65535,65535,65535
2026-07-31 09:47:43.586,44.07,62318,33632,40714,65535,65535,65535,65535,65535,65535
2026-07-31 09:47:43.633,44.11,62318,33632,40714,65535,65535,65535,65535,65535,65535
2026-07-31 09:47:43.684,44.16,62318,33632,40714,65535,65535,65535,65535,65535,65535
2026-07-31 09:47:43.736,44.22,62318,33632,40714,65535,65535,65535,65535,65535,65535
2026-07-31 09:47:43.781,44.26,62318,33632,40714,65535,65535,65535,65535,65535,65535
2026-07-31 09:47:43.832,44.31,62318,33632,40714,65535,65535,65535,65535,65535,65535
2026-07-31 09:47:43.881,44.36,62318,33632,40714,65535,65535,65535,65535,65535,65535
2026-07-31 09:47:43.932,44.41,62318,33632,40714,65535,65535,65535,65535,65535,65535
2026-07-31 09:47:43.979,44.46,49855,33632,40714,65535,65535,65535,65535,65535,65535
2026-07-31 09:47:44.028,44.51,49855,33632,40714,65535,65535,65535,65535,65535,65535
2026-07-31 09:47:44.076,44.56,49855,33632,40714,65535,65535,65535,65535,65535,65535
2026-07-31 09:47:44.123,44.6,49855,33632,40714,65535,65535,65535,65535,65535,65535
2026-07-31 09:47:44.175,44.65,49855,33632,40714,65535,65535,65535,65535,65535,65535
2026-07-31 09:47:44.222,44.7,49855,33632,40714,65535,65535,65535,65535,65535,65535
2026-07-31 09:47:44.274,44.75,49855,33632,40714,65535,65535,65535,65535,65535,65535
2026-07-31 09:47:44.320,44.8,49855,33632,40714,65535,65535,65535,65535,65535,65535
2026-07-31 09:47:44.368,44.85,49855,33632,40714,65535,65535,65535,65535,65535,65535
2026-07-31 09:47:44.418,44.9,49855,33632,40714,65535,65535,65535,65535,65535,65535
2026-07-31 09:47:44.466,44.95,49855,33632,40714,65535,65535,65535,65535,65535,65535
2026-07-31 09:47:44.510,44.99,49855,33632,40714,65535,65535,65535,65535,65535,65535
2026-07-31 09:47:44.560,45.04,49380,28997,40714,65535,65535,65535,65535,65535,65535
2026-07-31 09:47:44.613,45.09,49380,28997,40714,65535,65535,65535,65535,65535,65535
2026-07-31 09:47:44.662,45.14,49380,28997,40714,65535,65535,65535,65535,65535,65535
2026-07-31 09:47:44.718,45.2,49380,28997,40714,65535,65535,65535,65535,65535,65535
2026-07-31 09:47:44.768,45.25,49380,28997,40714,65535,65535,65535,65535,65535,65535
2026-07-31 09:47:44.818,45.3,49380,28997,40714,65535,65535,65535,65535,65535,65535
2026-07-31 09:47:44.865,45.34,49380,28997,40714,65535,65535,65535,65535,65535,65535
2026-07-31 09:47:44.911,45.39,49380,28997,40714,65535,65535,65535,65535,65535,65535
2026-07-31 09:47:44.963,45.44,49380,28997,40714,65535,65535,65535,65535,65535,65535
2026-07-31 09:47:45.029,45.51,49380,28997,40714,65535,65535,65535,65535,65535,65535
2026-07-31 09:47:45.080,45.56,49380,28997,33632,65535,65535,65535,65535,65535,65535
2026-07-31 09:47:45.124,45.6,62318,28827,33632,65535,65535,65535,65535,65535,65535
2026-07-31 09:47:45.178,45.66,62318,28827,33632,65535,65535,65535,65535,65535,65535
2026-07-31 09:47:45.229,45.71,62318,28827,33632,65535,65535,65535,65535,65535,65535
2026-07-31 09:47:45.274,45.75,62318,28827,33632,65535,65535,65535,65535,65535,65535
2026-07-31 09:47:45.323,45.8,62318,28827,33632,65535,65535,65535,65535,65535,65535
2026-07-31 09:47:45.372,45.85,62318,28827,33632,65535,65535,65535,65535,65535,65535
2026-07-31 09:47:45.424,45.9,62318,28827,33632,65535,65535,65535,65535,65535,65535
2026-07-31 09:47:45.469,45.95,62318,28827,33632,65535,65535,65535,65535,65535,65535
2026-07-31 09:47:45.521,46.0,62318,28827,33632,65535,65535,65535,65535,65535,65535
2026-07-31 09:47:45.574,46.05,62318,28827,33632,65535,65535,65535,65535,65535,65535
2026-07-31 09:47:45.623,46.1,62318,28827,33632,65535,65535,65535,65535,65535,65535
2026-07-31 09:47:45.672,46.15,62615,33632,29082,65535,65535,65535,65535,65535,65535
2026-07-31 09:47:45.725,46.2,62615,33632,29082,65535,65535,65535,65535,65535,65535
2026-07-31 09:47:45.769,46.25,62615,33632,29082,65535,65535,65535,65535,65535,65535
2026-07-31 09:47:45.822,46.3,62615,33632,29082,65535,65535,65535,65535,65535,65535
2026-07-31 09:47:45.869,46.35,62615,33632,29082,65535,65535,65535,65535,65535,65535
2026-07-31 09:47:45.917,46.4,62615,33632,29082,65535,65535,65535,65535,65535,65535
2026-07-31 09:47:45.963,46.44,62615,33632,29082,65535,65535,65535,65535,65535,65535
2026-07-31 09:47:46.015,46.49,62615,33632,29082,65535,65535,65535,65535,65535,65535
2026-07-31 09:47:46.068,46.55,62615,33632,29082,65535,65535,65535,65535,65535,65535
2026-07-31 09:47:46.115,46.59,62615,33632,29082,65535,65535,65535,65535,65535,65535
2026-07-31 09:47:46.168,46.65,62615,33632,29082,65535,65535,65535,65535,65535,65535
2026-07-31 09:47:46.217,46.7,62912,33632,33929,65535,65535,65535,65535,65535,65535
2026-07-31 09:47:46.270,46.75,62912,33929,33929,65535,65535,65535,65535,65535,65535
2026-07-31 09:47:46.321,46.8,62912,33929,33929,65535,65535,65535,65535,65535,65535
2026-07-31 09:47:46.373,46.85,62912,33929,33929,65535,65535,65535,65535,65535,65535
2026-07-31 09:47:46.424,46.9,62912,33929,33929,65535,65535,65535,65535,65535,65535
2026-07-31 09:47:46.480,46.96,62912,33929,33929,65535,65535,65535,65535,65535,65535
2026-07-31 09:47:46.531,47.01,62912,33929,33929,65535,65535,65535,65535,65535,65535
2026-07-31 09:47:46.581,47.06,62912,33929,33929,65535,65535,65535,65535,65535,65535
2026-07-31 09:47:46.638,47.12,62912,33929,33929,65535,65535,65535,65535,65535,65535
2026-07-31 09:47:46.687,47.17,62912,33929,33929,65535,65535,65535,65535,65535,65535
2026-07-31 09:47:46.733,47.21,62912,33929,33929,65535,65535,65535,65535,65535,65535
2026-07-31 09:47:46.779,47.26,62318,33929,28827,65535,65535,65535,65535,65535,65535
2026-07-31 09:47:46.829,47.31,62318,33533,28827,65535,65535,65535,65535,65535,65535
2026-07-31 09:47:46.875,47.35,62318,33533,28827,65535,65535,65535,65535,65535,65535
2026-07-31 09:47:46.924,47.4,62318,33533,28827,65535,65535,65535,65535,65535,65535
2026-07-31 09:47:46.973,47.45,62318,33533,28827,65535,65535,65535,65535,65535,65535
2026-07-31 09:47:47.018,47.5,62318,33533,28827,65535,65535,65535,65535,65535,65535
2026-07-31 09:47:47.067,47.55,62318,33533,28827,65535,65535,65535,65535,65535,65535
2026-07-31 09:47:47.115,47.59,62318,33533,28827,65535,65535,65535,65535,65535,65535
2026-07-31 09:47:47.166,47.65,62318,33533,28827,65535,65535,65535,65535,65535,65535
2026-07-31 09:47:47.214,47.69,62318,33533,28827,65535,65535,65535,65535,65535,65535
2026-07-31 09:47:47.265,47.74,62318,33533,28827,65535,65535,65535,65535,65535,65535
2026-07-31 09:47:47.317,47.8,62318,33533,28827,65535,65535,65535,65535,65535,65535
2026-07-31 09:47:47.365,47.84,50211,28827,40714,65535,65535,65535,65535,65535,65535
2026-07-31 09:47:47.418,47.9,50211,28827,40714,65535,65535,65535,65535,65535,65535
2026-07-31 09:47:47.464,47.94,50211,28827,40714,65535,65535,65535,65535,65535,65535
2026-07-31 09:47:47.513,47.99,50211,28827,40714,65535,65535,65535,65535,65535,65535
2026-07-31 09:47:47.562,48.04,50211,28827,40714,65535,65535,65535,65535,65535,65535
2026-07-31 09:47:47.606,48.09,50211,28827,40714,65535,65535,65535,65535,65535,65535
2026-07-31 09:47:47.652,48.13,50211,28827,40714,65535,65535,65535,65535,65535,65535
2026-07-31 09:47:47.707,48.19,50211,28827,40714,65535,65535,65535,65535,65535,65535
2026-07-31 09:47:47.758,48.24,50211,28827,40714,65535,65535,65535,65535,65535,65535
2026-07-31 09:47:47.809,48.29,50211,28827,40714,65535,65535,65535,65535,65535,65535
2026-07-31 09:47:47.856,48.34,50211,28827,40714,65535,65535,65535,65535,65535,65535
2026-07-31 09:47:47.913,48.39,49855,28827,40714,65535,65535,65535,65535,65535,65535
2026-07-31 09:47:47.958,48.44,49855,28742,40714,65535,65535,65535,65535,65535,65535
2026-07-31 09:47:48.004,48.48,49855,28742,40714,65535,65535,65535,65535,65535,65535
2026-07-31 09:47:48.053,48.53,49855,28742,40714,65535,65535,65535,65535,65535,65535
2026-07-31 09:47:48.104,48.58,49855,28742,40714,65535,65535,65535,65535,65535,65535
2026-07-31 09:47:48.154,48.63,49855,28742,40714,65535,65535,65535,65535,65535,65535
2026-07-31 09:47:48.204,48.68,49855,28742,40714,65535,65535,65535,65535,65535,65535
2026-07-31 09:47:48.249,48.73,49855,28742,40714,65535,65535,65535,65535,65535,65535
2026-07-31 09:47:48.300,48.78,49855,28742,40714,65535,65535,65535,65535,65535,65535
2026-07-31 09:47:48.351,48.83,49855,28742,40714,65535,65535,65535,65535,65535,65535
2026-07-31 09:47:48.396,48.88,49855,28742,40714,65535,65535,65535,65535,65535,65535
2026-07-31 09:47:48.443,48.92,49855,28742,40714,65535,65535,65535,65535,65535,65535
2026-07-31 09:47:48.491,48.97,49973,28827,40714,65535,65535,65535,65535,65535,65535
2026-07-31 09:47:48.542,49.02,49973,28827,40714,65535,65535,65535,65535,65535,65535
2026-07-31 09:47:48.595,49.07,49973,28827,40714,65535,65535,65535,65535,65535,65535
2026-07-31 09:47:48.644,49.12,49973,28827,40714,65535,65535,65535,65535,65535,65535
2026-07-31 09:47:48.698,49.18,49973,28827,40714,65535,65535,65535,65535,65535,65535
2026-07-31 09:47:48.748,49.23,49973,28827,40714,65535,65535,65535,65535,65535,65535
2026-07-31 09:47:48.796,49.28,49973,28827,40714,65535,65535,65535,65535,65535,65535
2026-07-31 09:47:48.847,49.33,49973,28827,40714,65535,65535,65535,65535,65535,65535
2026-07-31 09:47:48.897,49.38,49973,28827,40714,65535,65535,65535,65535,65535,65535
2026-07-31 09:47:48.945,49.42,49973,28827,40714,65535,65535,65535,65535,65535,65535
2026-07-31 09:47:48.995,49.48,49973,28827,40714,65535,65535,65535,65535,65535,65535
2026-07-31 09:47:49.047,49.53,49736,28827,40714,65535,65535,65535,65535,65535,65535
2026-07-31 09:47:49.091,49.57,49736,33533,40714,65535,65535,65535,65535,65535,65535
2026-07-31 09:47:49.139,49.62,49736,33533,40714,65535,65535,65535,65535,65535,65535
2026-07-31 09:47:49.189,49.67,49736,33533,40714,65535,65535,65535,65535,65535,65535
2026-07-31 09:47:49.239,49.72,49736,33533,40714,65535,65535,65535,65535,65535,65535
2026-07-31 09:47:49.285,49.76,49736,33533,40714,65535,65535,65535,65535,65535,65535
2026-07-31 09:47:49.339,49.82,49736,33533,40714,65535,65535,65535,65535,65535,65535
2026-07-31 09:47:49.389,49.87,49736,33533,40714,65535,65535,65535,65535,65535,65535
2026-07-31 09:47:49.436,49.92,49736,33533,40714,65535,65535,65535,65535,65535,65535
2026-07-31 09:47:49.488,49.97,49736,33533,40714,65535,65535,65535,65535,65535,65535
2026-07-31 09:47:49.537,50.02,49736,33533,40714,65535,65535,65535,65535,65535,65535
2026-07-31 09:47:49.585,50.06,49736,33533,33929,65535,65535,65535,65535,65535,65535
2026-07-31 09:47:49.635,50.11,49855,33632,33929,65535,65535,65535,65535,65535,65535
2026-07-31 09:47:49.688,50.17,49855,33632,33929,65535,65535,65535,65535,65535,65535
2026-07-31 09:47:49.738,50.22,49855,33632,33929,65535,65535,65535,65535,65535,65535
2026-07-31 09:47:49.791,50.27,49855,33632,33929,65535,65535,65535,65535,65535,65535
2026-07-31 09:47:49.842,50.32,49855,33632,33929,65535,65535,65535,65535,65535,65535
2026-07-31 09:47:49.892,50.37,49855,33632,33929,65535,65535,65535,65535,65535,65535
2026-07-31 09:47:49.940,50.42,49855,33632,33929,65535,65535,65535,65535,65535,65535
2026-07-31 09:47:49.987,50.47,49855,33632,33929,65535,65535,65535,65535,65535,65535
2026-07-31 09:47:50.036,50.52,49855,33632,33929,65535,65535,65535,65535,65535,65535
2026-07-31 09:47:50.081,50.56,49855,33632,33929,65535,65535,65535,65535,65535,65535
2026-07-31 09:47:50.129,50.61,49855,33632,33929,65535,65535,65535,65535,65535,65535
2026-07-31 09:47:50.174,50.65,61131,33632,33929,65535,65535,65535,65535,65535,65535
2026-07-31 09:47:50.222,50.7,61131,33533,33929,65535,65535,65535,65535,65535,65535
2026-07-31 09:47:50.273,50.75,61131,33533,33929,65535,65535,65535,65535,65535,65535
2026-07-31 09:47:50.322,50.8,61131,33533,33929,65535,65535,65535,65535,65535,65535
2026-07-31 09:47:50.370,50.85,61131,33533,33929,65535,65535,65535,65535,65535,65535
2026-07-31 09:47:50.422,50.9,61131,33533,33929,65535,65535,65535,65535,65535,65535
2026-07-31 09:47:50.471,50.95,61131,33533,33929,65535,65535,65535,65535,65535,65535
2026-07-31 09:47:50.523,51.0,61131,33533,33929,65535,65535,65535,65535,65535,65535
2026-07-31 09:47:50.572,51.05,61131,33533,33929,65535,65535,65535,65535,65535,65535
2026-07-31 09:47:50.621,51.1,61131,33533,33929,65535,65535,65535,65535,65535,65535
2026-07-31 09:47:50.670,51.15,61131,33533,33929,65535,65535,65535,65535,65535,65535
2026-07-31 09:47:50.716,51.2,61131,33533,40477,65535,65535,65535,65535,65535,65535
2026-07-31 09:47:50.766,51.25,49973,33533,40477,65535,65535,65535,65535,65535,65535
2026-07-31 09:47:50.815,51.29,49973,33533,40477,65535,65535,65535,65535,65535,65535
2026-07-31 09:47:50.863,51.34,49973,33533,40477,65535,65535,65535,65535,65535,65535
2026-07-31 09:47:50.912,51.39,49973,33533,40477,65535,65535,65535,65535,65535,65535
2026-07-31 09:47:50.959,51.44,49973,33533,40477,65535,65535,65535,65535,65535,65535
2026-07-31 09:47:51.003,51.48,49973,33533,40477,65535,65535,65535,65535,65535,65535
2026-07-31 09:47:51.053,51.53,49973,33533,40477,65535,65535,65535,65535,65535,65535
2026-07-31 09:47:51.098,51.58,49973,33533,40477,65535,65535,65535,65535,65535,65535
2026-07-31 09:47:51.147,51.63,49973,33533,40477,65535,65535,65535,65535,65535,65535
2026-07-31 09:47:51.196,51.68,49973,33533,40477,65535,65535,65535,65535,65535,65535
2026-07-31 09:47:51.247,51.73,49973,33533,40477,65535,65535,65535,65535,65535,65535
2026-07-31 09:47:51.294,51.77,49855,33533,40714,65535,65535,65535,65535,65535,65535
2026-07-31 09:47:51.347,51.83,49855,33533,40714,65535,65535,65535,65535,65535,65535
2026-07-31 09:47:51.398,51.88,49855,33533,40714,65535,65535,65535,65535,65535,65535
2026-07-31 09:47:51.441,51.92,49855,33533,40714,65535,65535,65535,65535,65535,65535
2026-07-31 09:47:51.491,51.97,49855,33533,40714,65535,65535,65535,65535,65535,65535
2026-07-31 09:47:51.541,52.02,49855,33533,40714,65535,65535,65535,65535,65535,65535
2026-07-31 09:47:51.591,52.07,49855,33533,40714,65535,65535,65535,65535,65535,65535
2026-07-31 09:47:51.642,52.12,49855,33533,40714,65535,65535,65535,65535,65535,65535
2026-07-31 09:47:51.690,52.17,49855,33533,40714,65535,65535,65535,65535,65535,65535
2026-07-31 09:47:51.745,52.22,49855,33533,40714,65535,65535,65535,65535,65535,65535
2026-07-31 09:47:51.792,52.27,49855,33533,40714,65535,65535,65535,65535,65535,65535
2026-07-31 09:47:51.842,52.32,49855,33533,33929,65535,65535,65535,65535,65535,65535
2026-07-31 09:47:51.893,52.37,62763,33830,33929,65535,65535,65535,65535,65535,65535
2026-07-31 09:47:51.942,52.42,62763,33830,33929,65535,65535,65535,65535,65535,65535
2026-07-31 09:47:51.995,52.47,62763,33830,33929,65535,65535,65535,65535,65535,65535
2026-07-31 09:47:52.048,52.53,62763,33830,33929,65535,65535,65535,65535,65535,65535
2026-07-31 09:47:52.094,52.57,62763,33830,33929,65535,65535,65535,65535,65535,65535
2026-07-31 09:47:52.146,52.63,62763,33830,33929,65535,65535,65535,65535,65535,65535
2026-07-31 09:47:52.193,52.67,62763,33830,33929,65535,65535,65535,65535,65535,65535
2026-07-31 09:47:52.244,52.72,62763,33830,33929,65535,65535,65535,65535,65535,65535
2026-07-31 09:47:52.291,52.77,62763,33830,33929,65535,65535,65535,65535,65535,65535
2026-07-31 09:47:52.336,52.82,62763,33830,33929,65535,65535,65535,65535,65535,65535
2026-07-31 09:47:52.388,52.87,62763,33830,33929,65535,65535,65535,65535,65535,65535
2026-07-31 09:47:52.432,52.91,62467,33830,33632,65535,65535,65535,65535,65535,65535
2026-07-31 09:47:52.484,52.96,62467,28827,33632,65535,65535,65535,65535,65535,65535
2026-07-31 09:47:52.532,53.01,62467,28827,33632,65535,65535,65535,65535,65535,65535
2026-07-31 09:47:52.581,53.06,62467,28827,33632,65535,65535,65535,65535,65535,65535
2026-07-31 09:47:52.636,53.12,62467,28827,33632,65535,65535,65535,65535,65535,65535
2026-07-31 09:47:52.684,53.16,62467,28827,33632,65535,65535,65535,65535,65535,65535
2026-07-31 09:47:52.735,53.21,62467,28827,33632,65535,65535,65535,65535,65535,65535
2026-07-31 09:47:52.782,53.26,62467,28827,33632,65535,65535,65535,65535,65535,65535
2026-07-31 09:47:52.833,53.31,62467,28827,33632,65535,65535,65535,65535,65535,65535
2026-07-31 09:47:52.886,53.37,62467,28827,33632,65535,65535,65535,65535,65535,65535
2026-07-31 09:47:52.932,53.41,62467,28827,33632,65535,65535,65535,65535,65535,65535
2026-07-31 09:47:52.980,53.46,49855,28827,40714,65535,65535,65535,65535,65535,65535
2026-07-31 09:47:53.029,53.51,49855,28997,40714,65535,65535,65535,65535,65535,65535
2026-07-31 09:47:53.079,53.56,49855,28997,40714,65535,65535,65535,65535,65535,65535
2026-07-31 09:47:53.130,53.61,49855,28997,40714,65535,65535,65535,65535,65535,65535
2026-07-31 09:47:53.175,53.65,49855,28997,40714,65535,65535,65535,65535,65535,65535
2026-07-31 09:47:53.225,53.7,49855,28997,40714,65535,65535,65535,65535,65535,65535
2026-07-31 09:47:53.279,53.76,49855,28997,40714,65535,65535,65535,65535,65535,65535
2026-07-31 09:47:53.330,53.81,49855,28997,40714,65535,65535,65535,65535,65535,65535
2026-07-31 09:47:53.378,53.86,49855,28997,40714,65535,65535,65535,65535,65535,65535
2026-07-31 09:47:53.429,53.91,49855,28997,40714,65535,65535,65535,65535,65535,65535
2026-07-31 09:47:53.478,53.96,49855,28997,40714,65535,65535,65535,65535,65535,65535
2026-07-31 09:47:53.530,54.01,49855,28997,50893,65535,65535,65535,65535,65535,65535
2026-07-31 09:47:53.581,54.06,62615,28742,50893,65535,65535,65535,65535,65535,65535
2026-07-31 09:47:53.630,54.11,62615,28742,50893,65535,65535,65535,65535,65535,65535
2026-07-31 09:47:53.673,54.15,62615,28742,50893,65535,65535,65535,65535,65535,65535
2026-07-31 09:47:53.729,54.21,62615,28742,50893,65535,65535,65535,65535,65535,65535
2026-07-31 09:47:53.778,54.26,62615,28742,50893,65535,65535,65535,65535,65535,65535
2026-07-31 09:47:53.826,54.31,62615,28742,50893,65535,65535,65535,65535,65535,65535
2026-07-31 09:47:53.879,54.36,62615,28742,50893,65535,65535,65535,65535,65535,65535
2026-07-31 09:47:53.931,54.41,62615,28742,50893,65535,65535,65535,65535,65535,65535
2026-07-31 09:47:53.978,54.46,62615,28742,50893,65535,65535,65535,65535,65535,65535
2026-07-31 09:47:54.029,54.51,62615,28742,50893,65535,65535,65535,65535,65535,65535
2026-07-31 09:47:54.082,54.56,62615,28742,40714,65535,65535,65535,65535,65535,65535
2026-07-31 09:47:54.130,54.61,62318,28827,40714,65535,65535,65535,65535,65535,65535
2026-07-31 09:47:54.175,54.65,62318,28827,40714,65535,65535,65535,65535,65535,65535
2026-07-31 09:47:54.226,54.71,62318,28827,40714,65535,65535,65535,65535,65535,65535
2026-07-31 09:47:54.279,54.76,62318,28827,40714,65535,65535,65535,65535,65535,65535
2026-07-31 09:47:54.329,54.81,62318,28827,40714,65535,65535,65535,65535,65535,65535
2026-07-31 09:47:54.378,54.86,62318,28827,40714,65535,65535,65535,65535,65535,65535
2026-07-31 09:47:54.429,54.91,62318,28827,40714,65535,65535,65535,65535,65535,65535
2026-07-31 09:47:54.474,54.95,62318,28827,40714,65535,65535,65535,65535,65535,65535
2026-07-31 09:47:54.534,55.01,62318,28827,40714,65535,65535,65535,65535,65535,65535
2026-07-31 09:47:54.586,55.07,62318,28827,40714,65535,65535,65535,65535,65535,65535
2026-07-31 09:47:54.632,55.11,62318,28827,40714,65535,65535,65535,65535,65535,65535
2026-07-31 09:47:54.679,55.16,49973,28827,40714,65535,65535,65535,65535,65535,65535
2026-07-31 09:47:54.730,55.21,49973,33533,40714,65535,65535,65535,65535,65535,65535
2026-07-31 09:47:54.781,55.26,49973,33533,40714,65535,65535,65535,65535,65535,65535
2026-07-31 09:47:54.833,55.31,49973,33533,40714,65535,65535,65535,65535,65535,65535
2026-07-31 09:47:54.881,55.36,49973,33533,40714,65535,65535,65535,65535,65535,65535
2026-07-31 09:47:54.935,55.41,49973,33533,40714,65535,65535,65535,65535,65535,65535
2026-07-31 09:47:54.983,55.46,49973,33533,40714,65535,65535,65535,65535,65535,65535
2026-07-31 09:47:55.036,55.52,49973,33533,40714,65535,65535,65535,65535,65535,65535
2026-07-31 09:47:55.085,55.56,49973,33533,40714,65535,65535,65535,65535,65535,65535
2026-07-31 09:47:55.128,55.61,49973,33533,40714,65535,65535,65535,65535,65535,65535
2026-07-31 09:47:55.182,55.66,49973,33533,40714,65535,65535,65535,65535,65535,65535
2026-07-31 09:47:55.230,55.71,62467,33533,33632,65535,65535,65535,65535,65535,65535
2026-07-31 09:47:55.283,55.76,62467,40240,33632,65535,65535,65535,65535,65535,65535
2026-07-31 09:47:55.354,55.83,62467,40240,33632,65535,65535,65535,65535,65535,65535
2026-07-31 09:47:55.403,55.88,62467,40240,33632,65535,65535,65535,65535,65535,65535
2026-07-31 09:47:55.453,55.93,62467,40240,33632,65535,65535,65535,65535,65535,65535
2026-07-31 09:47:55.500,55.98,62467,40240,33632,65535,65535,65535,65535,65535,65535
2026-07-31 09:47:55.547,56.03,62467,40240,33632,65535,65535,65535,65535,65535,65535
2026-07-31 09:47:55.595,56.07,62467,40240,33632,65535,65535,65535,65535,65535,65535
2026-07-31 09:47:55.647,56.13,62467,40240,33632,65535,65535,65535,65535,65535,65535
2026-07-31 09:47:55.694,56.17,62467,40240,33632,65535,65535,65535,65535,65535,65535
2026-07-31 09:47:55.742,56.22,62467,40240,33632,65535,65535,65535,65535,65535,65535
2026-07-31 09:47:55.789,56.27,62467,40240,40714,65535,65535,65535,65535,65535,65535
2026-07-31 09:47:55.851,56.33,61725,33929,40714,65535,65535,65535,65535,65535,65535
2026-07-31 09:47:55.903,56.38,61725,33929,40714,65535,65535,65535,65535,65535,65535
2026-07-31 09:47:55.953,56.43,61725,33929,40714,65535,65535,65535,65535,65535,65535
2026-07-31 09:47:56.001,56.48,61725,33929,40714,65535,65535,65535,65535,65535,65535
2026-07-31 09:47:56.053,56.53,61725,33929,40714,65535,65535,65535,65535,65535,65535
2026-07-31 09:47:56.108,56.59,61725,33929,40714,65535,65535,65535,65535,65535,65535
2026-07-31 09:47:56.164,56.64,61725,33929,40714,65535,65535,65535,65535,65535,65535
2026-07-31 09:47:56.212,56.69,61725,33929,40714,65535,65535,65535,65535,65535,65535
2026-07-31 09:47:56.260,56.74,61725,33929,40714,65535,65535,65535,65535,65535,65535
2026-07-31 09:47:56.314,56.79,61725,33929,40714,65535,65535,65535,65535,65535,65535
2026-07-31 09:47:56.365,56.84,49973,33929,40358,65535,65535,65535,65535,65535,65535
2026-07-31 09:47:56.414,56.89,49973,28742,40358,65535,65535,65535,65535,65535,65535
2026-07-31 09:47:56.463,56.94,49973,28742,40358,65535,65535,65535,65535,65535,65535
2026-07-31 09:47:56.509,56.99,49973,28742,40358,65535,65535,65535,65535,65535,65535
2026-07-31 09:47:56.561,57.04,49973,28742,40358,65535,65535,65535,65535,65535,65535
2026-07-31 09:47:56.612,57.09,49973,28742,40358,65535,65535,65535,65535,65535,65535
2026-07-31 09:47:56.671,57.15,49973,28742,40358,65535,65535,65535,65535,65535,65535
2026-07-31 09:47:56.720,57.2,49973,28742,40358,65535,65535,65535,65535,65535,65535
2026-07-31 09:47:56.767,57.25,49973,28742,40358,65535,65535,65535,65535,65535,65535
2026-07-31 09:47:56.815,57.29,49973,28742,40358,65535,65535,65535,65535,65535,65535
2026-07-31 09:47:56.867,57.35,49973,28742,40358,65535,65535,65535,65535,65535,65535
2026-07-31 09:47:56.917,57.4,62467,28742,33929,65535,65535,65535,65535,65535,65535
2026-07-31 09:47:56.970,57.45,62467,28742,33929,65535,65535,65535,65535,65535,65535
2026-07-31 09:47:57.018,57.5,62467,28742,33929,65535,65535,65535,65535,65535,65535
2026-07-31 09:47:57.071,57.55,62467,28742,33929,65535,65535,65535,65535,65535,65535
2026-07-31 09:47:57.117,57.6,62467,28742,33929,65535,65535,65535,65535,65535,65535
2026-07-31 09:47:57.166,57.65,62467,28742,33929,65535,65535,65535,65535,65535,65535
2026-07-31 09:47:57.213,57.69,62467,28742,33929,65535,65535,65535,65535,65535,65535
2026-07-31 09:47:57.262,57.74,62467,28742,33929,65535,65535,65535,65535,65535,65535
2026-07-31 09:47:57.313,57.79,62467,28742,33929,65535,65535,65535,65535,65535,65535
2026-07-31 09:47:57.364,57.84,62467,28742,33929,65535,65535,65535,65535,65535,65535
2026-07-31 09:47:57.415,57.89,62467,28742,33929,65535,65535,65535,65535,65535,65535
2026-07-31 09:47:57.473,57.95,62467,28742,40714,65535,65535,65535,65535,65535,65535
2026-07-31 09:47:57.521,58.0,62912,28997,40714,65535,65535,65535,65535,65535,65535
2026-07-31 09:47:57.573,58.05,62912,28997,40714,65535,65535,65535,65535,65535,65535
2026-07-31 09:47:57.619,58.1,62912,28997,40714,65535,65535,65535,65535,65535,65535
2026-07-31 09:47:57.670,58.15,62912,28997,40714,65535,65535,65535,65535,65535,65535
2026-07-31 09:47:57.721,58.2,62912,28997,40714,65535,65535,65535,65535,65535,65535
2026-07-31 09:47:57.769,58.25,62912,28997,40714,65535,65535,65535,65535,65535,65535
2026-07-31 09:47:57.819,58.3,62912,28997,40714,65535,65535,65535,65535,65535,65535
2026-07-31 09:47:57.864,58.34,62912,28997,40714,65535,65535,65535,65535,65535,65535
2026-07-31 09:47:57.914,58.39,62912,28997,40714,65535,65535,65535,65535,65535,65535
2026-07-31 09:47:57.961,58.44,62912,28997,40714,65535,65535,65535,65535,65535,65535
2026-07-31 09:47:58.013,58.49,62912,28997,40714,65535,65535,65535,65535,65535,65535
2026-07-31 09:47:58.063,58.54,62170,28997,33632,65535,65535,65535,65535,65535,65535
2026-07-31 09:47:58.112,58.59,62170,28827,33632,65535,65535,65535,65535,65535,65535
2026-07-31 09:47:58.164,58.64,62170,28827,33632,65535,65535,65535,65535,65535,65535
2026-07-31 09:47:58.214,58.69,62170,28827,33632,65535,65535,65535,65535,65535,65535
2026-07-31 09:47:58.273,58.75,62170,28827,33632,65535,65535,65535,65535,65535,65535
2026-07-31 09:47:58.321,58.8,62170,28827,33632,65535,65535,65535,65535,65535,65535
2026-07-31 09:47:58.371,58.85,62170,28827,33632,65535,65535,65535,65535,65535,65535
2026-07-31 09:47:58.418,58.9,62170,28827,33632,65535,65535,65535,65535,65535,65535
2026-07-31 09:47:58.471,58.95,62170,28827,33632,65535,65535,65535,65535,65535,65535
2026-07-31 09:47:58.517,59.0,62170,28827,33632,65535,65535,65535,65535,65535,65535
2026-07-31 09:47:58.570,59.05,62170,28827,33632,65535,65535,65535,65535,65535,65535
2026-07-31 09:47:58.618,59.1,62467,28827,40714,65535,65535,65535,65535,65535,65535
2026-07-31 09:47:58.665,59.14,62467,33632,40714,65535,65535,65535,65535,65535,65535
2026-07-31 09:47:58.712,59.19,62467,33632,40714,65535,65535,65535,65535,65535,65535
2026-07-31 09:47:58.761,59.24,62467,33632,40714,65535,65535,65535,65535,65535,65535
2026-07-31 09:47:58.809,59.29,62467,33632,40714,65535,65535,65535,65535,65535,65535
2026-07-31 09:47:58.858,59.34,62467,33632,40714,65535,65535,65535,65535,65535,65535
2026-07-31 09:47:58.906,59.39,62467,33632,40714,65535,65535,65535,65535,65535,65535
2026-07-31 09:47:58.953,59.43,62467,33632,40714,65535,65535,65535,65535,65535,65535
2026-07-31 09:47:59.002,59.48,62467,33632,40714,65535,65535,65535,65535,65535,65535
2026-07-31 09:47:59.058,59.54,62467,33632,40714,65535,65535,65535,65535,65535,65535
2026-07-31 09:47:59.110,59.59,62467,33632,40714,65535,65535,65535,65535,65535,65535
2026-07-31 09:47:59.160,59.64,62467,33632,33632,65535,65535,65535,65535,65535,65535
2026-07-31 09:47:59.209,59.69,62763,29082,33632,65535,65535,65535,65535,65535,65535
2026-07-31 09:47:59.260,59.74,62763,29082,33632,65535,65535,65535,65535,65535,65535
2026-07-31 09:47:59.308,59.79,62763,29082,33632,65535,65535,65535,65535,65535,65535
2026-07-31 09:47:59.362,59.84,62763,29082,33632,65535,65535,65535,65535,65535,65535
2026-07-31 09:47:59.412,59.89,62763,29082,33632,65535,65535,65535,65535,65535,65535
2026-07-31 09:47:59.464,59.94,62763,29082,33632,65535,65535,65535,65535,65535,65535
2026-07-31 09:47:59.515,59.99,62763,29082,33632,65535,65535,65535,65535,65535,65535
2026-07-31 09:47:59.562,60.04,62763,29082,33632,65535,65535,65535,65535,65535,65535
2026-07-31 09:47:59.606,60.09,62763,29082,33632,65535,65535,65535,65535,65535,65535
2026-07-31 09:47:59.657,60.14,62763,29082,33632,65535,65535,65535,65535,65535,65535
2026-07-31 09:47:59.702,60.18,62763,29082,33632,65535,65535,65535,65535,65535,65535
2026-07-31 09:47:59.753,60.23,55790,29082,33929,65535,65535,65535,65535,65535,65535
2026-07-31 09:47:59.799,60.28,55790,28742,33929,65535,65535,65535,65535,65535,65535
2026-07-31 09:47:59.856,60.34,55790,28742,33929,65535,65535,65535,65535,65535,65535
2026-07-31 09:47:59.906,60.39,55790,28742,33929,65535,65535,65535,65535,65535,65535
2026-07-31 09:47:59.960,60.44,55790,28742,33929,65535,65535,65535,65535,65535,65535
2026-07-31 09:48:00.012,60.49,55790,28742,33929,65535,65535,65535,65535,65535,65535
2026-07-31 09:48:00.058,60.54,55790,28742,33929,65535,65535,65535,65535,65535,65535
2026-07-31 09:48:00.108,60.59,55790,28742,33929,65535,65535,65535,65535,65535,65535
2026-07-31 09:48:00.190,60.67,55790,28742,33929,65535,65535,65535,65535,65535,65535
2026-07-31 09:48:00.242,60.72,55790,28742,33929,65535,65535,65535,65535,65535,65535
2026-07-31 09:48:00.293,60.77,62763,28742,40714,65535,65535,65535,65535,65535,65535
2026-07-31 09:48:00.339,60.82,62763,28742,40714,65535,65535,65535,65535,65535,65535
2026-07-31 09:48:00.390,60.87,62763,28742,40714,65535,65535,65535,65535,65535,65535
2026-07-31 09:48:00.435,60.91,62763,28742,40714,65535,65535,65535,65535,65535,65535
2026-07-31 09:48:00.484,60.96,62763,28742,40714,65535,65535,65535,65535,65535,65535
2026-07-31 09:48:00.534,61.01,62763,28742,40714,65535,65535,65535,65535,65535,65535
2026-07-31 09:48:00.582,61.06,62763,28742,40714,65535,65535,65535,65535,65535,65535
2026-07-31 09:48:00.632,61.11,62763,28742,40714,65535,65535,65535,65535,65535,65535
2026-07-31 09:48:00.702,61.18,62763,28742,40714,65535,65535,65535,65535,65535,65535
2026-07-31 09:48:00.750,61.23,62763,28742,40714,65535,65535,65535,65535,65535,65535
2026-07-31 09:48:00.796,61.28,62763,28742,40714,65535,65535,65535,65535,65535,65535
2026-07-31 09:48:00.846,61.33,62763,28742,40714,65535,65535,65535,65535,65535,65535
2026-07-31 09:48:00.896,61.38,49973,29082,40714,65535,65535,65535,65535,65535,65535
2026-07-31 09:48:00.945,61.42,49973,29082,40714,65535,65535,65535,65535,65535,65535
2026-07-31 09:48:01.034,61.51,49973,29082,40714,65535,65535,65535,65535,65535,65535
2026-07-31 09:48:01.085,61.56,49973,29082,40714,65535,65535,65535,65535,65535,65535
2026-07-31 09:48:01.135,61.61,49973,29082,40714,65535,65535,65535,65535,65535,65535
2026-07-31 09:48:01.187,61.67,49973,29082,40714,65535,65535,65535,65535,65535,65535
2026-07-31 09:48:01.235,61.71,49973,29082,40714,65535,65535,65535,65535,65535,65535
2026-07-31 09:48:01.284,61.76,49973,29082,40714,65535,65535,65535,65535,65535,65535
2026-07-31 09:48:01.332,61.81,49973,29082,40714,65535,65535,65535,65535,65535,65535
2026-07-31 09:48:01.378,61.86,49973,29082,40714,65535,65535,65535,65535,65535,65535
2026-07-31 09:48:01.430,61.91,62170,29082,40714,65535,65535,65535,65535,65535,65535
2026-07-31 09:48:01.479,61.96,62170,28997,40714,65535,65535,65535,65535,65535,65535
2026-07-31 09:48:01.541,62.02,62170,28997,40714,65535,65535,65535,65535,65535,65535
2026-07-31 09:48:01.591,62.07,62170,28997,40714,65535,65535,65535,65535,65535,65535
2026-07-31 09:48:01.643,62.12,62170,28997,40714,65535,65535,65535,65535,65535,65535
2026-07-31 09:48:01.694,62.17,62170,28997,40714,65535,65535,65535,65535,65535,65535
2026-07-31 09:48:01.743,62.22,62170,28997,40714,65535,65535,65535,65535,65535,65535
2026-07-31 09:48:01.786,62.27,62170,28997,40714,65535,65535,65535,65535,65535,65535
2026-07-31 09:48:01.845,62.33,62170,28997,40714,65535,65535,65535,65535,65535,65535
2026-07-31 09:48:01.903,62.38,62170,28997,40714,65535,65535,65535,65535,65535,65535
2026-07-31 09:48:01.957,62.44,62170,28997,33632,65535,65535,65535,65535,65535,65535
2026-07-31 09:48:02.001,62.48,50092,33533,33632,65535,65535,65535,65535,65535,65535
2026-07-31 09:48:02.056,62.54,50092,33533,33632,65535,65535,65535,65535,65535,65535
2026-07-31 09:48:02.102,62.58,50092,33533,33632,65535,65535,65535,65535,65535,65535
2026-07-31 09:48:02.151,62.63,50092,33533,33632,65535,65535,65535,65535,65535,65535
2026-07-31 09:48:02.199,62.68,50092,33533,33632,65535,65535,65535,65535,65535,65535
2026-07-31 09:48:02.258,62.74,50092,33533,33632,65535,65535,65535,65535,65535,65535
2026-07-31 09:48:02.303,62.78,50092,33533,33632,65535,65535,65535,65535,65535,65535
2026-07-31 09:48:02.365,62.84,50092,33533,33632,65535,65535,65535,65535,65535,65535
2026-07-31 09:48:02.413,62.89,50092,33533,33632,65535,65535,65535,65535,65535,65535
2026-07-31 09:48:02.464,62.94,50092,33533,33632,65535,65535,65535,65535,65535,65535
2026-07-31 09:48:02.513,62.99,50092,33533,33632,65535,65535,65535,65535,65535,65535
2026-07-31 09:48:02.561,63.04,50092,33533,40714,65535,65535,65535,65535,65535,65535
2026-07-31 09:48:02.612,63.09,50092,28742,40714,65535,65535,65535,65535,65535,65535
2026-07-31 09:48:02.672,63.15,50092,28742,40714,65535,65535,65535,65535,65535,65535
2026-07-31 09:48:02.725,63.2,50092,28742,40714,65535,65535,65535,65535,65535,65535
2026-07-31 09:48:02.774,63.25,50092,28742,40714,65535,65535,65535,65535,65535,65535
2026-07-31 09:48:02.826,63.31,50092,28742,40714,65535,65535,65535,65535,65535,65535
2026-07-31 09:48:02.877,63.36,50092,28742,40714,65535,65535,65535,65535,65535,65535
2026-07-31 09:48:02.925,63.4,50092,28742,40714,65535,65535,65535,65535,65535,65535
2026-07-31 09:48:02.979,63.46,50092,28742,40714,65535,65535,65535,65535,65535,65535
2026-07-31 09:48:03.030,63.51,50092,28742,40714,65535,65535,65535,65535,65535,65535
2026-07-31 09:48:03.081,63.56,50092,28742,40714,65535,65535,65535,65535,65535,65535
2026-07-31 09:48:03.132,63.61,50685,33830,40714,65535,65535,65535,65535,65535,65535
2026-07-31 09:48:03.188,63.67,50685,33830,40714,65535,65535,65535,65535,65535,65535
2026-07-31 09:48:03.240,63.72,50685,33830,40714,65535,65535,65535,65535,65535,65535
2026-07-31 09:48:03.287,63.77,50685,33830,40714,65535,65535,65535,65535,65535,65535
2026-07-31 09:48:03.334,63.81,50685,33830,40714,65535,65535,65535,65535,65535,65535
2026-07-31 09:48:03.381,63.86,50685,33830,40714,65535,65535,65535,65535,65535,65535
2026-07-31 09:48:03.428,63.91,50685,33830,40714,65535,65535,65535,65535,65535,65535
2026-07-31 09:48:03.478,63.96,50685,33830,40714,65535,65535,65535,65535,65535,65535
2026-07-31 09:48:03.531,64.01,50685,33830,40714,65535,65535,65535,65535,65535,65535
2026-07-31 09:48:03.579,64.06,50685,33830,40714,65535,65535,65535,65535,65535,65535
2026-07-31 09:48:03.627,64.11,50685,33830,40714,65535,65535,65535,65535,65535,65535
2026-07-31 09:48:03.673,64.15,62615,33830,40477,65535,65535,65535,65535,65535,65535
2026-07-31 09:48:03.720,64.2,62615,28827,40477,65535,65535,65535,65535,65535,65535
2026-07-31 09:48:03.767,64.25,62615,28827,40477,65535,65535,65535,65535,65535,65535
2026-07-31 09:48:03.816,64.3,62615,28827,40477,65535,65535,65535,65535,65535,65535
2026-07-31 09:48:03.863,64.34,62615,28827,40477,65535,65535,65535,65535,65535,65535
2026-07-31 09:48:03.914,64.39,62615,28827,40477,65535,65535,65535,65535,65535,65535
2026-07-31 09:48:03.980,64.46,62615,28827,40477,65535,65535,65535,65535,65535,65535
2026-07-31 09:48:04.030,64.51,62615,28827,40477,65535,65535,65535,65535,65535,65535
2026-07-31 09:48:04.078,64.56,62615,28827,40477,65535,65535,65535,65535,65535,65535
2026-07-31 09:48:04.131,64.61,62615,28827,40477,65535,65535,65535,65535,65535,65535
2026-07-31 09:48:04.182,64.66,62615,28827,40477,65535,65535,65535,65535,65535,65535
2026-07-31 09:48:04.227,64.71,62615,28827,33929,65535,65535,65535,65535,65535,65535
2026-07-31 09:48:04.285,64.76,50092,28827,33929,65535,65535,65535,65535,65535,65535
2026-07-31 09:48:04.334,64.81,50092,28827,33929,65535,65535,65535,65535,65535,65535
2026-07-31 09:48:04.384,64.86,50092,28827,33929,65535,65535,65535,65535,65535,65535
2026-07-31 09:48:04.432,64.91,50092,28827,33929,65535,65535,65535,65535,65535,65535
2026-07-31 09:48:04.478,64.96,50092,28827,33929,65535,65535,65535,65535,65535,65535
2026-07-31 09:48:04.530,65.01,50092,28827,33929,65535,65535,65535,65535,65535,65535
2026-07-31 09:48:04.580,65.06,50092,28827,33929,65535,65535,65535,65535,65535,65535
2026-07-31 09:48:04.629,65.11,50092,28827,33929,65535,65535,65535,65535,65535,65535
2026-07-31 09:48:04.688,65.17,50092,28827,33929,65535,65535,65535,65535,65535,65535
2026-07-31 09:48:04.739,65.22,50092,28827,33929,65535,65535,65535,65535,65535,65535
2026-07-31 09:48:04.795,65.27,62170,28827,33929,65535,65535,65535,65535,65535,65535
2026-07-31 09:48:04.846,65.33,62170,28827,33929,65535,65535,65535,65535,65535,65535
2026-07-31 09:48:04.896,65.38,62170,28827,33929,65535,65535,65535,65535,65535,65535
2026-07-31 09:48:04.944,65.42,62170,28827,33929,65535,65535,65535,65535,65535,65535
2026-07-31 09:48:04.992,65.47,62170,28827,33929,65535,65535,65535,65535,65535,65535
2026-07-31 09:48:05.043,65.52,62170,28827,33929,65535,65535,65535,65535,65535,65535
2026-07-31 09:48:05.097,65.58,62170,28827,33929,65535,65535,65535,65535,65535,65535
2026-07-31 09:48:05.159,65.64,62170,28827,33929,65535,65535,65535,65535,65535,65535
2026-07-31 09:48:05.212,65.69,62170,28827,33929,65535,65535,65535,65535,65535,65535
2026-07-31 09:48:05.265,65.74,62170,28827,33929,65535,65535,65535,65535,65535,65535
2026-07-31 09:48:05.320,65.8,62170,28827,33929,65535,65535,65535,65535,65535,65535
2026-07-31 09:48:05.370,65.85,49973,28742,40714,65535,65535,65535,65535,65535,65535
2026-07-31 09:48:05.419,65.9,49973,28742,40714,65535,65535,65535,65535,65535,65535
2026-07-31 09:48:05.466,65.95,49973,28742,40714,65535,65535,65535,65535,65535,65535
2026-07-31 09:48:05.513,65.99,49973,28742,40714,65535,65535,65535,65535,65535,65535
2026-07-31 09:48:05.562,66.04,49973,28742,40714,65535,65535,65535,65535,65535,65535
2026-07-31 09:48:05.621,66.1,49973,28742,40714,65535,65535,65535,65535,65535,65535
2026-07-31 09:48:05.670,66.15,49973,28742,40714,65535,65535,65535,65535,65535,65535
2026-07-31 09:48:05.716,66.2,49973,28742,40714,65535,65535,65535,65535,65535,65535
2026-07-31 09:48:05.765,66.24,49973,28742,40714,65535,65535,65535,65535,65535,65535
2026-07-31 09:48:05.819,66.3,49973,28742,40714,65535,65535,65535,65535,65535,65535
2026-07-31 09:48:05.869,66.35,49973,28742,40714,65535,65535,65535,65535,65535,65535
2026-07-31 09:48:05.930,66.41,62170,28742,40714,65535,65535,65535,65535,65535,65535
2026-07-31 09:48:05.990,66.47,62170,33533,40714,65535,65535,65535,65535,65535,65535
2026-07-31 09:48:06.039,66.52,62170,33533,40714,65535,65535,65535,65535,65535,65535
2026-07-31 09:48:06.087,66.57,62170,33533,40714,65535,65535,65535,65535,65535,65535
2026-07-31 09:48:06.133,66.61,62170,33533,40714,65535,65535,65535,65535,65535,65535
2026-07-31 09:48:06.184,66.66,62170,33533,40714,65535,65535,65535,65535,65535,65535
2026-07-31 09:48:06.239,66.72,62170,33533,40714,65535,65535,65535,65535,65535,65535
2026-07-31 09:48:06.290,66.77,62170,33533,40714,65535,65535,65535,65535,65535,65535
2026-07-31 09:48:06.340,66.82,62170,33533,40714,65535,65535,65535,65535,65535,65535
2026-07-31 09:48:06.390,66.87,62170,33533,40714,65535,65535,65535,65535,65535,65535
2026-07-31 09:48:06.455,66.94,62170,33533,40714,65535,65535,65535,65535,65535,65535
2026-07-31 09:48:06.504,66.98,62467,28827,40714,65535,65535,65535,65535,65535,65535
2026-07-31 09:48:06.552,67.03,62467,28827,40714,65535,65535,65535,65535,65535,65535
2026-07-31 09:48:06.601,67.08,62467,28827,40714,65535,65535,65535,65535,65535,65535
2026-07-31 09:48:06.649,67.13,62467,28827,40714,65535,65535,65535,65535,65535,65535
2026-07-31 09:48:06.703,67.18,62467,28827,40714,65535,65535,65535,65535,65535,65535
2026-07-31 09:48:06.759,67.24,62467,28827,40714,65535,65535,65535,65535,65535,65535
2026-07-31 09:48:06.817,67.3,62467,28827,40714,65535,65535,65535,65535,65535,65535
2026-07-31 09:48:06.866,67.35,62467,28827,40714,65535,65535,65535,65535,65535,65535
2026-07-31 09:48:06.913,67.39,62467,28827,40714,65535,65535,65535,65535,65535,65535
2026-07-31 09:48:06.964,67.44,62467,28827,40714,65535,65535,65535,65535,65535,65535
2026-07-31 09:48:07.013,67.49,62467,28827,40714,65535,65535,65535,65535,65535,65535
2026-07-31 09:48:07.065,67.54,61873,28997,40714,65535,65535,65535,65535,65535,65535
2026-07-31 09:48:07.114,67.59,61873,28997,40714,65535,65535,65535,65535,65535,65535
2026-07-31 09:48:07.162,67.64,61873,28997,40714,65535,65535,65535,65535,65535,65535
2026-07-31 09:48:07.211,67.69,61873,28997,40714,65535,65535,65535,65535,65535,65535
2026-07-31 09:48:07.274,67.75,61873,28997,40714,65535,65535,65535,65535,65535,65535
2026-07-31 09:48:07.323,67.8,61873,28997,40714,65535,65535,65535,65535,65535,65535
2026-07-31 09:48:07.372,67.85,61873,28997,40714,65535,65535,65535,65535,65535,65535
2026-07-31 09:48:07.421,67.9,61873,28997,40714,65535,65535,65535,65535,65535,65535
2026-07-31 09:48:07.466,67.95,61873,28997,40714,65535,65535,65535,65535,65535,65535
2026-07-31 09:48:07.515,67.99,61873,28997,40714,65535,65535,65535,65535,65535,65535
2026-07-31 09:48:07.577,68.06,61873,28997,33533,65535,65535,65535,65535,65535,65535
2026-07-31 09:48:07.644,68.12,41644,33533,33533,65535,65535,65535,65535,65535,65535
2026-07-31 09:48:07.690,68.17,41644,33533,33533,65535,65535,65535,65535,65535,65535
2026-07-31 09:48:07.744,68.22,41644,33533,33533,65535,65535,65535,65535,65535,65535
2026-07-31 09:48:07.795,68.27,41644,33533,33533,65535,65535,65535,65535,65535,65535
2026-07-31 09:48:07.843,68.32,41644,33533,33533,65535,65535,65535,65535,65535,65535
2026-07-31 09:48:07.895,68.37,41644,33533,33533,65535,65535,65535,65535,65535,65535
2026-07-31 09:48:07.938,68.42,41644,33533,33533,65535,65535,65535,65535,65535,65535
2026-07-31 09:48:07.991,68.47,41644,33533,33533,65535,65535,65535,65535,65535,65535
2026-07-31 09:48:08.043,68.52,41644,33533,33533,65535,65535,65535,65535,65535,65535
2026-07-31 09:48:08.104,68.58,41644,33533,33533,65535,65535,65535,65535,65535,65535
2026-07-31 09:48:08.156,68.64,41644,33533,40714,65535,65535,65535,65535,65535,65535
2026-07-31 09:48:08.208,68.69,50092,28827,40714,65535,65535,65535,65535,65535,65535
2026-07-31 09:48:08.262,68.74,50092,28827,40714,65535,65535,65535,65535,65535,65535
2026-07-31 09:48:08.311,68.79,50092,28827,40714,65535,65535,65535,65535,65535,65535
2026-07-31 09:48:08.362,68.84,50092,28827,40714,65535,65535,65535,65535,65535,65535
2026-07-31 09:48:08.412,68.89,50092,28827,40714,65535,65535,65535,65535,65535,65535
2026-07-31 09:48:08.469,68.95,50092,28827,40714,65535,65535,65535,65535,65535,65535
2026-07-31 09:48:08.518,69.0,50092,28827,40714,65535,65535,65535,65535,65535,65535
2026-07-31 09:48:08.564,69.04,50092,28827,40714,65535,65535,65535,65535,65535,65535
2026-07-31 09:48:08.612,69.09,50092,28827,40714,65535,65535,65535,65535,65535,65535
2026-07-31 09:48:08.658,69.14,50092,28827,40714,65535,65535,65535,65535,65535,65535
2026-07-31 09:48:08.706,69.19,50092,28827,40714,65535,65535,65535,65535,65535,65535
2026-07-31 09:48:08.755,69.23,63060,28912,40714,65535,65535,65535,65535,65535,65535
2026-07-31 09:48:08.810,69.29,63060,28912,40714,65535,65535,65535,65535,65535,65535
2026-07-31 09:48:08.860,69.34,63060,28912,40714,65535,65535,65535,65535,65535,65535
2026-07-31 09:48:08.923,69.4,63060,28912,40714,65535,65535,65535,65535,65535,65535
2026-07-31 09:48:08.974,69.45,63060,28912,40714,65535,65535,65535,65535,65535,65535
2026-07-31 09:48:09.019,69.5,63060,28912,40714,65535,65535,65535,65535,65535,65535
2026-07-31 09:48:09.072,69.55,63060,28912,40714,65535,65535,65535,65535,65535,65535
2026-07-31 09:48:09.122,69.6,63060,28912,40714,65535,65535,65535,65535,65535,65535
2026-07-31 09:48:09.170,69.65,63060,28912,40714,65535,65535,65535,65535,65535,65535
2026-07-31 09:48:09.225,69.7,63060,28912,40714,65535,65535,65535,65535,65535,65535
2026-07-31 09:48:09.283,69.76,62170,28912,33632,65535,65535,65535,65535,65535,65535
2026-07-31 09:48:09.328,69.81,62170,33533,33632,65535,65535,65535,65535,65535,65535
2026-07-31 09:48:09.381,69.86,62170,33533,33632,65535,65535,65535,65535,65535,65535
2026-07-31 09:48:09.439,69.92,62170,33533,33632,65535,65535,65535,65535,65535,65535
2026-07-31 09:48:09.488,69.97,62170,33533,33632,65535,65535,65535,65535,65535,65535
2026-07-31 09:48:09.539,70.02,62170,33533,33632,65535,65535,65535,65535,65535,65535
2026-07-31 09:48:09.590,70.07,62170,33533,33632,65535,65535,65535,65535,65535,65535
2026-07-31 09:48:09.637,70.12,62170,33533,33632,65535,65535,65535,65535,65535,65535
2026-07-31 09:48:09.686,70.17,62170,33533,33632,65535,65535,65535,65535,65535,65535
2026-07-31 09:48:09.748,70.23,62170,33533,33632,65535,65535,65535,65535,65535,65535
2026-07-31 09:48:09.795,70.27,62170,33533,33632,65535,65535,65535,65535,65535,65535
2026-07-31 09:48:09.847,70.33,62467,33533,40714,65535,65535,65535,65535,65535,65535
2026-07-31 09:48:09.901,70.38,62467,28742,40714,65535,65535,65535,65535,65535,65535
2026-07-31 09:48:09.949,70.43,62467,28742,40714,65535,65535,65535,65535,65535,65535
2026-07-31 09:48:10.003,70.48,62467,28742,40714,65535,65535,65535,65535,65535,65535
2026-07-31 09:48:10.065,70.54,62467,28742,40714,65535,65535,65535,65535,65535,65535
2026-07-31 09:48:10.131,70.61,62467,28742,40714,65535,65535,65535,65535,65535,65535
2026-07-31 09:48:10.179,70.66,62467,28742,40714,65535,65535,65535,65535,65535,65535
2026-07-31 09:48:10.223,70.7,62467,28742,40714,65535,65535,65535,65535,65535,65535
2026-07-31 09:48:10.273,70.75,62467,28742,40714,65535,65535,65535,65535,65535,65535
2026-07-31 09:48:10.324,70.8,62467,28742,40714,65535,65535,65535,65535,65535,65535
2026-07-31 09:48:10.372,70.85,62467,28742,40714,65535,65535,65535,65535,65535,65535
2026-07-31 09:48:10.416,70.9,49617,28742,33632,65535,65535,65535,65535,65535,65535
2026-07-31 09:48:10.470,70.95,49617,33632,33632,65535,65535,65535,65535,65535,65535
2026-07-31 09:48:10.521,71.0,49617,33632,33632,65535,65535,65535,65535,65535,65535
2026-07-31 09:48:10.579,71.06,49617,33632,33632,65535,65535,65535,65535,65535,65535
2026-07-31 09:48:10.626,71.11,49617,33632,33632,65535,65535,65535,65535,65535,65535
2026-07-31 09:48:10.675,71.16,49617,33632,33632,65535,65535,65535,65535,65535,65535
2026-07-31 09:48:10.735,71.21,49617,33632,33632,65535,65535,65535,65535,65535,65535
2026-07-31 09:48:10.782,71.26,49617,33632,33632,65535,65535,65535,65535,65535,65535
2026-07-31 09:48:10.832,71.31,49617,33632,33632,65535,65535,65535,65535,65535,65535
2026-07-31 09:48:10.882,71.36,49617,33632,33632,65535,65535,65535,65535,65535,65535
2026-07-31 09:48:10.945,71.42,49617,33632,40714,65535,65535,65535,65535,65535,65535
2026-07-31 09:48:10.991,71.47,62467,33632,40714,65535,65535,65535,65535,65535,65535
2026-07-31 09:48:11.039,71.52,62467,33632,40714,65535,65535,65535,65535,65535,65535
2026-07-31 09:48:11.088,71.57,62467,33632,40714,65535,65535,65535,65535,65535,65535
2026-07-31 09:48:11.138,71.62,62467,33632,40714,65535,65535,65535,65535,65535,65535
2026-07-31 09:48:11.186,71.67,62467,33632,40714,65535,65535,65535,65535,65535,65535
2026-07-31 09:48:11.237,71.72,62467,33632,40714,65535,65535,65535,65535,65535,65535
2026-07-31 09:48:11.288,71.77,62467,33632,40714,65535,65535,65535,65535,65535,65535
2026-07-31 09:48:11.336,71.82,62467,33632,40714,65535,65535,65535,65535,65535,65535
2026-07-31 09:48:11.398,71.88,62467,33632,40714,65535,65535,65535,65535,65535,65535
2026-07-31 09:48:11.449,71.93,62467,33632,40714,65535,65535,65535,65535,65535,65535
2026-07-31 09:48:11.498,71.98,62467,33632,40714,65535,65535,65535,65535,65535,65535
2026-07-31 09:48:11.549,72.03,56621,28742,33929,65535,65535,65535,65535,65535,65535
2026-07-31 09:48:11.597,72.08,56621,28742,33929,65535,65535,65535,65535,65535,65535
2026-07-31 09:48:11.643,72.12,56621,28742,33929,65535,65535,65535,65535,65535,65535
2026-07-31 09:48:11.693,72.17,56621,28742,33929,65535,65535,65535,65535,65535,65535
2026-07-31 09:48:11.753,72.23,56621,28742,33929,65535,65535,65535,65535,65535,65535
2026-07-31 09:48:11.804,72.28,56621,28742,33929,65535,65535,65535,65535,65535,65535
2026-07-31 09:48:11.853,72.33,56621,28742,33929,65535,65535,65535,65535,65535,65535
2026-07-31 09:48:11.897,72.38,56621,28742,33929,65535,65535,65535,65535,65535,65535
2026-07-31 09:48:11.948,72.43,56621,28742,33929,65535,65535,65535,65535,65535,65535
2026-07-31 09:48:11.999,72.48,56621,28742,33929,65535,65535,65535,65535,65535,65535
2026-07-31 09:48:12.046,72.53,56621,28742,33929,65535,65535,65535,65535,65535,65535
2026-07-31 09:48:12.095,72.57,49855,28742,33929,65535,65535,65535,65535,65535,65535
2026-07-31 09:48:12.145,72.62,49855,33632,33929,65535,65535,65535,65535,65535,65535
2026-07-31 09:48:12.208,72.69,49855,33632,33929,65535,65535,65535,65535,65535,65535
2026-07-31 09:48:12.261,72.74,49855,33632,33929,65535,65535,65535,65535,65535,65535
2026-07-31 09:48:12.313,72.79,49855,33632,33929,65535,65535,65535,65535,65535,65535
2026-07-31 09:48:12.360,72.84,49855,33632,33929,65535,65535,65535,65535,65535,65535
2026-07-31 09:48:12.409,72.89,49855,33632,33929,65535,65535,65535,65535,65535,65535
2026-07-31 09:48:12.458,72.94,49855,33632,33929,65535,65535,65535,65535,65535,65535
2026-07-31 09:48:12.516,73.0,49855,33632,33929,65535,65535,65535,65535,65535,65535
2026-07-31 09:48:12.582,73.06,49855,33632,33929,65535,65535,65535,65535,65535,65535
2026-07-31 09:48:12.632,73.11,49855,33632,33929,65535,65535,65535,65535,65535,65535
2026-07-31 09:48:12.685,73.16,61873,28997,33929,65535,65535,65535,65535,65535,65535
2026-07-31 09:48:12.730,73.21,61873,28997,33929,65535,65535,65535,65535,65535,65535
2026-07-31 09:48:12.780,73.26,61873,28997,33929,65535,65535,65535,65535,65535,65535
2026-07-31 09:48:12.832,73.31,61873,28997,33929,65535,65535,65535,65535,65535,65535
2026-07-31 09:48:12.880,73.36,61873,28997,33929,65535,65535,65535,65535,65535,65535
2026-07-31 09:48:12.925,73.4,61873,28997,33929,65535,65535,65535,65535,65535,65535
2026-07-31 09:48:12.975,73.45,61873,28997,33929,65535,65535,65535,65535,65535,65535
2026-07-31 09:48:13.030,73.51,61873,28997,33929,65535,65535,65535,65535,65535,65535
2026-07-31 09:48:13.078,73.56,61873,28997,33929,65535,65535,65535,65535,65535,65535
2026-07-31 09:48:13.127,73.61,61873,28997,33929,65535,65535,65535,65535,65535,65535
2026-07-31 09:48:13.180,73.66,61873,28997,33929,65535,65535,65535,65535,65535,65535
2026-07-31 09:48:13.230,73.71,55196,28997,33632,65535,65535,65535,65535,65535,65535
2026-07-31 09:48:13.280,73.76,55196,28742,33632,65535,65535,65535,65535,65535,65535
2026-07-31 09:48:13.342,73.82,55196,28742,33632,65535,65535,65535,65535,65535,65535
2026-07-31 09:48:13.408,73.89,55196,28742,33632,65535,65535,65535,65535,65535,65535
2026-07-31 09:48:13.459,73.94,55196,28742,33632,65535,65535,65535,65535,65535,65535
2026-07-31 09:48:13.507,73.99,55196,28742,33632,65535,65535,65535,65535,65535,65535
2026-07-31 09:48:13.553,74.03,55196,28742,33632,65535,65535,65535,65535,65535,65535
2026-07-31 09:48:13.600,74.08,55196,28742,33632,65535,65535,65535,65535,65535,65535
2026-07-31 09:48:13.647,74.13,55196,28742,33632,65535,65535,65535,65535,65535,65535
2026-07-31 09:48:13.692,74.17,55196,28742,33632,65535,65535,65535,65535,65535,65535
2026-07-31 09:48:13.740,74.22,55196,28742,33632,65535,65535,65535,65535,65535,65535
2026-07-31 09:48:13.787,74.27,55671,28742,33929,65535,65535,65535,65535,65535,65535
2026-07-31 09:48:13.875,74.35,55671,28742,33929,65535,65535,65535,65535,65535,65535
2026-07-31 09:48:13.922,74.4,55671,28742,33929,65535,65535,65535,65535,65535,65535
2026-07-31 09:48:13.970,74.45,55671,28742,33929,65535,65535,65535,65535,65535,65535
2026-07-31 09:48:14.020,74.5,55671,28742,33929,65535,65535,65535,65535,65535,65535
2026-07-31 09:48:14.071,74.55,55671,28742,33929,65535,65535,65535,65535,65535,65535
2026-07-31 09:48:14.117,74.6,55671,28742,33929,65535,65535,65535,65535,65535,65535
2026-07-31 09:48:14.162,74.64,55671,28742,33929,65535,65535,65535,65535,65535,65535
2026-07-31 09:48:14.223,74.7,55671,28742,33929,65535,65535,65535,65535,65535,65535
2026-07-31 09:48:14.270,74.75,55671,28742,33929,65535,65535,65535,65535,65535,65535
2026-07-31 09:48:14.316,74.8,55671,28742,33929,65535,65535,65535,65535,65535,65535
2026-07-31 09:48:14.366,74.85,62912,28997,33929,65535,65535,65535,65535,65535,65535
2026-07-31 09:48:14.415,74.89,62912,28997,33929,65535,65535,65535,65535,65535,65535
2026-07-31 09:48:14.465,74.94,62912,28997,33929,65535,65535,65535,65535,65535,65535
2026-07-31 09:48:14.513,74.99,62912,28997,33929,65535,65535,65535,65535,65535,65535
2026-07-31 09:48:14.558,75.04,62912,28997,33929,65535,65535,65535,65535,65535,65535
2026-07-31 09:48:14.608,75.09,62912,28997,33929,65535,65535,65535,65535,65535,65535
2026-07-31 09:48:14.668,75.15,62912,28997,33929,65535,65535,65535,65535,65535,65535
2026-07-31 09:48:14.719,75.2,62912,28997,33929,65535,65535,65535,65535,65535,65535
2026-07-31 09:48:14.765,75.24,62912,28997,33929,65535,65535,65535,65535,65535,65535
2026-07-31 09:48:14.812,75.29,62912,28997,33929,65535,65535,65535,65535,65535,65535
2026-07-31 09:48:14.860,75.34,62912,28997,33929,65535,65535,65535,65535,65535,65535
2026-07-31 09:48:14.908,75.39,54484,28997,33632,65535,65535,65535,65535,65535,65535
2026-07-31 09:48:14.967,75.45,54484,33632,33632,65535,65535,65535,65535,65535,65535
2026-07-31 09:48:15.025,75.5,54484,33632,33632,65535,65535,65535,65535,65535,65535
2026-07-31 09:48:15.078,75.56,54484,33632,33632,65535,65535,65535,65535,65535,65535
2026-07-31 09:48:15.129,75.61,54484,33632,33632,65535,65535,65535,65535,65535,65535
2026-07-31 09:48:15.177,75.66,54484,33632,33632,65535,65535,65535,65535,65535,65535
2026-07-31 09:48:15.232,75.71,54484,33632,33632,65535,65535,65535,65535,65535,65535
2026-07-31 09:48:15.280,75.76,54484,33632,33632,65535,65535,65535,65535,65535,65535
2026-07-31 09:48:15.330,75.81,54484,33632,33632,65535,65535,65535,65535,65535,65535
2026-07-31 09:48:15.382,75.86,54484,33632,33632,65535,65535,65535,65535,65535,65535
2026-07-31 09:48:15.429,75.91,54484,33632,33632,65535,65535,65535,65535,65535,65535
2026-07-31 09:48:15.491,75.97,62467,28827,33929,65535,65535,65535,65535,65535,65535
2026-07-31 09:48:15.549,76.03,62467,28827,33929,65535,65535,65535,65535,65535,65535
2026-07-31 09:48:15.597,76.08,62467,28827,33929,65535,65535,65535,65535,65535,65535
2026-07-31 09:48:15.648,76.13,62467,28827,33929,65535,65535,65535,65535,65535,65535
2026-07-31 09:48:15.700,76.18,62467,28827,33929,65535,65535,65535,65535,65535,65535
2026-07-31 09:48:15.748,76.23,62467,28827,33929,65535,65535,65535,65535,65535,65535
2026-07-31 09:48:15.804,76.28,62467,28827,33929,65535,65535,65535,65535,65535,65535
2026-07-31 09:48:15.863,76.34,62467,28827,33929,65535,65535,65535,65535,65535,65535
2026-07-31 09:48:15.914,76.39,62467,28827,33929,65535,65535,65535,65535,65535,65535
2026-07-31 09:48:15.963,76.44,62467,28827,33929,65535,65535,65535,65535,65535,65535
2026-07-31 09:48:16.014,76.49,62467,28827,40714,65535,65535,65535,65535,65535,65535
2026-07-31 09:48:16.064,76.54,50092,33533,40714,65535,65535,65535,65535,65535,65535
2026-07-31 09:48:16.113,76.59,50092,33533,40714,65535,65535,65535,65535,65535,65535
2026-07-31 09:48:16.169,76.65,50092,33533,40714,65535,65535,65535,65535,65535,65535
2026-07-31 09:48:16.222,76.7,50092,33533,40714,65535,65535,65535,65535,65535,65535
2026-07-31 09:48:16.272,76.75,50092,33533,40714,65535,65535,65535,65535,65535,65535
2026-07-31 09:48:16.334,76.81,50092,33533,40714,65535,65535,65535,65535,65535,65535
2026-07-31 09:48:16.388,76.87,50092,33533,40714,65535,65535,65535,65535,65535,65535
2026-07-31 09:48:16.436,76.92,50092,33533,40714,65535,65535,65535,65535,65535,65535
2026-07-31 09:48:16.483,76.96,50092,33533,40714,65535,65535,65535,65535,65535,65535
2026-07-31 09:48:16.536,77.02,50092,33533,40714,65535,65535,65535,65535,65535,65535
2026-07-31 09:48:16.582,77.06,62318,33533,33929,65535,65535,65535,65535,65535,65535
2026-07-31 09:48:16.642,77.12,62318,28742,33929,65535,65535,65535,65535,65535,65535
2026-07-31 09:48:16.692,77.17,62318,28742,33929,65535,65535,65535,65535,65535,65535
2026-07-31 09:48:16.742,77.22,62318,28742,33929,65535,65535,65535,65535,65535,65535
2026-07-31 09:48:16.791,77.27,62318,28742,33929,65535,65535,65535,65535,65535,65535
2026-07-31 09:48:16.845,77.32,62318,28742,33929,65535,65535,65535,65535,65535,65535
2026-07-31 09:48:16.896,77.38,62318,28742,33929,65535,65535,65535,65535,65535,65535
2026-07-31 09:48:16.954,77.43,62318,28742,33929,65535,65535,65535,65535,65535,65535
2026-07-31 09:48:17.004,77.48,62318,28742,33929,65535,65535,65535,65535,65535,65535
2026-07-31 09:48:17.055,77.53,62318,28742,33929,65535,65535,65535,65535,65535,65535
2026-07-31 09:48:17.103,77.58,62318,28742,33929,65535,65535,65535,65535,65535,65535
2026-07-31 09:48:17.162,77.64,62763,33533,33929,65535,65535,65535,65535,65535,65535
2026-07-31 09:48:17.216,77.7,62763,33533,33929,65535,65535,65535,65535,65535,65535
2026-07-31 09:48:17.263,77.74,62763,33533,33929,65535,65535,65535,65535,65535,65535
2026-07-31 09:48:17.313,77.79,62763,33533,33929,65535,65535,65535,65535,65535,65535
2026-07-31 09:48:17.360,77.84,62763,33533,33929,65535,65535,65535,65535,65535,65535
2026-07-31 09:48:17.411,77.89,62763,33533,33929,65535,65535,65535,65535,65535,65535
2026-07-31 09:48:17.473,77.95,62763,33533,33929,65535,65535,65535,65535,65535,65535
2026-07-31 09:48:17.526,78.01,62763,33533,33929,65535,65535,65535,65535,65535,65535
2026-07-31 09:48:17.571,78.05,62763,33533,33929,65535,65535,65535,65535,65535,65535
2026-07-31 09:48:17.619,78.1,62763,33533,33929,65535,65535,65535,65535,65535,65535
2026-07-31 09:48:17.664,78.14,62763,33533,33929,65535,65535,65535,65535,65535,65535
2026-07-31 09:48:17.715,78.19,50092,33533,40714,65535,65535,65535,65535,65535,65535
2026-07-31 09:48:17.767,78.25,50092,33632,40714,65535,65535,65535,65535,65535,65535
2026-07-31 09:48:17.814,78.29,50092,33632,40714,65535,65535,65535,65535,65535,65535
2026-07-31 09:48:17.865,78.34,50092,33632,40714,65535,65535,65535,65535,65535,65535
2026-07-31 09:48:17.909,78.39,50092,33632,40714,65535,65535,65535,65535,65535,65535
2026-07-31 09:48:17.969,78.45,50092,33632,40714,65535,65535,65535,65535,65535,65535
2026-07-31 09:48:18.021,78.5,50092,33632,40714,65535,65535,65535,65535,65535,65535
2026-07-31 09:48:18.065,78.54,50092,33632,40714,65535,65535,65535,65535,65535,65535
2026-07-31 09:48:18.114,78.59,50092,33632,40714,65535,65535,65535,65535,65535,65535
2026-07-31 09:48:18.160,78.64,50092,33632,40714,65535,65535,65535,65535,65535,65535
2026-07-31 09:48:18.213,78.69,50092,33632,40714,65535,65535,65535,65535,65535,65535
2026-07-31 09:48:18.277,78.76,49617,33632,33929,65535,65535,65535,65535,65535,65535
2026-07-31 09:48:18.336,78.82,49617,33929,33929,65535,65535,65535,65535,65535,65535
2026-07-31 09:48:18.386,78.87,49617,33929,33929,65535,65535,65535,65535,65535,65535
2026-07-31 09:48:18.436,78.92,49617,33929,33929,65535,65535,65535,65535,65535,65535
2026-07-31 09:48:18.490,78.97,49617,33929,33929,65535,65535,65535,65535,65535,65535
2026-07-31 09:48:18.537,79.02,49617,33929,33929,65535,65535,65535,65535,65535,65535
2026-07-31 09:48:18.584,79.06,49617,33929,33929,65535,65535,65535,65535,65535,65535
2026-07-31 09:48:18.631,79.11,49617,33929,33929,65535,65535,65535,65535,65535,65535
2026-07-31 09:48:18.681,79.16,49617,33929,33929,65535,65535,65535,65535,65535,65535
2026-07-31 09:48:18.735,79.21,49617,33929,33929,65535,65535,65535,65535,65535,65535
2026-07-31 09:48:18.792,79.27,49617,33929,33929,65535,65535,65535,65535,65535,65535
2026-07-31 09:48:18.839,79.32,65534,33929,33632,65535,65535,65535,65535,65535,65535
2026-07-31 09:48:18.889,79.37,65534,28742,33632,65535,65535,65535,65535,65535,65535
2026-07-31 09:48:18.939,79.42,65534,28742,33632,65535,65535,65535,65535,65535,65535
2026-07-31 09:48:18.987,79.47,65534,28742,33632,65535,65535,65535,65535,65535,65535
2026-07-31 09:48:19.039,79.52,65534,28742,33632,65535,65535,65535,65535,65535,65535
2026-07-31 09:48:19.086,79.57,65534,28742,33632,65535,65535,65535,65535,65535,65535
2026-07-31 09:48:19.136,79.62,65534,28742,33632,65535,65535,65535,65535,65535,65535
2026-07-31 09:48:19.183,79.66,65534,28742,33632,65535,65535,65535,65535,65535,65535
2026-07-31 09:48:19.236,79.72,65534,28742,33632,65535,65535,65535,65535,65535,65535
2026-07-31 09:48:19.289,79.77,65534,28742,33632,65535,65535,65535,65535,65535,65535
2026-07-31 09:48:19.339,79.82,65534,28742,33632,65535,65535,65535,65535,65535,65535
2026-07-31 09:48:19.390,79.87,50092,28742,33929,65535,65535,65535,65535,65535,65535
2026-07-31 09:48:19.436,79.92,50092,33632,33929,65535,65535,65535,65535,65535,65535
2026-07-31 09:48:19.484,79.96,50092,33632,33929,65535,65535,65535,65535,65535,65535
2026-07-31 09:48:19.529,80.01,50092,33632,33929,65535,65535,65535,65535,65535,65535
2026-07-31 09:48:19.585,80.06,50092,33632,33929,65535,65535,65535,65535,65535,65535
2026-07-31 09:48:19.634,80.11,50092,33632,33929,65535,65535,65535,65535,65535,65535
2026-07-31 09:48:19.684,80.16,50092,33632,33929,65535,65535,65535,65535,65535,65535
2026-07-31 09:48:19.737,80.22,50092,33632,33929,65535,65535,65535,65535,65535,65535
2026-07-31 09:48:19.789,80.27,50092,33632,33929,65535,65535,65535,65535,65535,65535
2026-07-31 09:48:19.839,80.32,50092,33632,33929,65535,65535,65535,65535,65535,65535
2026-07-31 09:48:19.885,80.36,50092,33632,33929,65535,65535,65535,65535,65535,65535
2026-07-31 09:48:19.934,80.41,50092,33632,33929,65535,65535,65535,65535,65535,65535
2026-07-31 09:48:19.981,80.46,63060,33830,33929,65535,65535,65535,65535,65535,65535
2026-07-31 09:48:20.029,80.51,63060,33830,33929,65535,65535,65535,65535,65535,65535
2026-07-31 09:48:20.075,80.56,63060,33830,33929,65535,65535,65535,65535,65535,65535
2026-07-31 09:48:20.124,80.6,63060,33830,33929,65535,65535,65535,65535,65535,65535
2026-07-31 09:48:20.183,80.66,63060,33830,33929,65535,65535,65535,65535,65535,65535
2026-07-31 09:48:20.231,80.71,63060,33830,33929,65535,65535,65535,65535,65535,65535
2026-07-31 09:48:20.279,80.76,63060,33830,33929,65535,65535,65535,65535,65535,65535
2026-07-31 09:48:20.325,80.8,63060,33830,33929,65535,65535,65535,65535,65535,65535
2026-07-31 09:48:20.383,80.86,63060,33830,33929,65535,65535,65535,65535,65535,65535
2026-07-31 09:48:20.435,80.91,63060,33830,33929,65535,65535,65535,65535,65535,65535
2026-07-31 09:48:20.483,80.96,63060,33830,33929,65535,65535,65535,65535,65535,65535
2026-07-31 09:48:20.535,81.01,62763,33632,33632,65535,65535,65535,65535,65535,65535
2026-07-31 09:48:20.583,81.06,62763,33632,33632,65535,65535,65535,65535,65535,65535
2026-07-31 09:48:20.632,81.11,62763,33632,33632,65535,65535,65535,65535,65535,65535
2026-07-31 09:48:20.692,81.17,62763,33632,33632,65535,65535,65535,65535,65535,65535
2026-07-31 09:48:20.743,81.22,62763,33632,33632,65535,65535,65535,65535,65535,65535
2026-07-31 09:48:20.791,81.27,62763,33632,33632,65535,65535,65535,65535,65535,65535
2026-07-31 09:48:20.843,81.32,62763,33632,33632,65535,65535,65535,65535,65535,65535
2026-07-31 09:48:20.894,81.37,62763,33632,33632,65535,65535,65535,65535,65535,65535
2026-07-31 09:48:20.943,81.42,62763,33632,33632,65535,65535,65535,65535,65535,65535
2026-07-31 09:48:21.001,81.48,62763,33632,33632,65535,65535,65535,65535,65535,65535
2026-07-31 09:48:21.048,81.53,62763,33632,33632,65535,65535,65535,65535,65535,65535
2026-07-31 09:48:21.101,81.58,62467,28827,40714,65535,65535,65535,65535,65535,65535
2026-07-31 09:48:21.150,81.63,62467,28827,40714,65535,65535,65535,65535,65535,65535
2026-07-31 09:48:21.210,81.69,62467,28827,40714,65535,65535,65535,65535,65535,65535
2026-07-31 09:48:21.273,81.75,62467,28827,40714,65535,65535,65535,65535,65535,65535
2026-07-31 09:48:21.319,81.8,62467,28827,40714,65535,65535,65535,65535,65535,65535
2026-07-31 09:48:21.370,81.85,62467,28827,40714,65535,65535,65535,65535,65535,65535
2026-07-31 09:48:21.424,81.9,62467,28827,40714,65535,65535,65535,65535,65535,65535
2026-07-31 09:48:21.472,81.95,62467,28827,40714,65535,65535,65535,65535,65535,65535
2026-07-31 09:48:21.556,82.04,62467,28827,40714,65535,65535,65535,65535,65535,65535
2026-07-31 09:48:21.608,82.09,62467,28827,40714,65535,65535,65535,65535,65535,65535
2026-07-31 09:48:21.654,82.13,62615,28827,40714,65535,65535,65535,65535,65535,65535
2026-07-31 09:48:21.705,82.18,62615,33533,40714,65535,65535,65535,65535,65535,65535
2026-07-31 09:48:21.750,82.23,62615,33533,40714,65535,65535,65535,65535,65535,65535
2026-07-31 09:48:21.805,82.28,62615,33533,40714,65535,65535,65535,65535,65535,65535
2026-07-31 09:48:21.854,82.33,62615,33533,40714,65535,65535,65535,65535,65535,65535
2026-07-31 09:48:21.899,82.38,62615,33533,40714,65535,65535,65535,65535,65535,65535
2026-07-31 09:48:21.949,82.43,62615,33533,40714,65535,65535,65535,65535,65535,65535
2026-07-31 09:48:21.995,82.47,62615,33533,40714,65535,65535,65535,65535,65535,65535
2026-07-31 09:48:22.052,82.53,62615,33533,40714,65535,65535,65535,65535,65535,65535
2026-07-31 09:48:22.103,82.58,62615,33533,40714,65535,65535,65535,65535,65535,65535
2026-07-31 09:48:22.152,82.63,62615,33533,40714,65535,65535,65535,65535,65535,65535
2026-07-31 09:48:22.206,82.69,62318,33533,33929,65535,65535,65535,65535,65535,65535
2026-07-31 09:48:22.258,82.74,62318,28742,33929,65535,65535,65535,65535,65535,65535
2026-07-31 09:48:22.308,82.79,62318,28742,33929,65535,65535,65535,65535,65535,65535
2026-07-31 09:48:22.391,82.87,62318,28742,33929,65535,65535,65535,65535,65535,65535
2026-07-31 09:48:22.441,82.92,62318,28742,33929,65535,65535,65535,65535,65535,65535
2026-07-31 09:48:22.490,82.97,62318,28742,33929,65535,65535,65535,65535,65535,65535
2026-07-31 09:48:22.539,83.02,62318,28742,33929,65535,65535,65535,65535,65535,65535
2026-07-31 09:48:22.584,83.06,62318,28742,33929,65535,65535,65535,65535,65535,65535
2026-07-31 09:48:22.634,83.11,62318,28742,33929,65535,65535,65535,65535,65535,65535
2026-07-31 09:48:22.684,83.16,62318,28742,33929,65535,65535,65535,65535,65535,65535
2026-07-31 09:48:22.732,83.21,62318,28742,22487,65535,65535,65535,65535,65535,65535
2026-07-31 09:48:22.780,83.26,62912,28742,22487,65535,65535,65535,65535,65535,65535
2026-07-31 09:48:22.831,83.31,62912,28742,22487,65535,65535,65535,65535,65535,65535
2026-07-31 09:48:22.891,83.37,62912,28742,22487,65535,65535,65535,65535,65535,65535
2026-07-31 09:48:22.942,83.42,62912,28742,22487,65535,65535,65535,65535,65535,65535
2026-07-31 09:48:22.986,83.47,62912,28742,22487,65535,65535,65535,65535,65535,65535
2026-07-31 09:48:23.037,83.52,62912,28742,22487,65535,65535,65535,65535,65535,65535
2026-07-31 09:48:23.088,83.57,62912,28742,22487,65535,65535,65535,65535,65535,65535
2026-07-31 09:48:23.137,83.62,62912,28742,22487,65535,65535,65535,65535,65535,65535
2026-07-31 09:48:23.198,83.68,62912,28742,22487,65535,65535,65535,65535,65535,65535
2026-07-31 09:48:23.249,83.73,62912,28742,22487,65535,65535,65535,65535,65535,65535
2026-07-31 09:48:23.294,83.77,62912,28742,22487,65535,65535,65535,65535,65535,65535
2026-07-31 09:48:23.345,83.82,49973,33533,40714,65535,65535,65535,65535,65535,65535
2026-07-31 09:48:23.396,83.88,49973,33533,40714,65535,65535,65535,65535,65535,65535
2026-07-31 09:48:23.451,83.93,49973,33533,40714,65535,65535,65535,65535,65535,65535
2026-07-31 09:48:23.515,83.99,49973,33533,40714,65535,65535,65535,65535,65535,65535
2026-07-31 09:48:23.562,84.04,49973,33533,40714,65535,65535,65535,65535,65535,65535
2026-07-31 09:48:23.612,84.09,49973,33533,40714,65535,65535,65535,65535,65535,65535
2026-07-31 09:48:23.658,84.14,49973,33533,40714,65535,65535,65535,65535,65535,65535
2026-07-31 09:48:23.718,84.2,49973,33533,40714,65535,65535,65535,65535,65535,65535
2026-07-31 09:48:23.765,84.25,49973,33533,40714,65535,65535,65535,65535,65535,65535
2026-07-31 09:48:23.812,84.29,49973,33533,40714,65535,65535,65535,65535,65535,65535
2026-07-31 09:48:23.860,84.34,49973,33533,33830,65535,65535,65535,65535,65535,65535
2026-07-31 09:48:23.913,84.39,61725,33929,33830,65535,65535,65535,65535,65535,65535
2026-07-31 09:48:23.966,84.45,61725,33929,33830,65535,65535,65535,65535,65535,65535
2026-07-31 09:48:24.028,84.51,61725,33929,33830,65535,65535,65535,65535,65535,65535
2026-07-31 09:48:24.078,84.56,61725,33929,33830,65535,65535,65535,65535,65535,65535
2026-07-31 09:48:24.127,84.61,61725,33929,33830,65535,65535,65535,65535,65535,65535
2026-07-31 09:48:24.177,84.66,61725,33929,33830,65535,65535,65535,65535,65535,65535
2026-07-31 09:48:24.227,84.71,61725,33929,33830,65535,65535,65535,65535,65535,65535
2026-07-31 09:48:24.275,84.75,61725,33929,33830,65535,65535,65535,65535,65535,65535
2026-07-31 09:48:24.322,84.8,61725,33929,33830,65535,65535,65535,65535,65535,65535
2026-07-31 09:48:24.371,84.85,61725,33929,33830,65535,65535,65535,65535,65535,65535
2026-07-31 09:48:24.419,84.9,61725,33929,33830,65535,65535,65535,65535,65535,65535
2026-07-31 09:48:24.467,84.95,62318,33929,33533,65535,65535,65535,65535,65535,65535
2026-07-31 09:48:24.524,85.0,62318,33533,33533,65535,65535,65535,65535,65535,65535
2026-07-31 09:48:24.578,85.06,62318,33533,33533,65535,65535,65535,65535,65535,65535
2026-07-31 09:48:24.624,85.1,62318,33533,33533,65535,65535,65535,65535,65535,65535
2026-07-31 09:48:24.675,85.15,62318,33533,33533,65535,65535,65535,65535,65535,65535
2026-07-31 09:48:24.727,85.21,62318,33533,33533,65535,65535,65535,65535,65535,65535
2026-07-31 09:48:24.777,85.26,62318,33533,33533,65535,65535,65535,65535,65535,65535
2026-07-31 09:48:24.829,85.31,62318,33533,33533,65535,65535,65535,65535,65535,65535
2026-07-31 09:48:24.879,85.36,62318,33533,33533,65535,65535,65535,65535,65535,65535
2026-07-31 09:48:24.927,85.41,62318,33533,33533,65535,65535,65535,65535,65535,65535
2026-07-31 09:48:24.975,85.45,62318,33533,33533,65535,65535,65535,65535,65535,65535
2026-07-31 09:48:25.022,85.5,50211,33533,22553,65535,65535,65535,65535,65535,65535
2026-07-31 09:48:25.074,85.55,50211,33533,22553,65535,65535,65535,65535,65535,65535
2026-07-31 09:48:25.123,85.6,50211,33533,22553,65535,65535,65535,65535,65535,65535
2026-07-31 09:48:25.173,85.65,50211,33533,22553,65535,65535,65535,65535,65535,65535
2026-07-31 09:48:25.228,85.71,50211,33533,22553,65535,65535,65535,65535,65535,65535
2026-07-31 09:48:25.275,85.75,50211,33533,22553,65535,65535,65535,65535,65535,65535
2026-07-31 09:48:25.335,85.81,50211,33533,22553,65535,65535,65535,65535,65535,65535
2026-07-31 09:48:25.388,85.87,50211,33533,22553,65535,65535,65535,65535,65535,65535
2026-07-31 09:48:25.436,85.92,50211,33533,22553,65535,65535,65535,65535,65535,65535
2026-07-31 09:48:25.487,85.97,50211,33533,22553,65535,65535,65535,65535,65535,65535
2026-07-31 09:48:25.540,86.02,50211,33533,22553,65535,65535,65535,65535,65535,65535
2026-07-31 09:48:25.591,86.07,63209,33533,33929,65535,65535,65535,65535,65535,65535
2026-07-31 09:48:25.657,86.14,63209,28997,33929,65535,65535,65535,65535,65535,65535
2026-07-31 09:48:25.706,86.19,63209,28997,33929,65535,65535,65535,65535,65535,65535
2026-07-31 09:48:25.756,86.24,63209,28997,33929,65535,65535,65535,65535,65535,65535
2026-07-31 09:48:25.803,86.28,63209,28997,33929,65535,65535,65535,65535,65535,65535
2026-07-31 09:48:25.851,86.33,63209,28997,33929,65535,65535,65535,65535,65535,65535
2026-07-31 09:48:25.895,86.37,63209,28997,33929,65535,65535,65535,65535,65535,65535
2026-07-31 09:48:25.946,86.43,63209,28997,33929,65535,65535,65535,65535,65535,65535
2026-07-31 09:48:25.999,86.48,63209,28997,33929,65535,65535,65535,65535,65535,65535
2026-07-31 09:48:26.060,86.54,63209,28997,33929,65535,65535,65535,65535,65535,65535
2026-07-31 09:48:26.108,86.59,63209,28997,33929,65535,65535,65535,65535,65535,65535
2026-07-31 09:48:26.165,86.64,50211,22421,33632,65535,65535,65535,65535,65535,65535
2026-07-31 09:48:26.211,86.69,50211,22421,33632,65535,65535,65535,65535,65535,65535
2026-07-31 09:48:26.261,86.74,50211,22421,33632,65535,65535,65535,65535,65535,65535
2026-07-31 09:48:26.315,86.79,50211,22421,33632,65535,65535,65535,65535,65535,65535
2026-07-31 09:48:26.363,86.84,50211,22421,33632,65535,65535,65535,65535,65535,65535
2026-07-31 09:48:26.413,86.89,50211,22421,33632,65535,65535,65535,65535,65535,65535
2026-07-31 09:48:26.482,86.96,50211,22421,33632,65535,65535,65535,65535,65535,65535
2026-07-31 09:48:26.533,87.01,50211,22421,33632,65535,65535,65535,65535,65535,65535
2026-07-31 09:48:26.575,87.05,50211,22421,33632,65535,65535,65535,65535,65535,65535
2026-07-31 09:48:26.629,87.11,50211,22421,33632,65535,65535,65535,65535,65535,65535
2026-07-31 09:48:26.683,87.16,50211,22421,50893,65535,65535,65535,65535,65535,65535
2026-07-31 09:48:26.732,87.21,62318,28742,50893,65535,65535,65535,65535,65535,65535
2026-07-31 09:48:26.777,87.26,62318,28742,50893,65535,65535,65535,65535,65535,65535
2026-07-31 09:48:26.827,87.31,62318,28742,50893,65535,65535,65535,65535,65535,65535
2026-07-31 09:48:26.882,87.36,62318,28742,50893,65535,65535,65535,65535,65535,65535
2026-07-31 09:48:26.928,87.41,62318,28742,50893,65535,65535,65535,65535,65535,65535
2026-07-31 09:48:26.980,87.46,62318,28742,50893,65535,65535,65535,65535,65535,65535
2026-07-31 09:48:27.029,87.51,62318,28742,50893,65535,65535,65535,65535,65535,65535
2026-07-31 09:48:27.076,87.56,62318,28742,50893,65535,65535,65535,65535,65535,65535
2026-07-31 09:48:27.123,87.6,62318,28742,50893,65535,65535,65535,65535,65535,65535
2026-07-31 09:48:27.170,87.65,62318,28742,50893,65535,65535,65535,65535,65535,65535
2026-07-31 09:48:27.219,87.7,62318,28742,50893,65535,65535,65535,65535,65535,65535
2026-07-31 09:48:27.280,87.76,62615,25150,33929,65535,65535,65535,65535,65535,65535
2026-07-31 09:48:27.337,87.82,62615,25150,33929,65535,65535,65535,65535,65535,65535
2026-07-31 09:48:27.382,87.86,62615,25150,33929,65535,65535,65535,65535,65535,65535
2026-07-31 09:48:27.434,87.91,62615,25150,33929,65535,65535,65535,65535,65535,65535
2026-07-31 09:48:27.481,87.96,62615,25150,33929,65535,65535,65535,65535,65535,65535
2026-07-31 09:48:27.531,88.01,62615,25150,33929,65535,65535,65535,65535,65535,65535
2026-07-31 09:48:27.582,88.06,62615,25150,33929,65535,65535,65535,65535,65535,65535
2026-07-31 09:48:27.625,88.1,62615,25150,33929,65535,65535,65535,65535,65535,65535
2026-07-31 09:48:27.677,88.16,62615,25150,33929,65535,65535,65535,65535,65535,65535
2026-07-31 09:48:27.725,88.2,62615,25150,33929,65535,65535,65535,65535,65535,65535
2026-07-31 09:48:27.783,88.26,62615,25150,33929,65535,65535,65535,65535,65535,65535
2026-07-31 09:48:27.830,88.31,62318,25150,33929,65535,65535,65535,65535,65535,65535
2026-07-31 09:48:27.885,88.36,62318,28742,33929,65535,65535,65535,65535,65535,65535
2026-07-31 09:48:27.936,88.42,62318,28742,33929,65535,65535,65535,65535,65535,65535
2026-07-31 09:48:27.984,88.46,62318,28742,33929,65535,65535,65535,65535,65535,65535
2026-07-31 09:48:28.035,88.51,62318,28742,33929,65535,65535,65535,65535,65535,65535
2026-07-31 09:48:28.098,88.58,62318,28742,33929,65535,65535,65535,65535,65535,65535
2026-07-31 09:48:28.144,88.62,62318,28742,33929,65535,65535,65535,65535,65535,65535
2026-07-31 09:48:28.189,88.67,62318,28742,33929,65535,65535,65535,65535,65535,65535
2026-07-31 09:48:28.239,88.72,62318,28742,33929,65535,65535,65535,65535,65535,65535
2026-07-31 09:48:28.285,88.76,62318,28742,33929,65535,65535,65535,65535,65535,65535
2026-07-31 09:48:28.332,88.81,62318,28742,33929,65535,65535,65535,65535,65535,65535
2026-07-31 09:48:28.381,88.86,62318,28742,33632,65535,65535,65535,65535,65535,65535
2026-07-31 09:48:28.426,88.91,49973,18344,33632,65535,65535,65535,65535,65535,65535
2026-07-31 09:48:28.475,88.95,49973,18344,33632,65535,65535,65535,65535,65535,65535
2026-07-31 09:48:28.523,89.0,49973,18344,33632,65535,65535,65535,65535,65535,65535
2026-07-31 09:48:28.582,89.06,49973,18344,33632,65535,65535,65535,65535,65535,65535
2026-07-31 09:48:28.630,89.11,49973,18344,33632,65535,65535,65535,65535,65535,65535
2026-07-31 09:48:28.677,89.16,49973,18344,33632,65535,65535,65535,65535,65535,65535
2026-07-31 09:48:28.728,89.21,49973,18344,33632,65535,65535,65535,65535,65535,65535
2026-07-31 09:48:28.778,89.26,49973,18344,33632,65535,65535,65535,65535,65535,65535
2026-07-31 09:48:28.831,89.31,49973,18344,33632,65535,65535,65535,65535,65535,65535
2026-07-31 09:48:28.894,89.37,49973,18344,33632,65535,65535,65535,65535,65535,65535
2026-07-31 09:48:28.944,89.42,49973,18344,33830,65535,65535,65535,65535,65535,65535
2026-07-31 09:48:28.991,89.47,62615,33533,33830,65535,65535,65535,65535,65535,65535
2026-07-31 09:48:29.045,89.52,62615,33533,33830,65535,65535,65535,65535,65535,65535
2026-07-31 09:48:29.099,89.58,62615,33533,33830,65535,65535,65535,65535,65535,65535
2026-07-31 09:48:29.147,89.63,62615,33533,33830,65535,65535,65535,65535,65535,65535
2026-07-31 09:48:29.198,89.68,62615,33533,33830,65535,65535,65535,65535,65535,65535
2026-07-31 09:48:29.243,89.72,62615,33533,33830,65535,65535,65535,65535,65535,65535
2026-07-31 09:48:29.291,89.77,62615,33533,33830,65535,65535,65535,65535,65535,65535
2026-07-31 09:48:29.342,89.82,62615,33533,33830,65535,65535,65535,65535,65535,65535
2026-07-31 09:48:29.395,89.87,62615,33533,33830,65535,65535,65535,65535,65535,65535
2026-07-31 09:48:29.446,89.93,62615,33533,33830,65535,65535,65535,65535,65535,65535
2026-07-31 09:48:29.494,89.97,62615,33533,40596,65535,65535,65535,65535,65535,65535
2026-07-31 09:48:29.542,90.02,62022,33830,40596,65535,65535,65535,65535,65535,65535
2026-07-31 09:48:29.589,90.07,62022,33830,40596,65535,65535,65535,65535,65535,65535
2026-07-31 09:48:29.638,90.12,62022,33830,40596,65535,65535,65535,65535,65535,65535
2026-07-31 09:48:29.686,90.17,62022,33830,40596,65535,65535,65535,65535,65535,65535
2026-07-31 09:48:29.739,90.22,62022,33830,40596,65535,65535,65535,65535,65535,65535
2026-07-31 09:48:29.789,90.27,62022,33830,40596,65535,65535,65535,65535,65535,65535
2026-07-31 09:48:29.842,90.32,62022,33830,40596,65535,65535,65535,65535,65535,65535
2026-07-31 09:48:29.890,90.37,62022,33830,40596,65535,65535,65535,65535,65535,65535
2026-07-31 09:48:29.940,90.42,62022,33830,40596,65535,65535,65535,65535,65535,65535
2026-07-31 09:48:29.984,90.46,62022,33830,40596,65535,65535,65535,65535,65535,65535
2026-07-31 09:48:30.036,90.52,62022,33830,40596,65535,65535,65535,65535,65535,65535
2026-07-31 09:48:30.083,90.56,49973,33830,33731,65535,65535,65535,65535,65535,65535
2026-07-31 09:48:30.132,90.61,49973,28742,33731,65535,65535,65535,65535,65535,65535
2026-07-31 09:48:30.187,90.67,49973,28742,33731,65535,65535,65535,65535,65535,65535
2026-07-31 09:48:30.238,90.72,49973,28742,33731,65535,65535,65535,65535,65535,65535
2026-07-31 09:48:30.286,90.77,49973,28742,33731,65535,65535,65535,65535,65535,65535
2026-07-31 09:48:30.337,90.82,49973,28742,33731,65535,65535,65535,65535,65535,65535
2026-07-31 09:48:30.386,90.87,49973,28742,33731,65535,65535,65535,65535,65535,65535
2026-07-31 09:48:30.436,90.92,49973,28742,33731,65535,65535,65535,65535,65535,65535
2026-07-31 09:48:30.481,90.96,49973,28742,33731,65535,65535,65535,65535,65535,65535
2026-07-31 09:48:30.530,91.01,49973,28742,33731,65535,65535,65535,65535,65535,65535
2026-07-31 09:48:30.580,91.06,49973,28742,33731,65535,65535,65535,65535,65535,65535
2026-07-31 09:48:30.626,91.11,49973,28742,40714,65535,65535,65535,65535,65535,65535
2026-07-31 09:48:30.674,91.15,49617,28742,40714,65535,65535,65535,65535,65535,65535
2026-07-31 09:48:30.725,91.2,49617,28742,40714,65535,65535,65535,65535,65535,65535
2026-07-31 09:48:30.776,91.26,49617,28742,40714,65535,65535,65535,65535,65535,65535
2026-07-31 09:48:30.826,91.31,49617,28742,40714,65535,65535,65535,65535,65535,65535
2026-07-31 09:48:30.874,91.35,49617,28742,40714,65535,65535,65535,65535,65535,65535
2026-07-31 09:48:30.921,91.4,49617,28742,40714,65535,65535,65535,65535,65535,65535
2026-07-31 09:48:30.974,91.45,49617,28742,40714,65535,65535,65535,65535,65535,65535
2026-07-31 09:48:31.024,91.5,49617,28742,40714,65535,65535,65535,65535,65535,65535
2026-07-31 09:48:31.077,91.56,49617,28742,40714,65535,65535,65535,65535,65535,65535
2026-07-31 09:48:31.126,91.61,49617,28742,40714,65535,65535,65535,65535,65535,65535
2026-07-31 09:48:31.181,91.66,49617,28742,50893,65535,65535,65535,65535,65535,65535
2026-07-31 09:48:31.231,91.71,63209,28997,50893,65535,65535,65535,65535,65535,65535
2026-07-31 09:48:31.288,91.77,63209,28997,50893,65535,65535,65535,65535,65535,65535
2026-07-31 09:48:31.339,91.82,63209,28997,50893,65535,65535,65535,65535,65535,65535
2026-07-31 09:48:31.386,91.87,63209,28997,50893,65535,65535,65535,65535,65535,65535
2026-07-31 09:48:31.434,91.91,63209,28997,50893,65535,65535,65535,65535,65535,65535
2026-07-31 09:48:31.483,91.96,63209,28997,50893,65535,65535,65535,65535,65535,65535
2026-07-31 09:48:31.530,92.01,63209,28997,50893,65535,65535,65535,65535,65535,65535
2026-07-31 09:48:31.581,92.06,63209,28997,50893,65535,65535,65535,65535,65535,65535
2026-07-31 09:48:31.625,92.1,63209,28997,50893,65535,65535,65535,65535,65535,65535
2026-07-31 09:48:31.674,92.15,63209,28997,50893,65535,65535,65535,65535,65535,65535
2026-07-31 09:48:31.720,92.2,63209,28997,50893,65535,65535,65535,65535,65535,65535
2026-07-31 09:48:31.774,92.25,49736,28997,33533,65535,65535,65535,65535,65535,65535
2026-07-31 09:48:31.823,92.3,49736,33632,33533,65535,65535,65535,65535,65535,65535
2026-07-31 09:48:31.873,92.35,49736,33632,33533,65535,65535,65535,65535,65535,65535
2026-07-31 09:48:31.922,92.4,49736,33632,33533,65535,65535,65535,65535,65535,65535
2026-07-31 09:48:31.969,92.45,49736,33632,33533,65535,65535,65535,65535,65535,65535
2026-07-31 09:48:32.014,92.49,49736,33632,33533,65535,65535,65535,65535,65535,65535
2026-07-31 09:48:32.065,92.54,49736,33632,33533,65535,65535,65535,65535,65535,65535
2026-07-31 09:48:32.112,92.59,49736,33632,33533,65535,65535,65535,65535,65535,65535
2026-07-31 09:48:32.158,92.64,49736,33632,33533,65535,65535,65535,65535,65535,65535
2026-07-31 09:48:32.210,92.69,49736,33632,33533,65535,65535,65535,65535,65535,65535
2026-07-31 09:48:32.268,92.75,49736,33632,33533,65535,65535,65535,65535,65535,65535
2026-07-31 09:48:32.318,92.8,49736,33632,40714,65535,65535,65535,65535,65535,65535
2026-07-31 09:48:32.364,92.84,49498,33830,40714,65535,65535,65535,65535,65535,65535
2026-07-31 09:48:32.413,92.89,49498,33830,40714,65535,65535,65535,65535,65535,65535
2026-07-31 09:48:32.461,92.94,49498,33830,40714,65535,65535,65535,65535,65535,65535
2026-07-31 09:48:32.512,92.99,49498,33830,40714,65535,65535,65535,65535,65535,65535
2026-07-31 09:48:32.571,93.05,49498,33830,40714,65535,65535,65535,65535,65535,65535
2026-07-31 09:48:32.619,93.1,49498,33830,40714,65535,65535,65535,65535,65535,65535
2026-07-31 09:48:32.673,93.15,49498,33830,40714,65535,65535,65535,65535,65535,65535
2026-07-31 09:48:32.726,93.21,49498,33830,40714,65535,65535,65535,65535,65535,65535
2026-07-31 09:48:32.777,93.26,49498,33830,40714,65535,65535,65535,65535,65535,65535
2026-07-31 09:48:32.821,93.3,49498,33830,40714,65535,65535,65535,65535,65535,65535
2026-07-31 09:48:32.873,93.35,49498,33830,40714,65535,65535,65535,65535,65535,65535
2026-07-31 09:48:32.921,93.4,49973,33533,40714,65535,65535,65535,65535,65535,65535
2026-07-31 09:48:32.970,93.45,49973,33533,40714,65535,65535,65535,65535,65535,65535
2026-07-31 09:48:33.016,93.5,49973,33533,40714,65535,65535,65535,65535,65535,65535
2026-07-31 09:48:33.067,93.55,49973,33533,40714,65535,65535,65535,65535,65535,65535
2026-07-31 09:48:33.117,93.6,49973,33533,40714,65535,65535,65535,65535,65535,65535
2026-07-31 09:48:33.168,93.65,49973,33533,40714,65535,65535,65535,65535,65535,65535
2026-07-31 09:48:33.215,93.7,49973,33533,40714,65535,65535,65535,65535,65535,65535
2026-07-31 09:48:33.269,93.75,49973,33533,40714,65535,65535,65535,65535,65535,65535
2026-07-31 09:48:33.318,93.8,49973,33533,40714,65535,65535,65535,65535,65535,65535
2026-07-31 09:48:33.377,93.86,49973,33533,40714,65535,65535,65535,65535,65535,65535
2026-07-31 09:48:33.423,93.9,49973,33533,40714,65535,65535,65535,65535,65535,65535
2026-07-31 09:48:33.471,93.95,62318,33533,33929,65535,65535,65535,65535,65535,65535
2026-07-31 09:48:33.517,94.0,62318,28742,33929,65535,65535,65535,65535,65535,65535
2026-07-31 09:48:33.570,94.05,62318,28742,33929,65535,65535,65535,65535,65535,65535
2026-07-31 09:48:33.622,94.1,62318,28742,33929,65535,65535,65535,65535,65535,65535
2026-07-31 09:48:33.684,94.16,62318,28742,33929,65535,65535,65535,65535,65535,65535
2026-07-31 09:48:33.731,94.21,62318,28742,33929,65535,65535,65535,65535,65535,65535
2026-07-31 09:48:33.777,94.26,62318,28742,33929,65535,65535,65535,65535,65535,65535
2026-07-31 09:48:33.824,94.3,62318,28742,33929,65535,65535,65535,65535,65535,65535
2026-07-31 09:48:33.873,94.35,62318,28742,33929,65535,65535,65535,65535,65535,65535
2026-07-31 09:48:33.920,94.4,62318,28742,33929,65535,65535,65535,65535,65535,65535
2026-07-31 09:48:33.968,94.45,62318,28742,33929,65535,65535,65535,65535,65535,65535
2026-07-31 09:48:34.017,94.5,50092,28742,33929,65535,65535,65535,65535,65535,65535
2026-07-31 09:48:34.064,94.54,50092,28912,33929,65535,65535,65535,65535,65535,65535
2026-07-31 09:48:34.112,94.59,50092,28912,33929,65535,65535,65535,65535,65535,65535
2026-07-31 09:48:34.166,94.65,50092,28912,33929,65535,65535,65535,65535,65535,65535
2026-07-31 09:48:34.219,94.7,50092,28912,33929,65535,65535,65535,65535,65535,65535
2026-07-31 09:48:34.272,94.75,50092,28912,33929,65535,65535,65535,65535,65535,65535
2026-07-31 09:48:34.320,94.8,50092,28912,33929,65535,65535,65535,65535,65535,65535
2026-07-31 09:48:34.370,94.85,50092,28912,33929,65535,65535,65535,65535,65535,65535
2026-07-31 09:48:34.420,94.9,50092,28912,33929,65535,65535,65535,65535,65535,65535
2026-07-31 09:48:34.474,94.95,50092,28912,33929,65535,65535,65535,65535,65535,65535
2026-07-31 09:48:34.521,95.0,50092,28912,33929,65535,65535,65535,65535,65535,65535
2026-07-31 09:48:34.566,95.05,50092,28912,33830,65535,65535,65535,65535,65535,65535
2026-07-31 09:48:34.619,95.1,62467,28912,33830,65535,65535,65535,65535,65535,65535
2026-07-31 09:48:34.667,95.15,62467,28912,33830,65535,65535,65535,65535,65535,65535
2026-07-31 09:48:34.715,95.19,62467,28912,33830,65535,65535,65535,65535,65535,65535
2026-07-31 09:48:34.763,95.24,62467,28912,33830,65535,65535,65535,65535,65535,65535
2026-07-31 09:48:34.812,95.29,62467,28912,33830,65535,65535,65535,65535,65535,65535
2026-07-31 09:48:34.861,95.34,62467,28912,33830,65535,65535,65535,65535,65535,65535
2026-07-31 09:48:34.911,95.39,62467,28912,33830,65535,65535,65535,65535,65535,65535
2026-07-31 09:48:34.967,95.45,62467,28912,33830,65535,65535,65535,65535,65535,65535
2026-07-31 09:48:35.018,95.5,62467,28912,33830,65535,65535,65535,65535,65535,65535
2026-07-31 09:48:35.064,95.54,62467,28912,33830,65535,65535,65535,65535,65535,65535
2026-07-31 09:48:35.111,95.59,62467,28912,33830,65535,65535,65535,65535,65535,65535
2026-07-31 09:48:35.159,95.64,49498,28912,40714,65535,65535,65535,65535,65535,65535
2026-07-31 09:48:35.209,95.69,49498,33830,40714,65535,65535,65535,65535,65535,65535
2026-07-31 09:48:35.262,95.74,49498,33830,40714,65535,65535,65535,65535,65535,65535
2026-07-31 09:48:35.312,95.79,49498,33830,40714,65535,65535,65535,65535,65535,65535
2026-07-31 09:48:35.363,95.84,49498,33830,40714,65535,65535,65535,65535,65535,65535
2026-07-31 09:48:35.421,95.9,49498,33830,40714,65535,65535,65535,65535,65535,65535
2026-07-31 09:48:35.474,95.95,49498,33830,40714,65535,65535,65535,65535,65535,65535
2026-07-31 09:48:35.525,96.0,49498,33830,40714,65535,65535,65535,65535,65535,65535
2026-07-31 09:48:35.574,96.05,49498,33830,40714,65535,65535,65535,65535,65535,65535
2026-07-31 09:48:35.619,96.1,49498,33830,40714,65535,65535,65535,65535,65535,65535
2026-07-31 09:48:35.669,96.15,49498,33830,40714,65535,65535,65535,65535,65535,65535
2026-07-31 09:48:35.714,96.19,50211,33830,33632,65535,65535,65535,65535,65535,65535
2026-07-31 09:48:35.776,96.26,50211,33533,33632,65535,65535,65535,65535,65535,65535
2026-07-31 09:48:35.828,96.31,50211,33533,33632,65535,65535,65535,65535,65535,65535
2026-07-31 09:48:35.877,96.36,50211,33533,33632,65535,65535,65535,65535,65535,65535
2026-07-31 09:48:35.933,96.41,50211,33533,33632,65535,65535,65535,65535,65535,65535
2026-07-31 09:48:35.984,96.46,50211,33533,33632,65535,65535,65535,65535,65535,65535
2026-07-31 09:48:36.031,96.51,50211,33533,33632,65535,65535,65535,65535,65535,65535
2026-07-31 09:48:36.095,96.57,50211,33533,33632,65535,65535,65535,65535,65535,65535
2026-07-31 09:48:36.144,96.62,50211,33533,33632,65535,65535,65535,65535,65535,65535
2026-07-31 09:48:36.192,96.67,50211,33533,33632,65535,65535,65535,65535,65535,65535
2026-07-31 09:48:36.247,96.73,50211,33533,33929,65535,65535,65535,65535,65535,65535
2026-07-31 09:48:36.325,96.8,49736,33533,33929,65535,65535,65535,65535,65535,65535
2026-07-31 09:48:36.372,96.85,49736,33533,33929,65535,65535,65535,65535,65535,65535
2026-07-31 09:48:36.425,96.9,49736,33533,33929,65535,65535,65535,65535,65535,65535
2026-07-31 09:48:36.473,96.95,49736,33533,33929,65535,65535,65535,65535,65535,65535
2026-07-31 09:48:36.524,97.0,49736,33533,33929,65535,65535,65535,65535,65535,65535
2026-07-31 09:48:36.568,97.05,49736,33533,33929,65535,65535,65535,65535,65535,65535
2026-07-31 09:48:36.627,97.11,49736,33533,33929,65535,65535,65535,65535,65535,65535
2026-07-31 09:48:36.677,97.16,49736,33533,33929,65535,65535,65535,65535,65535,65535
2026-07-31 09:48:36.726,97.21,49736,33533,33929,65535,65535,65535,65535,65535,65535
2026-07-31 09:48:36.777,97.26,49736,33533,33929,65535,65535,65535,65535,65535,65535
2026-07-31 09:48:36.828,97.31,50567,33533,33929,65535,65535,65535,65535,65535,65535
2026-07-31 09:48:36.875,97.35,50567,28997,33929,65535,65535,65535,65535,65535,65535
2026-07-31 09:48:36.938,97.42,50567,28997,33929,65535,65535,65535,65535,65535,65535
2026-07-31 09:48:36.988,97.47,50567,28997,33929,65535,65535,65535,65535,65535,65535
2026-07-31 09:48:37.032,97.51,50567,28997,33929,65535,65535,65535,65535,65535,65535
2026-07-31 09:48:37.082,97.56,50567,28997,33929,65535,65535,65535,65535,65535,65535
2026-07-31 09:48:37.127,97.61,50567,28997,33929,65535,65535,65535,65535,65535,65535
2026-07-31 09:48:37.176,97.66,50567,28997,33929,65535,65535,65535,65535,65535,65535
2026-07-31 09:48:37.223,97.7,50567,28997,33929,65535,65535,65535,65535,65535,65535
2026-07-31 09:48:37.271,97.75,50567,28997,33929,65535,65535,65535,65535,65535,65535
2026-07-31 09:48:37.323,97.8,50567,28997,33929,65535,65535,65535,65535,65535,65535
2026-07-31 09:48:37.368,97.85,50567,28997,40358,65535,65535,65535,65535,65535,65535
2026-07-31 09:48:37.424,97.9,49617,33533,40358,65535,65535,65535,65535,65535,65535
2026-07-31 09:48:37.476,97.96,49617,33533,40358,65535,65535,65535,65535,65535,65535
2026-07-31 09:48:37.524,98.0,49617,33533,40358,65535,65535,65535,65535,65535,65535
2026-07-31 09:48:37.577,98.06,49617,33533,40358,65535,65535,65535,65535,65535,65535
2026-07-31 09:48:37.629,98.11,49617,33533,40358,65535,65535,65535,65535,65535,65535
2026-07-31 09:48:37.681,98.16,49617,33533,40358,65535,65535,65535,65535,65535,65535
2026-07-31 09:48:37.742,98.22,49617,33533,40358,65535,65535,65535,65535,65535,65535
2026-07-31 09:48:37.792,98.27,49617,33533,40358,65535,65535,65535,65535,65535,65535
2026-07-31 09:48:37.836,98.32,49617,33533,40358,65535,65535,65535,65535,65535,65535
2026-07-31 09:48:37.892,98.37,49617,33533,40358,65535,65535,65535,65535,65535,65535
2026-07-31 09:48:37.937,98.42,49617,33533,40714,65535,65535,65535,65535,65535,65535
2026-07-31 09:48:37.986,98.47,49855,28742,40714,65535,65535,65535,65535,65535,65535
2026-07-31 09:48:38.029,98.51,49855,28742,40714,65535,65535,65535,65535,65535,65535
2026-07-31 09:48:38.079,98.56,49855,28742,40714,65535,65535,65535,65535,65535,65535
2026-07-31 09:48:38.125,98.6,49855,28742,40714,65535,65535,65535,65535,65535,65535
2026-07-31 09:48:38.176,98.66,49855,28742,40714,65535,65535,65535,65535,65535,65535
2026-07-31 09:48:38.235,98.71,49855,28742,40714,65535,65535,65535,65535,65535,65535
2026-07-31 09:48:38.283,98.76,49855,28742,40714,65535,65535,65535,65535,65535,65535
2026-07-31 09:48:38.332,98.81,49855,28742,40714,65535,65535,65535,65535,65535,65535
2026-07-31 09:48:38.381,98.86,49855,28742,40714,65535,65535,65535,65535,65535,65535
2026-07-31 09:48:38.432,98.91,49855,28742,40714,65535,65535,65535,65535,65535,65535
2026-07-31 09:48:38.484,98.96,49855,28742,40714,65535,65535,65535,65535,65535,65535
2026-07-31 09:48:38.546,99.03,49973,28742,40714,65535,65535,65535,65535,65535,65535
2026-07-31 09:48:38.598,99.08,49973,28742,40714,65535,65535,65535,65535,65535,65535
2026-07-31 09:48:38.646,99.13,49973,28742,40714,65535,65535,65535,65535,65535,65535
2026-07-31 09:48:38.700,99.18,49973,28742,40714,65535,65535,65535,65535,65535,65535
2026-07-31 09:48:38.753,99.23,49973,28742,40714,65535,65535,65535,65535,65535,65535
2026-07-31 09:48:38.802,99.28,49973,28742,40714,65535,65535,65535,65535,65535,65535
2026-07-31 09:48:38.850,99.33,49973,28742,40714,65535,65535,65535,65535,65535,65535
2026-07-31 09:48:38.893,99.37,49973,28742,40714,65535,65535,65535,65535,65535,65535
2026-07-31 09:48:38.943,99.42,49973,28742,40714,65535,65535,65535,65535,65535,65535
2026-07-31 09:48:38.988,99.47,49973,28742,40714,65535,65535,65535,65535,65535,65535
2026-07-31 09:48:39.047,99.53,49973,28742,40714,65535,65535,65535,65535,65535,65535
2026-07-31 09:48:39.097,99.58,65534,28742,33929,65535,65535,65535,65535,65535,65535
2026-07-31 09:48:39.145,99.62,65534,33533,33929,65535,65535,65535,65535,65535,65535
2026-07-31 09:48:39.196,99.68,65534,33533,33929,65535,65535,65535,65535,65535,65535
2026-07-31 09:48:39.247,99.73,65534,33533,33929,65535,65535,65535,65535,65535,65535
2026-07-31 09:48:39.295,99.77,65534,33533,33929,65535,65535,65535,65535,65535,65535
2026-07-31 09:48:39.360,99.84,65534,33533,33929,65535,65535,65535,65535,65535,65535
2026-07-31 09:48:39.408,99.89,65534,33533,33929,65535,65535,65535,65535,65535,65535
2026-07-31 09:48:39.456,99.94,65534,33533,33929,65535,65535,65535,65535,65535,65535
2026-07-31 09:48:39.508,99.99,65534,33533,33929,65535,65535,65535,65535,65535,65535
2026-07-31 09:48:39.555,100.03,65534,33533,33929,65535,65535,65535,65535,65535,65535
2026-07-31 09:48:39.604,100.08,65534,33533,33929,65535,65535,65535,65535,65535,65535
2026-07-31 09:48:39.656,100.14,49855,33533,40714,65535,65535,65535,65535,65535,65535
2026-07-31 09:48:39.704,100.18,49855,28827,40714,65535,65535,65535,65535,65535,65535
2026-07-31 09:48:39.756,100.24,49855,28827,40714,65535,65535,65535,65535,65535,65535
2026-07-31 09:48:39.807,100.29,49855,28827,40714,65535,65535,65535,65535,65535,65535
2026-07-31 09:48:39.872,100.35,49855,28827,40714,65535,65535,65535,65535,65535,65535
2026-07-31 09:48:39.919,100.4,49855,28827,40714,65535,65535,65535,65535,65535,65535
2026-07-31 09:48:39.969,100.45,49855,28827,40714,65535,65535,65535,65535,65535,65535
2026-07-31 09:48:40.016,100.5,49855,28827,40714,65535,65535,65535,65535,65535,65535
2026-07-31 09:48:40.068,100.55,49855,28827,40714,65535,65535,65535,65535,65535,65535
2026-07-31 09:48:40.118,100.6,49855,28827,40714,65535,65535,65535,65535,65535,65535
2026-07-31 09:48:40.162,100.64,49855,28827,40714,65535,65535,65535,65535,65535,65535
2026-07-31 09:48:40.214,100.69,62318,28827,40714,65535,65535,65535,65535,65535,65535
2026-07-31 09:48:40.263,100.74,62318,33533,40714,65535,65535,65535,65535,65535,65535
2026-07-31 09:48:40.316,100.8,62318,33533,40714,65535,65535,65535,65535,65535,65535
2026-07-31 09:48:40.368,100.85,62318,33533,40714,65535,65535,65535,65535,65535,65535
2026-07-31 09:48:40.414,100.89,62318,33533,40714,65535,65535,65535,65535,65535,65535
2026-07-31 09:48:40.462,100.94,62318,33533,40714,65535,65535,65535,65535,65535,65535
2026-07-31 09:48:40.509,100.99,62318,33533,40714,65535,65535,65535,65535,65535,65535
2026-07-31 09:48:40.560,101.04,62318,33533,40714,65535,65535,65535,65535,65535,65535
2026-07-31 09:48:40.610,101.09,62318,33533,40714,65535,65535,65535,65535,65535,65535
2026-07-31 09:48:40.665,101.14,62318,33533,40714,65535,65535,65535,65535,65535,65535
2026-07-31 09:48:40.714,101.19,62318,33533,40714,65535,65535,65535,65535,65535,65535
2026-07-31 09:48:40.763,101.24,62318,33533,33929,65535,65535,65535,65535,65535,65535
2026-07-31 09:48:40.814,101.29,62467,28742,33929,65535,65535,65535,65535,65535,65535
2026-07-31 09:48:40.863,101.34,62467,28742,33929,65535,65535,65535,65535,65535,65535
2026-07-31 09:48:40.914,101.39,62467,28742,33929,65535,65535,65535,65535,65535,65535
2026-07-31 09:48:40.961,101.44,62467,28742,33929,65535,65535,65535,65535,65535,65535
2026-07-31 09:48:41.006,101.49,62467,28742,33929,65535,65535,65535,65535,65535,65535
2026-07-31 09:48:41.058,101.54,62467,28742,33929,65535,65535,65535,65535,65535,65535
2026-07-31 09:48:41.109,101.59,62467,28742,33929,65535,65535,65535,65535,65535,65535
2026-07-31 09:48:41.156,101.64,62467,28742,33929,65535,65535,65535,65535,65535,65535
2026-07-31 09:48:41.205,101.68,62467,28742,33929,65535,65535,65535,65535,65535,65535
2026-07-31 09:48:41.249,101.73,62467,28742,33929,65535,65535,65535,65535,65535,65535
2026-07-31 09:48:41.301,101.78,62467,28742,33929,65535,65535,65535,65535,65535,65535
2026-07-31 09:48:41.346,101.83,62467,28742,33929,65535,65535,65535,65535,65535,65535
2026-07-31 09:48:41.393,101.87,62467,28742,33929,65535,65535,65535,65535,65535,65535
2026-07-31 09:48:41.445,101.92,62467,28742,33929,65535,65535,65535,65535,65535,65535
2026-07-31 09:48:41.495,101.97,62467,28742,33929,65535,65535,65535,65535,65535,65535
2026-07-31 09:48:41.548,102.03,62467,28742,33929,65535,65535,65535,65535,65535,65535
2026-07-31 09:48:41.603,102.08,62467,28742,33929,65535,65535,65535,65535,65535,65535
2026-07-31 09:48:41.652,102.13,62467,28742,33929,65535,65535,65535,65535,65535,65535
2026-07-31 09:48:41.702,102.18,62467,28742,33929,65535,65535,65535,65535,65535,65535
2026-07-31 09:48:41.759,102.24,62467,28742,33929,65535,65535,65535,65535,65535,65535
2026-07-31 09:48:41.806,102.29,62467,28742,33929,65535,65535,65535,65535,65535,65535
2026-07-31 09:48:41.855,102.33,62467,28742,33929,65535,65535,65535,65535,65535,65535
2026-07-31 09:48:41.906,102.39,49855,28742,33533,65535,65535,65535,65535,65535,65535
2026-07-31 09:48:41.957,102.44,49855,22355,33533,65535,65535,65535,65535,65535,65535
2026-07-31 09:48:42.010,102.49,49855,22355,33533,65535,65535,65535,65535,65535,65535
2026-07-31 09:48:42.054,102.53,49855,22355,33533,65535,65535,65535,65535,65535,65535
2026-07-31 09:48:42.103,102.58,49855,22355,33533,65535,65535,65535,65535,65535,65535
2026-07-31 09:48:42.149,102.63,49855,22355,33533,65535,65535,65535,65535,65535,65535
2026-07-31 09:48:42.198,102.68,49855,22355,33533,65535,65535,65535,65535,65535,65535
2026-07-31 09:48:42.250,102.73,49855,22355,33533,65535,65535,65535,65535,65535,65535
2026-07-31 09:48:42.301,102.78,49855,22355,33533,65535,65535,65535,65535,65535,65535
2026-07-31 09:48:42.354,102.83,49855,22355,33533,65535,65535,65535,65535,65535,65535
2026-07-31 09:48:42.407,102.89,49855,22355,33533,65535,65535,65535,65535,65535,65535
2026-07-31 09:48:42.461,102.94,62318,22355,40714,65535,65535,65535,65535,65535,65535
2026-07-31 09:48:42.509,102.99,62318,28827,40714,65535,65535,65535,65535,65535,65535
2026-07-31 09:48:42.570,103.05,62318,28827,40714,65535,65535,65535,65535,65535,65535
2026-07-31 09:48:42.618,103.1,62318,28827,40714,65535,65535,65535,65535,65535,65535
2026-07-31 09:48:42.666,103.15,62318,28827,40714,65535,65535,65535,65535,65535,65535
2026-07-31 09:48:42.719,103.2,62318,28827,40714,65535,65535,65535,65535,65535,65535
2026-07-31 09:48:42.767,103.25,62318,28827,40714,65535,65535,65535,65535,65535,65535
2026-07-31 09:48:42.816,103.3,62318,28827,40714,65535,65535,65535,65535,65535,65535
2026-07-31 09:48:42.861,103.34,62318,28827,40714,65535,65535,65535,65535,65535,65535
2026-07-31 09:48:42.915,103.39,62318,28827,40714,65535,65535,65535,65535,65535,65535
2026-07-31 09:48:42.969,103.45,62318,28827,40714,65535,65535,65535,65535,65535,65535
2026-07-31 09:48:43.017,103.5,62318,28827,33929,65535,65535,65535,65535,65535,65535
2026-07-31 09:48:43.074,103.55,62615,28827,33929,65535,65535,65535,65535,65535,65535
2026-07-31 09:48:43.127,103.61,62615,28827,33929,65535,65535,65535,65535,65535,65535
2026-07-31 09:48:43.173,103.65,62615,28827,33929,65535,65535,65535,65535,65535,65535
2026-07-31 09:48:43.225,103.7,62615,28827,33929,65535,65535,65535,65535,65535,65535
2026-07-31 09:48:43.273,103.75,62615,28827,33929,65535,65535,65535,65535,65535,65535
2026-07-31 09:48:43.319,103.8,62615,28827,33929,65535,65535,65535,65535,65535,65535
2026-07-31 09:48:43.404,103.88,62615,28827,33929,65535,65535,65535,65535,65535,65535
2026-07-31 09:48:43.448,103.93,62615,28827,33929,65535,65535,65535,65535,65535,65535
2026-07-31 09:48:43.497,103.98,62615,28827,33929,65535,65535,65535,65535,65535,65535
2026-07-31 09:48:43.548,104.03,62615,28827,33929,65535,65535,65535,65535,65535,65535
2026-07-31 09:48:43.601,104.08,50092,28827,33929,65535,65535,65535,65535,65535,65535
2026-07-31 09:48:43.652,104.13,50092,28827,33929,65535,65535,65535,65535,65535,65535
2026-07-31 09:48:43.700,104.18,50092,28827,33929,65535,65535,65535,65535,65535,65535
2026-07-31 09:48:43.750,104.23,50092,28827,33929,65535,65535,65535,65535,65535,65535
2026-07-31 09:48:43.800,104.28,50092,28827,33929,65535,65535,65535,65535,65535,65535
2026-07-31 09:48:43.850,104.33,50092,28827,33929,65535,65535,65535,65535,65535,65535
2026-07-31 09:48:43.908,104.39,50092,28827,33929,65535,65535,65535,65535,65535,65535
2026-07-31 09:48:43.954,104.43,50092,28827,33929,65535,65535,65535,65535,65535,65535
2026-07-31 09:48:44.005,104.48,50092,28827,33929,65535,65535,65535,65535,65535,65535
2026-07-31 09:48:44.052,104.53,50092,28827,33929,65535,65535,65535,65535,65535,65535
2026-07-31 09:48:44.106,104.59,50092,28827,33929,65535,65535,65535,65535,65535,65535
2026-07-31 09:48:44.158,104.64,62763,28827,33929,65535,65535,65535,65535,65535,65535
2026-07-31 09:48:44.218,104.7,62763,33533,33929,65535,65535,65535,65535,65535,65535
2026-07-31 09:48:44.270,104.75,62763,33533,33929,65535,65535,65535,65535,65535,65535
2026-07-31 09:48:44.314,104.79,62763,33533,33929,65535,65535,65535,65535,65535,65535
2026-07-31 09:48:44.369,104.85,62763,33533,33929,65535,65535,65535,65535,65535,65535
2026-07-31 09:48:44.416,104.9,62763,33533,33929,65535,65535,65535,65535,65535,65535
2026-07-31 09:48:44.465,104.94,62763,33533,33929,65535,65535,65535,65535,65535,65535
2026-07-31 09:48:44.512,104.99,62763,33533,33929,65535,65535,65535,65535,65535,65535
2026-07-31 09:48:44.563,105.04,62763,33533,33929,65535,65535,65535,65535,65535,65535
2026-07-31 09:48:44.617,105.1,62763,33533,33929,65535,65535,65535,65535,65535,65535
2026-07-31 09:48:44.666,105.15,62763,33533,33929,65535,65535,65535,65535,65535,65535
2026-07-31 09:48:44.724,105.2,62615,33533,33929,65535,65535,65535,65535,65535,65535
2026-07-31 09:48:44.774,105.25,62615,33533,33929,65535,65535,65535,65535,65535,65535
2026-07-31 09:48:44.821,105.3,62615,33533,33929,65535,65535,65535,65535,65535,65535
2026-07-31 09:48:44.871,105.35,62615,33533,33929,65535,65535,65535,65535,65535,65535
2026-07-31 09:48:44.923,105.4,62615,33533,33929,65535,65535,65535,65535,65535,65535
2026-07-31 09:48:44.970,105.45,62615,33533,33929,65535,65535,65535,65535,65535,65535
2026-07-31 09:48:45.034,105.51,62615,33533,33929,65535,65535,65535,65535,65535,65535
2026-07-31 09:48:45.087,105.57,62615,33533,33929,65535,65535,65535,65535,65535,65535
2026-07-31 09:48:45.139,105.62,62615,33533,33929,65535,65535,65535,65535,65535,65535
2026-07-31 09:48:45.190,105.67,62615,33533,33929,65535,65535,65535,65535,65535,65535
2026-07-31 09:48:45.243,105.72,62615,33533,33929,65535,65535,65535,65535,65535,65535
2026-07-31 09:48:45.297,105.78,49973,33533,40714,65535,65535,65535,65535,65535,65535
2026-07-31 09:48:45.345,105.83,49973,33533,40714,65535,65535,65535,65535,65535,65535
2026-07-31 09:48:45.397,105.88,49973,33533,40714,65535,65535,65535,65535,65535,65535
2026-07-31 09:48:45.450,105.93,49973,33533,40714,65535,65535,65535,65535,65535,65535
2026-07-31 09:48:45.501,105.98,49973,33533,40714,65535,65535,65535,65535,65535,65535
2026-07-31 09:48:45.558,106.04,49973,33533,40714,65535,65535,65535,65535,65535,65535
2026-07-31 09:48:45.613,106.09,49973,33533,40714,65535,65535,65535,65535,65535,65535
2026-07-31 09:48:45.659,106.14,49973,33533,40714,65535,65535,65535,65535,65535,65535
2026-07-31 09:48:45.712,106.19,49973,33533,40714,65535,65535,65535,65535,65535,65535
2026-07-31 09:48:45.760,106.24,49973,33533,40714,65535,65535,65535,65535,65535,65535
2026-07-31 09:48:45.806,106.29,49973,33533,40714,65535,65535,65535,65535,65535,65535
2026-07-31 09:48:45.856,106.34,62615,28827,33929,65535,65535,65535,65535,65535,65535
2026-07-31 09:48:45.907,106.39,62615,28827,33929,65535,65535,65535,65535,65535,65535
2026-07-31 09:48:45.959,106.44,62615,28827,33929,65535,65535,65535,65535,65535,65535
2026-07-31 09:48:46.010,106.49,62615,28827,33929,65535,65535,65535,65535,65535,65535
2026-07-31 09:48:46.058,106.54,62615,28827,33929,65535,65535,65535,65535,65535,65535
2026-07-31 09:48:46.108,106.59,62615,28827,33929,65535,65535,65535,65535,65535,65535
2026-07-31 09:48:46.158,106.64,62615,28827,33929,65535,65535,65535,65535,65535,65535
2026-07-31 09:48:46.205,106.69,62615,28827,33929,65535,65535,65535,65535,65535,65535
2026-07-31 09:48:46.258,106.74,62615,28827,33929,65535,65535,65535,65535,65535,65535
2026-07-31 09:48:46.313,106.79,62615,28827,33929,65535,65535,65535,65535,65535,65535
2026-07-31 09:48:46.375,106.85,62615,28827,33929,65535,65535,65535,65535,65535,65535
2026-07-31 09:48:46.425,106.9,62318,33533,33929,65535,65535,65535,65535,65535,65535
2026-07-31 09:48:46.471,106.95,62318,33533,33929,65535,65535,65535,65535,65535,65535
2026-07-31 09:48:46.525,107.0,62318,33533,33929,65535,65535,65535,65535,65535,65535
2026-07-31 09:48:46.573,107.05,62318,33533,33929,65535,65535,65535,65535,65535,65535
2026-07-31 09:48:46.621,107.1,62318,33533,33929,65535,65535,65535,65535,65535,65535
2026-07-31 09:48:46.677,107.16,62318,33533,33929,65535,65535,65535,65535,65535,65535
2026-07-31 09:48:46.726,107.21,62318,33533,33929,65535,65535,65535,65535,65535,65535
2026-07-31 09:48:46.773,107.25,62318,33533,33929,65535,65535,65535,65535,65535,65535
2026-07-31 09:48:46.829,107.31,62318,33533,33929,65535,65535,65535,65535,65535,65535
2026-07-31 09:48:46.875,107.35,62318,33533,33929,65535,65535,65535,65535,65535,65535
2026-07-31 09:48:46.924,107.4,62318,33533,33929,65535,65535,65535,65535,65535,65535
2026-07-31 09:48:46.971,107.45,61873,33533,40714,65535,65535,65535,65535,65535,65535
2026-07-31 09:48:47.017,107.5,61873,33533,40714,65535,65535,65535,65535,65535,65535
2026-07-31 09:48:47.064,107.54,61873,33533,40714,65535,65535,65535,65535,65535,65535
2026-07-31 09:48:47.111,107.59,61873,33533,40714,65535,65535,65535,65535,65535,65535
2026-07-31 09:48:47.170,107.65,61873,33533,40714,65535,65535,65535,65535,65535,65535
2026-07-31 09:48:47.222,107.7,61873,33533,40714,65535,65535,65535,65535,65535,65535
2026-07-31 09:48:47.270,107.75,61873,33533,40714,65535,65535,65535,65535,65535,65535
2026-07-31 09:48:47.322,107.8,61873,33533,40714,65535,65535,65535,65535,65535,65535
2026-07-31 09:48:47.375,107.86,61873,33533,40714,65535,65535,65535,65535,65535,65535
2026-07-31 09:48:47.427,107.91,61873,33533,40714,65535,65535,65535,65535,65535,65535
2026-07-31 09:48:47.484,107.96,61873,33533,40714,65535,65535,65535,65535,65535,65535
2026-07-31 09:48:47.532,108.01,50092,33533,40714,65535,65535,65535,65535,65535,65535
2026-07-31 09:48:47.583,108.06,50092,33533,40714,65535,65535,65535,65535,65535,65535
2026-07-31 09:48:47.634,108.11,50092,33533,40714,65535,65535,65535,65535,65535,65535
2026-07-31 09:48:47.686,108.17,50092,33533,40714,65535,65535,65535,65535,65535,65535
2026-07-31 09:48:47.737,108.22,50092,33533,40714,65535,65535,65535,65535,65535,65535
2026-07-31 09:48:47.791,108.27,50092,33533,40714,65535,65535,65535,65535,65535,65535
2026-07-31 09:48:47.842,108.32,50092,33533,40714,65535,65535,65535,65535,65535,65535
2026-07-31 09:48:47.887,108.37,50092,33533,40714,65535,65535,65535,65535,65535,65535
2026-07-31 09:48:47.933,108.41,50092,33533,40714,65535,65535,65535,65535,65535,65535
2026-07-31 09:48:47.990,108.47,50092,33533,40714,65535,65535,65535,65535,65535,65535
2026-07-31 09:48:48.038,108.52,50092,33533,40714,65535,65535,65535,65535,65535,65535
2026-07-31 09:48:48.082,108.56,62615,33533,33929,65535,65535,65535,65535,65535,65535
2026-07-31 09:48:48.133,108.61,62615,33533,33929,65535,65535,65535,65535,65535,65535
2026-07-31 09:48:48.185,108.66,62615,33533,33929,65535,65535,65535,65535,65535,65535
2026-07-31 09:48:48.230,108.71,62615,33533,33929,65535,65535,65535,65535,65535,65535
2026-07-31 09:48:48.296,108.78,62615,33533,33929,65535,65535,65535,65535,65535,65535
2026-07-31 09:48:48.344,108.82,62615,33533,33929,65535,65535,65535,65535,65535,65535
2026-07-31 09:48:48.393,108.87,62615,33533,33929,65535,65535,65535,65535,65535,65535
2026-07-31 09:48:48.467,108.95,62615,33533,33929,65535,65535,65535,65535,65535,65535
2026-07-31 09:48:48.518,109.0,62615,33533,33929,65535,65535,65535,65535,65535,65535
2026-07-31 09:48:48.566,109.05,62615,33533,33929,65535,65535,65535,65535,65535,65535
2026-07-31 09:48:48.615,109.09,62615,33533,40714,65535,65535,65535,65535,65535,65535
2026-07-31 09:48:48.666,109.15,50092,25150,40714,65535,65535,65535,65535,65535,65535
2026-07-31 09:48:48.712,109.19,50092,25150,40714,65535,65535,65535,65535,65535,65535
2026-07-31 09:48:48.759,109.24,50092,25150,40714,65535,65535,65535,65535,65535,65535
2026-07-31 09:48:48.820,109.3,50092,25150,40714,65535,65535,65535,65535,65535,65535
2026-07-31 09:48:48.871,109.35,50092,25150,40714,65535,65535,65535,65535,65535,65535
2026-07-31 09:48:48.920,109.4,50092,25150,40714,65535,65535,65535,65535,65535,65535
2026-07-31 09:48:48.968,109.45,50092,25150,40714,65535,65535,65535,65535,65535,65535
2026-07-31 09:48:49.018,109.5,50092,25150,40714,65535,65535,65535,65535,65535,65535
2026-07-31 09:48:49.064,109.54,50092,25150,40714,65535,65535,65535,65535,65535,65535
2026-07-31 09:48:49.124,109.6,50092,25150,40714,65535,65535,65535,65535,65535,65535
2026-07-31 09:48:49.174,109.65,50092,25150,40714,65535,65535,65535,65535,65535,65535
2026-07-31 09:48:49.222,109.7,50092,33632,40714,65535,65535,65535,65535,65535,65535
2026-07-31 09:48:49.279,109.76,50092,33632,40714,65535,65535,65535,65535,65535,65535
2026-07-31 09:48:49.326,109.81,50092,33632,40714,65535,65535,65535,65535,65535,65535
2026-07-31 09:48:49.372,109.85,50092,33632,40714,65535,65535,65535,65535,65535,65535
2026-07-31 09:48:49.420,109.9,50092,33632,40714,65535,65535,65535,65535,65535,65535
2026-07-31 09:48:49.466,109.95,50092,33632,40714,65535,65535,65535,65535,65535,65535
2026-07-31 09:48:49.514,109.99,50092,33632,40714,65535,65535,65535,65535,65535,65535
2026-07-31 09:48:49.558,110.04,50092,33632,40714,65535,65535,65535,65535,65535,65535
2026-07-31 09:48:49.619,110.1,50092,33632,40714,65535,65535,65535,65535,65535,65535
2026-07-31 09:48:49.666,110.15,50092,33632,40714,65535,65535,65535,65535,65535,65535
2026-07-31 09:48:49.711,110.19,50092,33632,40714,65535,65535,65535,65535,65535,65535
2026-07-31 09:48:49.762,110.24,62170,33632,40714,65535,65535,65535,65535,65535,65535
2026-07-31 09:48:49.812,110.29,62170,28742,40714,65535,65535,65535,65535,65535,65535
2026-07-31 09:48:49.859,110.34,62170,28742,40714,65535,65535,65535,65535,65535,65535
2026-07-31 09:48:49.917,110.4,62170,28742,40714,65535,65535,65535,65535,65535,65535
2026-07-31 09:48:49.966,110.45,62170,28742,40714,65535,65535,65535,65535,65535,65535
2026-07-31 09:48:50.012,110.49,62170,28742,40714,65535,65535,65535,65535,65535,65535
2026-07-31 09:48:50.065,110.54,62170,28742,40714,65535,65535,65535,65535,65535,65535
2026-07-31 09:48:50.114,110.59,62170,28742,40714,65535,65535,65535,65535,65535,65535
2026-07-31 09:48:50.161,110.64,62170,28742,40714,65535,65535,65535,65535,65535,65535
2026-07-31 09:48:50.208,110.69,62170,28742,40714,65535,65535,65535,65535,65535,65535
2026-07-31 09:48:50.256,110.74,62170,28742,40714,65535,65535,65535,65535,65535,65535
2026-07-31 09:48:50.304,110.78,62170,28742,33929,65535,65535,65535,65535,65535,65535
2026-07-31 09:48:50.355,110.83,49973,28742,33929,65535,65535,65535,65535,65535,65535
2026-07-31 09:48:50.408,110.89,49973,28742,33929,65535,65535,65535,65535,65535,65535
2026-07-31 09:48:50.454,110.93,49973,28742,33929,65535,65535,65535,65535,65535,65535
2026-07-31 09:48:50.503,110.98,49973,28742,33929,65535,65535,65535,65535,65535,65535
2026-07-31 09:48:50.551,111.03,49973,28742,33929,65535,65535,65535,65535,65535,65535
2026-07-31 09:48:50.599,111.08,49973,28742,33929,65535,65535,65535,65535,65535,65535
2026-07-31 09:48:50.648,111.13,49973,28742,33929,65535,65535,65535,65535,65535,65535
2026-07-31 09:48:50.698,111.18,49973,28742,33929,65535,65535,65535,65535,65535,65535
2026-07-31 09:48:50.743,111.22,49973,28742,33929,65535,65535,65535,65535,65535,65535
2026-07-31 09:48:50.791,111.27,49973,28742,33929,65535,65535,65535,65535,65535,65535
2026-07-31 09:48:50.842,111.32,49973,28742,33929,65535,65535,65535,65535,65535,65535
2026-07-31 09:48:50.891,111.37,62615,28742,33929,65535,65535,65535,65535,65535,65535
2026-07-31 09:48:50.938,111.42,62615,28827,33929,65535,65535,65535,65535,65535,65535
2026-07-31 09:48:50.986,111.47,62615,28827,33929,65535,65535,65535,65535,65535,65535
2026-07-31 09:48:51.034,111.51,62615,28827,33929,65535,65535,65535,65535,65535,65535
2026-07-31 09:48:51.079,111.56,62615,28827,33929,65535,65535,65535,65535,65535,65535
2026-07-31 09:48:51.125,111.6,62615,28827,33929,65535,65535,65535,65535,65535,65535
2026-07-31 09:48:51.187,111.67,62615,28827,33929,65535,65535,65535,65535,65535,65535
2026-07-31 09:48:51.235,111.71,62615,28827,33929,65535,65535,65535,65535,65535,65535
2026-07-31 09:48:51.285,111.76,62615,28827,33929,65535,65535,65535,65535,65535,65535
2026-07-31 09:48:51.334,111.81,62615,28827,33929,65535,65535,65535,65535,65535,65535
2026-07-31 09:48:51.380,111.86,62615,28827,33929,65535,65535,65535,65535,65535,65535
2026-07-31 09:48:51.431,111.91,62615,28827,40596,65535,65535,65535,65535,65535,65535
2026-07-31 09:48:51.480,111.96,49855,33533,40596,65535,65535,65535,65535,65535,65535
2026-07-31 09:48:51.525,112.0,49855,33533,40596,65535,65535,65535,65535,65535,65535
2026-07-31 09:48:51.572,112.05,49855,33533,40596,65535,65535,65535,65535,65535,65535
2026-07-31 09:48:51.625,112.1,49855,33533,40596,65535,65535,65535,65535,65535,65535
2026-07-31 09:48:51.674,112.15,49855,33533,40596,65535,65535,65535,65535,65535,65535
2026-07-31 09:48:51.725,112.2,49855,33533,40596,65535,65535,65535,65535,65535,65535
2026-07-31 09:48:51.771,112.25,49855,33533,40596,65535,65535,65535,65535,65535,65535
2026-07-31 09:48:51.820,112.3,49855,33533,40596,65535,65535,65535,65535,65535,65535
2026-07-31 09:48:51.869,112.35,49855,33533,40596,65535,65535,65535,65535,65535,65535
2026-07-31 09:48:51.931,112.41,49855,33533,40596,65535,65535,65535,65535,65535,65535
2026-07-31 09:48:51.986,112.47,49855,33533,40596,65535,65535,65535,65535,65535,65535
2026-07-31 09:48:52.039,112.52,49736,33533,40714,65535,65535,65535,65535,65535,65535
2026-07-31 09:48:52.092,112.57,49736,33533,40714,65535,65535,65535,65535,65535,65535
2026-07-31 09:48:52.137,112.62,49736,33533,40714,65535,65535,65535,65535,65535,65535
2026-07-31 09:48:52.187,112.67,49736,33533,40714,65535,65535,65535,65535,65535,65535
2026-07-31 09:48:52.239,112.72,49736,33533,40714,65535,65535,65535,65535,65535,65535
2026-07-31 09:48:52.298,112.78,49736,33533,40714,65535,65535,65535,65535,65535,65535
2026-07-31 09:48:52.345,112.82,49736,33533,40714,65535,65535,65535,65535,65535,65535
2026-07-31 09:48:52.390,112.87,49736,33533,40714,65535,65535,65535,65535,65535,65535
2026-07-31 09:48:52.449,112.93,49736,33533,40714,65535,65535,65535,65535,65535,65535
2026-07-31 09:48:52.502,112.98,49736,33533,40714,65535,65535,65535,65535,65535,65535
2026-07-31 09:48:52.552,113.03,49736,33533,33929,65535,65535,65535,65535,65535,65535
2026-07-31 09:48:52.609,113.09,50092,33533,33929,65535,65535,65535,65535,65535,65535
2026-07-31 09:48:52.661,113.14,50092,33533,33929,65535,65535,65535,65535,65535,65535
2026-07-31 09:48:52.714,113.19,50092,33533,33929,65535,65535,65535,65535,65535,65535
2026-07-31 09:48:52.777,113.26,50092,33533,33929,65535,65535,65535,65535,65535,65535
2026-07-31 09:48:52.833,113.31,50092,33533,33929,65535,65535,65535,65535,65535,65535
2026-07-31 09:48:52.882,113.36,50092,33533,33929,65535,65535,65535,65535,65535,65535
2026-07-31 09:48:52.931,113.41,50092,33533,33929,65535,65535,65535,65535,65535,65535
2026-07-31 09:48:52.979,113.46,50092,33533,33929,65535,65535,65535,65535,65535,65535
2026-07-31 09:48:53.025,113.5,50092,33533,33929,65535,65535,65535,65535,65535,65535
2026-07-31 09:48:53.073,113.55,50092,33533,33929,65535,65535,65535,65535,65535,65535
2026-07-31 09:48:53.134,113.61,50092,33533,28997,65535,65535,65535,65535,65535,65535
2026-07-31 09:48:53.187,113.67,49855,33632,28997,65535,65535,65535,65535,65535,65535
2026-07-31 09:48:53.232,113.71,49855,33632,28997,65535,65535,65535,65535,65535,65535
2026-07-31 09:48:53.288,113.77,49855,33632,28997,65535,65535,65535,65535,65535,65535
2026-07-31 09:48:53.341,113.82,49855,33632,28997,65535,65535,65535,65535,65535,65535
2026-07-31 09:48:53.388,113.87,49855,33632,28997,65535,65535,65535,65535,65535,65535
2026-07-31 09:48:53.448,113.93,49855,33632,28997,65535,65535,65535,65535,65535,65535
2026-07-31 09:48:53.497,113.98,49855,33632,28997,65535,65535,65535,65535,65535,65535
2026-07-31 09:48:53.551,114.03,49855,33632,28997,65535,65535,65535,65535,65535,65535
2026-07-31 09:48:53.600,114.08,49855,33632,28997,65535,65535,65535,65535,65535,65535
2026-07-31 09:48:53.654,114.13,49855,33632,28997,65535,65535,65535,65535,65535,65535
2026-07-31 09:48:53.702,114.18,50092,33632,40714,65535,65535,65535,65535,65535,65535
2026-07-31 09:48:53.751,114.23,50092,28742,40714,65535,65535,65535,65535,65535,65535
2026-07-31 09:48:53.803,114.28,50092,28742,40714,65535,65535,65535,65535,65535,65535
2026-07-31 09:48:53.853,114.33,50092,28742,40714,65535,65535,65535,65535,65535,65535
2026-07-31 09:48:53.902,114.38,50092,28742,40714,65535,65535,65535,65535,65535,65535
2026-07-31 09:48:53.951,114.43,50092,28742,40714,65535,65535,65535,65535,65535,65535
2026-07-31 09:48:53.999,114.48,50092,28742,40714,65535,65535,65535,65535,65535,65535
2026-07-31 09:48:54.046,114.53,50092,28742,40714,65535,65535,65535,65535,65535,65535
2026-07-31 09:48:54.099,114.58,50092,28742,40714,65535,65535,65535,65535,65535,65535
2026-07-31 09:48:54.147,114.63,50092,28742,40714,65535,65535,65535,65535,65535,65535
2026-07-31 09:48:54.196,114.68,50092,28742,40714,65535,65535,65535,65535,65535,65535
2026-07-31 09:48:54.258,114.74,50092,28742,40714,65535,65535,65535,65535,65535,65535
2026-07-31 09:48:54.310,114.79,41545,28742,40714,65535,65535,65535,65535,65535,65535
2026-07-31 09:48:54.363,114.84,41545,28742,40714,65535,65535,65535,65535,65535,65535
2026-07-31 09:48:54.422,114.9,41545,28742,40714,65535,65535,65535,65535,65535,65535
2026-07-31 09:48:54.473,114.95,41545,28742,40714,65535,65535,65535,65535,65535,65535
2026-07-31 09:48:54.526,115.01,41545,28742,40714,65535,65535,65535,65535,65535,65535
2026-07-31 09:48:54.577,115.06,41545,28742,40714,65535,65535,65535,65535,65535,65535
2026-07-31 09:48:54.629,115.11,41545,28742,40714,65535,65535,65535,65535,65535,65535
2026-07-31 09:48:54.681,115.16,41545,28742,40714,65535,65535,65535,65535,65535,65535
2026-07-31 09:48:54.730,115.21,41545,28742,40714,65535,65535,65535,65535,65535,65535
2026-07-31 09:48:54.798,115.28,41545,28742,33929,65535,65535,65535,65535,65535,65535
2026-07-31 09:48:54.849,115.33,62467,33533,33929,65535,65535,65535,65535,65535,65535
2026-07-31 09:48:54.895,115.37,62467,33533,33929,65535,65535,65535,65535,65535,65535
2026-07-31 09:48:54.952,115.43,62467,33533,33929,65535,65535,65535,65535,65535,65535
2026-07-31 09:48:55.003,115.48,62467,33533,33929,65535,65535,65535,65535,65535,65535
2026-07-31 09:48:55.053,115.53,62467,33533,33929,65535,65535,65535,65535,65535,65535
2026-07-31 09:48:55.103,115.58,62467,33533,33929,65535,65535,65535,65535,65535,65535
2026-07-31 09:48:55.150,115.63,62467,33533,33929,65535,65535,65535,65535,65535,65535
2026-07-31 09:48:55.204,115.68,62467,33533,33929,65535,65535,65535,65535,65535,65535
2026-07-31 09:48:55.268,115.75,62467,33533,33929,65535,65535,65535,65535,65535,65535
2026-07-31 09:48:55.323,115.8,62467,33533,33929,65535,65535,65535,65535,65535,65535
2026-07-31 09:48:55.375,115.85,62467,33533,33929,65535,65535,65535,65535,65535,65535
2026-07-31 09:48:55.427,115.91,49973,33533,33929,65535,65535,65535,65535,65535,65535
2026-07-31 09:48:55.482,115.96,49973,33533,33929,65535,65535,65535,65535,65535,65535
2026-07-31 09:48:55.532,116.01,49973,33533,33929,65535,65535,65535,65535,65535,65535
2026-07-31 09:48:55.581,116.06,49973,33533,33929,65535,65535,65535,65535,65535,65535
2026-07-31 09:48:55.643,116.12,49973,33533,33929,65535,65535,65535,65535,65535,65535
2026-07-31 09:48:55.690,116.17,49973,33533,33929,65535,65535,65535,65535,65535,65535
2026-07-31 09:48:55.738,116.22,49973,33533,33929,65535,65535,65535,65535,65535,65535
2026-07-31 09:48:55.792,116.27,49973,33533,33929,65535,65535,65535,65535,65535,65535
2026-07-31 09:48:55.841,116.32,49973,33533,33929,65535,65535,65535,65535,65535,65535
2026-07-31 09:48:55.894,116.37,49973,33533,33929,65535,65535,65535,65535,65535,65535
2026-07-31 09:48:55.949,116.43,62467,33533,33929,65535,65535,65535,65535,65535,65535
2026-07-31 09:48:55.997,116.48,62467,28742,33929,65535,65535,65535,65535,65535,65535
2026-07-31 09:48:56.045,116.52,62467,28742,33929,65535,65535,65535,65535,65535,65535
2026-07-31 09:48:56.106,116.59,62467,28742,33929,65535,65535,65535,65535,65535,65535
2026-07-31 09:48:56.160,116.64,62467,28742,33929,65535,65535,65535,65535,65535,65535
2026-07-31 09:48:56.214,116.69,62467,28742,33929,65535,65535,65535,65535,65535,65535
2026-07-31 09:48:56.268,116.75,62467,28742,33929,65535,65535,65535,65535,65535,65535
2026-07-31 09:48:56.321,116.8,62467,28742,33929,65535,65535,65535,65535,65535,65535
2026-07-31 09:48:56.371,116.85,62467,28742,33929,65535,65535,65535,65535,65535,65535
2026-07-31 09:48:56.421,116.9,62467,28742,33929,65535,65535,65535,65535,65535,65535
2026-07-31 09:48:56.471,116.95,62467,28742,33929,65535,65535,65535,65535,65535,65535
2026-07-31 09:48:56.521,117.0,62912,28742,40714,65535,65535,65535,65535,65535,65535
2026-07-31 09:48:56.571,117.05,62912,28827,40714,65535,65535,65535,65535,65535,65535
2026-07-31 09:48:56.625,117.1,62912,28827,40714,65535,65535,65535,65535,65535,65535
2026-07-31 09:48:56.679,117.16,62912,28827,40714,65535,65535,65535,65535,65535,65535
2026-07-31 09:48:56.730,117.21,62912,28827,40714,65535,65535,65535,65535,65535,65535
2026-07-31 09:48:56.791,117.27,62912,28827,40714,65535,65535,65535,65535,65535,65535
2026-07-31 09:48:56.838,117.32,62912,28827,40714,65535,65535,65535,65535,65535,65535
2026-07-31 09:48:56.890,117.37,62912,28827,40714,65535,65535,65535,65535,65535,65535
2026-07-31 09:48:56.954,117.43,62912,28827,40714,65535,65535,65535,65535,65535,65535
2026-07-31 09:48:57.014,117.49,62912,28827,40714,65535,65535,65535,65535,65535,65535
2026-07-31 09:48:57.064,117.54,62912,28827,33929,65535,65535,65535,65535,65535,65535
2026-07-31 09:48:57.113,117.59,49973,33533,33929,65535,65535,65535,65535,65535,65535
2026-07-31 09:48:57.168,117.65,49973,33533,33929,65535,65535,65535,65535,65535,65535
2026-07-31 09:48:57.219,117.7,49973,33533,33929,65535,65535,65535,65535,65535,65535
2026-07-31 09:48:57.265,117.74,49973,33533,33929,65535,65535,65535,65535,65535,65535
2026-07-31 09:48:57.327,117.81,49973,33533,33929,65535,65535,65535,65535,65535,65535
2026-07-31 09:48:57.378,117.86,49973,33533,33929,65535,65535,65535,65535,65535,65535
2026-07-31 09:48:57.423,117.9,49973,33533,33929,65535,65535,65535,65535,65535,65535
2026-07-31 09:48:57.483,117.96,49973,33533,33929,65535,65535,65535,65535,65535,65535
2026-07-31 09:48:57.531,118.01,49973,33533,33929,65535,65535,65535,65535,65535,65535
2026-07-31 09:48:57.579,118.06,49973,33533,33929,65535,65535,65535,65535,65535,65535
2026-07-31 09:48:57.626,118.11,49973,33533,29082,65535,65535,65535,65535,65535,65535
2026-07-31 09:48:57.673,118.15,49973,33632,29082,65535,65535,65535,65535,65535,65535
2026-07-31 09:48:57.721,118.2,49973,33632,29082,65535,65535,65535,65535,65535,65535
2026-07-31 09:48:57.768,118.25,49973,33632,29082,65535,65535,65535,65535,65535,65535
2026-07-31 09:48:57.825,118.3,49973,33632,29082,65535,65535,65535,65535,65535,65535
2026-07-31 09:48:57.878,118.36,49973,33632,29082,65535,65535,65535,65535,65535,65535
2026-07-31 09:48:57.924,118.4,49973,33632,29082,65535,65535,65535,65535,65535,65535
2026-07-31 09:48:57.974,118.45,49973,33632,29082,65535,65535,65535,65535,65535,65535
2026-07-31 09:48:58.023,118.5,49973,33632,29082,65535,65535,65535,65535,65535,65535
2026-07-31 09:48:58.073,118.55,49973,33632,29082,65535,65535,65535,65535,65535,65535
2026-07-31 09:48:58.138,118.62,49973,33632,29082,65535,65535,65535,65535,65535,65535
2026-07-31 09:48:58.190,118.67,62467,33632,33929,65535,65535,65535,65535,65535,65535
2026-07-31 09:48:58.235,118.71,62467,28827,33929,65535,65535,65535,65535,65535,65535
2026-07-31 09:48:58.293,118.77,62467,28827,33929,65535,65535,65535,65535,65535,65535
2026-07-31 09:48:58.346,118.83,62467,28827,33929,65535,65535,65535,65535,65535,65535
2026-07-31 09:48:58.395,118.87,62467,28827,33929,65535,65535,65535,65535,65535,65535
2026-07-31 09:48:58.457,118.94,62467,28827,33929,65535,65535,65535,65535,65535,65535
2026-07-31 09:48:58.506,118.99,62467,28827,33929,65535,65535,65535,65535,65535,65535
2026-07-31 09:48:58.561,119.04,62467,28827,33929,65535,65535,65535,65535,65535,65535
2026-07-31 09:48:58.624,119.1,62467,28827,33929,65535,65535,65535,65535,65535,65535
2026-07-31 09:48:58.683,119.16,62467,28827,33929,65535,65535,65535,65535,65535,65535
2026-07-31 09:48:58.734,119.21,62467,28827,33929,65535,65535,65535,65535,65535,65535
2026-07-31 09:48:58.783,119.26,49855,33533,33929,65535,65535,65535,65535,65535,65535
2026-07-31 09:48:58.836,119.32,49855,33533,33929,65535,65535,65535,65535,65535,65535
2026-07-31 09:48:58.886,119.37,49855,33533,33929,65535,65535,65535,65535,65535,65535
2026-07-31 09:48:58.935,119.41,49855,33533,33929,65535,65535,65535,65535,65535,65535
2026-07-31 09:48:58.997,119.48,49855,33533,33929,65535,65535,65535,65535,65535,65535
2026-07-31 09:48:59.046,119.53,49855,33533,33929,65535,65535,65535,65535,65535,65535
2026-07-31 09:48:59.094,119.57,49855,33533,33929,65535,65535,65535,65535,65535,65535
2026-07-31 09:48:59.150,119.63,49855,33533,33929,65535,65535,65535,65535,65535,65535
2026-07-31 09:48:59.205,119.68,49855,33533,33929,65535,65535,65535,65535,65535,65535
2026-07-31 09:48:59.256,119.74,49855,33533,33929,65535,65535,65535,65535,65535,65535
2026-07-31 09:48:59.304,119.78,49855,33533,33929,65535,65535,65535,65535,65535,65535
2026-07-31 09:48:59.354,119.83,62615,33632,33929,65535,65535,65535,65535,65535,65535
2026-07-31 09:48:59.404,119.88,62615,33632,33929,65535,65535,65535,65535,65535,65535
2026-07-31 09:48:59.468,119.95,62615,33632,33929,65535,65535,65535,65535,65535,65535
2026-07-31 09:48:59.527,120.01,62615,33632,33929,65535,65535,65535,65535,65535,65535
2026-07-31 09:48:59.575,120.05,62615,33632,33929,65535,65535,65535,65535,65535,65535
2026-07-31 09:48:59.624,120.1,62615,33632,33929,65535,65535,65535,65535,65535,65535
2026-07-31 09:48:59.679,120.16,62615,33632,33929,65535,65535,65535,65535,65535,65535
2026-07-31 09:48:59.730,120.21,62615,33632,33929,65535,65535,65535,65535,65535,65535
2026-07-31 09:48:59.777,120.26,62615,33632,33929,65535,65535,65535,65535,65535,65535
2026-07-31 09:48:59.841,120.32,62615,33632,33929,65535,65535,65535,65535,65535,65535
2026-07-31 09:48:59.893,120.37,55196,33632,33929,65535,65535,65535,65535,65535,65535
2026-07-31 09:48:59.938,120.42,55196,33632,33929,65535,65535,65535,65535,65535,65535
2026-07-31 09:48:59.995,120.47,55196,33632,33929,65535,65535,65535,65535,65535,65535
2026-07-31 09:49:00.047,120.53,55196,33632,33929,65535,65535,65535,65535,65535,65535
2026-07-31 09:49:00.091,120.57,55196,33632,33929,65535,65535,65535,65535,65535,65535
2026-07-31 09:49:00.150,120.63,55196,33632,33929,65535,65535,65535,65535,65535,65535
2026-07-31 09:49:00.199,120.68,55196,33632,33929,65535,65535,65535,65535,65535,65535
2026-07-31 09:49:00.249,120.73,55196,33632,33929,65535,65535,65535,65535,65535,65535
2026-07-31 09:49:00.301,120.78,55196,33632,33929,65535,65535,65535,65535,65535,65535
2026-07-31 09:49:00.348,120.83,55196,33632,33929,65535,65535,65535,65535,65535,65535
2026-07-31 09:49:00.396,120.88,55196,33632,33929,65535,65535,65535,65535,65535,65535
2026-07-31 09:49:00.443,120.92,50092,33632,33929,65535,65535,65535,65535,65535,65535
2026-07-31 09:49:00.489,120.97,50092,28827,33929,65535,65535,65535,65535,65535,65535
2026-07-31 09:49:00.541,121.02,50092,28827,33929,65535,65535,65535,65535,65535,65535
2026-07-31 09:49:00.588,121.07,50092,28827,33929,65535,65535,65535,65535,65535,65535
2026-07-31 09:49:00.645,121.12,50092,28827,33929,65535,65535,65535,65535,65535,65535
2026-07-31 09:49:00.696,121.18,50092,28827,33929,65535,65535,65535,65535,65535,65535
2026-07-31 09:49:00.741,121.22,50092,28827,33929,65535,65535,65535,65535,65535,65535
2026-07-31 09:49:00.798,121.28,50092,28827,33929,65535,65535,65535,65535,65535,65535
2026-07-31 09:49:00.851,121.33,50092,28827,33929,65535,65535,65535,65535,65535,65535
2026-07-31 09:49:00.901,121.38,50092,28827,33929,65535,65535,65535,65535,65535,65535
2026-07-31 09:49:00.961,121.44,50092,28827,33929,65535,65535,65535,65535,65535,65535
2026-07-31 09:49:01.009,121.49,50092,28827,33929,65535,65535,65535,65535,65535,65535
2026-07-31 09:49:01.055,121.53,50092,33533,33929,65535,65535,65535,65535,65535,65535
2026-07-31 09:49:01.103,121.58,50092,33533,33929,65535,65535,65535,65535,65535,65535
2026-07-31 09:49:01.160,121.64,50092,33533,33929,65535,65535,65535,65535,65535,65535
2026-07-31 09:49:01.205,121.68,50092,33533,33929,65535,65535,65535,65535,65535,65535
2026-07-31 09:49:01.255,121.73,50092,33533,33929,65535,65535,65535,65535,65535,65535
2026-07-31 09:49:01.322,121.8,50092,33533,33929,65535,65535,65535,65535,65535,65535
2026-07-31 09:49:01.376,121.86,50092,33533,33929,65535,65535,65535,65535,65535,65535
2026-07-31 09:49:01.425,121.9,50092,33533,33929,65535,65535,65535,65535,65535,65535
2026-07-31 09:49:01.473,121.95,50092,33533,33929,65535,65535,65535,65535,65535,65535
2026-07-31 09:49:01.520,122.0,50092,33533,33929,65535,65535,65535,65535,65535,65535
2026-07-31 09:49:01.570,122.05,62763,33533,40714,65535,65535,65535,65535,65535,65535
2026-07-31 09:49:01.630,122.11,62763,33632,40714,65535,65535,65535,65535,65535,65535
2026-07-31 09:49:01.678,122.16,62763,33632,40714,65535,65535,65535,65535,65535,65535
2026-07-31 09:49:01.728,122.21,62763,33632,40714,65535,65535,65535,65535,65535,65535
2026-07-31 09:49:01.780,122.26,62763,33632,40714,65535,65535,65535,65535,65535,65535
2026-07-31 09:49:01.862,122.34,62763,33632,40714,65535,65535,65535,65535,65535,65535
2026-07-31 09:49:01.914,122.39,62763,33632,40714,65535,65535,65535,65535,65535,65535
2026-07-31 09:49:01.960,122.44,62763,33632,40714,65535,65535,65535,65535,65535,65535
2026-07-31 09:49:02.016,122.5,62763,33632,40714,65535,65535,65535,65535,65535,65535
2026-07-31 09:49:02.066,122.55,62763,33632,40714,65535,65535,65535,65535,65535,65535
2026-07-31 09:49:02.112,122.59,62763,33632,33731,65535,65535,65535,65535,65535,65535
2026-07-31 09:49:02.163,122.64,62170,33929,33731,65535,65535,65535,65535,65535,65535
2026-07-31 09:49:02.216,122.7,62170,33929,33731,65535,65535,65535,65535,65535,65535
2026-07-31 09:49:02.263,122.74,62170,33929,33731,65535,65535,65535,65535,65535,65535
2026-07-31 09:49:02.309,122.79,62170,33929,33731,65535,65535,65535,65535,65535,65535
2026-07-31 09:49:02.355,122.83,62170,33929,33731,65535,65535,65535,65535,65535,65535
2026-07-31 09:49:02.405,122.88,62170,33929,33731,65535,65535,65535,65535,65535,65535
2026-07-31 09:49:02.467,122.95,62170,33929,33731,65535,65535,65535,65535,65535,65535
2026-07-31 09:49:02.513,122.99,62170,33929,33731,65535,65535,65535,65535,65535,65535
2026-07-31 09:49:02.568,123.05,62170,33929,33731,65535,65535,65535,65535,65535,65535
2026-07-31 09:49:02.614,123.09,62170,33929,33731,65535,65535,65535,65535,65535,65535
2026-07-31 09:49:02.695,123.17,62170,33929,40714,65535,65535,65535,65535,65535,65535
2026-07-31 09:49:02.744,123.22,62170,33533,40714,65535,65535,65535,65535,65535,65535
2026-07-31 09:49:02.789,123.27,62170,33533,40714,65535,65535,65535,65535,65535,65535
2026-07-31 09:49:02.844,123.32,62170,33533,40714,65535,65535,65535,65535,65535,65535
2026-07-31 09:49:02.888,123.37,62170,33533,40714,65535,65535,65535,65535,65535,65535
2026-07-31 09:49:02.935,123.41,62170,33533,40714,65535,65535,65535,65535,65535,65535
2026-07-31 09:49:02.986,123.47,62170,33533,40714,65535,65535,65535,65535,65535,65535
2026-07-31 09:49:03.035,123.51,62170,33533,40714,65535,65535,65535,65535,65535,65535
2026-07-31 09:49:03.086,123.57,62170,33533,40714,65535,65535,65535,65535,65535,65535
2026-07-31 09:49:03.144,123.62,62170,33533,40714,65535,65535,65535,65535,65535,65535
2026-07-31 09:49:03.191,123.67,62170,33533,40714,65535,65535,65535,65535,65535,65535
2026-07-31 09:49:03.239,123.72,62170,33533,33830,65535,65535,65535,65535,65535,65535
2026-07-31 09:49:03.306,123.79,62467,33731,33830,65535,65535,65535,65535,65535,65535
2026-07-31 09:49:03.353,123.83,62467,33731,33830,65535,65535,65535,65535,65535,65535
2026-07-31 09:49:03.408,123.89,62467,33731,33830,65535,65535,65535,65535,65535,65535
2026-07-31 09:49:03.462,123.94,62467,33731,33830,65535,65535,65535,65535,65535,65535
2026-07-31 09:49:03.546,124.03,62467,33731,33830,65535,65535,65535,65535,65535,65535
2026-07-31 09:49:03.596,124.08,62467,33731,33830,65535,65535,65535,65535,65535,65535
2026-07-31 09:49:03.645,124.12,62467,33731,33830,65535,65535,65535,65535,65535,65535
2026-07-31 09:49:03.703,124.18,62467,33731,33830,65535,65535,65535,65535,65535,65535
2026-07-31 09:49:03.751,124.23,62467,33731,33830,65535,65535,65535,65535,65535,65535
2026-07-31 09:49:03.798,124.28,62467,33731,40714,65535,65535,65535,65535,65535,65535
2026-07-31 09:49:03.846,124.33,62318,33632,40714,65535,65535,65535,65535,65535,65535
2026-07-31 09:49:03.901,124.38,62318,33632,40714,65535,65535,65535,65535,65535,65535
2026-07-31 09:49:03.954,124.43,62318,33632,40714,65535,65535,65535,65535,65535,65535
2026-07-31 09:49:04.009,124.49,62318,33632,40714,65535,65535,65535,65535,65535,65535
2026-07-31 09:49:04.059,124.54,62318,33632,40714,65535,65535,65535,65535,65535,65535
2026-07-31 09:49:04.107,124.59,62318,33632,40714,65535,65535,65535,65535,65535,65535
2026-07-31 09:49:04.161,124.64,62318,33632,40714,65535,65535,65535,65535,65535,65535
2026-07-31 09:49:04.207,124.69,62318,33632,40714,65535,65535,65535,65535,65535,65535
2026-07-31 09:49:04.251,124.73,62318,33632,40714,65535,65535,65535,65535,65535,65535
2026-07-31 09:49:04.303,124.78,62318,33632,40714,65535,65535,65535,65535,65535,65535
2026-07-31 09:49:04.388,124.87,50092,28742,33929,65535,65535,65535,65535,65535,65535
2026-07-31 09:49:04.434,124.91,50092,28742,33929,65535,65535,65535,65535,65535,65535
2026-07-31 09:49:04.482,124.96,50092,28742,33929,65535,65535,65535,65535,65535,65535
2026-07-31 09:49:04.539,125.02,50092,28742,33929,65535,65535,65535,65535,65535,65535
2026-07-31 09:49:04.592,125.07,50092,28742,33929,65535,65535,65535,65535,65535,65535
2026-07-31 09:49:04.640,125.12,50092,28742,33929,65535,65535,65535,65535,65535,65535
2026-07-31 09:49:04.690,125.17,50092,28742,33929,65535,65535,65535,65535,65535,65535
2026-07-31 09:49:04.741,125.22,50092,28742,33929,65535,65535,65535,65535,65535,65535
2026-07-31 09:49:04.792,125.27,50092,28742,33929,65535,65535,65535,65535,65535,65535
2026-07-31 09:49:04.874,125.35,50092,28742,33929,65535,65535,65535,65535,65535,65535
2026-07-31 09:49:04.923,125.4,50092,28742,40714,65535,65535,65535,65535,65535,65535
2026-07-31 09:49:04.969,125.45,49973,28827,40714,65535,65535,65535,65535,65535,65535
2026-07-31 09:49:05.025,125.5,49973,28827,40714,65535,65535,65535,65535,65535,65535
2026-07-31 09:49:05.077,125.56,49973,28827,40714,65535,65535,65535,65535,65535,65535
2026-07-31 09:49:05.126,125.61,49973,28827,40714,65535,65535,65535,65535,65535,65535
2026-07-31 09:49:05.177,125.66,49973,28827,40714,65535,65535,65535,65535,65535,65535
2026-07-31 09:49:05.267,125.75,49973,28827,40714,65535,65535,65535,65535,65535,65535
2026-07-31 09:49:05.316,125.8,49973,28827,40714,65535,65535,65535,65535,65535,65535
2026-07-31 09:49:05.364,125.84,49973,28827,40714,65535,65535,65535,65535,65535,65535
2026-07-31 09:49:05.423,125.9,49973,28827,40714,65535,65535,65535,65535,65535,65535
2026-07-31 09:49:05.471,125.95,49973,28827,33929,65535,65535,65535,65535,65535,65535
2026-07-31 09:49:05.517,126.0,62467,33632,33929,65535,65535,65535,65535,65535,65535
2026-07-31 09:49:05.568,126.05,62467,33632,33929,65535,65535,65535,65535,65535,65535
2026-07-31 09:49:05.620,126.1,62467,33632,33929,65535,65535,65535,65535,65535,65535
2026-07-31 09:49:05.670,126.15,62467,33632,33929,65535,65535,65535,65535,65535,65535
2026-07-31 09:49:05.734,126.21,62467,33632,33929,65535,65535,65535,65535,65535,65535
2026-07-31 09:49:05.786,126.27,62467,33632,33929,65535,65535,65535,65535,65535,65535
2026-07-31 09:49:05.831,126.31,62467,33632,33929,65535,65535,65535,65535,65535,65535
2026-07-31 09:49:05.894,126.37,62467,33632,33929,65535,65535,65535,65535,65535,65535
2026-07-31 09:49:05.950,126.43,62467,33632,33929,65535,65535,65535,65535,65535,65535
2026-07-31 09:49:06.000,126.48,62467,33632,33929,65535,65535,65535,65535,65535,65535
2026-07-31 09:49:06.048,126.53,50092,33632,40714,65535,65535,65535,65535,65535,65535
2026-07-31 09:49:06.131,126.61,50092,28742,40714,65535,65535,65535,65535,65535,65535
2026-07-31 09:49:06.182,126.66,50092,28742,40714,65535,65535,65535,65535,65535,65535
2026-07-31 09:49:06.232,126.71,50092,28742,40714,65535,65535,65535,65535,65535,65535
2026-07-31 09:49:06.290,126.77,50092,28742,40714,65535,65535,65535,65535,65535,65535
2026-07-31 09:49:06.340,126.82,50092,28742,40714,65535,65535,65535,65535,65535,65535
2026-07-31 09:49:06.392,126.87,50092,28742,40714,65535,65535,65535,65535,65535,65535
2026-07-31 09:49:06.443,126.92,50092,28742,40714,65535,65535,65535,65535,65535,65535
2026-07-31 09:49:06.493,126.97,50092,28742,40714,65535,65535,65535,65535,65535,65535
2026-07-31 09:49:06.542,127.02,50092,28742,40714,65535,65535,65535,65535,65535,65535
2026-07-31 09:49:06.600,127.08,50092,28742,40714,65535,65535,65535,65535,65535,65535
2026-07-31 09:49:06.648,127.13,49973,33533,40714,65535,65535,65535,65535,65535,65535
2026-07-31 09:49:06.695,127.17,49973,33533,40714,65535,65535,65535,65535,65535,65535
2026-07-31 09:49:06.754,127.23,49973,33533,40714,65535,65535,65535,65535,65535,65535
2026-07-31 09:49:06.803,127.28,49973,33533,40714,65535,65535,65535,65535,65535,65535
2026-07-31 09:49:06.854,127.33,49973,33533,40714,65535,65535,65535,65535,65535,65535
2026-07-31 09:49:06.902,127.38,49973,33533,40714,65535,65535,65535,65535,65535,65535
2026-07-31 09:49:06.988,127.47,49973,33533,40714,65535,65535,65535,65535,65535,65535
2026-07-31 09:49:07.039,127.52,49973,33533,40714,65535,65535,65535,65535,65535,65535
2026-07-31 09:49:07.086,127.57,49973,33533,40714,65535,65535,65535,65535,65535,65535
2026-07-31 09:49:07.145,127.62,49973,33533,40714,65535,65535,65535,65535,65535,65535
2026-07-31 09:49:07.194,127.67,49973,33533,40714,65535,65535,65535,65535,65535,65535
2026-07-31 09:49:07.240,127.72,49973,33533,40714,65535,65535,65535,65535,65535,65535
2026-07-31 09:49:07.290,127.77,49973,33533,40714,65535,65535,65535,65535,65535,65535
2026-07-31 09:49:07.337,127.82,49973,33533,40714,65535,65535,65535,65535,65535,65535
2026-07-31 09:49:07.390,127.87,49973,33533,40714,65535,65535,65535,65535,65535,65535
2026-07-31 09:49:07.434,127.91,49973,33533,40714,65535,65535,65535,65535,65535,65535
2026-07-31 09:49:07.497,127.98,49973,33533,40714,65535,65535,65535,65535,65535,65535
2026-07-31 09:49:07.549,128.03,49973,33533,40714,65535,65535,65535,65535,65535,65535
2026-07-31 09:49:07.615,128.09,49973,33533,40714,65535,65535,65535,65535,65535,65535
2026-07-31 09:49:07.663,128.14,49973,33533,40714,65535,65535,65535,65535,65535,65535
2026-07-31 09:49:07.708,128.19,49973,33533,40714,65535,65535,65535,65535,65535,65535
2026-07-31 09:49:07.757,128.24,62318,28827,40596,65535,65535,65535,65535,65535,65535
2026-07-31 09:49:07.841,128.32,62318,28827,40596,65535,65535,65535,65535,65535,65535
2026-07-31 09:49:07.884,128.36,62318,28827,40596,65535,65535,65535,65535,65535,65535
2026-07-31 09:49:07.930,128.41,62318,28827,40596,65535,65535,65535,65535,65535,65535
2026-07-31 09:49:07.993,128.47,62318,28827,40596,65535,65535,65535,65535,65535,65535
2026-07-31 09:49:08.042,128.52,62318,28827,40596,65535,65535,65535,65535,65535,65535
2026-07-31 09:49:08.088,128.57,62318,28827,40596,65535,65535,65535,65535,65535,65535
2026-07-31 09:49:08.139,128.62,62318,28827,40596,65535,65535,65535,65535,65535,65535
2026-07-31 09:49:08.185,128.66,62318,28827,40596,65535,65535,65535,65535,65535,65535
2026-07-31 09:49:08.239,128.72,62318,28827,40596,65535,65535,65535,65535,65535,65535
2026-07-31 09:49:08.302,128.78,49855,28827,40714,65535,65535,65535,65535,65535,65535
2026-07-31 09:49:08.364,128.84,49855,33632,40714,65535,65535,65535,65535,65535,65535
2026-07-31 09:49:08.415,128.89,49855,33632,40714,65535,65535,65535,65535,65535,65535
2026-07-31 09:49:08.483,128.96,49855,33632,40714,65535,65535,65535,65535,65535,65535
2026-07-31 09:49:08.539,129.02,49855,33632,40714,65535,65535,65535,65535,65535,65535
2026-07-31 09:49:08.583,129.06,49855,33632,40714,65535,65535,65535,65535,65535,65535
2026-07-31 09:49:08.633,129.11,49855,33632,40714,65535,65535,65535,65535,65535,65535
2026-07-31 09:49:08.719,129.2,49855,33632,40714,65535,65535,65535,65535,65535,65535
2026-07-31 09:49:08.765,129.24,49855,33632,40714,65535,65535,65535,65535,65535,65535
2026-07-31 09:49:08.814,129.29,49855,33632,40714,65535,65535,65535,65535,65535,65535
2026-07-31 09:49:08.867,129.35,49973,33632,50893,65535,65535,65535,65535,65535,65535
2026-07-31 09:49:08.917,129.4,49973,28827,50893,65535,65535,65535,65535,65535,65535
2026-07-31 09:49:08.967,129.45,49973,28827,50893,65535,65535,65535,65535,65535,65535
2026-07-31 09:49:09.016,129.5,49973,28827,50893,65535,65535,65535,65535,65535,65535
2026-07-31 09:49:09.065,129.54,49973,28827,50893,65535,65535,65535,65535,65535,65535
2026-07-31 09:49:09.112,129.59,49973,28827,50893,65535,65535,65535,65535,65535,65535
2026-07-31 09:49:09.170,129.65,49973,28827,50893,65535,65535,65535,65535,65535,65535
2026-07-31 09:49:09.229,129.71,49973,28827,50893,65535,65535,65535,65535,65535,65535
2026-07-31 09:49:09.275,129.75,49973,28827,50893,65535,65535,65535,65535,65535,65535
2026-07-31 09:49:09.334,129.81,49973,28827,50893,65535,65535,65535,65535,65535,65535
2026-07-31 09:49:09.386,129.87,49973,28827,50893,65535,65535,65535,65535,65535,65535
2026-07-31 09:49:09.432,129.91,49973,28742,33929,65535,65535,65535,65535,65535,65535
2026-07-31 09:49:09.480,129.96,49973,28742,33929,65535,65535,65535,65535,65535,65535
2026-07-31 09:49:09.532,130.01,49973,28742,33929,65535,65535,65535,65535,65535,65535
2026-07-31 09:49:09.582,130.06,49973,28742,33929,65535,65535,65535,65535,65535,65535
2026-07-31 09:49:09.629,130.11,49973,28742,33929,65535,65535,65535,65535,65535,65535
2026-07-31 09:49:09.702,130.18,49973,28742,33929,65535,65535,65535,65535,65535,65535
2026-07-31 09:49:09.750,130.23,49973,28742,33929,65535,65535,65535,65535,65535,65535
2026-07-31 09:49:09.799,130.28,49973,28742,33929,65535,65535,65535,65535,65535,65535
2026-07-31 09:49:09.850,130.33,49973,28742,33929,65535,65535,65535,65535,65535,65535
2026-07-31 09:49:09.899,130.38,49973,28742,33929,65535,65535,65535,65535,65535,65535
2026-07-31 09:49:09.943,130.42,49973,28742,33929,65535,65535,65535,65535,65535,65535
2026-07-31 09:49:10.005,130.48,62318,28742,40714,65535,65535,65535,65535,65535,65535
2026-07-31 09:49:10.066,130.55,62318,28742,40714,65535,65535,65535,65535,65535,65535
2026-07-31 09:49:10.116,130.6,62318,28742,40714,65535,65535,65535,65535,65535,65535
2026-07-31 09:49:10.173,130.65,62318,28742,40714,65535,65535,65535,65535,65535,65535
2026-07-31 09:49:10.222,130.7,62318,28742,40714,65535,65535,65535,65535,65535,65535
2026-07-31 09:49:10.273,130.75,62318,28742,40714,65535,65535,65535,65535,65535,65535
2026-07-31 09:49:10.326,130.81,62318,28742,40714,65535,65535,65535,65535,65535,65535
2026-07-31 09:49:10.406,130.89,62318,28742,40714,65535,65535,65535,65535,65535,65535
2026-07-31 09:49:10.457,130.94,62318,28742,40714,65535,65535,65535,65535,65535,65535
2026-07-31 09:49:10.508,130.99,62318,28742,33929,65535,65535,65535,65535,65535,65535
2026-07-31 09:49:10.566,131.05,62467,28827,33929,65535,65535,65535,65535,65535,65535
2026-07-31 09:49:10.615,131.1,62467,28827,33929,65535,65535,65535,65535,65535,65535
2026-07-31 09:49:10.660,131.14,62467,28827,33929,65535,65535,65535,65535,65535,65535
2026-07-31 09:49:10.712,131.19,62467,28827,33929,65535,65535,65535,65535,65535,65535
2026-07-31 09:49:10.756,131.24,62467,28827,33929,65535,65535,65535,65535,65535,65535
2026-07-31 09:49:10.807,131.29,62467,28827,33929,65535,65535,65535,65535,65535,65535
2026-07-31 09:49:10.871,131.35,62467,28827,33929,65535,65535,65535,65535,65535,65535
2026-07-31 09:49:10.935,131.41,62467,28827,33929,65535,65535,65535,65535,65535,65535
2026-07-31 09:49:10.982,131.46,62467,28827,33929,65535,65535,65535,65535,65535,65535
2026-07-31 09:49:11.037,131.52,62467,28827,33929,65535,65535,65535,65535,65535,65535
2026-07-31 09:49:11.090,131.57,62615,28827,20298,65535,65535,65535,65535,65535,65535
2026-07-31 09:49:11.143,131.62,62615,28742,20298,65535,65535,65535,65535,65535,65535
2026-07-31 09:49:11.193,131.67,62615,28742,20298,65535,65535,65535,65535,65535,65535
2026-07-31 09:49:11.275,131.75,62615,28742,20298,65535,65535,65535,65535,65535,65535
2026-07-31 09:49:11.328,131.81,62615,28742,20298,65535,65535,65535,65535,65535,65535
2026-07-31 09:49:11.376,131.86,62615,28742,20298,65535,65535,65535,65535,65535,65535
2026-07-31 09:49:11.437,131.92,62615,28742,20298,65535,65535,65535,65535,65535,65535
2026-07-31 09:49:11.486,131.97,62615,28742,20298,65535,65535,65535,65535,65535,65535
2026-07-31 09:49:11.538,132.02,62615,28742,20298,65535,65535,65535,65535,65535,65535
2026-07-31 09:49:11.585,132.06,62615,28742,20298,65535,65535,65535,65535,65535,65535
2026-07-31 09:49:11.641,132.12,62615,28742,33929,65535,65535,65535,65535,65535,65535
2026-07-31 09:49:11.692,132.17,49973,33533,33929,65535,65535,65535,65535,65535,65535
2026-07-31 09:49:11.753,132.23,49973,33533,33929,65535,65535,65535,65535,65535,65535
2026-07-31 09:49:11.815,132.3,49973,33533,33929,65535,65535,65535,65535,65535,65535
2026-07-31 09:49:11.864,132.34,49973,33533,33929,65535,65535,65535,65535,65535,65535
2026-07-31 09:49:11.927,132.41,49973,33533,33929,65535,65535,65535,65535,65535,65535
2026-07-31 09:49:11.978,132.46,49973,33533,33929,65535,65535,65535,65535,65535,65535
2026-07-31 09:49:12.026,132.51,49973,33533,33929,65535,65535,65535,65535,65535,65535
2026-07-31 09:49:12.073,132.55,49973,33533,33929,65535,65535,65535,65535,65535,65535
2026-07-31 09:49:12.155,132.63,49973,33533,33929,65535,65535,65535,65535,65535,65535
2026-07-31 09:49:12.204,132.68,49973,33533,33929,65535,65535,65535,65535,65535,65535
2026-07-31 09:49:12.251,132.73,49736,33632,33929,65535,65535,65535,65535,65535,65535
2026-07-31 09:49:12.308,132.79,49736,33632,33929,65535,65535,65535,65535,65535,65535
2026-07-31 09:49:12.356,132.84,49736,33632,33929,65535,65535,65535,65535,65535,65535
2026-07-31 09:49:12.403,132.88,49736,33632,33929,65535,65535,65535,65535,65535,65535
2026-07-31 09:49:12.453,132.93,49736,33632,33929,65535,65535,65535,65535,65535,65535
2026-07-31 09:49:12.507,132.99,49736,33632,33929,65535,65535,65535,65535,65535,65535
2026-07-31 09:49:12.555,133.03,49736,33632,33929,65535,65535,65535,65535,65535,65535
2026-07-31 09:49:12.604,133.08,49736,33632,33929,65535,65535,65535,65535,65535,65535
2026-07-31 09:49:12.671,133.15,49736,33632,33929,65535,65535,65535,65535,65535,65535
2026-07-31 09:49:12.721,133.2,49736,33632,33929,65535,65535,65535,65535,65535,65535
2026-07-31 09:49:12.777,133.26,49855,33632,40714,65535,65535,65535,65535,65535,65535
2026-07-31 09:49:12.829,133.31,49855,33533,40714,65535,65535,65535,65535,65535,65535
2026-07-31 09:49:12.880,133.36,49855,33533,40714,65535,65535,65535,65535,65535,65535
2026-07-31 09:49:12.927,133.41,49855,33533,40714,65535,65535,65535,65535,65535,65535
2026-07-31 09:49:13.010,133.49,49855,33533,40714,65535,65535,65535,65535,65535,65535
2026-07-31 09:49:13.059,133.54,49855,33533,40714,65535,65535,65535,65535,65535,65535
2026-07-31 09:49:13.109,133.59,49855,33533,40714,65535,65535,65535,65535,65535,65535
2026-07-31 09:49:13.161,133.64,49855,33533,40714,65535,65535,65535,65535,65535,65535
2026-07-31 09:49:13.207,133.69,49855,33533,40714,65535,65535,65535,65535,65535,65535
2026-07-31 09:49:13.254,133.73,49855,33533,40714,65535,65535,65535,65535,65535,65535
2026-07-31 09:49:13.304,133.78,49855,33533,40714,65535,65535,65535,65535,65535,65535
2026-07-31 09:49:13.354,133.83,50092,33632,28827,65535,65535,65535,65535,65535,65535
2026-07-31 09:49:13.400,133.88,50092,33632,28827,65535,65535,65535,65535,65535,65535
2026-07-31 09:49:13.451,133.93,50092,33632,28827,65535,65535,65535,65535,65535,65535
2026-07-31 09:49:13.514,133.99,50092,33632,28827,65535,65535,65535,65535,65535,65535
2026-07-31 09:49:13.565,134.04,50092,33632,28827,65535,65535,65535,65535,65535,65535
2026-07-31 09:49:13.625,134.1,50092,33632,28827,65535,65535,65535,65535,65535,65535
2026-07-31 09:49:13.674,134.15,50092,33632,28827,65535,65535,65535,65535,65535,65535
2026-07-31 09:49:13.722,134.2,50092,33632,28827,65535,65535,65535,65535,65535,65535
2026-07-31 09:49:13.771,134.25,50092,33632,28827,65535,65535,65535,65535,65535,65535
2026-07-31 09:49:13.854,134.33,50092,33632,28827,65535,65535,65535,65535,65535,65535
2026-07-31 09:49:13.906,134.39,62170,33533,33830,65535,65535,65535,65535,65535,65535
2026-07-31 09:49:13.955,134.43,62170,33533,33830,65535,65535,65535,65535,65535,65535
2026-07-31 09:49:14.013,134.49,62170,33533,33830,65535,65535,65535,65535,65535,65535
2026-07-31 09:49:14.060,134.54,62170,33533,33830,65535,65535,65535,65535,65535,65535
2026-07-31 09:49:14.106,134.59,62170,33533,33830,65535,65535,65535,65535,65535,65535
2026-07-31 09:49:14.158,134.64,62170,33533,33830,65535,65535,65535,65535,65535,65535
2026-07-31 09:49:14.212,134.69,62170,33533,33830,65535,65535,65535,65535,65535,65535
2026-07-31 09:49:14.260,134.74,62170,33533,33830,65535,65535,65535,65535,65535,65535
2026-07-31 09:49:14.318,134.8,62170,33533,33830,65535,65535,65535,65535,65535,65535
2026-07-31 09:49:14.384,134.86,62170,33533,33830,65535,65535,65535,65535,65535,65535
2026-07-31 09:49:14.434,134.91,62170,33533,40714,65535,65535,65535,65535,65535,65535
2026-07-31 09:49:14.492,134.97,49973,33533,40714,65535,65535,65535,65535,65535,65535
2026-07-31 09:49:14.543,135.02,49973,33533,40714,65535,65535,65535,65535,65535,65535
2026-07-31 09:49:14.591,135.07,49973,33533,40714,65535,65535,65535,65535,65535,65535
2026-07-31 09:49:14.641,135.12,49973,33533,40714,65535,65535,65535,65535,65535,65535
2026-07-31 09:49:14.726,135.21,49973,33533,40714,65535,65535,65535,65535,65535,65535
2026-07-31 09:49:14.773,135.25,49973,33533,40714,65535,65535,65535,65535,65535,65535
2026-07-31 09:49:14.823,135.3,49973,33533,40714,65535,65535,65535,65535,65535,65535
2026-07-31 09:49:14.883,135.36,49973,33533,40714,65535,65535,65535,65535,65535,65535
2026-07-31 09:49:14.929,135.41,49973,33533,40714,65535,65535,65535,65535,65535,65535
2026-07-31 09:49:14.976,135.46,49973,33533,40714,65535,65535,65535,65535,65535,65535
2026-07-31 09:49:15.029,135.51,49736,28742,33929,65535,65535,65535,65535,65535,65535
2026-07-31 09:49:15.081,135.56,49736,28742,33929,65535,65535,65535,65535,65535,65535
2026-07-31 09:49:15.133,135.61,49736,28742,33929,65535,65535,65535,65535,65535,65535
2026-07-31 09:49:15.187,135.67,49736,28742,33929,65535,65535,65535,65535,65535,65535
2026-07-31 09:49:15.256,135.74,49736,28742,33929,65535,65535,65535,65535,65535,65535
2026-07-31 09:49:15.303,135.78,49736,28742,33929,65535,65535,65535,65535,65535,65535
2026-07-31 09:49:15.363,135.84,49736,28742,33929,65535,65535,65535,65535,65535,65535
2026-07-31 09:49:15.412,135.89,49736,28742,33929,65535,65535,65535,65535,65535,65535
2026-07-31 09:49:15.460,135.94,49736,28742,33929,65535,65535,65535,65535,65535,65535
2026-07-31 09:49:15.509,135.99,49736,28742,33929,65535,65535,65535,65535,65535,65535
2026-07-31 09:49:15.557,136.04,49736,28742,40714,65535,65535,65535,65535,65535,65535
2026-07-31 09:49:15.604,136.08,61873,33533,40714,65535,65535,65535,65535,65535,65535
2026-07-31 09:49:15.650,136.13,61873,33533,40714,65535,65535,65535,65535,65535,65535
2026-07-31 09:49:15.707,136.19,61873,33533,40714,65535,65535,65535,65535,65535,65535
2026-07-31 09:49:15.759,136.24,61873,33533,40714,65535,65535,65535,65535,65535,65535
2026-07-31 09:49:15.810,136.29,61873,33533,40714,65535,65535,65535,65535,65535,65535
2026-07-31 09:49:15.859,136.34,61873,33533,40714,65535,65535,65535,65535,65535,65535
2026-07-31 09:49:15.913,136.39,61873,33533,40714,65535,65535,65535,65535,65535,65535
2026-07-31 09:49:15.963,136.44,61873,33533,40714,65535,65535,65535,65535,65535,65535
2026-07-31 09:49:16.020,136.5,61873,33533,40714,65535,65535,65535,65535,65535,65535
2026-07-31 09:49:16.079,136.56,61873,33533,40714,65535,65535,65535,65535,65535,65535
2026-07-31 09:49:16.128,136.61,49855,33533,40714,65535,65535,65535,65535,65535,65535
2026-07-31 09:49:16.191,136.67,49855,28742,40714,65535,65535,65535,65535,65535,65535
2026-07-31 09:49:16.243,136.72,49855,28742,40714,65535,65535,65535,65535,65535,65535
2026-07-31 09:49:16.295,136.77,49855,28742,40714,65535,65535,65535,65535,65535,65535
2026-07-31 09:49:16.348,136.83,49855,28742,40714,65535,65535,65535,65535,65535,65535
2026-07-31 09:49:16.394,136.87,49855,28742,40714,65535,65535,65535,65535,65535,65535
2026-07-31 09:49:16.444,136.92,49855,28742,40714,65535,65535,65535,65535,65535,65535
2026-07-31 09:49:16.499,136.98,49855,28742,40714,65535,65535,65535,65535,65535,65535
2026-07-31 09:49:16.558,137.04,49855,28742,40714,65535,65535,65535,65535,65535,65535
2026-07-31 09:49:16.606,137.09,49855,28742,40714,65535,65535,65535,65535,65535,65535
2026-07-31 09:49:16.655,137.14,49855,28742,40714,65535,65535,65535,65535,65535,65535
2026-07-31 09:49:16.706,137.19,49736,28742,40714,65535,65535,65535,65535,65535,65535
2026-07-31 09:49:16.754,137.23,49736,28742,40714,65535,65535,65535,65535,65535,65535
2026-07-31 09:49:16.802,137.28,49736,28742,40714,65535,65535,65535,65535,65535,65535
2026-07-31 09:49:16.858,137.34,49736,28742,40714,65535,65535,65535,65535,65535,65535
2026-07-31 09:49:16.919,137.4,49736,28742,40714,65535,65535,65535,65535,65535,65535
2026-07-31 09:49:16.964,137.44,49736,28742,40714,65535,65535,65535,65535,65535,65535
2026-07-31 09:49:17.024,137.5,49736,28742,40714,65535,65535,65535,65535,65535,65535
2026-07-31 09:49:17.072,137.55,49736,28742,40714,65535,65535,65535,65535,65535,65535
2026-07-31 09:49:17.122,137.6,49736,28742,40714,65535,65535,65535,65535,65535,65535
2026-07-31 09:49:17.174,137.65,49736,28742,40714,65535,65535,65535,65535,65535,65535
2026-07-31 09:49:17.221,137.7,49736,28742,40714,65535,65535,65535,65535,65535,65535
2026-07-31 09:49:17.273,137.75,62318,28742,33929,65535,65535,65535,65535,65535,65535
2026-07-31 09:49:17.318,137.8,62318,28742,33929,65535,65535,65535,65535,65535,65535
2026-07-31 09:49:17.377,137.86,62318,28742,33929,65535,65535,65535,65535,65535,65535
2026-07-31 09:49:17.424,137.9,62318,28742,33929,65535,65535,65535,65535,65535,65535
2026-07-31 09:49:17.473,137.95,62318,28742,33929,65535,65535,65535,65535,65535,65535
2026-07-31 09:49:17.523,138.0,62318,28742,33929,65535,65535,65535,65535,65535,65535
2026-07-31 09:49:17.573,138.05,62318,28742,33929,65535,65535,65535,65535,65535,65535
2026-07-31 09:49:17.619,138.1,62318,28742,33929,65535,65535,65535,65535,65535,65535
2026-07-31 09:49:17.678,138.16,62318,28742,33929,65535,65535,65535,65535,65535,65535
2026-07-31 09:49:17.739,138.22,62318,28742,33929,65535,65535,65535,65535,65535,65535
2026-07-31 09:49:17.783,138.26,62318,28742,33929,65535,65535,65535,65535,65535,65535
2026-07-31 09:49:17.843,138.32,62318,33632,33929,65535,65535,65535,65535,65535,65535
2026-07-31 09:49:17.892,138.37,62318,33632,33929,65535,65535,65535,65535,65535,65535
2026-07-31 09:49:17.938,138.42,62318,33632,33929,65535,65535,65535,65535,65535,65535
2026-07-31 09:49:17.989,138.47,62318,33632,33929,65535,65535,65535,65535,65535,65535
2026-07-31 09:49:18.039,138.52,62318,33632,33929,65535,65535,65535,65535,65535,65535
2026-07-31 09:49:18.086,138.57,62318,33632,33929,65535,65535,65535,65535,65535,65535
2026-07-31 09:49:18.134,138.61,62318,33632,33929,65535,65535,65535,65535,65535,65535
2026-07-31 09:49:18.187,138.67,62318,33632,33929,65535,65535,65535,65535,65535,65535
2026-07-31 09:49:18.238,138.72,62318,33632,33929,65535,65535,65535,65535,65535,65535
2026-07-31 09:49:18.285,138.76,62318,33632,33929,65535,65535,65535,65535,65535,65535
2026-07-31 09:49:18.338,138.82,62318,33632,33929,65535,65535,65535,65535,65535,65535
2026-07-31 09:49:18.391,138.87,61873,33533,33929,65535,65535,65535,65535,65535,65535
2026-07-31 09:49:18.438,138.92,61873,33533,33929,65535,65535,65535,65535,65535,65535
2026-07-31 09:49:18.484,138.96,61873,33533,33929,65535,65535,65535,65535,65535,65535
2026-07-31 09:49:18.541,139.02,61873,33533,33929,65535,65535,65535,65535,65535,65535
2026-07-31 09:49:18.591,139.07,61873,33533,33929,65535,65535,65535,65535,65535,65535
2026-07-31 09:49:18.661,139.14,61873,33533,33929,65535,65535,65535,65535,65535,65535
2026-07-31 09:49:18.710,139.19,61873,33533,33929,65535,65535,65535,65535,65535,65535
2026-07-31 09:49:18.758,139.24,61873,33533,33929,65535,65535,65535,65535,65535,65535
2026-07-31 09:49:18.805,139.28,61873,33533,33929,65535,65535,65535,65535,65535,65535
2026-07-31 09:49:18.852,139.33,61873,33533,33929,65535,65535,65535,65535,65535,65535
2026-07-31 09:49:18.896,139.38,61873,33533,33929,65535,65535,65535,65535,65535,65535
2026-07-31 09:49:18.946,139.43,62467,33533,40714,65535,65535,65535,65535,65535,65535
2026-07-31 09:49:19.000,139.48,62467,28742,40714,65535,65535,65535,65535,65535,65535
2026-07-31 09:49:19.051,139.53,62467,28742,40714,65535,65535,65535,65535,65535,65535
2026-07-31 09:49:19.099,139.58,62467,28742,40714,65535,65535,65535,65535,65535,65535
2026-07-31 09:49:19.144,139.62,62467,28742,40714,65535,65535,65535,65535,65535,65535
2026-07-31 09:49:19.193,139.67,62467,28742,40714,65535,65535,65535,65535,65535,65535
2026-07-31 09:49:19.237,139.72,62467,28742,40714,65535,65535,65535,65535,65535,65535
2026-07-31 09:49:19.285,139.76,62467,28742,40714,65535,65535,65535,65535,65535,65535
2026-07-31 09:49:19.342,139.82,62467,28742,40714,65535,65535,65535,65535,65535,65535
2026-07-31 09:49:19.390,139.87,62467,28742,40714,65535,65535,65535,65535,65535,65535
2026-07-31 09:49:19.454,139.93,62467,28742,40714,65535,65535,65535,65535,65535,65535
2026-07-31 09:49:19.506,139.99,62467,28742,40714,65535,65535,65535,65535,65535,65535
2026-07-31 09:49:19.549,140.03,62467,28827,40714,65535,65535,65535,65535,65535,65535
2026-07-31 09:49:19.602,140.08,62467,28827,40714,65535,65535,65535,65535,65535,65535
2026-07-31 09:49:19.653,140.13,62467,28827,40714,65535,65535,65535,65535,65535,65535
2026-07-31 09:49:19.701,140.18,62467,28827,40714,65535,65535,65535,65535,65535,65535
2026-07-31 09:49:19.752,140.23,62467,28827,40714,65535,65535,65535,65535,65535,65535
2026-07-31 09:49:19.805,140.28,62467,28827,40714,65535,65535,65535,65535,65535,65535
2026-07-31 09:49:19.853,140.33,62467,28827,40714,65535,65535,65535,65535,65535,65535
2026-07-31 09:49:19.899,140.38,62467,28827,40714,65535,65535,65535,65535,65535,65535
2026-07-31 09:49:19.950,140.43,62467,28827,40714,65535,65535,65535,65535,65535,65535
2026-07-31 09:49:20.002,140.48,62467,28827,40714,65535,65535,65535,65535,65535,65535
2026-07-31 09:49:20.055,140.53,62170,28827,33632,65535,65535,65535,65535,65535,65535
2026-07-31 09:49:20.118,140.6,62170,28742,33632,65535,65535,65535,65535,65535,65535
2026-07-31 09:49:20.174,140.65,62170,28742,33632,65535,65535,65535,65535,65535,65535
2026-07-31 09:49:20.223,140.7,62170,28742,33632,65535,65535,65535,65535,65535,65535
2026-07-31 09:49:20.287,140.77,62170,28742,33632,65535,65535,65535,65535,65535,65535
2026-07-31 09:49:20.339,140.82,62170,28742,33632,65535,65535,65535,65535,65535,65535
2026-07-31 09:49:20.389,140.87,62170,28742,33632,65535,65535,65535,65535,65535,65535
2026-07-31 09:49:20.439,140.92,62170,28742,33632,65535,65535,65535,65535,65535,65535
2026-07-31 09:49:20.484,140.96,62170,28742,33632,65535,65535,65535,65535,65535,65535
2026-07-31 09:49:20.533,141.01,62170,28742,33632,65535,65535,65535,65535,65535,65535
2026-07-31 09:49:20.584,141.06,62170,28742,33632,65535,65535,65535,65535,65535,65535
2026-07-31 09:49:20.636,141.12,54840,33533,33830,65535,65535,65535,65535,65535,65535
2026-07-31 09:49:20.689,141.17,54840,33533,33830,65535,65535,65535,65535,65535,65535
2026-07-31 09:49:20.738,141.22,54840,33533,33830,65535,65535,65535,65535,65535,65535
2026-07-31 09:49:20.786,141.27,54840,33533,33830,65535,65535,65535,65535,65535,65535
2026-07-31 09:49:20.833,141.31,54840,33533,33830,65535,65535,65535,65535,65535,65535
2026-07-31 09:49:20.880,141.36,54840,33533,33830,65535,65535,65535,65535,65535,65535
2026-07-31 09:49:20.944,141.42,54840,33533,33830,65535,65535,65535,65535,65535,65535
2026-07-31 09:49:21.000,141.48,54840,33533,33830,65535,65535,65535,65535,65535,65535
2026-07-31 09:49:21.047,141.53,54840,33533,33830,65535,65535,65535,65535,65535,65535
2026-07-31 09:49:21.107,141.59,54840,33533,33830,65535,65535,65535,65535,65535,65535
2026-07-31 09:49:21.153,141.63,54840,33533,33830,65535,65535,65535,65535,65535,65535
2026-07-31 09:49:21.203,141.68,49973,28742,40714,65535,65535,65535,65535,65535,65535
2026-07-31 09:49:21.247,141.73,49973,28742,40714,65535,65535,65535,65535,65535,65535
2026-07-31 09:49:21.296,141.78,49973,28742,40714,65535,65535,65535,65535,65535,65535
2026-07-31 09:49:21.342,141.82,49973,28742,40714,65535,65535,65535,65535,65535,65535
2026-07-31 09:49:21.392,141.87,49973,28742,40714,65535,65535,65535,65535,65535,65535
2026-07-31 09:49:21.451,141.93,49973,28742,40714,65535,65535,65535,65535,65535,65535
2026-07-31 09:49:21.498,141.98,49973,28742,40714,65535,65535,65535,65535,65535,65535
2026-07-31 09:49:21.547,142.03,49973,28742,40714,65535,65535,65535,65535,65535,65535
2026-07-31 09:49:21.598,142.08,49973,28742,40714,65535,65535,65535,65535,65535,65535
2026-07-31 09:49:21.647,142.13,49973,28742,40714,65535,65535,65535,65535,65535,65535
2026-07-31 09:49:21.692,142.17,49973,28742,40714,65535,65535,65535,65535,65535,65535
2026-07-31 09:49:21.751,142.23,49973,28742,33929,65535,65535,65535,65535,65535,65535
2026-07-31 09:49:21.810,142.29,49973,33632,33929,65535,65535,65535,65535,65535,65535
2026-07-31 09:49:21.859,142.34,49973,33632,33929,65535,65535,65535,65535,65535,65535
2026-07-31 09:49:21.922,142.4,49973,33632,33929,65535,65535,65535,65535,65535,65535
2026-07-31 09:49:21.967,142.45,49973,33632,33929,65535,65535,65535,65535,65535,65535
2026-07-31 09:49:22.020,142.5,49973,33632,33929,65535,65535,65535,65535,65535,65535
2026-07-31 09:49:22.073,142.55,49973,33632,33929,65535,65535,65535,65535,65535,65535
2026-07-31 09:49:22.121,142.6,49973,33632,33929,65535,65535,65535,65535,65535,65535
2026-07-31 09:49:22.172,142.65,49973,33632,33929,65535,65535,65535,65535,65535,65535
2026-07-31 09:49:22.226,142.71,49973,33632,33929,65535,65535,65535,65535,65535,65535
2026-07-31 09:49:22.284,142.76,49973,33632,40714,65535,65535,65535,65535,65535,65535
2026-07-31 09:49:22.330,142.81,62615,28742,40714,65535,65535,65535,65535,65535,65535
2026-07-31 09:49:22.377,142.86,62615,28742,40714,65535,65535,65535,65535,65535,65535
2026-07-31 09:49:22.428,142.91,62615,28742,40714,65535,65535,65535,65535,65535,65535
2026-07-31 09:49:22.475,142.95,62615,28742,40714,65535,65535,65535,65535,65535,65535
2026-07-31 09:49:22.523,143.0,62615,28742,40714,65535,65535,65535,65535,65535,65535
2026-07-31 09:49:22.586,143.07,62615,28742,40714,65535,65535,65535,65535,65535,65535
2026-07-31 09:49:22.644,143.12,62615,28742,40714,65535,65535,65535,65535,65535,65535
2026-07-31 09:49:22.690,143.17,62615,28742,40714,65535,65535,65535,65535,65535,65535
2026-07-31 09:49:22.736,143.22,62615,28742,40714,65535,65535,65535,65535,65535,65535
2026-07-31 09:49:22.782,143.26,62615,28742,40714,65535,65535,65535,65535,65535,65535
2026-07-31 09:49:22.829,143.31,62615,28742,40714,65535,65535,65535,65535,65535,65535
2026-07-31 09:49:22.874,143.35,62763,28742,40714,65535,65535,65535,65535,65535,65535
2026-07-31 09:49:22.924,143.4,62763,28742,40714,65535,65535,65535,65535,65535,65535
2026-07-31 09:49:22.972,143.45,62763,28742,40714,65535,65535,65535,65535,65535,65535
2026-07-31 09:49:23.018,143.5,62763,28742,40714,65535,65535,65535,65535,65535,65535
2026-07-31 09:49:23.077,143.56,62763,28742,40714,65535,65535,65535,65535,65535,65535
2026-07-31 09:49:23.125,143.6,62763,28742,40714,65535,65535,65535,65535,65535,65535
2026-07-31 09:49:23.171,143.65,62763,28742,40714,65535,65535,65535,65535,65535,65535
2026-07-31 09:49:23.219,143.7,62763,28742,40714,65535,65535,65535,65535,65535,65535
2026-07-31 09:49:23.264,143.74,62763,28742,40714,65535,65535,65535,65535,65535,65535
2026-07-31 09:49:23.315,143.79,62763,28742,40714,65535,65535,65535,65535,65535,65535
2026-07-31 09:49:23.366,143.85,62763,28742,40714,65535,65535,65535,65535,65535,65535
2026-07-31 09:49:23.423,143.9,62763,28742,40714,65535,65535,65535,65535,65535,65535
2026-07-31 09:49:23.473,143.95,62615,28827,40714,65535,65535,65535,65535,65535,65535
2026-07-31 09:49:23.531,144.01,62615,28827,40714,65535,65535,65535,65535,65535,65535
2026-07-31 09:49:23.575,144.05,62615,28827,40714,65535,65535,65535,65535,65535,65535
2026-07-31 09:49:23.625,144.1,62615,28827,40714,65535,65535,65535,65535,65535,65535
2026-07-31 09:49:23.670,144.15,62615,28827,40714,65535,65535,65535,65535,65535,65535
2026-07-31 09:49:23.721,144.2,62615,28827,40714,65535,65535,65535,65535,65535,65535
2026-07-31 09:49:23.767,144.25,62615,28827,40714,65535,65535,65535,65535,65535,65535
2026-07-31 09:49:23.814,144.29,62615,28827,40714,65535,65535,65535,65535,65535,65535
2026-07-31 09:49:23.869,144.35,62615,28827,40714,65535,65535,65535,65535,65535,65535
2026-07-31 09:49:23.918,144.4,62615,28827,40714,65535,65535,65535,65535,65535,65535
2026-07-31 09:49:23.968,144.45,62615,28827,40714,65535,65535,65535,65535,65535,65535
2026-07-31 09:49:24.017,144.5,62170,33533,33929,65535,65535,65535,65535,65535,65535
2026-07-31 09:49:24.065,144.54,62170,33533,33929,65535,65535,65535,65535,65535,65535
2026-07-31 09:49:24.117,144.6,62170,33533,33929,65535,65535,65535,65535,65535,65535
2026-07-31 09:49:24.169,144.65,62170,33533,33929,65535,65535,65535,65535,65535,65535
2026-07-31 09:49:24.226,144.71,62170,33533,33929,65535,65535,65535,65535,65535,65535
2026-07-31 09:49:24.274,144.75,62170,33533,33929,65535,65535,65535,65535,65535,65535
2026-07-31 09:49:24.332,144.81,62170,33533,33929,65535,65535,65535,65535,65535,65535
2026-07-31 09:49:24.382,144.86,62170,33533,33929,65535,65535,65535,65535,65535,65535
2026-07-31 09:49:24.429,144.91,62170,33533,33929,65535,65535,65535,65535,65535,65535
2026-07-31 09:49:24.473,144.95,62170,33533,33929,65535,65535,65535,65535,65535,65535
2026-07-31 09:49:24.564,145.04,62318,33533,33929,65535,65535,65535,65535,65535,65535
2026-07-31 09:49:24.614,145.09,62318,33632,33929,65535,65535,65535,65535,65535,65535
2026-07-31 09:49:24.663,145.14,62318,33632,33929,65535,65535,65535,65535,65535,65535
2026-07-31 09:49:24.723,145.2,62318,33632,33929,65535,65535,65535,65535,65535,65535
2026-07-31 09:49:24.776,145.26,62318,33632,33929,65535,65535,65535,65535,65535,65535
2026-07-31 09:49:24.826,145.31,62318,33632,33929,65535,65535,65535,65535,65535,65535
2026-07-31 09:49:24.874,145.35,62318,33632,33929,65535,65535,65535,65535,65535,65535
2026-07-31 09:49:24.923,145.4,62318,33632,33929,65535,65535,65535,65535,65535,65535
2026-07-31 09:49:24.969,145.45,62318,33632,33929,65535,65535,65535,65535,65535,65535
2026-07-31 09:49:25.034,145.51,62318,33632,33929,65535,65535,65535,65535,65535,65535
2026-07-31 09:49:25.105,145.58,62318,33632,28997,65535,65535,65535,65535,65535,65535
2026-07-31 09:49:25.154,145.63,49855,28742,28997,65535,65535,65535,65535,65535,65535
2026-07-31 09:49:25.219,145.7,49855,28742,28997,65535,65535,65535,65535,65535,65535
2026-07-31 09:49:25.267,145.75,49855,28742,28997,65535,65535,65535,65535,65535,65535
2026-07-31 09:49:25.317,145.8,49855,28742,28997,65535,65535,65535,65535,65535,65535
2026-07-31 09:49:25.364,145.84,49855,28742,28997,65535,65535,65535,65535,65535,65535
2026-07-31 09:49:25.451,145.93,49855,28742,28997,65535,65535,65535,65535,65535,65535
2026-07-31 09:49:25.501,145.98,49855,28742,28997,65535,65535,65535,65535,65535,65535
2026-07-31 09:49:25.551,146.03,49855,28742,28997,65535,65535,65535,65535,65535,65535
2026-07-31 09:49:25.605,146.08,49855,28742,28997,65535,65535,65535,65535,65535,65535
2026-07-31 09:49:25.652,146.13,49855,28742,28997,65535,65535,65535,65535,65535,65535
2026-07-31 09:49:25.701,146.18,50092,28742,40714,65535,65535,65535,65535,65535,65535
2026-07-31 09:49:25.750,146.23,50092,28742,40714,65535,65535,65535,65535,65535,65535
2026-07-31 09:49:25.798,146.28,50092,28742,40714,65535,65535,65535,65535,65535,65535
2026-07-31 09:49:25.845,146.32,50092,28742,40714,65535,65535,65535,65535,65535,65535
2026-07-31 09:49:25.903,146.38,50092,28742,40714,65535,65535,65535,65535,65535,65535
2026-07-31 09:49:25.959,146.44,50092,28742,40714,65535,65535,65535,65535,65535,65535
2026-07-31 09:49:26.010,146.49,50092,28742,40714,65535,65535,65535,65535,65535,65535
2026-07-31 09:49:26.073,146.55,50092,28742,40714,65535,65535,65535,65535,65535,65535
2026-07-31 09:49:26.119,146.6,50092,28742,40714,65535,65535,65535,65535,65535,65535
2026-07-31 09:49:26.164,146.64,50092,28742,40714,65535,65535,65535,65535,65535,65535
2026-07-31 09:49:26.216,146.7,50092,28742,40714,65535,65535,65535,65535,65535,65535
2026-07-31 09:49:26.306,146.79,49855,33533,40714,65535,65535,65535,65535,65535,65535
2026-07-31 09:49:26.353,146.83,49855,33533,40714,65535,65535,65535,65535,65535,65535
2026-07-31 09:49:26.401,146.88,49855,33533,40714,65535,65535,65535,65535,65535,65535
2026-07-31 09:49:26.458,146.94,49855,33533,40714,65535,65535,65535,65535,65535,65535
2026-07-31 09:49:26.511,146.99,49855,33533,40714,65535,65535,65535,65535,65535,65535
2026-07-31 09:49:26.562,147.04,49855,33533,40714,65535,65535,65535,65535,65535,65535
2026-07-31 09:49:26.610,147.09,49855,33533,40714,65535,65535,65535,65535,65535,65535
2026-07-31 09:49:26.660,147.14,49855,33533,40714,65535,65535,65535,65535,65535,65535
2026-07-31 09:49:26.710,147.19,49855,33533,40714,65535,65535,65535,65535,65535,65535
2026-07-31 09:49:26.797,147.28,49855,33533,33929,65535,65535,65535,65535,65535,65535
2026-07-31 09:49:26.858,147.34,49855,33533,33929,65535,65535,65535,65535,65535,65535
2026-07-31 09:49:26.903,147.38,49855,33533,33929,65535,65535,65535,65535,65535,65535
2026-07-31 09:49:26.964,147.44,49855,33533,33929,65535,65535,65535,65535,65535,65535
2026-07-31 09:49:27.017,147.5,49855,33533,33929,65535,65535,65535,65535,65535,65535
2026-07-31 09:49:27.062,147.54,49855,33533,33929,65535,65535,65535,65535,65535,65535
2026-07-31 09:49:27.113,147.59,49855,33533,33929,65535,65535,65535,65535,65535,65535
2026-07-31 09:49:27.197,147.68,49855,33533,33929,65535,65535,65535,65535,65535,65535
2026-07-31 09:49:27.249,147.73,49855,33533,33929,65535,65535,65535,65535,65535,65535
2026-07-31 09:49:27.296,147.78,49855,33533,33929,65535,65535,65535,65535,65535,65535
2026-07-31 09:49:27.355,147.83,50092,33533,33929,65535,65535,65535,65535,65535,65535
2026-07-31 09:49:27.402,147.88,50092,28742,33929,65535,65535,65535,65535,65535,65535
2026-07-31 09:49:27.447,147.93,50092,28742,33929,65535,65535,65535,65535,65535,65535
2026-07-31 09:49:27.495,147.97,50092,28742,33929,65535,65535,65535,65535,65535,65535
2026-07-31 09:49:27.543,148.02,50092,28742,33929,65535,65535,65535,65535,65535,65535
2026-07-31 09:49:27.593,148.07,50092,28742,33929,65535,65535,65535,65535,65535,65535
2026-07-31 09:49:27.651,148.13,50092,28742,33929,65535,65535,65535,65535,65535,65535
2026-07-31 09:49:27.715,148.19,50092,28742,33929,65535,65535,65535,65535,65535,65535
2026-07-31 09:49:27.765,148.24,50092,28742,33929,65535,65535,65535,65535,65535,65535
2026-07-31 09:49:27.825,148.3,50092,28742,33929,65535,65535,65535,65535,65535,65535
2026-07-31 09:49:27.870,148.35,50092,28742,33929,65535,65535,65535,65535,65535,65535
2026-07-31 09:49:27.920,148.4,50092,28742,40596,65535,65535,65535,65535,65535,65535
2026-07-31 09:49:27.965,148.44,50092,33533,40596,65535,65535,65535,65535,65535,65535
2026-07-31 09:49:28.051,148.53,50092,33533,40596,65535,65535,65535,65535,65535,65535
2026-07-31 09:49:28.106,148.59,50092,33533,40596,65535,65535,65535,65535,65535,65535
2026-07-31 09:49:28.152,148.63,50092,33533,40596,65535,65535,65535,65535,65535,65535
2026-07-31 09:49:28.214,148.69,50092,33533,40596,65535,65535,65535,65535,65535,65535
2026-07-31 09:49:28.264,148.74,50092,33533,40596,65535,65535,65535,65535,65535,65535
2026-07-31 09:49:28.311,148.79,50092,33533,40596,65535,65535,65535,65535,65535,65535
2026-07-31 09:49:28.363,148.84,50092,33533,40596,65535,65535,65535,65535,65535,65535
2026-07-31 09:49:28.413,148.89,50092,33533,40596,65535,65535,65535,65535,65535,65535
2026-07-31 09:49:28.462,148.94,50092,33533,33830,65535,65535,65535,65535,65535,65535
2026-07-31 09:49:28.522,149.0,62467,33533,33830,65535,65535,65535,65535,65535,65535
2026-07-31 09:49:28.586,149.07,62467,33533,33830,65535,65535,65535,65535,65535,65535
2026-07-31 09:49:28.637,149.12,62467,33533,33830,65535,65535,65535,65535,65535,65535
2026-07-31 09:49:28.693,149.17,62467,33533,33830,65535,65535,65535,65535,65535,65535
2026-07-31 09:49:28.738,149.22,62467,33533,33830,65535,65535,65535,65535,65535,65535
2026-07-31 09:49:28.789,149.27,62467,33533,33830,65535,65535,65535,65535,65535,65535
2026-07-31 09:49:28.833,149.31,62467,33533,33830,65535,65535,65535,65535,65535,65535
2026-07-31 09:49:28.918,149.4,62467,33533,33830,65535,65535,65535,65535,65535,65535
2026-07-31 09:49:28.973,149.45,62467,33533,33830,65535,65535,65535,65535,65535,65535
2026-07-31 09:49:29.020,149.5,62467,33533,33830,65535,65535,65535,65535,65535,65535
2026-07-31 09:49:29.080,149.56,62318,28827,33830,65535,65535,65535,65535,65535,65535
2026-07-31 09:49:29.131,149.61,62318,28827,33830,65535,65535,65535,65535,65535,65535
2026-07-31 09:49:29.180,149.66,62318,28827,33830,65535,65535,65535,65535,65535,65535
2026-07-31 09:49:29.230,149.71,62318,28827,33830,65535,65535,65535,65535,65535,65535
2026-07-31 09:49:29.284,149.76,62318,28827,33830,65535,65535,65535,65535,65535,65535
2026-07-31 09:49:29.333,149.81,62318,28827,33830,65535,65535,65535,65535,65535,65535
2026-07-31 09:49:29.383,149.86,62318,28827,33830,65535,65535,65535,65535,65535,65535
2026-07-31 09:49:29.444,149.92,62318,28827,33830,65535,65535,65535,65535,65535,65535
2026-07-31 09:49:29.492,149.97,62318,28827,33830,65535,65535,65535,65535,65535,65535
2026-07-31 09:49:29.550,150.03,62318,28827,33830,65535,65535,65535,65535,65535,65535
2026-07-31 09:49:29.599,150.08,62467,28827,33929,65535,65535,65535,65535,65535,65535
2026-07-31 09:49:29.650,150.13,62467,33533,33929,65535,65535,65535,65535,65535,65535
2026-07-31 09:49:29.703,150.18,62467,33533,33929,65535,65535,65535,65535,65535,65535
2026-07-31 09:49:29.790,150.27,62467,33533,33929,65535,65535,65535,65535,65535,65535
2026-07-31 09:49:29.835,150.31,62467,33533,33929,65535,65535,65535,65535,65535,65535
2026-07-31 09:49:29.883,150.36,62467,33533,33929,65535,65535,65535,65535,65535,65535
2026-07-31 09:49:29.937,150.42,62467,33533,33929,65535,65535,65535,65535,65535,65535
2026-07-31 09:49:29.987,150.47,62467,33533,33929,65535,65535,65535,65535,65535,65535
2026-07-31 09:49:30.035,150.51,62467,33533,33929,65535,65535,65535,65535,65535,65535
2026-07-31 09:49:30.085,150.56,62467,33533,33929,65535,65535,65535,65535,65535,65535
2026-07-31 09:49:30.139,150.62,62467,33533,33929,65535,65535,65535,65535,65535,65535
2026-07-31 09:49:30.189,150.67,49973,33632,33929,65535,65535,65535,65535,65535,65535
2026-07-31 09:49:30.235,150.71,49973,33632,33929,65535,65535,65535,65535,65535,65535
2026-07-31 09:49:30.300,150.78,49973,33632,33929,65535,65535,65535,65535,65535,65535
2026-07-31 09:49:30.351,150.83,49973,33632,33929,65535,65535,65535,65535,65535,65535
2026-07-31 09:49:30.414,150.89,49973,33632,33929,65535,65535,65535,65535,65535,65535
2026-07-31 09:49:30.465,150.94,49973,33632,33929,65535,65535,65535,65535,65535,65535
2026-07-31 09:49:30.515,150.99,49973,33632,33929,65535,65535,65535,65535,65535,65535
2026-07-31 09:49:30.565,151.04,49973,33632,33929,65535,65535,65535,65535,65535,65535
2026-07-31 09:49:30.644,151.12,49973,33632,33929,65535,65535,65535,65535,65535,65535
2026-07-31 09:49:30.696,151.18,49973,33632,33929,65535,65535,65535,65535,65535,65535
2026-07-31 09:49:30.743,151.22,50092,28742,33929,65535,65535,65535,65535,65535,65535
2026-07-31 09:49:30.799,151.28,50092,28742,33929,65535,65535,65535,65535,65535,65535
2026-07-31 09:49:30.852,151.33,50092,28742,33929,65535,65535,65535,65535,65535,65535
2026-07-31 09:49:30.902,151.38,50092,28742,33929,65535,65535,65535,65535,65535,65535
2026-07-31 09:49:30.952,151.43,50092,28742,33929,65535,65535,65535,65535,65535,65535
2026-07-31 09:49:31.004,151.48,50092,28742,33929,65535,65535,65535,65535,65535,65535
2026-07-31 09:49:31.060,151.54,50092,28742,33929,65535,65535,65535,65535,65535,65535
2026-07-31 09:49:31.114,151.59,50092,28742,33929,65535,65535,65535,65535,65535,65535
2026-07-31 09:49:31.174,151.65,50092,28742,33929,65535,65535,65535,65535,65535,65535
2026-07-31 09:49:31.225,151.7,50092,28742,33929,65535,65535,65535,65535,65535,65535
2026-07-31 09:49:31.288,151.77,50092,28742,25372,65535,65535,65535,65535,65535,65535
2026-07-31 09:49:31.332,151.81,50092,28827,25372,65535,65535,65535,65535,65535,65535
2026-07-31 09:49:31.385,151.86,50092,28827,25372,65535,65535,65535,65535,65535,65535
2026-07-31 09:49:31.437,151.92,50092,28827,25372,65535,65535,65535,65535,65535,65535
2026-07-31 09:49:31.514,151.99,50092,28827,25372,65535,65535,65535,65535,65535,65535
2026-07-31 09:49:31.568,152.05,50092,28827,25372,65535,65535,65535,65535,65535,65535
2026-07-31 09:49:31.618,152.1,50092,28827,25372,65535,65535,65535,65535,65535,65535
2026-07-31 09:49:31.675,152.15,50092,28827,25372,65535,65535,65535,65535,65535,65535
2026-07-31 09:49:31.722,152.2,50092,28827,25372,65535,65535,65535,65535,65535,65535
2026-07-31 09:49:31.769,152.25,50092,28827,25372,65535,65535,65535,65535,65535,65535
2026-07-31 09:49:31.822,152.3,50092,28827,40714,65535,65535,65535,65535,65535,65535
2026-07-31 09:49:31.870,152.35,62615,33533,40714,65535,65535,65535,65535,65535,65535
2026-07-31 09:49:31.918,152.4,62615,33533,40714,65535,65535,65535,65535,65535,65535
2026-07-31 09:49:31.980,152.46,62615,33533,40714,65535,65535,65535,65535,65535,65535
2026-07-31 09:49:32.046,152.53,62615,33533,40714,65535,65535,65535,65535,65535,65535
2026-07-31 09:49:32.094,152.57,62615,33533,40714,65535,65535,65535,65535,65535,65535
2026-07-31 09:49:32.155,152.63,62615,33533,40714,65535,65535,65535,65535,65535,65535
2026-07-31 09:49:32.199,152.68,62615,33533,40714,65535,65535,65535,65535,65535,65535
2026-07-31 09:49:32.251,152.73,62615,33533,40714,65535,65535,65535,65535,65535,65535
2026-07-31 09:49:32.304,152.78,62615,33533,40714,65535,65535,65535,65535,65535,65535
2026-07-31 09:49:32.386,152.87,62615,33533,33929,65535,65535,65535,65535,65535,65535
2026-07-31 09:49:32.437,152.92,62467,33533,33929,65535,65535,65535,65535,65535,65535
2026-07-31 09:49:32.486,152.97,62467,33533,33929,65535,65535,65535,65535,65535,65535
2026-07-31 09:49:32.544,153.02,62467,33533,33929,65535,65535,65535,65535,65535,65535
2026-07-31 09:49:32.592,153.07,62467,33533,33929,65535,65535,65535,65535,65535,65535
2026-07-31 09:49:32.639,153.12,62467,33533,33929,65535,65535,65535,65535,65535,65535
2026-07-31 09:49:32.695,153.17,62467,33533,33929,65535,65535,65535,65535,65535,65535
2026-07-31 09:49:32.745,153.22,62467,33533,33929,65535,65535,65535,65535,65535,65535
2026-07-31 09:49:32.796,153.28,62467,33533,33929,65535,65535,65535,65535,65535,65535
2026-07-31 09:49:32.859,153.34,62467,33533,33929,65535,65535,65535,65535,65535,65535
2026-07-31 09:49:32.922,153.4,62467,33533,33929,65535,65535,65535,65535,65535,65535
2026-07-31 09:49:32.968,153.45,50211,33533,33929,65535,65535,65535,65535,65535,65535
2026-07-31 09:49:33.033,153.51,50211,33632,33929,65535,65535,65535,65535,65535,65535
2026-07-31 09:49:33.087,153.57,50211,33632,33929,65535,65535,65535,65535,65535,65535
2026-07-31 09:49:33.136,153.62,50211,33632,33929,65535,65535,65535,65535,65535,65535
2026-07-31 09:49:33.188,153.67,50211,33632,33929,65535,65535,65535,65535,65535,65535
2026-07-31 09:49:33.280,153.76,50211,33632,33929,65535,65535,65535,65535,65535,65535
2026-07-31 09:49:33.332,153.81,50211,33632,33929,65535,65535,65535,65535,65535,65535
2026-07-31 09:49:33.389,153.87,50211,33632,33929,65535,65535,65535,65535,65535,65535
2026-07-31 09:49:33.454,153.93,50211,33632,33929,65535,65535,65535,65535,65535,65535
2026-07-31 09:49:33.504,153.98,50211,33632,40714,65535,65535,65535,65535,65535,65535
2026-07-31 09:49:33.555,154.03,62467,33533,40714,65535,65535,65535,65535,65535,65535
2026-07-31 09:49:33.611,154.09,62467,33533,40714,65535,65535,65535,65535,65535,65535
2026-07-31 09:49:33.667,154.15,62467,33533,40714,65535,65535,65535,65535,65535,65535
2026-07-31 09:49:33.721,154.2,62467,33533,40714,65535,65535,65535,65535,65535,65535
2026-07-31 09:49:33.783,154.26,62467,33533,40714,65535,65535,65535,65535,65535,65535
2026-07-31 09:49:33.845,154.32,62467,33533,40714,65535,65535,65535,65535,65535,65535
2026-07-31 09:49:33.893,154.37,62467,33533,40714,65535,65535,65535,65535,65535,65535
2026-07-31 09:49:33.947,154.43,62467,33533,40714,65535,65535,65535,65535,65535,65535
2026-07-31 09:49:33.998,154.48,62467,33533,40714,65535,65535,65535,65535,65535,65535
2026-07-31 09:49:34.053,154.53,62467,33533,40714,65535,65535,65535,65535,65535,65535
2026-07-31 09:49:34.099,154.58,62318,33632,40714,65535,65535,65535,65535,65535,65535
2026-07-31 09:49:34.184,154.66,62318,33632,40714,65535,65535,65535,65535,65535,65535
2026-07-31 09:49:34.237,154.72,62318,33632,40714,65535,65535,65535,65535,65535,65535
2026-07-31 09:49:34.282,154.76,62318,33632,40714,65535,65535,65535,65535,65535,65535
2026-07-31 09:49:34.339,154.82,62318,33632,40714,65535,65535,65535,65535,65535,65535
2026-07-31 09:49:34.389,154.87,62318,33632,40714,65535,65535,65535,65535,65535,65535
2026-07-31 09:49:34.438,154.92,62318,33632,40714,65535,65535,65535,65535,65535,65535
2026-07-31 09:49:34.492,154.97,62318,33632,40714,65535,65535,65535,65535,65535,65535
2026-07-31 09:49:34.537,155.02,62318,33632,40714,65535,65535,65535,65535,65535,65535
2026-07-31 09:49:34.588,155.07,62318,33632,40714,65535,65535,65535,65535,65535,65535
2026-07-31 09:49:34.639,155.12,49855,33632,40714,65535,65535,65535,65535,65535,65535
2026-07-31 09:49:34.700,155.18,49855,33533,40714,65535,65535,65535,65535,65535,65535
2026-07-31 09:49:34.745,155.22,49855,33533,40714,65535,65535,65535,65535,65535,65535
2026-07-31 09:49:34.807,155.29,49855,33533,40714,65535,65535,65535,65535,65535,65535
2026-07-31 09:49:34.861,155.34,49855,33533,40714,65535,65535,65535,65535,65535,65535
2026-07-31 09:49:34.908,155.39,49855,33533,40714,65535,65535,65535,65535,65535,65535
2026-07-31 09:49:34.957,155.44,49855,33533,40714,65535,65535,65535,65535,65535,65535
2026-07-31 09:49:35.008,155.49,49855,33533,40714,65535,65535,65535,65535,65535,65535
2026-07-31 09:49:35.059,155.54,49855,33533,40714,65535,65535,65535,65535,65535,65535
2026-07-31 09:49:35.108,155.59,49855,33533,40714,65535,65535,65535,65535,65535,65535
2026-07-31 09:49:35.165,155.64,49855,33533,40714,65535,65535,65535,65535,65535,65535
2026-07-31 09:49:35.213,155.69,55077,33533,40714,65535,65535,65535,65535,65535,65535
2026-07-31 09:49:35.264,155.74,55077,18344,40714,65535,65535,65535,65535,65535,65535
2026-07-31 09:49:35.316,155.8,55077,18344,40714,65535,65535,65535,65535,65535,65535
2026-07-31 09:49:35.368,155.85,55077,18344,40714,65535,65535,65535,65535,65535,65535
2026-07-31 09:49:35.420,155.9,55077,18344,40714,65535,65535,65535,65535,65535,65535
2026-07-31 09:49:35.469,155.95,55077,18344,40714,65535,65535,65535,65535,65535,65535
2026-07-31 09:49:35.531,156.01,55077,18344,40714,65535,65535,65535,65535,65535,65535
2026-07-31 09:49:35.578,156.06,55077,18344,40714,65535,65535,65535,65535,65535,65535
2026-07-31 09:49:35.636,156.12,55077,18344,40714,65535,65535,65535,65535,65535,65535
2026-07-31 09:49:35.686,156.17,55077,18344,40714,65535,65535,65535,65535,65535,65535
2026-07-31 09:49:35.733,156.21,55077,18344,40714,65535,65535,65535,65535,65535,65535
2026-07-31 09:49:35.783,156.26,62318,33632,33929,65535,65535,65535,65535,65535,65535
2026-07-31 09:49:35.829,156.31,62318,33632,33929,65535,65535,65535,65535,65535,65535
2026-07-31 09:49:35.876,156.36,62318,33632,33929,65535,65535,65535,65535,65535,65535
2026-07-31 09:49:35.926,156.41,62318,33632,33929,65535,65535,65535,65535,65535,65535
2026-07-31 09:49:35.979,156.46,62318,33632,33929,65535,65535,65535,65535,65535,65535
2026-07-31 09:49:36.030,156.51,62318,33632,33929,65535,65535,65535,65535,65535,65535
2026-07-31 09:49:36.077,156.56,62318,33632,33929,65535,65535,65535,65535,65535,65535
2026-07-31 09:49:36.127,156.61,62318,33632,33929,65535,65535,65535,65535,65535,65535
2026-07-31 09:49:36.181,156.66,62318,33632,33929,65535,65535,65535,65535,65535,65535
2026-07-31 09:49:36.231,156.71,62318,33632,33929,65535,65535,65535,65535,65535,65535
2026-07-31 09:49:36.291,156.77,62318,33632,33929,65535,65535,65535,65535,65535,65535
2026-07-31 09:49:36.354,156.83,50092,33533,40714,65535,65535,65535,65535,65535,65535
2026-07-31 09:49:36.406,156.89,50092,33533,40714,65535,65535,65535,65535,65535,65535
2026-07-31 09:49:36.466,156.95,50092,33533,40714,65535,65535,65535,65535,65535,65535
2026-07-31 09:49:36.511,156.99,50092,33533,40714,65535,65535,65535,65535,65535,65535
2026-07-31 09:49:36.562,157.04,50092,33533,40714,65535,65535,65535,65535,65535,65535
2026-07-31 09:49:36.607,157.09,50092,33533,40714,65535,65535,65535,65535,65535,65535
2026-07-31 09:49:36.657,157.14,50092,33533,40714,65535,65535,65535,65535,65535,65535
2026-07-31 09:49:36.708,157.19,50092,33533,40714,65535,65535,65535,65535,65535,65535
2026-07-31 09:49:36.754,157.23,50092,33533,40714,65535,65535,65535,65535,65535,65535
2026-07-31 09:49:36.814,157.29,50092,33533,40714,65535,65535,65535,65535,65535,65535
2026-07-31 09:49:36.867,157.35,50092,33533,40714,65535,65535,65535,65535,65535,65535
2026-07-31 09:49:36.913,157.39,62170,28742,40714,65535,65535,65535,65535,65535,65535
2026-07-31 09:49:36.967,157.45,62170,28742,40714,65535,65535,65535,65535,65535,65535
2026-07-31 09:49:37.018,157.5,62170,28742,40714,65535,65535,65535,65535,65535,65535
2026-07-31 09:49:37.067,157.55,62170,28742,40714,65535,65535,65535,65535,65535,65535
2026-07-31 09:49:37.127,157.61,62170,28742,40714,65535,65535,65535,65535,65535,65535
2026-07-31 09:49:37.198,157.68,62170,28742,40714,65535,65535,65535,65535,65535,65535
2026-07-31 09:49:37.247,157.73,62170,28742,40714,65535,65535,65535,65535,65535,65535
2026-07-31 09:49:37.307,157.79,62170,28742,40714,65535,65535,65535,65535,65535,65535
2026-07-31 09:49:37.358,157.84,62170,28742,40714,65535,65535,65535,65535,65535,65535
2026-07-31 09:49:37.410,157.89,62170,28742,40714,65535,65535,65535,65535,65535,65535
2026-07-31 09:49:37.459,157.94,49973,28742,40714,65535,65535,65535,65535,65535,65535
2026-07-31 09:49:37.507,157.99,49973,33533,40714,65535,65535,65535,65535,65535,65535
2026-07-31 09:49:37.557,158.04,49973,33533,40714,65535,65535,65535,65535,65535,65535
2026-07-31 09:49:37.601,158.08,49973,33533,40714,65535,65535,65535,65535,65535,65535
2026-07-31 09:49:37.658,158.14,49973,33533,40714,65535,65535,65535,65535,65535,65535
2026-07-31 09:49:37.704,158.18,49973,33533,40714,65535,65535,65535,65535,65535,65535
2026-07-31 09:49:37.749,158.23,49973,33533,40714,65535,65535,65535,65535,65535,65535
2026-07-31 09:49:37.798,158.28,49973,33533,40714,65535,65535,65535,65535,65535,65535
2026-07-31 09:49:37.845,158.32,49973,33533,40714,65535,65535,65535,65535,65535,65535
2026-07-31 09:49:37.895,158.37,49973,33533,40714,65535,65535,65535,65535,65535,65535
2026-07-31 09:49:37.947,158.43,49973,33533,40714,65535,65535,65535,65535,65535,65535
2026-07-31 09:49:38.003,158.48,50092,33533,33929,65535,65535,65535,65535,65535,65535
2026-07-31 09:49:38.054,158.53,50092,28742,33929,65535,65535,65535,65535,65535,65535
2026-07-31 09:49:38.115,158.59,50092,28742,33929,65535,65535,65535,65535,65535,65535
2026-07-31 09:49:38.166,158.65,50092,28742,33929,65535,65535,65535,65535,65535,65535
2026-07-31 09:49:38.214,158.69,50092,28742,33929,65535,65535,65535,65535,65535,65535
2026-07-31 09:49:38.266,158.75,50092,28742,33929,65535,65535,65535,65535,65535,65535
2026-07-31 09:49:38.317,158.8,50092,28742,33929,65535,65535,65535,65535,65535,65535
2026-07-31 09:49:38.365,158.84,50092,28742,33929,65535,65535,65535,65535,65535,65535
2026-07-31 09:49:38.415,158.89,50092,28742,33929,65535,65535,65535,65535,65535,65535
2026-07-31 09:49:38.469,158.95,50092,28742,33929,65535,65535,65535,65535,65535,65535
2026-07-31 09:49:38.523,159.0,50092,28742,33929,65535,65535,65535,65535,65535,65535
2026-07-31 09:49:38.574,159.05,49973,28742,33929,65535,65535,65535,65535,65535,65535
2026-07-31 09:49:38.620,159.1,49973,28742,33929,65535,65535,65535,65535,65535,65535
2026-07-31 09:49:38.671,159.15,49973,28742,33929,65535,65535,65535,65535,65535,65535
2026-07-31 09:49:38.720,159.2,49973,28742,33929,65535,65535,65535,65535,65535,65535
2026-07-31 09:49:38.771,159.25,49973,28742,33929,65535,65535,65535,65535,65535,65535
2026-07-31 09:49:38.832,159.31,49973,28742,33929,65535,65535,65535,65535,65535,65535
2026-07-31 09:49:38.880,159.36,49973,28742,33929,65535,65535,65535,65535,65535,65535
2026-07-31 09:49:38.937,159.42,49973,28742,33929,65535,65535,65535,65535,65535,65535
2026-07-31 09:49:38.988,159.47,49973,28742,33929,65535,65535,65535,65535,65535,65535
2026-07-31 09:49:39.039,159.52,49973,28742,33929,65535,65535,65535,65535,65535,65535
2026-07-31 09:49:39.089,159.57,49973,28742,33929,65535,65535,65535,65535,65535,65535
2026-07-31 09:49:39.139,159.62,54840,28742,33830,65535,65535,65535,65535,65535,65535
2026-07-31 09:49:39.192,159.67,54840,33632,33830,65535,65535,65535,65535,65535,65535
2026-07-31 09:49:39.239,159.72,54840,33632,33830,65535,65535,65535,65535,65535,65535
2026-07-31 09:49:39.299,159.78,54840,33632,33830,65535,65535,65535,65535,65535,65535
2026-07-31 09:49:39.354,159.83,54840,33632,33830,65535,65535,65535,65535,65535,65535
2026-07-31 09:49:39.408,159.89,54840,33632,33830,65535,65535,65535,65535,65535,65535
2026-07-31 09:49:39.465,159.94,54840,33632,33830,65535,65535,65535,65535,65535,65535
2026-07-31 09:49:39.518,160.0,54840,33632,33830,65535,65535,65535,65535,65535,65535
2026-07-31 09:49:39.572,160.05,54840,33632,33830,65535,65535,65535,65535,65535,65535
2026-07-31 09:49:39.642,160.12,54840,33632,33830,65535,65535,65535,65535,65535,65535
2026-07-31 09:49:39.716,160.2,50092,33533,33929,65535,65535,65535,65535,65535,65535
2026-07-31 09:49:39.769,160.25,50092,33533,33929,65535,65535,65535,65535,65535,65535
2026-07-31 09:49:39.840,160.32,50092,33533,33929,65535,65535,65535,65535,65535,65535
2026-07-31 09:49:39.892,160.37,50092,33533,33929,65535,65535,65535,65535,65535,65535
2026-07-31 09:49:39.945,160.42,50092,33533,33929,65535,65535,65535,65535,65535,65535
2026-07-31 09:49:40.003,160.48,50092,33533,33929,65535,65535,65535,65535,65535,65535
2026-07-31 09:49:40.058,160.54,50092,33533,33929,65535,65535,65535,65535,65535,65535
2026-07-31 09:49:40.108,160.59,50092,33533,33929,65535,65535,65535,65535,65535,65535
2026-07-31 09:49:40.162,160.64,50092,33533,33929,65535,65535,65535,65535,65535,65535
2026-07-31 09:49:40.226,160.71,50092,33533,40714,65535,65535,65535,65535,65535,65535
2026-07-31 09:49:40.277,160.76,49973,33533,40714,65535,65535,65535,65535,65535,65535
2026-07-31 09:49:40.327,160.81,49973,33533,40714,65535,65535,65535,65535,65535,65535
2026-07-31 09:49:40.380,160.86,49973,33533,40714,65535,65535,65535,65535,65535,65535
2026-07-31 09:49:40.429,160.91,49973,33533,40714,65535,65535,65535,65535,65535,65535
2026-07-31 09:49:40.482,160.96,49973,33533,40714,65535,65535,65535,65535,65535,65535
2026-07-31 09:49:40.531,161.01,49973,33533,40714,65535,65535,65535,65535,65535,65535
2026-07-31 09:49:40.599,161.08,49973,33533,40714,65535,65535,65535,65535,65535,65535
2026-07-31 09:49:40.654,161.13,49973,33533,40714,65535,65535,65535,65535,65535,65535
2026-07-31 09:49:40.722,161.2,49973,33533,40714,65535,65535,65535,65535,65535,65535
2026-07-31 09:49:40.773,161.25,49973,33533,40714,65535,65535,65535,65535,65535,65535
2026-07-31 09:49:40.827,161.31,62318,33533,33929,65535,65535,65535,65535,65535,65535
2026-07-31 09:49:40.899,161.38,62318,33533,33929,65535,65535,65535,65535,65535,65535
2026-07-31 09:49:40.948,161.43,62318,33533,33929,65535,65535,65535,65535,65535,65535
2026-07-31 09:49:41.003,161.48,62318,33533,33929,65535,65535,65535,65535,65535,65535
2026-07-31 09:49:41.051,161.53,62318,33533,33929,65535,65535,65535,65535,65535,65535
2026-07-31 09:49:41.121,161.6,62318,33533,33929,65535,65535,65535,65535,65535,65535
2026-07-31 09:49:41.173,161.65,62318,33533,33929,65535,65535,65535,65535,65535,65535
2026-07-31 09:49:41.228,161.71,62318,33533,33929,65535,65535,65535,65535,65535,65535
2026-07-31 09:49:41.284,161.76,62318,33533,33929,65535,65535,65535,65535,65535,65535
2026-07-31 09:49:41.336,161.82,62318,33533,33929,65535,65535,65535,65535,65535,65535
2026-07-31 09:49:41.388,161.87,49973,33632,50893,65535,65535,65535,65535,65535,65535
2026-07-31 09:49:41.438,161.92,49973,33632,50893,65535,65535,65535,65535,65535,65535
2026-07-31 09:49:41.489,161.97,49973,33632,50893,65535,65535,65535,65535,65535,65535
2026-07-31 09:49:41.541,162.02,49973,33632,50893,65535,65535,65535,65535,65535,65535
2026-07-31 09:49:41.608,162.09,49973,33632,50893,65535,65535,65535,65535,65535,65535
2026-07-31 09:49:41.659,162.14,49973,33632,50893,65535,65535,65535,65535,65535,65535
2026-07-31 09:49:41.711,162.19,49973,33632,50893,65535,65535,65535,65535,65535,65535
2026-07-31 09:49:41.758,162.24,49973,33632,50893,65535,65535,65535,65535,65535,65535
2026-07-31 09:49:41.806,162.29,49973,33632,50893,65535,65535,65535,65535,65535,65535
2026-07-31 09:49:41.860,162.34,49973,33632,50893,65535,65535,65535,65535,65535,65535
2026-07-31 09:49:41.915,162.39,49973,33632,33929,65535,65535,65535,65535,65535,65535
2026-07-31 09:49:41.977,162.46,49973,33533,33929,65535,65535,65535,65535,65535,65535
2026-07-31 09:49:42.033,162.51,49973,33533,33929,65535,65535,65535,65535,65535,65535
2026-07-31 09:49:42.083,162.56,49973,33533,33929,65535,65535,65535,65535,65535,65535
2026-07-31 09:49:42.142,162.62,49973,33533,33929,65535,65535,65535,65535,65535,65535
2026-07-31 09:49:42.202,162.68,49973,33533,33929,65535,65535,65535,65535,65535,65535
2026-07-31 09:49:42.255,162.73,49973,33533,33929,65535,65535,65535,65535,65535,65535
2026-07-31 09:49:42.324,162.8,49973,33533,33929,65535,65535,65535,65535,65535,65535
2026-07-31 09:49:42.373,162.85,49973,33533,33929,65535,65535,65535,65535,65535,65535
2026-07-31 09:49:42.419,162.9,49973,33533,33929,65535,65535,65535,65535,65535,65535
2026-07-31 09:49:42.481,162.96,49855,33533,33929,65535,65535,65535,65535,65535,65535
2026-07-31 09:49:42.532,163.01,49855,33533,33929,65535,65535,65535,65535,65535,65535
2026-07-31 09:49:42.581,163.06,49855,33533,33929,65535,65535,65535,65535,65535,65535
2026-07-31 09:49:42.632,163.11,49855,33533,33929,65535,65535,65535,65535,65535,65535
2026-07-31 09:49:42.690,163.17,49855,33533,33929,65535,65535,65535,65535,65535,65535
2026-07-31 09:49:42.740,163.22,49855,33533,33929,65535,65535,65535,65535,65535,65535
2026-07-31 09:49:42.788,163.27,49855,33533,33929,65535,65535,65535,65535,65535,65535
2026-07-31 09:49:42.848,163.33,49855,33533,33929,65535,65535,65535,65535,65535,65535
2026-07-31 09:49:42.899,163.38,49855,33533,33929,65535,65535,65535,65535,65535,65535
2026-07-31 09:49:42.947,163.43,49855,33533,33929,65535,65535,65535,65535,65535,65535
2026-07-31 09:49:42.998,163.48,49855,33533,33929,65535,65535,65535,65535,65535,65535
2026-07-31 09:49:43.047,163.53,49973,33533,33929,65535,65535,65535,65535,65535,65535
2026-07-31 09:49:43.093,163.57,49973,33632,33929,65535,65535,65535,65535,65535,65535
2026-07-31 09:49:43.157,163.64,49973,33632,33929,65535,65535,65535,65535,65535,65535
2026-07-31 09:49:43.204,163.68,49973,33632,33929,65535,65535,65535,65535,65535,65535
2026-07-31 09:49:43.253,163.73,49973,33632,33929,65535,65535,65535,65535,65535,65535
2026-07-31 09:49:43.315,163.79,49973,33632,33929,65535,65535,65535,65535,65535,65535
2026-07-31 09:49:43.363,163.84,49973,33632,33929,65535,65535,65535,65535,65535,65535
2026-07-31 09:49:43.409,163.89,49973,33632,33929,65535,65535,65535,65535,65535,65535
2026-07-31 09:49:43.457,163.94,49973,33632,33929,65535,65535,65535,65535,65535,65535
2026-07-31 09:49:43.504,163.98,49973,33632,33929,65535,65535,65535,65535,65535,65535
2026-07-31 09:49:43.553,164.03,49973,33632,33929,65535,65535,65535,65535,65535,65535
2026-07-31 09:49:43.604,164.08,62467,33632,33929,65535,65535,65535,65535,65535,65535
2026-07-31 09:49:43.666,164.15,62467,33533,33929,65535,65535,65535,65535,65535,65535
2026-07-31 09:49:43.715,164.19,62467,33533,33929,65535,65535,65535,65535,65535,65535
2026-07-31 09:49:43.764,164.24,62467,33533,33929,65535,65535,65535,65535,65535,65535
2026-07-31 09:49:43.818,164.3,62467,33533,33929,65535,65535,65535,65535,65535,65535
2026-07-31 09:49:43.868,164.35,62467,33533,33929,65535,65535,65535,65535,65535,65535
2026-07-31 09:49:43.924,164.4,62467,33533,33929,65535,65535,65535,65535,65535,65535
2026-07-31 09:49:43.991,164.47,62467,33533,33929,65535,65535,65535,65535,65535,65535
2026-07-31 09:49:44.037,164.52,62467,33533,33929,65535,65535,65535,65535,65535,65535
2026-07-31 09:49:44.086,164.57,62467,33533,33929,65535,65535,65535,65535,65535,65535
2026-07-31 09:49:44.146,164.63,62467,33533,40714,65535,65535,65535,65535,65535,65535
2026-07-31 09:49:44.194,164.67,62318,28742,40714,65535,65535,65535,65535,65535,65535
2026-07-31 09:49:44.241,164.72,62318,28742,40714,65535,65535,65535,65535,65535,65535
2026-07-31 09:49:44.285,164.76,62318,28742,40714,65535,65535,65535,65535,65535,65535
2026-07-31 09:49:44.334,164.81,62318,28742,40714,65535,65535,65535,65535,65535,65535
2026-07-31 09:49:44.380,164.86,62318,28742,40714,65535,65535,65535,65535,65535,65535
2026-07-31 09:49:44.431,164.91,62318,28742,40714,65535,65535,65535,65535,65535,65535
2026-07-31 09:49:44.490,164.97,62318,28742,40714,65535,65535,65535,65535,65535,65535
2026-07-31 09:49:44.539,165.02,62318,28742,40714,65535,65535,65535,65535,65535,65535
2026-07-31 09:49:44.585,165.06,62318,28742,40714,65535,65535,65535,65535,65535,65535
2026-07-31 09:49:44.633,165.11,62318,28742,40714,65535,65535,65535,65535,65535,65535
2026-07-31 09:49:44.682,165.16,62318,28742,40714,65535,65535,65535,65535,65535,65535
2026-07-31 09:49:44.729,165.21,62615,28742,33929,65535,65535,65535,65535,65535,65535
2026-07-31 09:49:44.788,165.27,62615,28827,33929,65535,65535,65535,65535,65535,65535
2026-07-31 09:49:44.834,165.31,62615,28827,33929,65535,65535,65535,65535,65535,65535
2026-07-31 09:49:44.880,165.36,62615,28827,33929,65535,65535,65535,65535,65535,65535
2026-07-31 09:49:44.945,165.42,62615,28827,33929,65535,65535,65535,65535,65535,65535
2026-07-31 09:49:44.998,165.48,62615,28827,33929,65535,65535,65535,65535,65535,65535
2026-07-31 09:49:45.047,165.53,62615,28827,33929,65535,65535,65535,65535,65535,65535
2026-07-31 09:49:45.105,165.58,62615,28827,33929,65535,65535,65535,65535,65535,65535
2026-07-31 09:49:45.159,165.64,62615,28827,33929,65535,65535,65535,65535,65535,65535
2026-07-31 09:49:45.213,165.69,62615,28827,33929,65535,65535,65535,65535,65535,65535
2026-07-31 09:49:45.267,165.75,62615,28827,33929,65535,65535,65535,65535,65535,65535
2026-07-31 09:49:45.328,165.81,62170,28742,33929,65535,65535,65535,65535,65535,65535
2026-07-31 09:49:45.379,165.86,62170,28742,33929,65535,65535,65535,65535,65535,65535
2026-07-31 09:49:45.431,165.91,62170,28742,33929,65535,65535,65535,65535,65535,65535
2026-07-31 09:49:45.486,165.97,62170,28742,33929,65535,65535,65535,65535,65535,65535
2026-07-31 09:49:45.537,166.02,62170,28742,33929,65535,65535,65535,65535,65535,65535
2026-07-31 09:49:45.589,166.07,62170,28742,33929,65535,65535,65535,65535,65535,65535
2026-07-31 09:49:45.656,166.14,62170,28742,33929,65535,65535,65535,65535,65535,65535
2026-07-31 09:49:45.705,166.19,62170,28742,33929,65535,65535,65535,65535,65535,65535
2026-07-31 09:49:45.754,166.23,62170,28742,33929,65535,65535,65535,65535,65535,65535
2026-07-31 09:49:45.815,166.29,62170,28742,33929,65535,65535,65535,65535,65535,65535
2026-07-31 09:49:45.866,166.35,62467,28827,40714,65535,65535,65535,65535,65535,65535
2026-07-31 09:49:45.918,166.4,62467,28827,40714,65535,65535,65535,65535,65535,65535
2026-07-31 09:49:45.965,166.44,62467,28827,40714,65535,65535,65535,65535,65535,65535
2026-07-31 09:49:46.013,166.49,62467,28827,40714,65535,65535,65535,65535,65535,65535
2026-07-31 09:49:46.062,166.54,62467,28827,40714,65535,65535,65535,65535,65535,65535
2026-07-31 09:49:46.109,166.59,62467,28827,40714,65535,65535,65535,65535,65535,65535
2026-07-31 09:49:46.165,166.64,62467,28827,40714,65535,65535,65535,65535,65535,65535
2026-07-31 09:49:46.217,166.7,62467,28827,40714,65535,65535,65535,65535,65535,65535
2026-07-31 09:49:46.270,166.75,62467,28827,40714,65535,65535,65535,65535,65535,65535
2026-07-31 09:49:46.324,166.8,62467,28827,40714,65535,65535,65535,65535,65535,65535
2026-07-31 09:49:46.374,166.85,62467,28827,40714,65535,65535,65535,65535,65535,65535
2026-07-31 09:49:46.424,166.9,49973,28827,33929,65535,65535,65535,65535,65535,65535
2026-07-31 09:49:46.474,166.95,49973,33533,33929,65535,65535,65535,65535,65535,65535
2026-07-31 09:49:46.523,167.0,49973,33533,33929,65535,65535,65535,65535,65535,65535
2026-07-31 09:49:46.573,167.05,49973,33533,33929,65535,65535,65535,65535,65535,65535
2026-07-31 09:49:46.635,167.11,49973,33533,33929,65535,65535,65535,65535,65535,65535
2026-07-31 09:49:46.689,167.17,49973,33533,33929,65535,65535,65535,65535,65535,65535
2026-07-31 09:49:46.738,167.22,49973,33533,33929,65535,65535,65535,65535,65535,65535
2026-07-31 09:49:46.787,167.27,49973,33533,33929,65535,65535,65535,65535,65535,65535
2026-07-31 09:49:46.835,167.31,49973,33533,33929,65535,65535,65535,65535,65535,65535
2026-07-31 09:49:46.882,167.36,49973,33533,33929,65535,65535,65535,65535,65535,65535
2026-07-31 09:49:46.934,167.41,49973,33533,33929,65535,65535,65535,65535,65535,65535
2026-07-31 09:49:46.993,167.47,49498,28742,40714,65535,65535,65535,65535,65535,65535
2026-07-31 09:49:47.052,167.53,49498,28742,40714,65535,65535,65535,65535,65535,65535
2026-07-31 09:49:47.105,167.58,49498,28742,40714,65535,65535,65535,65535,65535,65535
2026-07-31 09:49:47.156,167.64,49498,28742,40714,65535,65535,65535,65535,65535,65535
2026-07-31 09:49:47.219,167.7,49498,28742,40714,65535,65535,65535,65535,65535,65535
2026-07-31 09:49:47.271,167.75,49498,28742,40714,65535,65535,65535,65535,65535,65535
2026-07-31 09:49:47.336,167.82,49498,28742,40714,65535,65535,65535,65535,65535,65535
2026-07-31 09:49:47.386,167.87,49498,28742,40714,65535,65535,65535,65535,65535,65535
2026-07-31 09:49:47.430,167.91,49498,28742,40714,65535,65535,65535,65535,65535,65535
2026-07-31 09:49:47.499,167.98,49498,28742,40714,65535,65535,65535,65535,65535,65535
2026-07-31 09:49:47.557,168.04,62615,33533,33929,65535,65535,65535,65535,65535,65535
2026-07-31 09:49:47.605,168.08,62615,33533,33929,65535,65535,65535,65535,65535,65535
2026-07-31 09:49:47.654,168.13,62615,33533,33929,65535,65535,65535,65535,65535,65535
2026-07-31 09:49:47.700,168.18,62615,33533,33929,65535,65535,65535,65535,65535,65535
2026-07-31 09:49:47.751,168.23,62615,33533,33929,65535,65535,65535,65535,65535,65535
2026-07-31 09:49:47.801,168.28,62615,33533,33929,65535,65535,65535,65535,65535,65535
2026-07-31 09:49:47.859,168.34,62615,33533,33929,65535,65535,65535,65535,65535,65535
2026-07-31 09:49:47.912,168.39,62615,33533,33929,65535,65535,65535,65535,65535,65535
2026-07-31 09:49:47.966,168.45,62615,33533,33929,65535,65535,65535,65535,65535,65535
2026-07-31 09:49:48.022,168.5,62615,33533,33929,65535,65535,65535,65535,65535,65535
2026-07-31 09:49:48.072,168.55,62615,33533,40714,65535,65535,65535,65535,65535,65535
2026-07-31 09:49:48.122,168.6,62615,33632,40714,65535,65535,65535,65535,65535,65535
2026-07-31 09:49:48.189,168.67,62615,33632,40714,65535,65535,65535,65535,65535,65535
2026-07-31 09:49:48.236,168.72,62615,33632,40714,65535,65535,65535,65535,65535,65535
2026-07-31 09:49:48.284,168.76,62615,33632,40714,65535,65535,65535,65535,65535,65535
2026-07-31 09:49:48.349,168.83,62615,33632,40714,65535,65535,65535,65535,65535,65535
2026-07-31 09:49:48.399,168.88,62615,33632,40714,65535,65535,65535,65535,65535,65535
2026-07-31 09:49:48.449,168.93,62615,33632,40714,65535,65535,65535,65535,65535,65535
2026-07-31 09:49:48.494,168.97,62615,33632,40714,65535,65535,65535,65535,65535,65535
2026-07-31 09:49:48.539,169.02,62615,33632,40714,65535,65535,65535,65535,65535,65535
2026-07-31 09:49:48.589,169.07,62615,33632,40714,65535,65535,65535,65535,65535,65535
2026-07-31 09:49:48.641,169.12,62615,33632,33929,65535,65535,65535,65535,65535,65535
2026-07-31 09:49:48.700,169.18,62467,33632,33929,65535,65535,65535,65535,65535,65535
2026-07-31 09:49:48.749,169.23,62467,33632,33929,65535,65535,65535,65535,65535,65535
2026-07-31 09:49:48.803,169.28,62467,33632,33929,65535,65535,65535,65535,65535,65535
2026-07-31 09:49:48.861,169.34,62467,33632,33929,65535,65535,65535,65535,65535,65535
2026-07-31 09:49:48.908,169.39,62467,33632,33929,65535,65535,65535,65535,65535,65535
2026-07-31 09:49:48.956,169.44,62467,33632,33929,65535,65535,65535,65535,65535,65535
2026-07-31 09:49:49.047,169.53,62467,33632,33929,65535,65535,65535,65535,65535,65535
2026-07-31 09:49:49.098,169.58,62467,33632,33929,65535,65535,65535,65535,65535,65535
2026-07-31 09:49:49.145,169.62,62467,33632,33929,65535,65535,65535,65535,65535,65535
2026-07-31 09:49:49.210,169.69,62467,33632,40714,65535,65535,65535,65535,65535,65535
2026-07-31 09:49:49.266,169.75,50092,33632,40714,65535,65535,65535,65535,65535,65535
2026-07-31 09:49:49.315,169.79,50092,33632,40714,65535,65535,65535,65535,65535,65535
2026-07-31 09:49:49.373,169.85,50092,33632,40714,65535,65535,65535,65535,65535,65535
2026-07-31 09:49:49.422,169.9,50092,33632,40714,65535,65535,65535,65535,65535,65535
2026-07-31 09:49:49.475,169.95,50092,33632,40714,65535,65535,65535,65535,65535,65535
2026-07-31 09:49:49.523,170.0,50092,33632,40714,65535,65535,65535,65535,65535,65535
2026-07-31 09:49:49.597,170.08,50092,33632,40714,65535,65535,65535,65535,65535,65535
2026-07-31 09:49:49.651,170.13,50092,33632,40714,65535,65535,65535,65535,65535,65535
2026-07-31 09:49:49.702,170.18,50092,33632,40714,65535,65535,65535,65535,65535,65535
2026-07-31 09:49:49.756,170.24,50092,33632,33929,65535,65535,65535,65535,65535,65535
2026-07-31 09:49:49.807,170.29,49973,28827,33929,65535,65535,65535,65535,65535,65535
2026-07-31 09:49:49.856,170.34,49973,28827,33929,65535,65535,65535,65535,65535,65535
2026-07-31 09:49:49.908,170.39,49973,28827,33929,65535,65535,65535,65535,65535,65535
2026-07-31 09:49:49.952,170.43,49973,28827,33929,65535,65535,65535,65535,65535,65535
2026-07-31 09:49:50.001,170.48,49973,28827,33929,65535,65535,65535,65535,65535,65535
2026-07-31 09:49:50.049,170.53,49973,28827,33929,65535,65535,65535,65535,65535,65535
2026-07-31 09:49:50.099,170.58,49973,28827,33929,65535,65535,65535,65535,65535,65535
2026-07-31 09:49:50.149,170.63,49973,28827,33929,65535,65535,65535,65535,65535,65535
2026-07-31 09:49:50.197,170.68,49973,28827,33929,65535,65535,65535,65535,65535,65535
2026-07-31 09:49:50.243,170.72,49973,28827,33929,65535,65535,65535,65535,65535,65535
2026-07-31 09:49:50.293,170.77,49973,28827,33929,65535,65535,65535,65535,65535,65535
2026-07-31 09:49:50.339,170.82,49973,28827,33929,65535,65535,65535,65535,65535,65535
2026-07-31 09:49:50.385,170.86,49973,28742,33929,65535,65535,65535,65535,65535,65535
2026-07-31 09:49:50.434,170.91,49973,28742,33929,65535,65535,65535,65535,65535,65535
2026-07-31 09:49:50.481,170.96,49973,28742,33929,65535,65535,65535,65535,65535,65535
2026-07-31 09:49:50.529,171.01,49973,28742,33929,65535,65535,65535,65535,65535,65535
2026-07-31 09:49:50.576,171.06,49973,28742,33929,65535,65535,65535,65535,65535,65535
2026-07-31 09:49:50.620,171.1,49973,28742,33929,65535,65535,65535,65535,65535,65535
2026-07-31 09:49:50.666,171.15,49973,28742,33929,65535,65535,65535,65535,65535,65535
2026-07-31 09:49:50.717,171.2,49973,28742,33929,65535,65535,65535,65535,65535,65535
2026-07-31 09:49:50.765,171.24,49973,28742,33929,65535,65535,65535,65535,65535,65535
2026-07-31 09:49:50.817,171.3,49973,28742,33929,65535,65535,65535,65535,65535,65535
2026-07-31 09:49:50.863,171.34,49973,28742,33929,65535,65535,65535,65535,65535,65535
2026-07-31 09:49:50.911,171.39,50092,28742,33929,65535,65535,65535,65535,65535,65535
2026-07-31 09:49:50.960,171.44,50092,33533,33929,65535,65535,65535,65535,65535,65535
2026-07-31 09:49:51.008,171.49,50092,33533,33929,65535,65535,65535,65535,65535,65535
2026-07-31 09:49:51.061,171.54,50092,33533,33929,65535,65535,65535,65535,65535,65535
2026-07-31 09:49:51.104,171.58,50092,33533,33929,65535,65535,65535,65535,65535,65535
2026-07-31 09:49:51.155,171.63,50092,33533,33929,65535,65535,65535,65535,65535,65535
2026-07-31 09:49:51.203,171.68,50092,33533,33929,65535,65535,65535,65535,65535,65535
2026-07-31 09:49:51.254,171.73,50092,33533,33929,65535,65535,65535,65535,65535,65535
2026-07-31 09:49:51.300,171.78,50092,33533,33929,65535,65535,65535,65535,65535,65535
2026-07-31 09:49:51.347,171.83,50092,33533,33929,65535,65535,65535,65535,65535,65535
2026-07-31 09:49:51.398,171.88,50092,33533,33929,65535,65535,65535,65535,65535,65535
2026-07-31 09:49:51.451,171.93,50092,33533,33929,65535,65535,65535,65535,65535,65535
2026-07-31 09:49:51.501,171.98,49855,33533,33929,65535,65535,65535,65535,65535,65535
2026-07-31 09:49:51.547,172.03,49855,33533,33929,65535,65535,65535,65535,65535,65535
2026-07-31 09:49:51.597,172.08,49855,33533,33929,65535,65535,65535,65535,65535,65535
2026-07-31 09:49:51.647,172.13,49855,33533,33929,65535,65535,65535,65535,65535,65535
2026-07-31 09:49:51.694,172.17,49855,33533,33929,65535,65535,65535,65535,65535,65535
2026-07-31 09:49:51.740,172.22,49855,33533,33929,65535,65535,65535,65535,65535,65535
2026-07-31 09:49:51.788,172.27,49855,33533,33929,65535,65535,65535,65535,65535,65535
2026-07-31 09:49:51.838,172.32,49855,33533,33929,65535,65535,65535,65535,65535,65535
2026-07-31 09:49:51.889,172.37,49855,33533,33929,65535,65535,65535,65535,65535,65535
2026-07-31 09:49:51.941,172.42,49855,33533,33929,65535,65535,65535,65535,65535,65535
2026-07-31 09:49:51.989,172.47,49855,33533,33929,65535,65535,65535,65535,65535,65535
2026-07-31 09:49:52.036,172.52,50092,33533,33929,65535,65535,65535,65535,65535,65535
2026-07-31 09:49:52.082,172.56,50092,33533,33929,65535,65535,65535,65535,65535,65535
2026-07-31 09:49:52.129,172.61,50092,33533,33929,65535,65535,65535,65535,65535,65535
2026-07-31 09:49:52.176,172.66,50092,33533,33929,65535,65535,65535,65535,65535,65535
2026-07-31 09:49:52.225,172.7,50092,33533,33929,65535,65535,65535,65535,65535,65535
2026-07-31 09:49:52.272,172.75,50092,33533,33929,65535,65535,65535,65535,65535,65535
2026-07-31 09:49:52.320,172.8,50092,33533,33929,65535,65535,65535,65535,65535,65535
2026-07-31 09:49:52.366,172.85,50092,33533,33929,65535,65535,65535,65535,65535,65535
2026-07-31 09:49:52.412,172.89,50092,33533,33929,65535,65535,65535,65535,65535,65535
2026-07-31 09:49:52.460,172.94,50092,33533,33929,65535,65535,65535,65535,65535,65535
2026-07-31 09:49:52.505,172.98,50092,33533,33929,65535,65535,65535,65535,65535,65535
2026-07-31 09:49:52.554,173.03,50092,33533,33929,65535,65535,65535,65535,65535,65535
2026-07-31 09:49:52.599,173.08,50092,33533,40714,65535,65535,65535,65535,65535,65535
2026-07-31 09:49:52.649,173.13,49973,33533,40714,65535,65535,65535,65535,65535,65535
2026-07-31 09:49:52.696,173.18,49973,33533,40714,65535,65535,65535,65535,65535,65535
2026-07-31 09:49:52.741,173.22,49973,33533,40714,65535,65535,65535,65535,65535,65535
2026-07-31 09:49:52.787,173.27,49973,33533,40714,65535,65535,65535,65535,65535,65535
2026-07-31 09:49:52.836,173.32,49973,33533,40714,65535,65535,65535,65535,65535,65535
2026-07-31 09:49:52.893,173.37,49973,33533,40714,65535,65535,65535,65535,65535,65535
2026-07-31 09:49:52.944,173.42,49973,33533,40714,65535,65535,65535,65535,65535,65535
2026-07-31 09:49:52.991,173.47,49973,33533,40714,65535,65535,65535,65535,65535,65535
2026-07-31 09:49:53.037,173.52,49973,33533,40714,65535,65535,65535,65535,65535,65535
2026-07-31 09:49:53.084,173.56,49973,33533,40714,65535,65535,65535,65535,65535,65535
2026-07-31 09:49:53.132,173.61,49973,33533,40714,65535,65535,65535,65535,65535,65535
2026-07-31 09:49:53.179,173.66,50092,33533,33929,65535,65535,65535,65535,65535,65535
2026-07-31 09:49:53.225,173.7,50092,33533,33929,65535,65535,65535,65535,65535,65535
2026-07-31 09:49:53.273,173.75,50092,33533,33929,65535,65535,65535,65535,65535,65535
2026-07-31 09:49:53.322,173.8,50092,33533,33929,65535,65535,65535,65535,65535,65535
2026-07-31 09:49:53.372,173.85,50092,33533,33929,65535,65535,65535,65535,65535,65535
2026-07-31 09:49:53.417,173.9,50092,33533,33929,65535,65535,65535,65535,65535,65535
2026-07-31 09:49:53.465,173.94,50092,33533,33929,65535,65535,65535,65535,65535,65535
2026-07-31 09:49:53.513,173.99,50092,33533,33929,65535,65535,65535,65535,65535,65535
2026-07-31 09:49:53.563,174.04,50092,33533,33929,65535,65535,65535,65535,65535,65535
2026-07-31 09:49:53.615,174.09,50092,33533,33929,65535,65535,65535,65535,65535,65535
2026-07-31 09:49:53.667,174.15,50092,33533,33929,65535,65535,65535,65535,65535,65535
2026-07-31 09:49:53.712,174.19,50092,33533,33632,65535,65535,65535,65535,65535,65535
2026-07-31 09:49:53.762,174.24,62615,33533,33632,65535,65535,65535,65535,65535,65535
2026-07-31 09:49:53.810,174.29,62615,33533,33632,65535,65535,65535,65535,65535,65535
2026-07-31 09:49:53.862,174.34,62615,33533,33632,65535,65535,65535,65535,65535,65535
2026-07-31 09:49:53.912,174.39,62615,33533,33632,65535,65535,65535,65535,65535,65535
2026-07-31 09:49:53.961,174.44,62615,33533,33632,65535,65535,65535,65535,65535,65535
2026-07-31 09:49:54.008,174.49,62615,33533,33632,65535,65535,65535,65535,65535,65535
2026-07-31 09:49:54.057,174.54,62615,33533,33632,65535,65535,65535,65535,65535,65535
2026-07-31 09:49:54.106,174.59,62615,33533,33632,65535,65535,65535,65535,65535,65535
2026-07-31 09:49:54.154,174.63,62615,33533,33632,65535,65535,65535,65535,65535,65535
2026-07-31 09:49:54.200,174.68,62615,33533,33632,65535,65535,65535,65535,65535,65535
2026-07-31 09:49:54.245,174.72,62615,33533,33632,65535,65535,65535,65535,65535,65535
2026-07-31 09:49:54.292,174.77,62615,33533,40714,65535,65535,65535,65535,65535,65535
2026-07-31 09:49:54.339,174.82,62170,28742,40714,65535,65535,65535,65535,65535,65535
2026-07-31 09:49:54.388,174.87,62170,28742,40714,65535,65535,65535,65535,65535,65535
2026-07-31 09:49:54.437,174.92,62170,28742,40714,65535,65535,65535,65535,65535,65535
2026-07-31 09:49:54.488,174.97,62170,28742,40714,65535,65535,65535,65535,65535,65535
2026-07-31 09:49:54.541,175.02,62170,28742,40714,65535,65535,65535,65535,65535,65535
2026-07-31 09:49:54.593,175.07,62170,28742,40714,65535,65535,65535,65535,65535,65535
2026-07-31 09:49:54.640,175.12,62170,28742,40714,65535,65535,65535,65535,65535,65535
2026-07-31 09:49:54.686,175.17,62170,28742,40714,65535,65535,65535,65535,65535,65535
2026-07-31 09:49:54.730,175.21,62170,28742,40714,65535,65535,65535,65535,65535,65535
2026-07-31 09:49:54.778,175.26,62170,28742,40714,65535,65535,65535,65535,65535,65535
2026-07-31 09:49:54.825,175.3,62170,28742,40714,65535,65535,65535,65535,65535,65535
2026-07-31 09:49:54.871,175.35,62615,28742,33929,65535,65535,65535,65535,65535,65535
2026-07-31 09:49:54.920,175.4,62615,28827,33929,65535,65535,65535,65535,65535,65535
2026-07-31 09:49:54.968,175.45,62615,28827,33929,65535,65535,65535,65535,65535,65535
2026-07-31 09:49:55.014,175.49,62615,28827,33929,65535,65535,65535,65535,65535,65535
2026-07-31 09:49:55.062,175.54,62615,28827,33929,65535,65535,65535,65535,65535,65535
2026-07-31 09:49:55.110,175.59,62615,28827,33929,65535,65535,65535,65535,65535,65535
2026-07-31 09:49:55.158,175.64,62615,28827,33929,65535,65535,65535,65535,65535,65535
2026-07-31 09:49:55.207,175.69,62615,28827,33929,65535,65535,65535,65535,65535,65535
2026-07-31 09:49:55.258,175.74,62615,28827,33929,65535,65535,65535,65535,65535,65535
2026-07-31 09:49:55.310,175.79,62615,28827,33929,65535,65535,65535,65535,65535,65535
2026-07-31 09:49:55.363,175.84,62615,28827,33929,65535,65535,65535,65535,65535,65535
2026-07-31 09:49:55.412,175.89,62615,28827,25224,65535,65535,65535,65535,65535,65535
2026-07-31 09:49:55.464,175.94,62318,28912,25224,65535,65535,65535,65535,65535,65535
2026-07-31 09:49:55.517,176.0,62318,28912,25224,65535,65535,65535,65535,65535,65535
2026-07-31 09:49:55.562,176.04,62318,28912,25224,65535,65535,65535,65535,65535,65535
2026-07-31 09:49:55.611,176.09,62318,28912,25224,65535,65535,65535,65535,65535,65535
2026-07-31 09:49:55.660,176.14,62318,28912,25224,65535,65535,65535,65535,65535,65535
2026-07-31 09:49:55.709,176.19,62318,28912,25224,65535,65535,65535,65535,65535,65535
2026-07-31 09:49:55.754,176.23,62318,28912,25224,65535,65535,65535,65535,65535,65535
2026-07-31 09:49:55.803,176.28,62318,28912,25224,65535,65535,65535,65535,65535,65535
2026-07-31 09:49:55.848,176.33,62318,28912,25224,65535,65535,65535,65535,65535,65535
2026-07-31 09:49:55.898,176.38,62318,28912,25224,65535,65535,65535,65535,65535,65535
2026-07-31 09:49:55.943,176.42,62318,28912,25224,65535,65535,65535,65535,65535,65535
2026-07-31 09:49:55.989,176.47,49855,28912,40714,65535,65535,65535,65535,65535,65535
2026-07-31 09:49:56.035,176.51,49855,33632,40714,65535,65535,65535,65535,65535,65535
2026-07-31 09:49:56.088,176.57,49855,33632,40714,65535,65535,65535,65535,65535,65535
2026-07-31 09:49:56.134,176.61,49855,33632,40714,65535,65535,65535,65535,65535,65535
2026-07-31 09:49:56.183,176.66,49855,33632,40714,65535,65535,65535,65535,65535,65535
2026-07-31 09:49:56.230,176.71,49855,33632,40714,65535,65535,65535,65535,65535,65535
2026-07-31 09:49:56.276,176.76,49855,33632,40714,65535,65535,65535,65535,65535,65535
2026-07-31 09:49:56.325,176.8,49855,33632,40714,65535,65535,65535,65535,65535,65535
2026-07-31 09:49:56.370,176.85,49855,33632,40714,65535,65535,65535,65535,65535,65535
2026-07-31 09:49:56.417,176.9,49855,33632,40714,65535,65535,65535,65535,65535,65535
2026-07-31 09:49:56.464,176.94,49855,33632,40714,65535,65535,65535,65535,65535,65535
2026-07-31 09:49:56.513,176.99,49855,33632,40714,65535,65535,65535,65535,65535,65535
2026-07-31 09:49:56.566,177.05,49973,33632,40714,65535,65535,65535,65535,65535,65535
2026-07-31 09:49:56.610,177.09,49973,28742,40714,65535,65535,65535,65535,65535,65535
2026-07-31 09:49:56.657,177.14,49973,28742,40714,65535,65535,65535,65535,65535,65535
2026-07-31 09:49:56.705,177.18,49973,28742,40714,65535,65535,65535,65535,65535,65535
2026-07-31 09:49:56.752,177.23,49973,28742,40714,65535,65535,65535,65535,65535,65535
2026-07-31 09:49:56.798,177.28,49973,28742,40714,65535,65535,65535,65535,65535,65535
2026-07-31 09:49:56.850,177.33,49973,28742,40714,65535,65535,65535,65535,65535,65535
2026-07-31 09:49:56.899,177.38,49973,28742,40714,65535,65535,65535,65535,65535,65535
2026-07-31 09:49:56.948,177.43,49973,28742,40714,65535,65535,65535,65535,65535,65535
2026-07-31 09:49:56.993,177.47,49973,28742,40714,65535,65535,65535,65535,65535,65535
2026-07-31 09:49:57.039,177.52,49973,28742,40714,65535,65535,65535,65535,65535,65535
2026-07-31 09:49:57.087,177.57,49973,28742,40714,65535,65535,65535,65535,65535,65535
2026-07-31 09:49:57.133,177.61,55790,28742,28827,65535,65535,65535,65535,65535,65535
2026-07-31 09:49:57.182,177.66,55790,28742,28827,65535,65535,65535,65535,65535,65535
2026-07-31 09:49:57.230,177.71,55790,28742,28827,65535,65535,65535,65535,65535,65535
2026-07-31 09:49:57.277,177.76,55790,28742,28827,65535,65535,65535,65535,65535,65535
2026-07-31 09:49:57.321,177.8,55790,28742,28827,65535,65535,65535,65535,65535,65535
2026-07-31 09:49:57.371,177.85,55790,28742,28827,65535,65535,65535,65535,65535,65535
2026-07-31 09:49:57.418,177.9,55790,28742,28827,65535,65535,65535,65535,65535,65535
2026-07-31 09:49:57.467,177.95,55790,28742,28827,65535,65535,65535,65535,65535,65535
2026-07-31 09:49:57.512,177.99,55790,28742,28827,65535,65535,65535,65535,65535,65535
2026-07-31 09:49:57.558,178.04,55790,28742,28827,65535,65535,65535,65535,65535,65535
2026-07-31 09:49:57.605,178.08,55790,28742,28827,65535,65535,65535,65535,65535,65535
2026-07-31 09:49:57.654,178.13,55790,28742,28827,65535,65535,65535,65535,65535,65535
2026-07-31 09:49:57.696,178.18,54484,28742,40714,65535,65535,65535,65535,65535,65535
2026-07-31 09:49:57.746,178.23,54484,33533,40714,65535,65535,65535,65535,65535,65535
2026-07-31 09:49:57.790,178.27,54484,33533,40714,65535,65535,65535,65535,65535,65535
2026-07-31 09:49:57.842,178.32,54484,33533,40714,65535,65535,65535,65535,65535,65535
2026-07-31 09:49:57.885,178.36,54484,33533,40714,65535,65535,65535,65535,65535,65535
2026-07-31 09:49:57.934,178.41,54484,33533,40714,65535,65535,65535,65535,65535,65535
2026-07-31 09:49:57.978,178.46,54484,33533,40714,65535,65535,65535,65535,65535,65535
2026-07-31 09:49:58.029,178.51,54484,33533,40714,65535,65535,65535,65535,65535,65535
2026-07-31 09:49:58.071,178.55,54484,33533,40714,65535,65535,65535,65535,65535,65535
2026-07-31 09:49:58.124,178.6,54484,33533,40714,65535,65535,65535,65535,65535,65535
2026-07-31 09:49:58.169,178.65,54484,33533,40714,65535,65535,65535,65535,65535,65535
2026-07-31 09:49:58.218,178.7,54484,33533,40714,65535,65535,65535,65535,65535,65535
2026-07-31 09:49:58.263,178.74,54603,33533,33929,65535,65535,65535,65535,65535,65535
2026-07-31 09:49:58.312,178.79,54603,33533,33929,65535,65535,65535,65535,65535,65535
2026-07-31 09:49:58.359,178.84,54603,33533,33929,65535,65535,65535,65535,65535,65535
2026-07-31 09:49:58.407,178.89,54603,33533,33929,65535,65535,65535,65535,65535,65535
2026-07-31 09:49:58.457,178.94,54603,33533,33929,65535,65535,65535,65535,65535,65535
2026-07-31 09:49:58.504,178.98,54603,33533,33929,65535,65535,65535,65535,65535,65535
2026-07-31 09:49:58.552,179.03,54603,33533,33929,65535,65535,65535,65535,65535,65535
2026-07-31 09:49:58.600,179.08,54603,33533,33929,65535,65535,65535,65535,65535,65535
2026-07-31 09:49:58.650,179.13,54603,33533,33929,65535,65535,65535,65535,65535,65535
2026-07-31 09:49:58.693,179.17,54603,33533,33929,65535,65535,65535,65535,65535,65535
2026-07-31 09:49:58.743,179.22,54603,33533,33929,65535,65535,65535,65535,65535,65535
2026-07-31 09:49:58.789,179.27,54603,33533,40714,65535,65535,65535,65535,65535,65535
2026-07-31 09:49:58.837,179.32,50092,33533,40714,65535,65535,65535,65535,65535,65535
2026-07-31 09:49:58.883,179.36,50092,33533,40714,65535,65535,65535,65535,65535,65535
2026-07-31 09:49:58.931,179.41,50092,33533,40714,65535,65535,65535,65535,65535,65535
2026-07-31 09:49:58.977,179.46,50092,33533,40714,65535,65535,65535,65535,65535,65535
2026-07-31 09:49:59.025,179.5,50092,33533,40714,65535,65535,65535,65535,65535,65535
2026-07-31 09:49:59.076,179.56,50092,33533,40714,65535,65535,65535,65535,65535,65535
2026-07-31 09:49:59.125,179.6,50092,33533,40714,65535,65535,65535,65535,65535,65535
2026-07-31 09:49:59.177,179.66,50092,33533,40714,65535,65535,65535,65535,65535,65535
2026-07-31 09:49:59.226,179.71,50092,33533,40714,65535,65535,65535,65535,65535,65535
2026-07-31 09:49:59.273,179.75,50092,33533,40714,65535,65535,65535,65535,65535,65535
2026-07-31 09:49:59.319,179.8,50092,33533,40714,65535,65535,65535,65535,65535,65535
2026-07-31 09:49:59.368,179.85,50092,33533,40714,65535,65535,65535,65535,65535,65535
2026-07-31 09:49:59.411,179.89,62615,33830,40714,65535,65535,65535,65535,65535,65535
2026-07-31 09:49:59.462,179.94,62615,33830,40714,65535,65535,65535,65535,65535,65535
2026-07-31 09:49:59.509,179.99,62615,33830,40714,65535,65535,65535,65535,65535,65535
2026-07-31 09:49:59.558,180.04,62615,33830,40714,65535,65535,65535,65535,65535,65535
2026-07-31 09:49:59.606,180.09,62615,33830,40714,65535,65535,65535,65535,65535,65535
2026-07-31 09:49:59.653,180.13,62615,33830,40714,65535,65535,65535,65535,65535,65535
2026-07-31 09:49:59.702,180.18,62615,33830,40714,65535,65535,65535,65535,65535,65535
2026-07-31 09:49:59.747,180.23,62615,33830,40714,65535,65535,65535,65535,65535,65535
2026-07-31 09:49:59.793,180.27,62615,33830,40714,65535,65535,65535,65535,65535,65535
2026-07-31 09:49:59.841,180.32,62615,33830,40714,65535,65535,65535,65535,65535,65535
2026-07-31 09:49:59.887,180.37,62615,33830,40714,65535,65535,65535,65535,65535,65535
2026-07-31 09:49:59.931,180.41,62615,33830,33929,65535,65535,65535,65535,65535,65535
2026-07-31 09:49:59.976,180.46,62318,29082,33929,65535,65535,65535,65535,65535,65535
2026-07-31 09:50:00.023,180.5,62318,29082,33929,65535,65535,65535,65535,65535,65535
2026-07-31 09:50:00.070,180.55,62318,29082,33929,65535,65535,65535,65535,65535,65535
2026-07-31 09:50:00.115,180.59,62318,29082,33929,65535,65535,65535,65535,65535,65535
2026-07-31 09:50:00.162,180.64,62318,29082,33929,65535,65535,65535,65535,65535,65535
2026-07-31 09:50:00.210,180.69,62318,29082,33929,65535,65535,65535,65535,65535,65535
2026-07-31 09:50:00.257,180.74,62318,29082,33929,65535,65535,65535,65535,65535,65535
2026-07-31 09:50:00.306,180.79,62318,29082,33929,65535,65535,65535,65535,65535,65535
2026-07-31 09:50:00.352,180.83,62318,29082,33929,65535,65535,65535,65535,65535,65535
2026-07-31 09:50:00.399,180.88,62318,29082,33929,65535,65535,65535,65535,65535,65535
2026-07-31 09:50:00.448,180.93,62318,29082,33929,65535,65535,65535,65535,65535,65535
2026-07-31 09:50:00.491,180.97,62318,29082,40714,65535,65535,65535,65535,65535,65535
2026-07-31 09:50:00.540,181.02,62318,33731,40714,65535,65535,65535,65535,65535,65535
2026-07-31 09:50:00.587,181.07,62318,33731,40714,65535,65535,65535,65535,65535,65535
2026-07-31 09:50:00.634,181.11,62318,33731,40714,65535,65535,65535,65535,65535,65535
2026-07-31 09:50:00.679,181.16,62318,33731,40714,65535,65535,65535,65535,65535,65535
2026-07-31 09:50:00.729,181.21,62318,33731,40714,65535,65535,65535,65535,65535,65535
2026-07-31 09:50:00.777,181.26,62318,33731,40714,65535,65535,65535,65535,65535,65535
2026-07-31 09:50:00.825,181.3,62318,33731,40714,65535,65535,65535,65535,65535,65535
2026-07-31 09:50:00.873,181.35,62318,33731,40714,65535,65535,65535,65535,65535,65535
2026-07-31 09:50:00.918,181.4,62318,33731,40714,65535,65535,65535,65535,65535,65535
2026-07-31 09:50:00.967,181.45,62318,33731,40714,65535,65535,65535,65535,65535,65535
2026-07-31 09:50:01.013,181.49,62318,33731,40714,65535,65535,65535,65535,65535,65535
2026-07-31 09:50:01.060,181.54,62318,33731,40714,65535,65535,65535,65535,65535,65535
2026-07-31 09:50:01.108,181.59,49736,28742,40714,65535,65535,65535,65535,65535,65535
2026-07-31 09:50:01.156,181.64,49736,28742,40714,65535,65535,65535,65535,65535,65535
2026-07-31 09:50:01.204,181.68,49736,28742,40714,65535,65535,65535,65535,65535,65535
2026-07-31 09:50:01.254,181.73,49736,28742,40714,65535,65535,65535,65535,65535,65535
2026-07-31 09:50:01.304,181.78,49736,28742,40714,65535,65535,65535,65535,65535,65535
2026-07-31 09:50:01.352,181.83,49736,28742,40714,65535,65535,65535,65535,65535,65535
2026-07-31 09:50:01.395,181.87,49736,28742,40714,65535,65535,65535,65535,65535,65535
2026-07-31 09:50:01.445,181.92,49736,28742,40714,65535,65535,65535,65535,65535,65535
2026-07-31 09:50:01.493,181.97,49736,28742,40714,65535,65535,65535,65535,65535,65535
2026-07-31 09:50:01.543,182.02,49736,28742,40714,65535,65535,65535,65535,65535,65535
2026-07-31 09:50:01.588,182.07,49736,28742,40714,65535,65535,65535,65535,65535,65535
2026-07-31 09:50:01.641,182.12,49855,28742,33830,65535,65535,65535,65535,65535,65535
2026-07-31 09:50:01.689,182.17,49855,33533,33830,65535,65535,65535,65535,65535,65535
2026-07-31 09:50:01.738,182.22,49855,33533,33830,65535,65535,65535,65535,65535,65535
2026-07-31 09:50:01.788,182.27,49855,33533,33830,65535,65535,65535,65535,65535,65535
2026-07-31 09:50:01.834,182.31,49855,33533,33830,65535,65535,65535,65535,65535,65535
2026-07-31 09:50:01.880,182.36,49855,33533,33830,65535,65535,65535,65535,65535,65535
2026-07-31 09:50:01.925,182.4,49855,33533,33830,65535,65535,65535,65535,65535,65535
2026-07-31 09:50:01.976,182.46,49855,33533,33830,65535,65535,65535,65535,65535,65535
2026-07-31 09:50:02.022,182.5,49855,33533,33830,65535,65535,65535,65535,65535,65535
2026-07-31 09:50:02.069,182.55,49855,33533,33830,65535,65535,65535,65535,65535,65535
2026-07-31 09:50:02.117,182.6,49855,33533,33830,65535,65535,65535,65535,65535,65535
2026-07-31 09:50:02.163,182.64,49855,33533,33830,65535,65535,65535,65535,65535,65535
2026-07-31 09:50:02.207,182.69,49736,33533,40714,65535,65535,65535,65535,65535,65535
2026-07-31 09:50:02.258,182.74,49736,33632,40714,65535,65535,65535,65535,65535,65535
2026-07-31 09:50:02.303,182.78,49736,33632,40714,65535,65535,65535,65535,65535,65535
2026-07-31 09:50:02.352,182.83,49736,33632,40714,65535,65535,65535,65535,65535,65535
2026-07-31 09:50:02.405,182.88,49736,33632,40714,65535,65535,65535,65535,65535,65535
2026-07-31 09:50:02.448,182.93,49736,33632,40714,65535,65535,65535,65535,65535,65535
2026-07-31 09:50:02.499,182.98,49736,33632,40714,65535,65535,65535,65535,65535,65535
2026-07-31 09:50:02.549,183.03,49736,33632,40714,65535,65535,65535,65535,65535,65535
2026-07-31 09:50:02.599,183.08,49736,33632,40714,65535,65535,65535,65535,65535,65535
2026-07-31 09:50:02.646,183.13,49736,33632,40714,65535,65535,65535,65535,65535,65535
2026-07-31 09:50:02.691,183.17,49736,33632,40714,65535,65535,65535,65535,65535,65535
2026-07-31 09:50:02.736,183.22,49736,33632,40714,65535,65535,65535,65535,65535,65535
2026-07-31 09:50:02.785,183.26,49973,28827,33731,65535,65535,65535,65535,65535,65535
2026-07-31 09:50:02.830,183.31,49973,28827,33731,65535,65535,65535,65535,65535,65535
2026-07-31 09:50:02.878,183.36,49973,28827,33731,65535,65535,65535,65535,65535,65535
2026-07-31 09:50:02.924,183.4,49973,28827,33731,65535,65535,65535,65535,65535,65535
2026-07-31 09:50:02.978,183.46,49973,28827,33731,65535,65535,65535,65535,65535,65535
2026-07-31 09:50:03.025,183.5,49973,28827,33731,65535,65535,65535,65535,65535,65535
2026-07-31 09:50:03.070,183.55,49973,28827,33731,65535,65535,65535,65535,65535,65535
2026-07-31 09:50:03.116,183.6,49973,28827,33731,65535,65535,65535,65535,65535,65535
2026-07-31 09:50:03.159,183.64,49973,28827,33731,65535,65535,65535,65535,65535,65535
2026-07-31 09:50:03.208,183.69,49973,28827,33731,65535,65535,65535,65535,65535,65535
2026-07-31 09:50:03.254,183.73,49973,28827,33731,65535,65535,65535,65535,65535,65535
2026-07-31 09:50:03.304,183.78,49973,28827,33731,65535,65535,65535,65535,65535,65535
2026-07-31 09:50:03.347,183.83,49855,28742,40714,65535,65535,65535,65535,65535,65535
2026-07-31 09:50:03.394,183.87,49855,28742,40714,65535,65535,65535,65535,65535,65535
2026-07-31 09:50:03.443,183.92,49855,28742,40714,65535,65535,65535,65535,65535,65535
2026-07-31 09:50:03.492,183.97,49855,28742,40714,65535,65535,65535,65535,65535,65535
2026-07-31 09:50:03.541,184.02,49855,28742,40714,65535,65535,65535,65535,65535,65535
2026-07-31 09:50:03.588,184.07,49855,28742,40714,65535,65535,65535,65535,65535,65535
2026-07-31 09:50:03.632,184.11,49855,28742,40714,65535,65535,65535,65535,65535,65535
2026-07-31 09:50:03.684,184.16,49855,28742,40714,65535,65535,65535,65535,65535,65535
2026-07-31 09:50:03.731,184.21,49855,28742,40714,65535,65535,65535,65535,65535,65535
2026-07-31 09:50:03.777,184.26,49855,28742,40714,65535,65535,65535,65535,65535,65535
2026-07-31 09:50:03.826,184.31,49855,28742,40714,65535,65535,65535,65535,65535,65535
2026-07-31 09:50:03.873,184.35,49855,28742,33929,65535,65535,65535,65535,65535,65535
2026-07-31 09:50:03.919,184.4,62170,28742,33929,65535,65535,65535,65535,65535,65535
2026-07-31 09:50:03.972,184.45,62170,28742,33929,65535,65535,65535,65535,65535,65535
2026-07-31 09:50:04.018,184.5,62170,28742,33929,65535,65535,65535,65535,65535,65535
2026-07-31 09:50:04.064,184.54,62170,28742,33929,65535,65535,65535,65535,65535,65535
2026-07-31 09:50:04.115,184.59,62170,28742,33929,65535,65535,65535,65535,65535,65535
2026-07-31 09:50:04.166,184.65,62170,28742,33929,65535,65535,65535,65535,65535,65535
2026-07-31 09:50:04.210,184.69,62170,28742,33929,65535,65535,65535,65535,65535,65535
2026-07-31 09:50:04.253,184.73,62170,28742,33929,65535,65535,65535,65535,65535,65535
2026-07-31 09:50:04.303,184.78,62170,28742,33929,65535,65535,65535,65535,65535,65535
2026-07-31 09:50:04.351,184.83,62170,28742,33929,65535,65535,65535,65535,65535,65535
2026-07-31 09:50:04.397,184.88,62170,28742,33929,65535,65535,65535,65535,65535,65535
2026-07-31 09:50:04.446,184.93,62170,28742,40714,65535,65535,65535,65535,65535,65535
2026-07-31 09:50:04.490,184.97,62467,33830,40714,65535,65535,65535,65535,65535,65535
2026-07-31 09:50:04.540,185.02,62467,33830,40714,65535,65535,65535,65535,65535,65535
2026-07-31 09:50:04.583,185.06,62467,33830,40714,65535,65535,65535,65535,65535,65535
2026-07-31 09:50:04.633,185.11,62467,33830,40714,65535,65535,65535,65535,65535,65535
2026-07-31 09:50:04.678,185.16,62467,33830,40714,65535,65535,65535,65535,65535,65535
2026-07-31 09:50:04.728,185.21,62467,33830,40714,65535,65535,65535,65535,65535,65535
2026-07-31 09:50:04.774,185.25,62467,33830,40714,65535,65535,65535,65535,65535,65535
2026-07-31 09:50:04.821,185.3,62467,33830,40714,65535,65535,65535,65535,65535,65535
2026-07-31 09:50:04.865,185.34,62467,33830,40714,65535,65535,65535,65535,65535,65535
2026-07-31 09:50:04.914,185.39,62467,33830,40714,65535,65535,65535,65535,65535,65535
2026-07-31 09:50:04.962,185.44,62467,33830,40714,65535,65535,65535,65535,65535,65535
2026-07-31 09:50:05.011,185.49,62467,33830,40714,65535,65535,65535,65535,65535,65535
2026-07-31 09:50:05.061,185.54,49973,33533,40714,65535,65535,65535,65535,65535,65535
2026-07-31 09:50:05.108,185.59,49973,33533,40714,65535,65535,65535,65535,65535,65535
2026-07-31 09:50:05.158,185.64,49973,33533,40714,65535,65535,65535,65535,65535,65535
2026-07-31 09:50:05.208,185.69,49973,33533,40714,65535,65535,65535,65535,65535,65535
2026-07-31 09:50:05.259,185.74,49973,33533,40714,65535,65535,65535,65535,65535,65535
2026-07-31 09:50:05.312,185.79,49973,33533,40714,65535,65535,65535,65535,65535,65535
2026-07-31 09:50:05.362,185.84,49973,33533,40714,65535,65535,65535,65535,65535,65535
2026-07-31 09:50:05.412,185.89,49973,33533,40714,65535,65535,65535,65535,65535,65535
2026-07-31 09:50:05.461,185.94,49973,33533,40714,65535,65535,65535,65535,65535,65535
2026-07-31 09:50:05.507,185.99,49973,33533,40714,65535,65535,65535,65535,65535,65535
2026-07-31 09:50:05.556,186.04,49973,33533,40714,65535,65535,65535,65535,65535,65535
2026-07-31 09:50:05.604,186.08,49855,33533,33929,65535,65535,65535,65535,65535,65535
2026-07-31 09:50:05.658,186.14,49855,28742,33929,65535,65535,65535,65535,65535,65535
2026-07-31 09:50:05.703,186.18,49855,28742,33929,65535,65535,65535,65535,65535,65535
2026-07-31 09:50:05.752,186.23,49855,28742,33929,65535,65535,65535,65535,65535,65535
2026-07-31 09:50:05.798,186.28,49855,28742,33929,65535,65535,65535,65535,65535,65535
2026-07-31 09:50:05.847,186.33,49855,28742,33929,65535,65535,65535,65535,65535,65535
2026-07-31 09:50:05.889,186.37,49855,28742,33929,65535,65535,65535,65535,65535,65535
2026-07-31 09:50:05.937,186.42,49855,28742,33929,65535,65535,65535,65535,65535,65535
2026-07-31 09:50:05.984,186.46,49855,28742,33929,65535,65535,65535,65535,65535,65535
2026-07-31 09:50:06.034,186.51,49855,28742,33929,65535,65535,65535,65535,65535,65535
2026-07-31 09:50:06.079,186.56,49855,28742,33929,65535,65535,65535,65535,65535,65535
2026-07-31 09:50:06.124,186.6,49855,28742,33929,65535,65535,65535,65535,65535,65535
2026-07-31 09:50:06.168,186.65,49736,28742,40714,65535,65535,65535,65535,65535,65535
2026-07-31 09:50:06.219,186.7,49736,33533,40714,65535,65535,65535,65535,65535,65535
2026-07-31 09:50:06.272,186.75,49736,33533,40714,65535,65535,65535,65535,65535,65535
2026-07-31 09:50:06.318,186.8,49736,33533,40714,65535,65535,65535,65535,65535,65535
2026-07-31 09:50:06.364,186.84,49736,33533,40714,65535,65535,65535,65535,65535,65535
2026-07-31 09:50:06.410,186.89,49736,33533,40714,65535,65535,65535,65535,65535,65535
2026-07-31 09:50:06.471,186.95,49736,33533,40714,65535,65535,65535,65535,65535,65535
2026-07-31 09:50:06.515,186.99,49736,33533,40714,65535,65535,65535,65535,65535,65535
2026-07-31 09:50:06.561,187.04,49736,33533,40714,65535,65535,65535,65535,65535,65535
2026-07-31 09:50:06.606,187.09,49736,33533,40714,65535,65535,65535,65535,65535,65535
2026-07-31 09:50:06.653,187.13,49736,33533,40714,65535,65535,65535,65535,65535,65535
2026-07-31 09:50:06.700,187.18,49736,33533,33929,65535,65535,65535,65535,65535,65535
2026-07-31 09:50:06.748,187.23,50092,33632,33929,65535,65535,65535,65535,65535,65535
2026-07-31 09:50:06.793,187.27,50092,33632,33929,65535,65535,65535,65535,65535,65535
2026-07-31 09:50:06.839,187.32,50092,33632,33929,65535,65535,65535,65535,65535,65535
2026-07-31 09:50:06.888,187.37,50092,33632,33929,65535,65535,65535,65535,65535,65535
2026-07-31 09:50:06.935,187.41,50092,33632,33929,65535,65535,65535,65535,65535,65535
2026-07-31 09:50:06.983,187.46,50092,33632,33929,65535,65535,65535,65535,65535,65535
2026-07-31 09:50:07.026,187.51,50092,33632,33929,65535,65535,65535,65535,65535,65535
2026-07-31 09:50:07.074,187.55,50092,33632,33929,65535,65535,65535,65535,65535,65535
2026-07-31 09:50:07.121,187.6,50092,33632,33929,65535,65535,65535,65535,65535,65535
2026-07-31 09:50:07.166,187.65,50092,33632,33929,65535,65535,65535,65535,65535,65535
2026-07-31 09:50:07.213,187.69,50092,33632,33929,65535,65535,65535,65535,65535,65535
2026-07-31 09:50:07.259,187.74,50092,33632,33929,65535,65535,65535,65535,65535,65535
2026-07-31 09:50:07.305,187.78,62615,33533,33929,65535,65535,65535,65535,65535,65535
2026-07-31 09:50:07.352,187.83,62615,33533,33929,65535,65535,65535,65535,65535,65535
2026-07-31 09:50:07.402,187.88,62615,33533,33929,65535,65535,65535,65535,65535,65535
2026-07-31 09:50:07.449,187.93,62615,33533,33929,65535,65535,65535,65535,65535,65535
2026-07-31 09:50:07.494,187.97,62615,33533,33929,65535,65535,65535,65535,65535,65535
2026-07-31 09:50:07.541,188.02,62615,33533,33929,65535,65535,65535,65535,65535,65535
2026-07-31 09:50:07.586,188.07,62615,33533,33929,65535,65535,65535,65535,65535,65535
2026-07-31 09:50:07.635,188.11,62615,33533,33929,65535,65535,65535,65535,65535,65535
2026-07-31 09:50:07.678,188.16,62615,33533,33929,65535,65535,65535,65535,65535,65535
2026-07-31 09:50:07.727,188.21,62615,33533,33929,65535,65535,65535,65535,65535,65535
2026-07-31 09:50:07.775,188.25,62615,33533,33929,65535,65535,65535,65535,65535,65535
2026-07-31 09:50:07.822,188.3,62615,33533,33929,65535,65535,65535,65535,65535,65535
2026-07-31 09:50:07.865,188.34,62763,33533,33929,65535,65535,65535,65535,65535,65535
2026-07-31 09:50:07.914,188.39,62763,33533,33929,65535,65535,65535,65535,65535,65535
2026-07-31 09:50:07.959,188.44,62763,33533,33929,65535,65535,65535,65535,65535,65535
2026-07-31 09:50:08.011,188.49,62763,33533,33929,65535,65535,65535,65535,65535,65535
2026-07-31 09:50:08.059,188.54,62763,33533,33929,65535,65535,65535,65535,65535,65535
2026-07-31 09:50:08.109,188.59,62763,33533,33929,65535,65535,65535,65535,65535,65535
2026-07-31 09:50:08.153,188.63,62763,33533,33929,65535,65535,65535,65535,65535,65535
2026-07-31 09:50:08.204,188.68,62763,33533,33929,65535,65535,65535,65535,65535,65535
2026-07-31 09:50:08.250,188.73,62763,33533,33929,65535,65535,65535,65535,65535,65535
2026-07-31 09:50:08.297,188.78,62763,33533,33929,65535,65535,65535,65535,65535,65535
2026-07-31 09:50:08.341,188.82,62763,33533,33929,65535,65535,65535,65535,65535,65535
2026-07-31 09:50:08.391,188.87,62763,33533,33929,65535,65535,65535,65535,65535,65535
2026-07-31 09:50:08.439,188.92,62467,28742,33929,65535,65535,65535,65535,65535,65535
2026-07-31 09:50:08.486,188.97,62467,28742,33929,65535,65535,65535,65535,65535,65535
2026-07-31 09:50:08.532,189.01,62467,28742,33929,65535,65535,65535,65535,65535,65535
2026-07-31 09:50:08.578,189.06,62467,28742,33929,65535,65535,65535,65535,65535,65535
2026-07-31 09:50:08.626,189.11,62467,28742,33929,65535,65535,65535,65535,65535,65535
2026-07-31 09:50:08.672,189.15,62467,28742,33929,65535,65535,65535,65535,65535,65535
2026-07-31 09:50:08.720,189.2,62467,28742,33929,65535,65535,65535,65535,65535,65535
2026-07-31 09:50:08.764,189.24,62467,28742,33929,65535,65535,65535,65535,65535,65535
2026-07-31 09:50:08.815,189.29,62467,28742,33929,65535,65535,65535,65535,65535,65535
2026-07-31 09:50:08.865,189.34,62467,28742,33929,65535,65535,65535,65535,65535,65535
2026-07-31 09:50:08.916,189.4,62467,28742,33929,65535,65535,65535,65535,65535,65535
2026-07-31 09:50:08.975,189.45,62467,28742,40714,65535,65535,65535,65535,65535,65535
2026-07-31 09:50:09.017,189.5,50092,28742,40714,65535,65535,65535,65535,65535,65535
2026-07-31 09:50:09.070,189.55,50092,28742,40714,65535,65535,65535,65535,65535,65535
2026-07-31 09:50:09.123,189.6,50092,28742,40714,65535,65535,65535,65535,65535,65535
2026-07-31 09:50:09.167,189.65,50092,28742,40714,65535,65535,65535,65535,65535,65535
2026-07-31 09:50:09.217,189.7,50092,28742,40714,65535,65535,65535,65535,65535,65535
2026-07-31 09:50:09.261,189.74,50092,28742,40714,65535,65535,65535,65535,65535,65535
2026-07-31 09:50:09.312,189.79,50092,28742,40714,65535,65535,65535,65535,65535,65535
2026-07-31 09:50:09.360,189.84,50092,28742,40714,65535,65535,65535,65535,65535,65535
2026-07-31 09:50:09.411,189.89,50092,28742,40714,65535,65535,65535,65535,65535,65535
2026-07-31 09:50:09.457,189.94,50092,28742,40714,65535,65535,65535,65535,65535,65535
2026-07-31 09:50:09.506,189.99,50092,28742,40714,65535,65535,65535,65535,65535,65535
2026-07-31 09:50:09.553,190.03,62467,28742,40714,65535,65535,65535,65535,65535,65535
2026-07-31 09:50:09.600,190.08,62467,28742,40714,65535,65535,65535,65535,65535,65535
2026-07-31 09:50:09.648,190.13,62467,28742,40714,65535,65535,65535,65535,65535,65535
2026-07-31 09:50:09.695,190.17,62467,28742,40714,65535,65535,65535,65535,65535,65535
2026-07-31 09:50:09.742,190.22,62467,28742,40714,65535,65535,65535,65535,65535,65535
2026-07-31 09:50:09.787,190.27,62467,28742,40714,65535,65535,65535,65535,65535,65535
2026-07-31 09:50:09.839,190.32,62467,28742,40714,65535,65535,65535,65535,65535,65535
2026-07-31 09:50:09.886,190.37,62467,28742,40714,65535,65535,65535,65535,65535,65535
2026-07-31 09:50:09.939,190.42,62467,28742,40714,65535,65535,65535,65535,65535,65535
2026-07-31 09:50:09.985,190.46,62467,28742,40714,65535,65535,65535,65535,65535,65535
2026-07-31 09:50:10.032,190.51,62467,28742,40714,65535,65535,65535,65535,65535,65535
2026-07-31 09:50:10.078,190.56,62467,28742,40714,65535,65535,65535,65535,65535,65535
2026-07-31 09:50:10.127,190.61,62467,33533,28997,65535,65535,65535,65535,65535,65535
2026-07-31 09:50:10.174,190.65,62467,33533,28997,65535,65535,65535,65535,65535,65535
2026-07-31 09:50:10.222,190.7,62467,33533,28997,65535,65535,65535,65535,65535,65535
2026-07-31 09:50:10.267,190.75,62467,33533,28997,65535,65535,65535,65535,65535,65535
2026-07-31 09:50:10.314,190.79,62467,33533,28997,65535,65535,65535,65535,65535,65535
2026-07-31 09:50:10.365,190.84,62467,33533,28997,65535,65535,65535,65535,65535,65535
2026-07-31 09:50:10.408,190.89,62467,33533,28997,65535,65535,65535,65535,65535,65535
2026-07-31 09:50:10.458,190.94,62467,33533,28997,65535,65535,65535,65535,65535,65535
2026-07-31 09:50:10.503,190.98,62467,33533,28997,65535,65535,65535,65535,65535,65535
2026-07-31 09:50:10.553,191.03,62467,33533,28997,65535,65535,65535,65535,65535,65535
2026-07-31 09:50:10.598,191.08,62467,33533,28997,65535,65535,65535,65535,65535,65535
2026-07-31 09:50:10.647,191.13,62467,33533,28997,65535,65535,65535,65535,65535,65535
2026-07-31 09:50:10.690,191.17,50092,33533,40714,65535,65535,65535,65535,65535,65535
2026-07-31 09:50:10.741,191.22,50092,33632,40714,65535,65535,65535,65535,65535,65535
2026-07-31 09:50:10.785,191.26,50092,33632,40714,65535,65535,65535,65535,65535,65535
2026-07-31 09:50:10.837,191.32,50092,33632,40714,65535,65535,65535,65535,65535,65535
2026-07-31 09:50:10.881,191.36,50092,33632,40714,65535,65535,65535,65535,65535,65535
2026-07-31 09:50:10.932,191.41,50092,33632,40714,65535,65535,65535,65535,65535,65535
2026-07-31 09:50:10.976,191.46,50092,33632,40714,65535,65535,65535,65535,65535,65535
2026-07-31 09:50:11.027,191.51,50092,33632,40714,65535,65535,65535,65535,65535,65535
2026-07-31 09:50:11.071,191.55,50092,33632,40714,65535,65535,65535,65535,65535,65535
2026-07-31 09:50:11.119,191.6,50092,33632,40714,65535,65535,65535,65535,65535,65535
2026-07-31 09:50:11.167,191.65,50092,33632,40714,65535,65535,65535,65535,65535,65535
2026-07-31 09:50:11.216,191.7,50092,33632,33929,65535,65535,65535,65535,65535,65535
2026-07-31 09:50:11.263,191.74,50092,33632,33929,65535,65535,65535,65535,65535,65535
2026-07-31 09:50:11.310,191.79,50092,33632,33929,65535,65535,65535,65535,65535,65535
2026-07-31 09:50:11.359,191.84,50092,33632,33929,65535,65535,65535,65535,65535,65535
2026-07-31 09:50:11.404,191.88,50092,33632,33929,65535,65535,65535,65535,65535,65535
2026-07-31 09:50:11.455,191.93,50092,33632,33929,65535,65535,65535,65535,65535,65535
2026-07-31 09:50:11.500,191.98,50092,33632,33929,65535,65535,65535,65535,65535,65535
2026-07-31 09:50:11.546,192.03,50092,33632,33929,65535,65535,65535,65535,65535,65535
2026-07-31 09:50:11.593,192.07,50092,33632,33929,65535,65535,65535,65535,65535,65535
2026-07-31 09:50:11.639,192.12,50092,33632,33929,65535,65535,65535,65535,65535,65535
2026-07-31 09:50:11.689,192.17,50092,33632,33929,65535,65535,65535,65535,65535,65535
2026-07-31 09:50:11.737,192.22,50092,33632,33929,65535,65535,65535,65535,65535,65535
2026-07-31 09:50:11.782,192.26,50092,33632,33929,65535,65535,65535,65535,65535,65535
2026-07-31 09:50:11.832,192.31,62912,33533,33929,65535,65535,65535,65535,65535,65535
2026-07-31 09:50:11.881,192.36,62912,33533,33929,65535,65535,65535,65535,65535,65535
2026-07-31 09:50:11.928,192.41,62912,33533,33929,65535,65535,65535,65535,65535,65535
2026-07-31 09:50:11.979,192.46,62912,33533,33929,65535,65535,65535,65535,65535,65535
2026-07-31 09:50:12.028,192.51,62912,33533,33929,65535,65535,65535,65535,65535,65535
2026-07-31 09:50:12.080,192.56,62912,33533,33929,65535,65535,65535,65535,65535,65535
2026-07-31 09:50:12.131,192.61,62912,33533,33929,65535,65535,65535,65535,65535,65535
2026-07-31 09:50:12.175,192.65,62912,33533,33929,65535,65535,65535,65535,65535,65535
2026-07-31 09:50:12.227,192.71,62912,33533,33929,65535,65535,65535,65535,65535,65535
2026-07-31 09:50:12.271,192.75,62912,33533,33929,65535,65535,65535,65535,65535,65535
2026-07-31 09:50:12.321,192.8,62912,33533,33929,65535,65535,65535,65535,65535,65535
2026-07-31 09:50:12.365,192.84,50092,33533,40714,65535,65535,65535,65535,65535,65535
2026-07-31 09:50:12.415,192.89,50092,25150,40714,65535,65535,65535,65535,65535,65535
2026-07-31 09:50:12.460,192.94,50092,25150,40714,65535,65535,65535,65535,65535,65535
2026-07-31 09:50:12.511,192.99,50092,25150,40714,65535,65535,65535,65535,65535,65535
2026-07-31 09:50:12.556,193.04,50092,25150,40714,65535,65535,65535,65535,65535,65535
2026-07-31 09:50:12.604,193.08,50092,25150,40714,65535,65535,65535,65535,65535,65535
2026-07-31 09:50:12.653,193.13,50092,25150,40714,65535,65535,65535,65535,65535,65535
2026-07-31 09:50:12.703,193.18,50092,25150,40714,65535,65535,65535,65535,65535,65535
2026-07-31 09:50:12.748,193.23,50092,25150,40714,65535,65535,65535,65535,65535,65535
2026-07-31 09:50:12.794,193.27,50092,25150,40714,65535,65535,65535,65535,65535,65535
2026-07-31 09:50:12.842,193.32,50092,25150,40714,65535,65535,65535,65535,65535,65535
2026-07-31 09:50:12.888,193.37,50092,25150,40714,65535,65535,65535,65535,65535,65535
2026-07-31 09:50:12.938,193.42,62615,25150,29082,65535,65535,65535,65535,65535,65535
2026-07-31 09:50:12.983,193.46,62615,28742,29082,65535,65535,65535,65535,65535,65535
2026-07-31 09:50:13.033,193.51,62615,28742,29082,65535,65535,65535,65535,65535,65535
2026-07-31 09:50:13.077,193.56,62615,28742,29082,65535,65535,65535,65535,65535,65535
2026-07-31 09:50:13.130,193.61,62615,28742,29082,65535,65535,65535,65535,65535,65535
2026-07-31 09:50:13.172,193.65,62615,28742,29082,65535,65535,65535,65535,65535,65535
2026-07-31 09:50:13.222,193.7,62615,28742,29082,65535,65535,65535,65535,65535,65535
2026-07-31 09:50:13.266,193.75,62615,28742,29082,65535,65535,65535,65535,65535,65535
2026-07-31 09:50:13.318,193.8,62615,28742,29082,65535,65535,65535,65535,65535,65535
2026-07-31 09:50:13.369,193.85,62615,28742,29082,65535,65535,65535,65535,65535,65535
2026-07-31 09:50:13.416,193.9,62615,28742,29082,65535,65535,65535,65535,65535,65535
2026-07-31 09:50:13.464,193.94,62615,28742,29082,65535,65535,65535,65535,65535,65535
2026-07-31 09:50:13.512,193.99,62318,28742,40596,65535,65535,65535,65535,65535,65535
2026-07-31 09:50:13.560,194.04,62318,28742,40596,65535,65535,65535,65535,65535,65535
2026-07-31 09:50:13.604,194.08,62318,28742,40596,65535,65535,65535,65535,65535,65535
2026-07-31 09:50:13.654,194.13,62318,28742,40596,65535,65535,65535,65535,65535,65535
2026-07-31 09:50:13.697,194.18,62318,28742,40596,65535,65535,65535,65535,65535,65535
2026-07-31 09:50:13.748,194.23,62318,28742,40596,65535,65535,65535,65535,65535,65535
2026-07-31 09:50:13.793,194.27,62318,28742,40596,65535,65535,65535,65535,65535,65535
2026-07-31 09:50:13.846,194.33,62318,28742,40596,65535,65535,65535,65535,65535,65535
2026-07-31 09:50:13.894,194.37,62318,28742,40596,65535,65535,65535,65535,65535,65535
2026-07-31 09:50:13.945,194.42,62318,28742,40596,65535,65535,65535,65535,65535,65535
2026-07-31 09:50:13.997,194.48,62318,28742,40596,65535,65535,65535,65535,65535,65535
2026-07-31 09:50:14.046,194.53,62318,28742,33929,65535,65535,65535,65535,65535,65535
2026-07-31 09:50:14.097,194.58,62615,33533,33929,65535,65535,65535,65535,65535,65535
2026-07-31 09:50:14.142,194.62,62615,33533,33929,65535,65535,65535,65535,65535,65535
2026-07-31 09:50:14.190,194.67,62615,33533,33929,65535,65535,65535,65535,65535,65535
2026-07-31 09:50:14.234,194.71,62615,33533,33929,65535,65535,65535,65535,65535,65535
2026-07-31 09:50:14.284,194.76,62615,33533,33929,65535,65535,65535,65535,65535,65535
2026-07-31 09:50:14.330,194.81,62615,33533,33929,65535,65535,65535,65535,65535,65535
2026-07-31 09:50:14.377,194.86,62615,33533,33929,65535,65535,65535,65535,65535,65535
2026-07-31 09:50:14.426,194.91,62615,33533,33929,65535,65535,65535,65535,65535,65535
2026-07-31 09:50:14.474,194.95,62615,33533,33929,65535,65535,65535,65535,65535,65535
2026-07-31 09:50:14.521,195.0,62615,33533,33929,65535,65535,65535,65535,65535,65535
2026-07-31 09:50:14.566,195.05,62615,33533,33929,65535,65535,65535,65535,65535,65535
2026-07-31 09:50:14.618,195.1,49973,33533,33929,65535,65535,65535,65535,65535,65535
2026-07-31 09:50:14.668,195.15,49973,33533,33929,65535,65535,65535,65535,65535,65535
2026-07-31 09:50:14.719,195.2,49973,33533,33929,65535,65535,65535,65535,65535,65535
2026-07-31 09:50:14.765,195.24,49973,33533,33929,65535,65535,65535,65535,65535,65535
2026-07-31 09:50:14.812,195.29,49973,33533,33929,65535,65535,65535,65535,65535,65535
2026-07-31 09:50:14.860,195.34,49973,33533,33929,65535,65535,65535,65535,65535,65535
2026-07-31 09:50:14.906,195.39,49973,33533,33929,65535,65535,65535,65535,65535,65535
2026-07-31 09:50:14.954,195.43,49973,33533,33929,65535,65535,65535,65535,65535,65535
2026-07-31 09:50:15.001,195.48,49973,33533,33929,65535,65535,65535,65535,65535,65535
2026-07-31 09:50:15.050,195.53,49973,33533,33929,65535,65535,65535,65535,65535,65535
2026-07-31 09:50:15.095,195.57,49973,33533,33929,65535,65535,65535,65535,65535,65535
2026-07-31 09:50:15.142,195.62,49973,33533,33929,65535,65535,65535,65535,65535,65535
2026-07-31 09:50:15.193,195.67,49855,33533,40714,65535,65535,65535,65535,65535,65535
2026-07-31 09:50:15.245,195.72,49855,28742,40714,65535,65535,65535,65535,65535,65535
2026-07-31 09:50:15.293,195.77,49855,28742,40714,65535,65535,65535,65535,65535,65535
2026-07-31 09:50:15.345,195.82,49855,28742,40714,65535,65535,65535,65535,65535,65535
2026-07-31 09:50:15.395,195.87,49855,28742,40714,65535,65535,65535,65535,65535,65535
2026-07-31 09:50:15.452,195.93,49855,28742,40714,65535,65535,65535,65535,65535,65535
2026-07-31 09:50:15.503,195.98,49855,28742,40714,65535,65535,65535,65535,65535,65535
2026-07-31 09:50:15.550,196.03,49855,28742,40714,65535,65535,65535,65535,65535,65535
2026-07-31 09:50:15.595,196.07,49855,28742,40714,65535,65535,65535,65535,65535,65535
2026-07-31 09:50:15.641,196.12,49855,28742,40714,65535,65535,65535,65535,65535,65535
2026-07-31 09:50:15.690,196.17,49855,28742,40714,65535,65535,65535,65535,65535,65535
2026-07-31 09:50:15.740,196.22,49855,28742,33929,65535,65535,65535,65535,65535,65535
2026-07-31 09:50:15.785,196.26,49855,28742,33929,65535,65535,65535,65535,65535,65535
2026-07-31 09:50:15.829,196.31,49855,28742,33929,65535,65535,65535,65535,65535,65535
2026-07-31 09:50:15.881,196.36,49855,28742,33929,65535,65535,65535,65535,65535,65535
2026-07-31 09:50:15.926,196.41,49855,28742,33929,65535,65535,65535,65535,65535,65535
2026-07-31 09:50:15.975,196.45,49855,28742,33929,65535,65535,65535,65535,65535,65535
2026-07-31 09:50:16.018,196.5,49855,28742,33929,65535,65535,65535,65535,65535,65535
2026-07-31 09:50:16.069,196.55,49855,28742,33929,65535,65535,65535,65535,65535,65535
2026-07-31 09:50:16.112,196.59,49855,28742,33929,65535,65535,65535,65535,65535,65535
2026-07-31 09:50:16.164,196.64,49855,28742,33929,65535,65535,65535,65535,65535,65535
2026-07-31 09:50:16.210,196.69,49855,28742,33929,65535,65535,65535,65535,65535,65535
2026-07-31 09:50:16.258,196.74,49855,28742,33929,65535,65535,65535,65535,65535,65535
2026-07-31 09:50:16.306,196.79,49855,28742,50893,65535,65535,65535,65535,65535,65535
2026-07-31 09:50:16.354,196.83,62615,33632,50893,65535,65535,65535,65535,65535,65535
2026-07-31 09:50:16.400,196.88,62615,33632,50893,65535,65535,65535,65535,65535,65535
2026-07-31 09:50:16.447,196.93,62615,33632,50893,65535,65535,65535,65535,65535,65535
2026-07-31 09:50:16.492,196.97,62615,33632,50893,65535,65535,65535,65535,65535,65535
2026-07-31 09:50:16.541,197.02,62615,33632,50893,65535,65535,65535,65535,65535,65535
2026-07-31 09:50:16.590,197.07,62615,33632,50893,65535,65535,65535,65535,65535,65535
2026-07-31 09:50:16.638,197.12,62615,33632,50893,65535,65535,65535,65535,65535,65535
2026-07-31 09:50:16.684,197.16,62615,33632,50893,65535,65535,65535,65535,65535,65535
2026-07-31 09:50:16.735,197.21,62615,33632,50893,65535,65535,65535,65535,65535,65535
2026-07-31 09:50:16.780,197.26,62615,33632,50893,65535,65535,65535,65535,65535,65535
2026-07-31 09:50:16.826,197.31,62615,33632,50893,65535,65535,65535,65535,65535,65535
2026-07-31 09:50:16.873,197.35,62615,33632,40714,65535,65535,65535,65535,65535,65535
2026-07-31 09:50:16.919,197.4,62467,33533,40714,65535,65535,65535,65535,65535,65535
2026-07-31 09:50:16.965,197.44,62467,33533,40714,65535,65535,65535,65535,65535,65535
2026-07-31 09:50:17.010,197.49,62467,33533,40714,65535,65535,65535,65535,65535,65535
2026-07-31 09:50:17.058,197.54,62467,33533,40714,65535,65535,65535,65535,65535,65535
2026-07-31 09:50:17.107,197.59,62467,33533,40714,65535,65535,65535,65535,65535,65535
2026-07-31 09:50:17.155,197.63,62467,33533,40714,65535,65535,65535,65535,65535,65535
2026-07-31 09:50:17.200,197.68,62467,33533,40714,65535,65535,65535,65535,65535,65535
2026-07-31 09:50:17.250,197.73,62467,33533,40714,65535,65535,65535,65535,65535,65535
2026-07-31 09:50:17.293,197.77,62467,33533,40714,65535,65535,65535,65535,65535,65535
2026-07-31 09:50:17.341,197.82,62467,33533,40714,65535,65535,65535,65535,65535,65535
2026-07-31 09:50:17.389,197.87,62467,33533,40714,65535,65535,65535,65535,65535,65535
2026-07-31 09:50:17.438,197.92,62467,33533,33929,65535,65535,65535,65535,65535,65535
2026-07-31 09:50:17.485,197.96,50092,33632,33929,65535,65535,65535,65535,65535,65535
2026-07-31 09:50:17.530,198.01,50092,33632,33929,65535,65535,65535,65535,65535,65535
2026-07-31 09:50:17.580,198.06,50092,33632,33929,65535,65535,65535,65535,65535,65535
2026-07-31 09:50:17.629,198.11,50092,33632,33929,65535,65535,65535,65535,65535,65535
2026-07-31 09:50:17.679,198.16,50092,33632,33929,65535,65535,65535,65535,65535,65535
2026-07-31 09:50:17.723,198.2,50092,33632,33929,65535,65535,65535,65535,65535,65535
2026-07-31 09:50:17.773,198.25,50092,33632,33929,65535,65535,65535,65535,65535,65535
2026-07-31 09:50:17.820,198.3,50092,33632,33929,65535,65535,65535,65535,65535,65535
2026-07-31 09:50:17.870,198.35,50092,33632,33929,65535,65535,65535,65535,65535,65535
2026-07-31 09:50:17.916,198.4,50092,33632,33929,65535,65535,65535,65535,65535,65535
2026-07-31 09:50:17.962,198.44,50092,33632,33929,65535,65535,65535,65535,65535,65535
2026-07-31 09:50:18.010,198.49,62615,33632,33929,65535,65535,65535,65535,65535,65535
2026-07-31 09:50:18.057,198.54,62615,33533,33929,65535,65535,65535,65535,65535,65535
2026-07-31 09:50:18.101,198.58,62615,33533,33929,65535,65535,65535,65535,65535,65535
2026-07-31 09:50:18.149,198.63,62615,33533,33929,65535,65535,65535,65535,65535,65535
2026-07-31 09:50:18.196,198.68,62615,33533,33929,65535,65535,65535,65535,65535,65535
2026-07-31 09:50:18.246,198.73,62615,33533,33929,65535,65535,65535,65535,65535,65535
2026-07-31 09:50:18.292,198.77,62615,33533,33929,65535,65535,65535,65535,65535,65535
2026-07-31 09:50:18.346,198.83,62615,33533,33929,65535,65535,65535,65535,65535,65535
2026-07-31 09:50:18.392,198.87,62615,33533,33929,65535,65535,65535,65535,65535,65535
2026-07-31 09:50:18.437,198.92,62615,33533,33929,65535,65535,65535,65535,65535,65535
2026-07-31 09:50:18.486,198.97,62615,33533,33929,65535,65535,65535,65535,65535,65535
2026-07-31 09:50:18.531,199.01,62615,33533,33929,65535,65535,65535,65535,65535,65535
2026-07-31 09:50:18.578,199.06,50092,33533,33830,65535,65535,65535,65535,65535,65535
2026-07-31 09:50:18.623,199.1,50092,33533,33830,65535,65535,65535,65535,65535,65535
2026-07-31 09:50:18.673,199.15,50092,33533,33830,65535,65535,65535,65535,65535,65535
2026-07-31 09:50:18.720,199.2,50092,33533,33830,65535,65535,65535,65535,65535,65535
2026-07-31 09:50:18.768,199.25,50092,33533,33830,65535,65535,65535,65535,65535,65535
2026-07-31 09:50:18.811,199.29,50092,33533,33830,65535,65535,65535,65535,65535,65535
2026-07-31 09:50:18.863,199.34,50092,33533,33830,65535,65535,65535,65535,65535,65535
2026-07-31 09:50:18.909,199.39,50092,33533,33830,65535,65535,65535,65535,65535,65535
2026-07-31 09:50:18.954,199.43,50092,33533,33830,65535,65535,65535,65535,65535,65535
2026-07-31 09:50:19.002,199.48,50092,33533,33830,65535,65535,65535,65535,65535,65535
2026-07-31 09:50:19.049,199.53,50092,33533,33830,65535,65535,65535,65535,65535,65535
2026-07-31 09:50:19.096,199.58,50092,33533,33830,65535,65535,65535,65535,65535,65535
2026-07-31 09:50:19.142,199.62,62318,33533,40714,65535,65535,65535,65535,65535,65535
2026-07-31 09:50:19.190,199.67,62318,28827,40714,65535,65535,65535,65535,65535,65535
2026-07-31 09:50:19.237,199.72,62318,28827,40714,65535,65535,65535,65535,65535,65535
2026-07-31 09:50:19.287,199.77,62318,28827,40714,65535,65535,65535,65535,65535,65535
2026-07-31 09:50:19.332,199.81,62318,28827,40714,65535,65535,65535,65535,65535,65535
2026-07-31 09:50:19.383,199.86,62318,28827,40714,65535,65535,65535,65535,65535,65535
2026-07-31 09:50:19.431,199.91,62318,28827,40714,65535,65535,65535,65535,65535,65535
2026-07-31 09:50:19.478,199.96,62318,28827,40714,65535,65535,65535,65535,65535,65535
2026-07-31 09:50:19.524,200.0,62318,28827,40714,65535,65535,65535,65535,65535,65535
2026-07-31 09:50:19.575,200.05,62318,28827,40714,65535,65535,65535,65535,65535,65535
2026-07-31 09:50:19.621,200.1,62318,28827,40714,65535,65535,65535,65535,65535,65535
2026-07-31 09:50:19.665,200.14,62318,28827,40714,65535,65535,65535,65535,65535,65535
2026-07-31 09:50:19.707,200.19,50092,28827,40358,65535,65535,65535,65535,65535,65535
2026-07-31 09:50:19.755,200.23,50092,28742,40358,65535,65535,65535,65535,65535,65535
2026-07-31 09:50:19.804,200.28,50092,28742,40358,65535,65535,65535,65535,65535,65535
2026-07-31 09:50:19.851,200.33,50092,28742,40358,65535,65535,65535,65535,65535,65535
2026-07-31 09:50:19.899,200.38,50092,28742,40358,65535,65535,65535,65535,65535,65535
2026-07-31 09:50:19.948,200.43,50092,28742,40358,65535,65535,65535,65535,65535,65535
2026-07-31 09:50:19.998,200.48,50092,28742,40358,65535,65535,65535,65535,65535,65535
2026-07-31 09:50:20.048,200.53,50092,28742,40358,65535,65535,65535,65535,65535,65535
2026-07-31 09:50:20.095,200.57,50092,28742,40358,65535,65535,65535,65535,65535,65535
2026-07-31 09:50:20.140,200.62,50092,28742,40358,65535,65535,65535,65535,65535,65535
2026-07-31 09:50:20.189,200.67,50092,28742,40358,65535,65535,65535,65535,65535,65535
2026-07-31 09:50:20.235,200.71,50092,28742,40358,65535,65535,65535,65535,65535,65535
2026-07-31 09:50:20.284,200.76,62615,28827,40714,65535,65535,65535,65535,65535,65535
2026-07-31 09:50:20.331,200.81,62615,28827,40714,65535,65535,65535,65535,65535,65535
2026-07-31 09:50:20.385,200.86,62615,28827,40714,65535,65535,65535,65535,65535,65535
2026-07-31 09:50:20.435,200.91,62615,28827,40714,65535,65535,65535,65535,65535,65535
2026-07-31 09:50:20.480,200.96,62615,28827,40714,65535,65535,65535,65535,65535,65535
2026-07-31 09:50:20.526,201.01,62615,28827,40714,65535,65535,65535,65535,65535,65535
2026-07-31 09:50:20.576,201.06,62615,28827,40714,65535,65535,65535,65535,65535,65535
2026-07-31 09:50:20.620,201.1,62615,28827,40714,65535,65535,65535,65535,65535,65535
2026-07-31 09:50:20.670,201.15,62615,28827,40714,65535,65535,65535,65535,65535,65535
2026-07-31 09:50:20.712,201.19,62615,28827,40714,65535,65535,65535,65535,65535,65535
2026-07-31 09:50:20.756,201.24,62615,28827,40714,65535,65535,65535,65535,65535,65535
2026-07-31 09:50:20.801,201.28,62615,28827,40714,65535,65535,65535,65535,65535,65535
2026-07-31 09:50:20.852,201.33,50211,33533,40714,65535,65535,65535,65535,65535,65535
2026-07-31 09:50:20.895,201.37,50211,33533,40714,65535,65535,65535,65535,65535,65535
2026-07-31 09:50:20.946,201.43,50211,33533,40714,65535,65535,65535,65535,65535,65535
2026-07-31 09:50:20.992,201.47,50211,33533,40714,65535,65535,65535,65535,65535,65535
2026-07-31 09:50:21.042,201.52,50211,33533,40714,65535,65535,65535,65535,65535,65535
2026-07-31 09:50:21.087,201.57,50211,33533,40714,65535,65535,65535,65535,65535,65535
2026-07-31 09:50:21.137,201.62,50211,33533,40714,65535,65535,65535,65535,65535,65535
2026-07-31 09:50:21.183,201.66,50211,33533,40714,65535,65535,65535,65535,65535,65535
2026-07-31 09:50:21.230,201.71,50211,33533,40714,65535,65535,65535,65535,65535,65535
2026-07-31 09:50:21.279,201.76,50211,33533,40714,65535,65535,65535,65535,65535,65535
2026-07-31 09:50:21.326,201.81,50211,33533,40714,65535,65535,65535,65535,65535,65535
2026-07-31 09:50:21.372,201.85,50211,33533,40714,65535,65535,65535,65535,65535,65535
2026-07-31 09:50:21.416,201.9,50092,28742,40714,65535,65535,65535,65535,65535,65535
2026-07-31 09:50:21.466,201.95,50092,28742,40714,65535,65535,65535,65535,65535,65535
2026-07-31 09:50:21.514,201.99,50092,28742,40714,65535,65535,65535,65535,65535,65535
2026-07-31 09:50:21.561,202.04,50092,28742,40714,65535,65535,65535,65535,65535,65535
2026-07-31 09:50:21.606,202.09,50092,28742,40714,65535,65535,65535,65535,65535,65535
2026-07-31 09:50:21.651,202.13,50092,28742,40714,65535,65535,65535,65535,65535,65535
2026-07-31 09:50:21.698,202.18,50092,28742,40714,65535,65535,65535,65535,65535,65535
2026-07-31 09:50:21.749,202.23,50092,28742,40714,65535,65535,65535,65535,65535,65535
2026-07-31 09:50:21.797,202.28,50092,28742,40714,65535,65535,65535,65535,65535,65535
2026-07-31 09:50:21.849,202.33,50092,28742,40714,65535,65535,65535,65535,65535,65535
2026-07-31 09:50:21.894,202.37,50092,28742,40714,65535,65535,65535,65535,65535,65535
2026-07-31 09:50:21.944,202.42,50092,28742,40714,65535,65535,65535,65535,65535,65535
2026-07-31 09:50:21.990,202.47,62467,33632,40714,65535,65535,65535,65535,65535,65535
2026-07-31 09:50:22.037,202.52,62467,33632,40714,65535,65535,65535,65535,65535,65535
2026-07-31 09:50:22.084,202.56,62467,33632,40714,65535,65535,65535,65535,65535,65535
2026-07-31 09:50:22.132,202.61,62467,33632,40714,65535,65535,65535,65535,65535,65535
2026-07-31 09:50:22.180,202.66,62467,33632,40714,65535,65535,65535,65535,65535,65535
2026-07-31 09:50:22.226,202.71,62467,33632,40714,65535,65535,65535,65535,65535,65535
2026-07-31 09:50:22.274,202.75,62467,33632,40714,65535,65535,65535,65535,65535,65535
2026-07-31 09:50:22.320,202.8,62467,33632,40714,65535,65535,65535,65535,65535,65535
2026-07-31 09:50:22.367,202.85,62467,33632,40714,65535,65535,65535,65535,65535,65535
2026-07-31 09:50:22.417,202.9,62467,33632,40714,65535,65535,65535,65535,65535,65535
2026-07-31 09:50:22.463,202.94,62467,33632,40714,65535,65535,65535,65535,65535,65535
2026-07-31 09:50:22.509,202.99,62467,33632,40714,65535,65535,65535,65535,65535,65535
2026-07-31 09:50:22.558,203.04,50092,28742,40714,65535,65535,65535,65535,65535,65535
2026-07-31 09:50:22.601,203.08,50092,28742,40714,65535,65535,65535,65535,65535,65535
2026-07-31 09:50:22.653,203.13,50092,28742,40714,65535,65535,65535,65535,65535,65535
2026-07-31 09:50:22.695,203.17,50092,28742,40714,65535,65535,65535,65535,65535,65535
2026-07-31 09:50:22.746,203.23,50092,28742,40714,65535,65535,65535,65535,65535,65535
2026-07-31 09:50:22.790,203.27,50092,28742,40714,65535,65535,65535,65535,65535,65535
2026-07-31 09:50:22.842,203.32,50092,28742,40714,65535,65535,65535,65535,65535,65535
2026-07-31 09:50:22.887,203.37,50092,28742,40714,65535,65535,65535,65535,65535,65535
2026-07-31 09:50:22.934,203.41,50092,28742,40714,65535,65535,65535,65535,65535,65535
2026-07-31 09:50:22.979,203.46,50092,28742,40714,65535,65535,65535,65535,65535,65535
2026-07-31 09:50:23.027,203.51,50092,28742,40714,65535,65535,65535,65535,65535,65535
2026-07-31 09:50:23.074,203.55,50092,28742,40714,65535,65535,65535,65535,65535,65535
2026-07-31 09:50:23.117,203.6,62763,33533,40714,65535,65535,65535,65535,65535,65535
2026-07-31 09:50:23.167,203.65,62763,33533,40714,65535,65535,65535,65535,65535,65535
2026-07-31 09:50:23.216,203.7,62763,33533,40714,65535,65535,65535,65535,65535,65535
2026-07-31 09:50:23.267,203.75,62763,33533,40714,65535,65535,65535,65535,65535,65535
2026-07-31 09:50:23.311,203.79,62763,33533,40714,65535,65535,65535,65535,65535,65535
2026-07-31 09:50:23.359,203.84,62763,33533,40714,65535,65535,65535,65535,65535,65535
2026-07-31 09:50:23.405,203.88,62763,33533,40714,65535,65535,65535,65535,65535,65535
2026-07-31 09:50:23.454,203.93,62763,33533,40714,65535,65535,65535,65535,65535,65535
2026-07-31 09:50:23.499,203.98,62763,33533,40714,65535,65535,65535,65535,65535,65535
2026-07-31 09:50:23.548,204.03,62763,33533,40714,65535,65535,65535,65535,65535,65535
2026-07-31 09:50:23.591,204.07,62763,33533,40714,65535,65535,65535,65535,65535,65535
2026-07-31 09:50:23.641,204.12,62763,33533,33929,65535,65535,65535,65535,65535,65535
2026-07-31 09:50:23.689,204.17,50092,33533,33929,65535,65535,65535,65535,65535,65535
2026-07-31 09:50:23.734,204.21,50092,33533,33929,65535,65535,65535,65535,65535,65535
2026-07-31 09:50:23.778,204.26,50092,33533,33929,65535,65535,65535,65535,65535,65535
2026-07-31 09:50:23.827,204.31,50092,33533,33929,65535,65535,65535,65535,65535,65535
2026-07-31 09:50:23.872,204.35,50092,33533,33929,65535,65535,65535,65535,65535,65535
2026-07-31 09:50:23.922,204.4,50092,33533,33929,65535,65535,65535,65535,65535,65535
2026-07-31 09:50:23.971,204.45,50092,33533,33929,65535,65535,65535,65535,65535,65535
2026-07-31 09:50:24.020,204.5,50092,33533,33929,65535,65535,65535,65535,65535,65535
2026-07-31 09:50:24.065,204.54,50092,33533,33929,65535,65535,65535,65535,65535,65535
2026-07-31 09:50:24.114,204.59,50092,33533,33929,65535,65535,65535,65535,65535,65535
2026-07-31 09:50:24.164,204.64,50092,33533,33929,65535,65535,65535,65535,65535,65535
2026-07-31 09:50:24.217,204.7,49855,33533,40714,65535,65535,65535,65535,65535,65535
2026-07-31 09:50:24.268,204.75,49855,33632,40714,65535,65535,65535,65535,65535,65535
2026-07-31 09:50:24.318,204.8,49855,33632,40714,65535,65535,65535,65535,65535,65535
2026-07-31 09:50:24.366,204.85,49855,33632,40714,65535,65535,65535,65535,65535,65535
2026-07-31 09:50:24.415,204.89,49855,33632,40714,65535,65535,65535,65535,65535,65535
2026-07-31 09:50:24.459,204.94,49855,33632,40714,65535,65535,65535,65535,65535,65535
2026-07-31 09:50:24.510,204.99,49855,33632,40714,65535,65535,65535,65535,65535,65535
2026-07-31 09:50:24.562,205.04,49855,33632,40714,65535,65535,65535,65535,65535,65535
2026-07-31 09:50:24.613,205.09,49855,33632,40714,65535,65535,65535,65535,65535,65535
2026-07-31 09:50:24.659,205.14,49855,33632,40714,65535,65535,65535,65535,65535,65535
2026-07-31 09:50:24.710,205.19,49855,33632,40714,65535,65535,65535,65535,65535,65535
2026-07-31 09:50:24.761,205.24,49855,33632,33929,65535,65535,65535,65535,65535,65535
2026-07-31 09:50:24.811,205.29,62763,33533,33929,65535,65535,65535,65535,65535,65535
2026-07-31 09:50:24.856,205.34,62763,33533,33929,65535,65535,65535,65535,65535,65535
2026-07-31 09:50:24.902,205.38,62763,33533,33929,65535,65535,65535,65535,65535,65535
2026-07-31 09:50:24.953,205.43,62763,33533,33929,65535,65535,65535,65535,65535,65535
2026-07-31 09:50:25.003,205.48,62763,33533,33929,65535,65535,65535,65535,65535,65535
2026-07-31 09:50:25.051,205.53,62763,33533,33929,65535,65535,65535,65535,65535,65535
2026-07-31 09:50:25.098,205.58,62763,33533,33929,65535,65535,65535,65535,65535,65535
2026-07-31 09:50:25.146,205.63,62763,33533,33929,65535,65535,65535,65535,65535,65535
2026-07-31 09:50:25.191,205.67,62763,33533,33929,65535,65535,65535,65535,65535,65535
2026-07-31 09:50:25.241,205.72,62763,33533,33929,65535,65535,65535,65535,65535,65535
2026-07-31 09:50:25.289,205.77,62763,33533,33929,65535,65535,65535,65535,65535,65535
2026-07-31 09:50:25.337,205.82,62763,33533,33929,65535,65535,65535,65535,65535,65535
2026-07-31 09:50:25.384,205.86,49855,28742,33929,65535,65535,65535,65535,65535,65535
2026-07-31 09:50:25.432,205.91,49855,28742,33929,65535,65535,65535,65535,65535,65535
2026-07-31 09:50:25.477,205.96,49855,28742,33929,65535,65535,65535,65535,65535,65535
2026-07-31 09:50:25.525,206.0,49855,28742,33929,65535,65535,65535,65535,65535,65535
2026-07-31 09:50:25.572,206.05,49855,28742,33929,65535,65535,65535,65535,65535,65535
2026-07-31 09:50:25.618,206.1,49855,28742,33929,65535,65535,65535,65535,65535,65535
2026-07-31 09:50:25.665,206.15,49855,28742,33929,65535,65535,65535,65535,65535,65535
2026-07-31 09:50:25.711,206.19,49855,28742,33929,65535,65535,65535,65535,65535,65535
2026-07-31 09:50:25.762,206.24,49855,28742,33929,65535,65535,65535,65535,65535,65535
2026-07-31 09:50:25.806,206.29,49855,28742,33929,65535,65535,65535,65535,65535,65535
2026-07-31 09:50:25.856,206.34,49855,28742,33929,65535,65535,65535,65535,65535,65535
2026-07-31 09:50:25.900,206.38,49855,28742,50893,65535,65535,65535,65535,65535,65535
2026-07-31 09:50:25.950,206.43,62615,33632,50893,65535,65535,65535,65535,65535,65535
2026-07-31 09:50:25.997,206.48,62615,33632,50893,65535,65535,65535,65535,65535,65535
2026-07-31 09:50:26.044,206.52,62615,33632,50893,65535,65535,65535,65535,65535,65535
2026-07-31 09:50:26.089,206.57,62615,33632,50893,65535,65535,65535,65535,65535,65535
2026-07-31 09:50:26.135,206.61,62615,33632,50893,65535,65535,65535,65535,65535,65535
2026-07-31 09:50:26.183,206.66,62615,33632,50893,65535,65535,65535,65535,65535,65535
2026-07-31 09:50:26.229,206.71,62615,33632,50893,65535,65535,65535,65535,65535,65535
2026-07-31 09:50:26.280,206.76,62615,33632,50893,65535,65535,65535,65535,65535,65535
2026-07-31 09:50:26.328,206.81,62615,33632,50893,65535,65535,65535,65535,65535,65535
2026-07-31 09:50:26.374,206.85,62615,33632,50893,65535,65535,65535,65535,65535,65535
2026-07-31 09:50:26.425,206.9,62615,33632,50893,65535,65535,65535,65535,65535,65535
2026-07-31 09:50:26.474,206.95,49973,33632,33929,65535,65535,65535,65535,65535,65535
2026-07-31 09:50:26.518,207.0,49973,20120,33929,65535,65535,65535,65535,65535,65535
2026-07-31 09:50:26.566,207.05,49973,20120,33929,65535,65535,65535,65535,65535,65535
2026-07-31 09:50:26.614,207.09,49973,20120,33929,65535,65535,65535,65535,65535,65535
2026-07-31 09:50:26.667,207.15,49973,20120,33929,65535,65535,65535,65535,65535,65535
2026-07-31 09:50:26.715,207.19,49973,20120,33929,65535,65535,65535,65535,65535,65535
2026-07-31 09:50:26.763,207.24,49973,20120,33929,65535,65535,65535,65535,65535,65535
2026-07-31 09:50:26.812,207.29,49973,20120,33929,65535,65535,65535,65535,65535,65535
2026-07-31 09:50:26.857,207.34,49973,20120,33929,65535,65535,65535,65535,65535,65535
2026-07-31 09:50:26.904,207.38,49973,20120,33929,65535,65535,65535,65535,65535,65535
2026-07-31 09:50:26.953,207.43,49973,20120,33929,65535,65535,65535,65535,65535,65535
2026-07-31 09:50:27.001,207.48,49973,20120,33929,65535,65535,65535,65535,65535,65535
2026-07-31 09:50:27.050,207.53,57452,20120,33929,65535,65535,65535,65535,65535,65535
2026-07-31 09:50:27.100,207.58,57452,33533,33929,65535,65535,65535,65535,65535,65535
2026-07-31 09:50:27.152,207.63,57452,33533,33929,65535,65535,65535,65535,65535,65535
2026-07-31 09:50:27.195,207.67,57452,33533,33929,65535,65535,65535,65535,65535,65535
2026-07-31 09:50:27.244,207.72,57452,33533,33929,65535,65535,65535,65535,65535,65535
2026-07-31 09:50:27.290,207.77,57452,33533,33929,65535,65535,65535,65535,65535,65535
2026-07-31 09:50:27.341,207.82,57452,33533,33929,65535,65535,65535,65535,65535,65535
2026-07-31 09:50:27.385,207.86,57452,33533,33929,65535,65535,65535,65535,65535,65535
2026-07-31 09:50:27.434,207.91,57452,33533,33929,65535,65535,65535,65535,65535,65535
2026-07-31 09:50:27.481,207.96,57452,33533,33929,65535,65535,65535,65535,65535,65535
2026-07-31 09:50:27.528,208.01,57452,33533,33929,65535,65535,65535,65535,65535,65535
2026-07-31 09:50:27.575,208.05,57452,33533,33929,65535,65535,65535,65535,65535,65535
2026-07-31 09:50:27.620,208.1,49973,33533,33929,65535,65535,65535,65535,65535,65535
2026-07-31 09:50:27.668,208.15,49973,28827,33929,65535,65535,65535,65535,65535,65535
2026-07-31 09:50:27.717,208.2,49973,28827,33929,65535,65535,65535,65535,65535,65535
2026-07-31 09:50:27.765,208.24,49973,28827,33929,65535,65535,65535,65535,65535,65535
2026-07-31 09:50:27.810,208.29,49973,28827,33929,65535,65535,65535,65535,65535,65535
2026-07-31 09:50:27.855,208.33,49973,28827,33929,65535,65535,65535,65535,65535,65535
2026-07-31 09:50:27.903,208.38,49973,28827,33929,65535,65535,65535,65535,65535,65535
2026-07-31 09:50:27.953,208.43,49973,28827,33929,65535,65535,65535,65535,65535,65535
2026-07-31 09:50:27.997,208.48,49973,28827,33929,65535,65535,65535,65535,65535,65535
2026-07-31 09:50:28.048,208.53,49973,28827,33929,65535,65535,65535,65535,65535,65535
2026-07-31 09:50:28.092,208.57,49973,28827,33929,65535,65535,65535,65535,65535,65535
2026-07-31 09:50:28.144,208.62,49973,28827,33929,65535,65535,65535,65535,65535,65535
2026-07-31 09:50:28.186,208.67,62615,28827,40596,65535,65535,65535,65535,65535,65535
2026-07-31 09:50:28.236,208.72,62615,33533,40596,65535,65535,65535,65535,65535,65535
2026-07-31 09:50:28.281,208.76,62615,33533,40596,65535,65535,65535,65535,65535,65535
2026-07-31 09:50:28.332,208.81,62615,33533,40596,65535,65535,65535,65535,65535,65535
2026-07-31 09:50:28.377,208.86,62615,33533,40596,65535,65535,65535,65535,65535,65535
2026-07-31 09:50:28.428,208.91,62615,33533,40596,65535,65535,65535,65535,65535,65535
2026-07-31 09:50:28.473,208.95,62615,33533,40596,65535,65535,65535,65535,65535,65535
2026-07-31 09:50:28.522,209.0,62615,33533,40596,65535,65535,65535,65535,65535,65535
2026-07-31 09:50:28.569,209.05,62615,33533,40596,65535,65535,65535,65535,65535,65535
2026-07-31 09:50:28.617,209.1,62615,33533,40596,65535,65535,65535,65535,65535,65535
2026-07-31 09:50:28.663,209.14,62615,33533,40596,65535,65535,65535,65535,65535,65535
2026-07-31 09:50:28.708,209.19,62615,33533,40596,65535,65535,65535,65535,65535,65535
2026-07-31 09:50:28.757,209.24,62763,33533,33929,65535,65535,65535,65535,65535,65535
2026-07-31 09:50:28.805,209.28,62763,33533,33929,65535,65535,65535,65535,65535,65535
2026-07-31 09:50:28.859,209.34,62763,33533,33929,65535,65535,65535,65535,65535,65535
2026-07-31 09:50:28.904,209.38,62763,33533,33929,65535,65535,65535,65535,65535,65535
2026-07-31 09:50:28.954,209.43,62763,33533,33929,65535,65535,65535,65535,65535,65535
2026-07-31 09:50:29.003,209.48,62763,33533,33929,65535,65535,65535,65535,65535,65535
2026-07-31 09:50:29.053,209.53,62763,33533,33929,65535,65535,65535,65535,65535,65535
2026-07-31 09:50:29.102,209.58,62763,33533,33929,65535,65535,65535,65535,65535,65535
2026-07-31 09:50:29.145,209.62,62763,33533,33929,65535,65535,65535,65535,65535,65535
2026-07-31 09:50:29.197,209.68,62763,33533,33929,65535,65535,65535,65535,65535,65535
2026-07-31 09:50:29.244,209.72,62763,33533,33929,65535,65535,65535,65535,65535,65535
2026-07-31 09:50:29.293,209.77,62763,33533,33929,65535,65535,65535,65535,65535,65535
2026-07-31 09:50:29.336,209.82,62615,33533,33929,65535,65535,65535,65535,65535,65535
2026-07-31 09:50:29.384,209.86,62615,33533,33929,65535,65535,65535,65535,65535,65535
2026-07-31 09:50:29.433,209.91,62615,33533,33929,65535,65535,65535,65535,65535,65535
2026-07-31 09:50:29.481,209.96,62615,33533,33929,65535,65535,65535,65535,65535,65535
2026-07-31 09:50:29.526,210.01,62615,33533,33929,65535,65535,65535,65535,65535,65535
2026-07-31 09:50:29.575,210.05,62615,33533,33929,65535,65535,65535,65535,65535,65535
2026-07-31 09:50:29.622,210.1,62615,33533,33929,65535,65535,65535,65535,65535,65535
2026-07-31 09:50:29.669,210.15,62615,33533,33929,65535,65535,65535,65535,65535,65535
2026-07-31 09:50:29.715,210.19,62615,33533,33929,65535,65535,65535,65535,65535,65535
2026-07-31 09:50:29.761,210.24,62615,33533,33929,65535,65535,65535,65535,65535,65535
2026-07-31 09:50:29.808,210.29,62615,33533,33929,65535,65535,65535,65535,65535,65535
2026-07-31 09:50:29.856,210.34,62615,33533,33830,65535,65535,65535,65535,65535,65535
2026-07-31 09:50:29.902,210.38,62615,33533,33830,65535,65535,65535,65535,65535,65535
2026-07-31 09:50:29.950,210.43,62615,33533,33830,65535,65535,65535,65535,65535,65535
2026-07-31 09:50:29.995,210.48,62615,33533,33830,65535,65535,65535,65535,65535,65535
2026-07-31 09:50:30.043,210.52,62615,33533,33830,65535,65535,65535,65535,65535,65535
2026-07-31 09:50:30.090,210.57,62615,33533,33830,65535,65535,65535,65535,65535,65535
2026-07-31 09:50:30.136,210.62,62615,33533,33830,65535,65535,65535,65535,65535,65535
2026-07-31 09:50:30.185,210.66,62615,33533,33830,65535,65535,65535,65535,65535,65535
2026-07-31 09:50:30.228,210.71,62615,33533,33830,65535,65535,65535,65535,65535,65535
2026-07-31 09:50:30.274,210.75,62615,33533,33830,65535,65535,65535,65535,65535,65535
2026-07-31 09:50:30.322,210.8,62615,33533,33830,65535,65535,65535,65535,65535,65535
2026-07-31 09:50:30.369,210.85,62615,33533,33830,65535,65535,65535,65535,65535,65535
2026-07-31 09:50:30.415,210.89,62615,33533,33830,65535,65535,65535,65535,65535,65535
2026-07-31 09:50:30.466,210.95,62615,33731,33830,65535,65535,65535,65535,65535,65535
2026-07-31 09:50:30.511,210.99,62615,33731,33830,65535,65535,65535,65535,65535,65535
2026-07-31 09:50:30.559,211.04,62615,33731,33830,65535,65535,65535,65535,65535,65535
2026-07-31 09:50:30.602,211.08,62615,33731,33830,65535,65535,65535,65535,65535,65535
2026-07-31 09:50:30.646,211.13,62615,33731,33830,65535,65535,65535,65535,65535,65535
2026-07-31 09:50:30.693,211.17,62615,33731,33830,65535,65535,65535,65535,65535,65535
2026-07-31 09:50:30.741,211.22,62615,33731,33830,65535,65535,65535,65535,65535,65535
2026-07-31 09:50:30.788,211.27,62615,33731,33830,65535,65535,65535,65535,65535,65535
2026-07-31 09:50:30.838,211.32,62615,33731,33830,65535,65535,65535,65535,65535,65535
2026-07-31 09:50:30.882,211.36,62615,33731,33830,65535,65535,65535,65535,65535,65535
2026-07-31 09:50:30.932,211.41,62615,33731,33830,65535,65535,65535,65535,65535,65535
2026-07-31 09:50:30.976,211.46,62615,33731,33929,65535,65535,65535,65535,65535,65535
2026-07-31 09:50:31.023,211.5,62615,28742,33929,65535,65535,65535,65535,65535,65535
2026-07-31 09:50:31.069,211.55,62615,28742,33929,65535,65535,65535,65535,65535,65535
2026-07-31 09:50:31.119,211.6,62615,28742,33929,65535,65535,65535,65535,65535,65535
2026-07-31 09:50:31.167,211.65,62615,28742,33929,65535,65535,65535,65535,65535,65535
2026-07-31 09:50:31.215,211.69,62615,28742,33929,65535,65535,65535,65535,65535,65535
2026-07-31 09:50:31.261,211.74,62615,28742,33929,65535,65535,65535,65535,65535,65535
2026-07-31 09:50:31.307,211.79,62615,28742,33929,65535,65535,65535,65535,65535,65535
2026-07-31 09:50:31.352,211.83,62615,28742,33929,65535,65535,65535,65535,65535,65535
2026-07-31 09:50:31.403,211.88,62615,28742,33929,65535,65535,65535,65535,65535,65535
2026-07-31 09:50:31.448,211.93,62615,28742,33929,65535,65535,65535,65535,65535,65535
2026-07-31 09:50:31.496,211.98,62615,28742,33929,65535,65535,65535,65535,65535,65535
2026-07-31 09:50:31.544,212.02,62615,28742,33929,65535,65535,65535,65535,65535,65535
2026-07-31 09:50:31.591,212.07,62467,28742,33929,65535,65535,65535,65535,65535,65535
2026-07-31 09:50:31.637,212.12,62467,28742,33929,65535,65535,65535,65535,65535,65535
2026-07-31 09:50:31.683,212.16,62467,28742,33929,65535,65535,65535,65535,65535,65535
2026-07-31 09:50:31.734,212.21,62467,28742,33929,65535,65535,65535,65535,65535,65535
2026-07-31 09:50:31.779,212.26,62467,28742,33929,65535,65535,65535,65535,65535,65535
2026-07-31 09:50:31.828,212.31,62467,28742,33929,65535,65535,65535,65535,65535,65535
2026-07-31 09:50:31.872,212.35,62467,28742,33929,65535,65535,65535,65535,65535,65535
2026-07-31 09:50:31.924,212.4,62467,28742,33929,65535,65535,65535,65535,65535,65535
2026-07-31 09:50:31.970,212.45,62467,28742,33929,65535,65535,65535,65535,65535,65535
2026-07-31 09:50:32.018,212.5,62467,28742,33929,65535,65535,65535,65535,65535,65535
2026-07-31 09:50:32.064,212.54,62467,28742,33929,65535,65535,65535,65535,65535,65535
2026-07-31 09:50:32.112,212.59,62467,28742,33929,65535,65535,65535,65535,65535,65535
2026-07-31 09:50:32.158,212.64,62615,28742,33929,65535,65535,65535,65535,65535,65535
2026-07-31 09:50:32.207,212.69,62615,28742,33929,65535,65535,65535,65535,65535,65535
2026-07-31 09:50:32.255,212.73,62615,28742,33929,65535,65535,65535,65535,65535,65535
2026-07-31 09:50:32.301,212.78,62615,28742,33929,65535,65535,65535,65535,65535,65535
2026-07-31 09:50:32.348,212.83,62615,28742,33929,65535,65535,65535,65535,65535,65535
2026-07-31 09:50:32.395,212.87,62615,28742,33929,65535,65535,65535,65535,65535,65535
2026-07-31 09:50:32.443,212.92,62615,28742,33929,65535,65535,65535,65535,65535,65535
2026-07-31 09:50:32.489,212.97,62615,28742,33929,65535,65535,65535,65535,65535,65535
2026-07-31 09:50:32.539,213.02,62615,28742,33929,65535,65535,65535,65535,65535,65535
2026-07-31 09:50:32.584,213.06,62615,28742,33929,65535,65535,65535,65535,65535,65535
2026-07-31 09:50:32.634,213.11,62615,28742,33929,65535,65535,65535,65535,65535,65535
2026-07-31 09:50:32.680,213.16,62615,28742,33830,65535,65535,65535,65535,65535,65535
2026-07-31 09:50:32.728,213.21,49855,33830,33830,65535,65535,65535,65535,65535,65535
2026-07-31 09:50:32.772,213.25,49855,33830,33830,65535,65535,65535,65535,65535,65535
2026-07-31 09:50:32.823,213.3,49855,33830,33830,65535,65535,65535,65535,65535,65535
2026-07-31 09:50:32.868,213.35,49855,33830,33830,65535,65535,65535,65535,65535,65535
2026-07-31 09:50:32.915,213.39,49855,33830,33830,65535,65535,65535,65535,65535,65535
2026-07-31 09:50:32.961,213.44,49855,33830,33830,65535,65535,65535,65535,65535,65535
2026-07-31 09:50:33.007,213.49,49855,33830,33830,65535,65535,65535,65535,65535,65535
2026-07-31 09:50:33.052,213.53,49855,33830,33830,65535,65535,65535,65535,65535,65535
2026-07-31 09:50:33.104,213.58,49855,33830,33830,65535,65535,65535,65535,65535,65535
2026-07-31 09:50:33.148,213.63,49855,33830,33830,65535,65535,65535,65535,65535,65535
2026-07-31 09:50:33.196,213.68,49855,33830,33830,65535,65535,65535,65535,65535,65535
2026-07-31 09:50:33.245,213.72,49855,33830,40596,65535,65535,65535,65535,65535,65535
2026-07-31 09:50:33.293,213.77,62318,28742,40596,65535,65535,65535,65535,65535,65535
2026-07-31 09:50:33.341,213.82,62318,28742,40596,65535,65535,65535,65535,65535,65535
2026-07-31 09:50:33.386,213.87,62318,28742,40596,65535,65535,65535,65535,65535,65535
2026-07-31 09:50:33.435,213.91,62318,28742,40596,65535,65535,65535,65535,65535,65535
2026-07-31 09:50:33.482,213.96,62318,28742,40596,65535,65535,65535,65535,65535,65535
2026-07-31 09:50:33.532,214.01,62318,28742,40596,65535,65535,65535,65535,65535,65535
2026-07-31 09:50:33.575,214.05,62318,28742,40596,65535,65535,65535,65535,65535,65535
2026-07-31 09:50:33.625,214.1,62318,28742,40596,65535,65535,65535,65535,65535,65535
2026-07-31 09:50:33.670,214.15,62318,28742,40596,65535,65535,65535,65535,65535,65535
2026-07-31 09:50:33.722,214.2,62318,28742,40596,65535,65535,65535,65535,65535,65535
2026-07-31 09:50:33.772,214.25,62318,28742,40596,65535,65535,65535,65535,65535,65535
2026-07-31 09:50:33.820,214.3,62318,28742,33929,65535,65535,65535,65535,65535,65535
2026-07-31 09:50:33.867,214.35,62467,33533,33929,65535,65535,65535,65535,65535,65535
2026-07-31 09:50:33.917,214.4,62467,33533,33929,65535,65535,65535,65535,65535,65535
2026-07-31 09:50:33.963,214.44,62467,33533,33929,65535,65535,65535,65535,65535,65535
2026-07-31 09:50:34.007,214.49,62467,33533,33929,65535,65535,65535,65535,65535,65535
2026-07-31 09:50:34.054,214.53,62467,33533,33929,65535,65535,65535,65535,65535,65535
2026-07-31 09:50:34.098,214.58,62467,33533,33929,65535,65535,65535,65535,65535,65535
2026-07-31 09:50:34.147,214.63,62467,33533,33929,65535,65535,65535,65535,65535,65535
2026-07-31 09:50:34.193,214.67,62467,33533,33929,65535,65535,65535,65535,65535,65535
2026-07-31 09:50:34.242,214.72,62467,33533,33929,65535,65535,65535,65535,65535,65535
2026-07-31 09:50:34.287,214.77,62467,33533,33929,65535,65535,65535,65535,65535,65535
2026-07-31 09:50:34.337,214.82,62467,33533,33929,65535,65535,65535,65535,65535,65535
2026-07-31 09:50:34.382,214.86,62467,33533,40714,65535,65535,65535,65535,65535,65535
2026-07-31 09:50:34.433,214.91,50092,33533,40714,65535,65535,65535,65535,65535,65535
2026-07-31 09:50:34.476,214.96,50092,33533,40714,65535,65535,65535,65535,65535,65535
2026-07-31 09:50:34.528,215.01,50092,33533,40714,65535,65535,65535,65535,65535,65535
2026-07-31 09:50:34.571,215.05,50092,33533,40714,65535,65535,65535,65535,65535,65535
2026-07-31 09:50:34.621,215.1,50092,33533,40714,65535,65535,65535,65535,65535,65535
2026-07-31 09:50:34.664,215.14,50092,33533,40714,65535,65535,65535,65535,65535,65535
2026-07-31 09:50:34.710,215.19,50092,33533,40714,65535,65535,65535,65535,65535,65535
2026-07-31 09:50:34.756,215.24,50092,33533,40714,65535,65535,65535,65535,65535,65535
2026-07-31 09:50:34.807,215.29,50092,33533,40714,65535,65535,65535,65535,65535,65535
2026-07-31 09:50:34.855,215.33,50092,33533,40714,65535,65535,65535,65535,65535,65535
2026-07-31 09:50:34.905,215.38,50092,33533,40714,65535,65535,65535,65535,65535,65535
2026-07-31 09:50:34.953,215.43,49973,33533,33929,65535,65535,65535,65535,65535,65535
2026-07-31 09:50:35.000,215.48,49973,33533,33929,65535,65535,65535,65535,65535,65535
2026-07-31 09:50:35.049,215.53,49973,33533,33929,65535,65535,65535,65535,65535,65535
2026-07-31 09:50:35.093,215.57,49973,33533,33929,65535,65535,65535,65535,65535,65535
2026-07-31 09:50:35.142,215.62,49973,33533,33929,65535,65535,65535,65535,65535,65535
2026-07-31 09:50:35.192,215.67,49973,33533,33929,65535,65535,65535,65535,65535,65535
2026-07-31 09:50:35.238,215.72,49973,33533,33929,65535,65535,65535,65535,65535,65535
2026-07-31 09:50:35.285,215.76,49973,33533,33929,65535,65535,65535,65535,65535,65535
2026-07-31 09:50:35.330,215.81,49973,33533,33929,65535,65535,65535,65535,65535,65535
2026-07-31 09:50:35.380,215.86,49973,33533,33929,65535,65535,65535,65535,65535,65535
2026-07-31 09:50:35.430,215.91,49973,33533,33929,65535,65535,65535,65535,65535,65535
2026-07-31 09:50:35.474,215.95,49973,33533,33929,65535,65535,65535,65535,65535,65535
2026-07-31 09:50:35.522,216.0,62467,33533,33830,65535,65535,65535,65535,65535,65535
2026-07-31 09:50:35.566,216.05,62467,28742,33830,65535,65535,65535,65535,65535,65535
2026-07-31 09:50:35.617,216.1,62467,28742,33830,65535,65535,65535,65535,65535,65535
2026-07-31 09:50:35.662,216.14,62467,28742,33830,65535,65535,65535,65535,65535,65535
2026-07-31 09:50:35.710,216.19,62467,28742,33830,65535,65535,65535,65535,65535,65535
2026-07-31 09:50:35.756,216.24,62467,28742,33830,65535,65535,65535,65535,65535,65535
2026-07-31 09:50:35.807,216.29,62467,28742,33830,65535,65535,65535,65535,65535,65535
2026-07-31 09:50:35.854,216.33,62467,28742,33830,65535,65535,65535,65535,65535,65535
2026-07-31 09:50:35.901,216.38,62467,28742,33830,65535,65535,65535,65535,65535,65535
2026-07-31 09:50:35.948,216.43,62467,28742,33830,65535,65535,65535,65535,65535,65535
2026-07-31 09:50:35.997,216.48,62467,28742,33830,65535,65535,65535,65535,65535,65535
2026-07-31 09:50:36.044,216.52,62467,28742,33830,65535,65535,65535,65535,65535,65535
2026-07-31 09:50:36.091,216.57,62467,28742,40714,65535,65535,65535,65535,65535,65535
2026-07-31 09:50:36.139,216.62,62467,33632,40714,65535,65535,65535,65535,65535,65535
2026-07-31 09:50:36.183,216.66,62467,33632,40714,65535,65535,65535,65535,65535,65535
2026-07-31 09:50:36.236,216.72,62467,33632,40714,65535,65535,65535,65535,65535,65535
2026-07-31 09:50:36.283,216.76,62467,33632,40714,65535,65535,65535,65535,65535,65535
2026-07-31 09:50:36.334,216.81,62467,33632,40714,65535,65535,65535,65535,65535,65535
2026-07-31 09:50:36.376,216.86,62467,33632,40714,65535,65535,65535,65535,65535,65535
2026-07-31 09:50:36.428,216.91,62467,33632,40714,65535,65535,65535,65535,65535,65535
2026-07-31 09:50:36.474,216.95,62467,33632,40714,65535,65535,65535,65535,65535,65535
2026-07-31 09:50:36.521,217.0,62467,33632,40714,65535,65535,65535,65535,65535,65535
2026-07-31 09:50:36.565,217.04,62467,33632,40714,65535,65535,65535,65535,65535,65535
2026-07-31 09:50:36.614,217.09,62467,33632,40714,65535,65535,65535,65535,65535,65535
2026-07-31 09:50:36.668,217.15,50092,33632,40714,65535,65535,65535,65535,65535,65535
2026-07-31 09:50:36.715,217.19,50092,33533,40714,65535,65535,65535,65535,65535,65535
2026-07-31 09:50:36.761,217.24,50092,33533,40714,65535,65535,65535,65535,65535,65535
2026-07-31 09:50:36.806,217.29,50092,33533,40714,65535,65535,65535,65535,65535,65535
2026-07-31 09:50:36.855,217.33,50092,33533,40714,65535,65535,65535,65535,65535,65535
2026-07-31 09:50:36.906,217.39,50092,33533,40714,65535,65535,65535,65535,65535,65535
2026-07-31 09:50:36.951,217.43,50092,33533,40714,65535,65535,65535,65535,65535,65535
2026-07-31 09:50:36.995,217.47,50092,33533,40714,65535,65535,65535,65535,65535,65535
2026-07-31 09:50:37.046,217.53,50092,33533,40714,65535,65535,65535,65535,65535,65535
2026-07-31 09:50:37.091,217.57,50092,33533,40714,65535,65535,65535,65535,65535,65535
2026-07-31 09:50:37.142,217.62,50092,33533,40714,65535,65535,65535,65535,65535,65535
2026-07-31 09:50:37.193,217.67,50092,33533,40714,65535,65535,65535,65535,65535,65535
2026-07-31 09:50:37.238,217.72,50092,28742,33929,65535,65535,65535,65535,65535,65535
2026-07-31 09:50:37.288,217.77,50092,28742,33929,65535,65535,65535,65535,65535,65535
2026-07-31 09:50:37.335,217.81,50092,28742,33929,65535,65535,65535,65535,65535,65535
2026-07-31 09:50:37.381,217.86,50092,28742,33929,65535,65535,65535,65535,65535,65535
2026-07-31 09:50:37.428,217.91,50092,28742,33929,65535,65535,65535,65535,65535,65535
2026-07-31 09:50:37.479,217.96,50092,28742,33929,65535,65535,65535,65535,65535,65535
2026-07-31 09:50:37.522,218.0,50092,28742,33929,65535,65535,65535,65535,65535,65535
2026-07-31 09:50:37.573,218.05,50092,28742,33929,65535,65535,65535,65535,65535,65535
2026-07-31 09:50:37.617,218.1,50092,28742,33929,65535,65535,65535,65535,65535,65535
2026-07-31 09:50:37.666,218.15,50092,28742,33929,65535,65535,65535,65535,65535,65535
2026-07-31 09:50:37.709,218.19,50092,28742,33929,65535,65535,65535,65535,65535,65535
2026-07-31 09:50:37.754,218.23,50092,28742,33929,65535,65535,65535,65535,65535,65535
2026-07-31 09:50:37.799,218.28,50092,28742,40596,65535,65535,65535,65535,65535,65535
2026-07-31 09:50:37.847,218.33,50092,28742,40596,65535,65535,65535,65535,65535,65535
2026-07-31 09:50:37.895,218.37,50092,28742,40596,65535,65535,65535,65535,65535,65535
2026-07-31 09:50:37.945,218.42,50092,28742,40596,65535,65535,65535,65535,65535,65535
2026-07-31 09:50:37.989,218.47,50092,28742,40596,65535,65535,65535,65535,65535,65535
2026-07-31 09:50:38.039,218.52,50092,28742,40596,65535,65535,65535,65535,65535,65535
2026-07-31 09:50:38.083,218.56,50092,28742,40596,65535,65535,65535,65535,65535,65535
2026-07-31 09:50:38.132,218.61,50092,28742,40596,65535,65535,65535,65535,65535,65535
2026-07-31 09:50:38.180,218.66,50092,28742,40596,65535,65535,65535,65535,65535,65535
2026-07-31 09:50:38.229,218.71,50092,28742,40596,65535,65535,65535,65535,65535,65535
2026-07-31 09:50:38.274,218.75,50092,28742,40596,65535,65535,65535,65535,65535,65535
2026-07-31 09:50:38.324,218.8,50092,28742,40596,65535,65535,65535,65535,65535,65535
2026-07-31 09:50:38.369,218.85,49973,28742,33929,65535,65535,65535,65535,65535,65535
2026-07-31 09:50:38.419,218.9,49973,28742,33929,65535,65535,65535,65535,65535,65535
2026-07-31 09:50:38.466,218.95,49973,28742,33929,65535,65535,65535,65535,65535,65535
2026-07-31 09:50:38.512,218.99,49973,28742,33929,65535,65535,65535,65535,65535,65535
2026-07-31 09:50:38.560,219.04,49973,28742,33929,65535,65535,65535,65535,65535,65535
2026-07-31 09:50:38.608,219.09,49973,28742,33929,65535,65535,65535,65535,65535,65535
2026-07-31 09:50:38.657,219.14,49973,28742,33929,65535,65535,65535,65535,65535,65535
2026-07-31 09:50:38.702,219.18,49973,28742,33929,65535,65535,65535,65535,65535,65535
2026-07-31 09:50:38.752,219.23,49973,28742,33929,65535,65535,65535,65535,65535,65535
2026-07-31 09:50:38.795,219.27,49973,28742,33929,65535,65535,65535,65535,65535,65535
2026-07-31 09:50:38.848,219.33,49973,28742,33929,65535,65535,65535,65535,65535,65535
2026-07-31 09:50:38.896,219.38,49973,28742,40714,65535,65535,65535,65535,65535,65535
2026-07-31 09:50:38.946,219.43,50329,33632,40714,65535,65535,65535,65535,65535,65535
2026-07-31 09:50:38.991,219.47,50329,33632,40714,65535,65535,65535,65535,65535,65535
2026-07-31 09:50:39.042,219.52,50329,33632,40714,65535,65535,65535,65535,65535,65535
2026-07-31 09:50:39.090,219.57,50329,33632,40714,65535,65535,65535,65535,65535,65535
2026-07-31 09:50:39.139,219.62,50329,33632,40714,65535,65535,65535,65535,65535,65535
2026-07-31 09:50:39.190,219.67,50329,33632,40714,65535,65535,65535,65535,65535,65535
2026-07-31 09:50:39.233,219.71,50329,33632,40714,65535,65535,65535,65535,65535,65535
2026-07-31 09:50:39.284,219.76,50329,33632,40714,65535,65535,65535,65535,65535,65535
2026-07-31 09:50:39.330,219.81,50329,33632,40714,65535,65535,65535,65535,65535,65535
2026-07-31 09:50:39.379,219.86,50329,33632,40714,65535,65535,65535,65535,65535,65535
2026-07-31 09:50:39.426,219.91,50329,33632,40714,65535,65535,65535,65535,65535,65535
2026-07-31 09:50:39.474,219.95,50329,33632,40714,65535,65535,65535,65535,65535,65535
2026-07-31 09:50:39.522,220.0,49855,28827,40714,65535,65535,65535,65535,65535,65535
2026-07-31 09:50:39.567,220.05,49855,28827,40714,65535,65535,65535,65535,65535,65535
2026-07-31 09:50:39.617,220.1,49855,28827,40714,65535,65535,65535,65535,65535,65535
2026-07-31 09:50:39.663,220.14,49855,28827,40714,65535,65535,65535,65535,65535,65535
2026-07-31 09:50:39.711,220.19,49855,28827,40714,65535,65535,65535,65535,65535,65535
2026-07-31 09:50:39.756,220.24,49855,28827,40714,65535,65535,65535,65535,65535,65535
2026-07-31 09:50:39.802,220.28,49855,28827,40714,65535,65535,65535,65535,65535,65535
2026-07-31 09:50:39.846,220.33,49855,28827,40714,65535,65535,65535,65535,65535,65535
2026-07-31 09:50:39.893,220.37,49855,28827,40714,65535,65535,65535,65535,65535,65535
2026-07-31 09:50:39.941,220.42,49855,28827,40714,65535,65535,65535,65535,65535,65535
2026-07-31 09:50:39.991,220.47,49855,28827,40714,65535,65535,65535,65535,65535,65535
2026-07-31 09:50:40.036,220.52,49855,28827,33929,65535,65535,65535,65535,65535,65535
2026-07-31 09:50:40.084,220.56,62615,28742,33929,65535,65535,65535,65535,65535,65535
2026-07-31 09:50:40.128,220.61,62615,28742,33929,65535,65535,65535,65535,65535,65535
2026-07-31 09:50:40.176,220.66,62615,28742,33929,65535,65535,65535,65535,65535,65535
2026-07-31 09:50:40.224,220.7,62615,28742,33929,65535,65535,65535,65535,65535,65535
2026-07-31 09:50:40.276,220.76,62615,28742,33929,65535,65535,65535,65535,65535,65535
2026-07-31 09:50:40.320,220.8,62615,28742,33929,65535,65535,65535,65535,65535,65535
2026-07-31 09:50:40.368,220.85,62615,28742,33929,65535,65535,65535,65535,65535,65535
2026-07-31 09:50:40.410,220.89,62615,28742,33929,65535,65535,65535,65535,65535,65535
2026-07-31 09:50:40.462,220.94,62615,28742,33929,65535,65535,65535,65535,65535,65535
2026-07-31 09:50:40.513,220.99,62615,28742,33929,65535,65535,65535,65535,65535,65535
2026-07-31 09:50:40.560,221.04,62615,28742,33929,65535,65535,65535,65535,65535,65535
2026-07-31 09:50:40.609,221.09,62763,28742,33929,65535,65535,65535,65535,65535,65535
2026-07-31 09:50:40.652,221.13,62763,33533,33929,65535,65535,65535,65535,65535,65535
2026-07-31 09:50:40.701,221.18,62763,33533,33929,65535,65535,65535,65535,65535,65535
2026-07-31 09:50:40.746,221.23,62763,33533,33929,65535,65535,65535,65535,65535,65535
2026-07-31 09:50:40.795,221.27,62763,33533,33929,65535,65535,65535,65535,65535,65535
2026-07-31 09:50:40.843,221.32,62763,33533,33929,65535,65535,65535,65535,65535,65535
2026-07-31 09:50:40.893,221.37,62763,33533,33929,65535,65535,65535,65535,65535,65535
2026-07-31 09:50:40.936,221.42,62763,33533,33929,65535,65535,65535,65535,65535,65535
2026-07-31 09:50:40.988,221.47,62763,33533,33929,65535,65535,65535,65535,65535,65535
2026-07-31 09:50:41.031,221.51,62763,33533,33929,65535,65535,65535,65535,65535,65535
2026-07-31 09:50:41.081,221.56,62763,33533,33929,65535,65535,65535,65535,65535,65535
2026-07-31 09:50:41.124,221.6,62763,33533,33929,65535,65535,65535,65535,65535,65535
2026-07-31 09:50:41.172,221.65,62318,33533,33929,65535,65535,65535,65535,65535,65535
2026-07-31 09:50:41.223,221.7,62318,33632,33929,65535,65535,65535,65535,65535,65535
2026-07-31 09:50:41.268,221.75,62318,33632,33929,65535,65535,65535,65535,65535,65535
2026-07-31 09:50:41.313,221.79,62318,33632,33929,65535,65535,65535,65535,65535,65535
2026-07-31 09:50:41.363,221.84,62318,33632,33929,65535,65535,65535,65535,65535,65535
2026-07-31 09:50:41.408,221.89,62318,33632,33929,65535,65535,65535,65535,65535,65535
2026-07-31 09:50:41.457,221.94,62318,33632,33929,65535,65535,65535,65535,65535,65535
2026-07-31 09:50:41.500,221.98,62318,33632,33929,65535,65535,65535,65535,65535,65535
2026-07-31 09:50:41.550,222.03,62318,33632,33929,65535,65535,65535,65535,65535,65535
2026-07-31 09:50:41.596,222.08,62318,33632,33929,65535,65535,65535,65535,65535,65535
2026-07-31 09:50:41.645,222.12,62318,33632,33929,65535,65535,65535,65535,65535,65535
2026-07-31 09:50:41.694,222.17,62318,33632,33929,65535,65535,65535,65535,65535,65535
2026-07-31 09:50:41.741,222.22,62615,33632,33929,65535,65535,65535,65535,65535,65535
2026-07-31 09:50:41.790,222.27,62615,33533,33929,65535,65535,65535,65535,65535,65535
2026-07-31 09:50:41.839,222.32,62615,33533,33929,65535,65535,65535,65535,65535,65535
2026-07-31 09:50:41.887,222.37,62615,33533,33929,65535,65535,65535,65535,65535,65535
2026-07-31 09:50:41.931,222.41,62615,33533,33929,65535,65535,65535,65535,65535,65535
2026-07-31 09:50:41.979,222.46,62615,33533,33929,65535,65535,65535,65535,65535,65535
2026-07-31 09:50:42.021,222.5,62615,33533,33929,65535,65535,65535,65535,65535,65535
2026-07-31 09:50:42.066,222.55,62615,33533,33929,65535,65535,65535,65535,65535,65535
2026-07-31 09:50:42.111,222.59,62615,33533,33929,65535,65535,65535,65535,65535,65535
2026-07-31 09:50:42.160,222.64,62615,33533,33929,65535,65535,65535,65535,65535,65535
2026-07-31 09:50:42.204,222.68,62615,33533,33929,65535,65535,65535,65535,65535,65535
2026-07-31 09:50:42.253,222.73,62615,33533,33929,65535,65535,65535,65535,65535,65535
2026-07-31 09:50:42.300,222.78,62615,33533,33929,65535,65535,65535,65535,65535,65535
2026-07-31 09:50:42.347,222.83,50092,28827,33929,65535,65535,65535,65535,65535,65535
2026-07-31 09:50:42.394,222.87,50092,28827,33929,65535,65535,65535,65535,65535,65535
2026-07-31 09:50:42.444,222.92,50092,28827,33929,65535,65535,65535,65535,65535,65535
2026-07-31 09:50:42.487,222.97,50092,28827,33929,65535,65535,65535,65535,65535,65535
2026-07-31 09:50:42.538,223.02,50092,28827,33929,65535,65535,65535,65535,65535,65535
2026-07-31 09:50:42.582,223.06,50092,28827,33929,65535,65535,65535,65535,65535,65535
2026-07-31 09:50:42.633,223.11,50092,28827,33929,65535,65535,65535,65535,65535,65535
2026-07-31 09:50:42.686,223.17,50092,28827,33929,65535,65535,65535,65535,65535,65535
2026-07-31 09:50:42.730,223.21,50092,28827,33929,65535,65535,65535,65535,65535,65535
2026-07-31 09:50:42.778,223.26,50092,28827,33929,65535,65535,65535,65535,65535,65535
2026-07-31 09:50:42.825,223.3,50092,28827,33929,65535,65535,65535,65535,65535,65535
2026-07-31 09:50:42.871,223.35,62763,28827,33929,65535,65535,65535,65535,65535,65535
2026-07-31 09:50:42.915,223.39,62763,33632,33929,65535,65535,65535,65535,65535,65535
2026-07-31 09:50:42.966,223.45,62763,33632,33929,65535,65535,65535,65535,65535,65535
2026-07-31 09:50:43.010,223.49,62763,33632,33929,65535,65535,65535,65535,65535,65535
2026-07-31 09:50:43.060,223.54,62763,33632,33929,65535,65535,65535,65535,65535,65535
2026-07-31 09:50:43.105,223.58,62763,33632,33929,65535,65535,65535,65535,65535,65535
2026-07-31 09:50:43.153,223.63,62763,33632,33929,65535,65535,65535,65535,65535,65535
2026-07-31 09:50:43.197,223.68,62763,33632,33929,65535,65535,65535,65535,65535,65535
2026-07-31 09:50:43.247,223.73,62763,33632,33929,65535,65535,65535,65535,65535,65535
2026-07-31 09:50:43.294,223.77,62763,33632,33929,65535,65535,65535,65535,65535,65535
2026-07-31 09:50:43.343,223.82,62763,33632,33929,65535,65535,65535,65535,65535,65535
2026-07-31 09:50:43.391,223.87,62763,33632,33929,65535,65535,65535,65535,65535,65535
2026-07-31 09:50:43.435,223.91,62763,33632,40714,65535,65535,65535,65535,65535,65535
2026-07-31 09:50:43.483,223.96,63060,28742,40714,65535,65535,65535,65535,65535,65535
2026-07-31 09:50:43.532,224.01,63060,28742,40714,65535,65535,65535,65535,65535,65535
2026-07-31 09:50:43.577,224.06,63060,28742,40714,65535,65535,65535,65535,65535,65535
2026-07-31 09:50:43.624,224.1,63060,28742,40714,65535,65535,65535,65535,65535,65535
2026-07-31 09:50:43.669,224.15,63060,28742,40714,65535,65535,65535,65535,65535,65535
2026-07-31 09:50:43.724,224.2,63060,28742,40714,65535,65535,65535,65535,65535,65535
2026-07-31 09:50:43.771,224.25,63060,28742,40714,65535,65535,65535,65535,65535,65535
2026-07-31 09:50:43.816,224.3,63060,28742,40714,65535,65535,65535,65535,65535,65535
2026-07-31 09:50:43.863,224.34,63060,28742,40714,65535,65535,65535,65535,65535,65535
2026-07-31 09:50:43.908,224.39,63060,28742,40714,65535,65535,65535,65535,65535,65535
2026-07-31 09:50:43.958,224.44,63060,28742,40714,65535,65535,65535,65535,65535,65535
2026-07-31 09:50:44.003,224.48,63060,28742,33929,65535,65535,65535,65535,65535,65535
2026-07-31 09:50:44.051,224.53,62615,28742,33929,65535,65535,65535,65535,65535,65535
2026-07-31 09:50:44.095,224.57,62615,28742,33929,65535,65535,65535,65535,65535,65535
2026-07-31 09:50:44.143,224.62,62615,28742,33929,65535,65535,65535,65535,65535,65535
2026-07-31 09:50:44.191,224.67,62615,28742,33929,65535,65535,65535,65535,65535,65535
2026-07-31 09:50:44.240,224.72,62615,28742,33929,65535,65535,65535,65535,65535,65535
2026-07-31 09:50:44.284,224.76,62615,28742,33929,65535,65535,65535,65535,65535,65535
2026-07-31 09:50:44.331,224.81,62615,28742,33929,65535,65535,65535,65535,65535,65535
2026-07-31 09:50:44.377,224.86,62615,28742,33929,65535,65535,65535,65535,65535,65535
2026-07-31 09:50:44.427,224.91,62615,28742,33929,65535,65535,65535,65535,65535,65535
2026-07-31 09:50:44.470,224.95,62615,28742,33929,65535,65535,65535,65535,65535,65535
2026-07-31 09:50:44.519,225.0,62615,28742,33929,65535,65535,65535,65535,65535,65535
2026-07-31 09:50:44.564,225.04,62615,28742,33929,65535,65535,65535,65535,65535,65535
2026-07-31 09:50:44.614,225.09,62615,18290,33929,65535,65535,65535,65535,65535,65535
2026-07-31 09:50:44.658,225.14,62615,18290,33929,65535,65535,65535,65535,65535,65535
2026-07-31 09:50:44.707,225.19,62615,18290,33929,65535,65535,65535,65535,65535,65535
2026-07-31 09:50:44.750,225.23,62615,18290,33929,65535,65535,65535,65535,65535,65535
2026-07-31 09:50:44.799,225.28,62615,18290,33929,65535,65535,65535,65535,65535,65535
2026-07-31 09:50:44.844,225.32,62615,18290,33929,65535,65535,65535,65535,65535,65535
2026-07-31 09:50:44.894,225.37,62615,18290,33929,65535,65535,65535,65535,65535,65535
2026-07-31 09:50:44.938,225.42,62615,18290,33929,65535,65535,65535,65535,65535,65535
2026-07-31 09:50:44.986,225.47,62615,18290,33929,65535,65535,65535,65535,65535,65535
2026-07-31 09:50:45.033,225.51,62615,18290,33929,65535,65535,65535,65535,65535,65535
2026-07-31 09:50:45.080,225.56,62615,18290,33929,65535,65535,65535,65535,65535,65535
2026-07-31 09:50:45.127,225.61,62615,18290,33929,65535,65535,65535,65535,65535,65535
2026-07-31 09:50:45.171,225.65,62763,28827,33929,65535,65535,65535,65535,65535,65535
2026-07-31 09:50:45.221,225.7,62763,28827,33929,65535,65535,65535,65535,65535,65535
2026-07-31 09:50:45.269,225.75,62763,28827,33929,65535,65535,65535,65535,65535,65535
2026-07-31 09:50:45.322,225.8,62763,28827,33929,65535,65535,65535,65535,65535,65535
2026-07-31 09:50:45.371,225.85,62763,28827,33929,65535,65535,65535,65535,65535,65535
2026-07-31 09:50:45.420,225.9,62763,28827,33929,65535,65535,65535,65535,65535,65535
2026-07-31 09:50:45.470,225.95,62763,28827,33929,65535,65535,65535,65535,65535,65535
2026-07-31 09:50:45.521,226.0,62763,28827,33929,65535,65535,65535,65535,65535,65535
2026-07-31 09:50:45.565,226.04,62763,28827,33929,65535,65535,65535,65535,65535,65535
2026-07-31 09:50:45.613,226.09,62763,28827,33929,65535,65535,65535,65535,65535,65535
2026-07-31 09:50:45.658,226.14,62763,28827,33929,65535,65535,65535,65535,65535,65535
2026-07-31 09:50:45.706,226.19,62467,28827,40714,65535,65535,65535,65535,65535,65535
2026-07-31 09:50:45.751,226.23,62467,33632,40714,65535,65535,65535,65535,65535,65535
2026-07-31 09:50:45.796,226.28,62467,33632,40714,65535,65535,65535,65535,65535,65535
2026-07-31 09:50:45.844,226.32,62467,33632,40714,65535,65535,65535,65535,65535,65535
2026-07-31 09:50:45.889,226.37,62467,33632,40714,65535,65535,65535,65535,65535,65535
2026-07-31 09:50:45.936,226.42,62467,33632,40714,65535,65535,65535,65535,65535,65535
2026-07-31 09:50:45.983,226.46,62467,33632,40714,65535,65535,65535,65535,65535,65535
2026-07-31 09:50:46.037,226.52,62467,33632,40714,65535,65535,65535,65535,65535,65535
2026-07-31 09:50:46.086,226.57,62467,33632,40714,65535,65535,65535,65535,65535,65535
2026-07-31 09:50:46.129,226.61,62467,33632,40714,65535,65535,65535,65535,65535,65535
2026-07-31 09:50:46.177,226.66,62467,33632,40714,65535,65535,65535,65535,65535,65535
2026-07-31 09:50:46.226,226.71,62467,33632,40714,65535,65535,65535,65535,65535,65535
2026-07-31 09:50:46.273,226.75,62467,33632,33929,65535,65535,65535,65535,65535,65535
2026-07-31 09:50:46.321,226.8,62467,33632,33929,65535,65535,65535,65535,65535,65535
2026-07-31 09:50:46.367,226.85,62467,33632,33929,65535,65535,65535,65535,65535,65535
2026-07-31 09:50:46.413,226.89,62467,33632,33929,65535,65535,65535,65535,65535,65535
2026-07-31 09:50:46.459,226.94,62467,33632,33929,65535,65535,65535,65535,65535,65535
2026-07-31 09:50:46.505,226.98,62467,33632,33929,65535,65535,65535,65535,65535,65535
2026-07-31 09:50:46.553,227.03,62467,33632,33929,65535,65535,65535,65535,65535,65535
2026-07-31 09:50:46.597,227.08,62467,33632,33929,65535,65535,65535,65535,65535,65535
2026-07-31 09:50:46.644,227.12,62467,33632,33929,65535,65535,65535,65535,65535,65535
2026-07-31 09:50:46.692,227.17,62467,33632,33929,65535,65535,65535,65535,65535,65535
2026-07-31 09:50:46.739,227.22,62467,33632,33929,65535,65535,65535,65535,65535,65535
2026-07-31 09:50:46.784,227.26,62467,33632,33929,65535,65535,65535,65535,65535,65535
2026-07-31 09:50:46.831,227.31,62467,33632,40714,65535,65535,65535,65535,65535,65535
2026-07-31 09:50:46.876,227.36,62170,33533,40714,65535,65535,65535,65535,65535,65535
2026-07-31 09:50:46.923,227.4,62170,33533,40714,65535,65535,65535,65535,65535,65535
2026-07-31 09:50:46.975,227.45,62170,33533,40714,65535,65535,65535,65535,65535,65535
2026-07-31 09:50:47.024,227.5,62170,33533,40714,65535,65535,65535,65535,65535,65535
2026-07-31 09:50:47.070,227.55,62170,33533,40714,65535,65535,65535,65535,65535,65535
2026-07-31 09:50:47.118,227.6,62170,33533,40714,65535,65535,65535,65535,65535,65535
2026-07-31 09:50:47.163,227.64,62170,33533,40714,65535,65535,65535,65535,65535,65535
2026-07-31 09:50:47.212,227.69,62170,33533,40714,65535,65535,65535,65535,65535,65535
2026-07-31 09:50:47.259,227.74,62170,33533,40714,65535,65535,65535,65535,65535,65535
2026-07-31 09:50:47.304,227.78,62170,33533,40714,65535,65535,65535,65535,65535,65535
2026-07-31 09:50:47.349,227.83,62170,33533,40714,65535,65535,65535,65535,65535,65535
2026-07-31 09:50:47.401,227.88,62170,33533,40714,65535,65535,65535,65535,65535,65535
2026-07-31 09:50:47.448,227.93,50092,28912,40714,65535,65535,65535,65535,65535,65535
2026-07-31 09:50:47.499,227.98,50092,28912,40714,65535,65535,65535,65535,65535,65535
2026-07-31 09:50:47.547,228.03,50092,28912,40714,65535,65535,65535,65535,65535,65535
2026-07-31 09:50:47.595,228.07,50092,28912,40714,65535,65535,65535,65535,65535,65535
2026-07-31 09:50:47.645,228.12,50092,28912,40714,65535,65535,65535,65535,65535,65535
2026-07-31 09:50:47.690,228.17,50092,28912,40714,65535,65535,65535,65535,65535,65535
2026-07-31 09:50:47.739,228.22,50092,28912,40714,65535,65535,65535,65535,65535,65535
2026-07-31 09:50:47.787,228.27,50092,28912,40714,65535,65535,65535,65535,65535,65535
2026-07-31 09:50:47.836,228.32,50092,28912,40714,65535,65535,65535,65535,65535,65535
2026-07-31 09:50:47.884,228.36,50092,28912,40714,65535,65535,65535,65535,65535,65535
2026-07-31 09:50:47.930,228.41,50092,28912,40714,65535,65535,65535,65535,65535,65535
2026-07-31 09:50:47.986,228.47,50092,28912,40596,65535,65535,65535,65535,65535,65535
2026-07-31 09:50:48.028,228.51,50092,33533,40596,65535,65535,65535,65535,65535,65535
2026-07-31 09:50:48.079,228.56,50092,33533,40596,65535,65535,65535,65535,65535,65535
2026-07-31 09:50:48.121,228.6,50092,33533,40596,65535,65535,65535,65535,65535,65535
2026-07-31 09:50:48.166,228.65,50092,33533,40596,65535,65535,65535,65535,65535,65535
2026-07-31 09:50:48.212,228.69,50092,33533,40596,65535,65535,65535,65535,65535,65535
2026-07-31 09:50:48.261,228.74,50092,33533,40596,65535,65535,65535,65535,65535,65535
2026-07-31 09:50:48.302,228.78,50092,33533,40596,65535,65535,65535,65535,65535,65535
2026-07-31 09:50:48.345,228.82,50092,33533,40596,65535,65535,65535,65535,65535,65535
2026-07-31 09:50:48.394,228.87,50092,33533,40596,65535,65535,65535,65535,65535,65535
2026-07-31 09:50:48.441,228.92,50092,33533,40596,65535,65535,65535,65535,65535,65535
2026-07-31 09:50:48.489,228.97,50092,33533,40596,65535,65535,65535,65535,65535,65535
2026-07-31 09:50:48.536,229.02,49736,33533,33929,65535,65535,65535,65535,65535,65535
2026-07-31 09:50:48.580,229.06,49736,28827,33929,65535,65535,65535,65535,65535,65535
2026-07-31 09:50:48.623,229.1,49736,28827,33929,65535,65535,65535,65535,65535,65535
2026-07-31 09:50:48.673,229.15,49736,28827,33929,65535,65535,65535,65535,65535,65535
2026-07-31 09:50:48.718,229.2,49736,28827,33929,65535,65535,65535,65535,65535,65535
2026-07-31 09:50:48.764,229.24,49736,28827,33929,65535,65535,65535,65535,65535,65535
2026-07-31 09:50:48.811,229.29,49736,28827,33929,65535,65535,65535,65535,65535,65535
2026-07-31 09:50:48.862,229.34,49736,28827,33929,65535,65535,65535,65535,65535,65535
2026-07-31 09:50:48.911,229.39,49736,28827,33929,65535,65535,65535,65535,65535,65535
2026-07-31 09:50:48.960,229.44,49736,28827,33929,65535,65535,65535,65535,65535,65535
2026-07-31 09:50:49.011,229.49,49736,28827,33929,65535,65535,65535,65535,65535,65535
2026-07-31 09:50:49.060,229.54,49736,28827,33929,65535,65535,65535,65535,65535,65535
2026-07-31 09:50:49.108,229.59,50092,28827,40714,65535,65535,65535,65535,65535,65535
2026-07-31 09:50:49.156,229.64,50092,28742,40714,65535,65535,65535,65535,65535,65535
2026-07-31 09:50:49.202,229.68,50092,28742,40714,65535,65535,65535,65535,65535,65535
2026-07-31 09:50:49.248,229.73,50092,28742,40714,65535,65535,65535,65535,65535,65535
2026-07-31 09:50:49.298,229.78,50092,28742,40714,65535,65535,65535,65535,65535,65535
2026-07-31 09:50:49.349,229.83,50092,28742,40714,65535,65535,65535,65535,65535,65535
2026-07-31 09:50:49.392,229.87,50092,28742,40714,65535,65535,65535,65535,65535,65535
2026-07-31 09:50:49.440,229.92,50092,28742,40714,65535,65535,65535,65535,65535,65535
2026-07-31 09:50:49.485,229.96,50092,28742,40714,65535,65535,65535,65535,65535,65535
2026-07-31 09:50:49.537,230.02,50092,28742,40714,65535,65535,65535,65535,65535,65535
2026-07-31 09:50:49.586,230.07,50092,28742,40714,65535,65535,65535,65535,65535,65535
2026-07-31 09:50:49.631,230.11,50092,28742,40714,65535,65535,65535,65535,65535,65535
2026-07-31 09:50:49.679,230.16,49973,28742,33929,65535,65535,65535,65535,65535,65535
2026-07-31 09:50:49.726,230.21,49973,28742,33929,65535,65535,65535,65535,65535,65535
2026-07-31 09:50:49.776,230.26,49973,28742,33929,65535,65535,65535,65535,65535,65535
2026-07-31 09:50:49.827,230.31,49973,28742,33929,65535,65535,65535,65535,65535,65535
2026-07-31 09:50:49.872,230.35,49973,28742,33929,65535,65535,65535,65535,65535,65535
2026-07-31 09:50:49.918,230.4,49973,28742,33929,65535,65535,65535,65535,65535,65535
2026-07-31 09:50:49.966,230.45,49973,28742,33929,65535,65535,65535,65535,65535,65535
2026-07-31 09:50:50.011,230.49,49973,28742,33929,65535,65535,65535,65535,65535,65535
2026-07-31 09:50:50.059,230.54,49973,28742,33929,65535,65535,65535,65535,65535,65535
2026-07-31 09:50:50.105,230.59,49973,28742,33929,65535,65535,65535,65535,65535,65535
2026-07-31 09:50:50.155,230.63,49973,28742,33929,65535,65535,65535,65535,65535,65535
2026-07-31 09:50:50.198,230.68,49973,28742,33929,65535,65535,65535,65535,65535,65535
2026-07-31 09:50:50.244,230.72,62170,28742,40714,65535,65535,65535,65535,65535,65535
2026-07-31 09:50:50.291,230.77,62170,28742,40714,65535,65535,65535,65535,65535,65535
2026-07-31 09:50:50.338,230.82,62170,28742,40714,65535,65535,65535,65535,65535,65535
2026-07-31 09:50:50.383,230.86,62170,28742,40714,65535,65535,65535,65535,65535,65535
2026-07-31 09:50:50.432,230.91,62170,28742,40714,65535,65535,65535,65535,65535,65535
2026-07-31 09:50:50.476,230.96,62170,28742,40714,65535,65535,65535,65535,65535,65535
2026-07-31 09:50:50.525,231.0,62170,28742,40714,65535,65535,65535,65535,65535,65535
2026-07-31 09:50:50.571,231.05,62170,28742,40714,65535,65535,65535,65535,65535,65535
2026-07-31 09:50:50.620,231.1,62170,28742,40714,65535,65535,65535,65535,65535,65535
2026-07-31 09:50:50.663,231.14,62170,28742,40714,65535,65535,65535,65535,65535,65535
2026-07-31 09:50:50.711,231.19,62170,28742,40714,65535,65535,65535,65535,65535,65535
2026-07-31 09:50:50.755,231.23,62170,28742,40714,65535,65535,65535,65535,65535,65535
2026-07-31 09:50:50.805,231.28,61725,28742,33929,65535,65535,65535,65535,65535,65535
2026-07-31 09:50:50.849,231.33,61725,28742,33929,65535,65535,65535,65535,65535,65535
2026-07-31 09:50:50.898,231.38,61725,28742,33929,65535,65535,65535,65535,65535,65535
2026-07-31 09:50:50.943,231.42,61725,28742,33929,65535,65535,65535,65535,65535,65535
2026-07-31 09:50:50.992,231.47,61725,28742,33929,65535,65535,65535,65535,65535,65535
2026-07-31 09:50:51.037,231.52,61725,28742,33929,65535,65535,65535,65535,65535,65535
2026-07-31 09:50:51.086,231.57,61725,28742,33929,65535,65535,65535,65535,65535,65535
2026-07-31 09:50:51.129,231.61,61725,28742,33929,65535,65535,65535,65535,65535,65535
2026-07-31 09:50:51.177,231.66,61725,28742,33929,65535,65535,65535,65535,65535,65535
2026-07-31 09:50:51.221,231.7,61725,28742,33929,65535,65535,65535,65535,65535,65535
2026-07-31 09:50:51.267,231.75,61725,28742,33929,65535,65535,65535,65535,65535,65535
2026-07-31 09:50:51.312,231.79,61725,28742,33929,65535,65535,65535,65535,65535,65535
2026-07-31 09:50:51.360,231.84,49973,28742,40714,65535,65535,65535,65535,65535,65535
2026-07-31 09:50:51.404,231.88,49973,33533,40714,65535,65535,65535,65535,65535,65535
2026-07-31 09:50:51.454,231.93,49973,33533,40714,65535,65535,65535,65535,65535,65535
2026-07-31 09:50:51.501,231.98,49973,33533,40714,65535,65535,65535,65535,65535,65535
2026-07-31 09:50:51.547,232.03,49973,33533,40714,65535,65535,65535,65535,65535,65535
2026-07-31 09:50:51.595,232.07,49973,33533,40714,65535,65535,65535,65535,65535,65535
2026-07-31 09:50:51.643,232.12,49973,33533,40714,65535,65535,65535,65535,65535,65535
2026-07-31 09:50:51.691,232.17,49973,33533,40714,65535,65535,65535,65535,65535,65535
2026-07-31 09:50:51.739,232.22,49973,33533,40714,65535,65535,65535,65535,65535,65535
2026-07-31 09:50:51.784,232.26,49973,33533,40714,65535,65535,65535,65535,65535,65535
2026-07-31 09:50:51.830,232.31,49973,33533,40714,65535,65535,65535,65535,65535,65535
2026-07-31 09:50:51.881,232.36,49973,33533,40714,65535,65535,65535,65535,65535,65535
2026-07-31 09:50:51.929,232.41,49973,33533,40714,65535,65535,65535,65535,65535,65535
2026-07-31 09:50:51.976,232.46,49973,33632,40714,65535,65535,65535,65535,65535,65535
2026-07-31 09:50:52.021,232.5,49973,33632,40714,65535,65535,65535,65535,65535,65535
2026-07-31 09:50:52.069,232.55,49973,33632,40714,65535,65535,65535,65535,65535,65535
2026-07-31 09:50:52.115,232.59,49973,33632,40714,65535,65535,65535,65535,65535,65535
2026-07-31 09:50:52.165,232.64,49973,33632,40714,65535,65535,65535,65535,65535,65535
2026-07-31 09:50:52.211,232.69,49973,33632,40714,65535,65535,65535,65535,65535,65535
2026-07-31 09:50:52.257,232.74,49973,33632,40714,65535,65535,65535,65535,65535,65535
2026-07-31 09:50:52.302,232.78,49973,33632,40714,65535,65535,65535,65535,65535,65535
2026-07-31 09:50:52.347,232.83,49973,33632,40714,65535,65535,65535,65535,65535,65535
2026-07-31 09:50:52.394,232.87,49973,33632,40714,65535,65535,65535,65535,65535,65535
2026-07-31 09:50:52.443,232.92,49973,33632,40714,65535,65535,65535,65535,65535,65535
2026-07-31 09:50:52.486,232.97,49973,33632,40596,65535,65535,65535,65535,65535,65535
2026-07-31 09:50:52.538,233.02,62615,25150,40596,65535,65535,65535,65535,65535,65535
2026-07-31 09:50:52.587,233.07,62615,25150,40596,65535,65535,65535,65535,65535,65535
2026-07-31 09:50:52.634,233.11,62615,25150,40596,65535,65535,65535,65535,65535,65535
2026-07-31 09:50:52.679,233.16,62615,25150,40596,65535,65535,65535,65535,65535,65535
2026-07-31 09:50:52.731,233.21,62615,25150,40596,65535,65535,65535,65535,65535,65535
2026-07-31 09:50:52.776,233.26,62615,25150,40596,65535,65535,65535,65535,65535,65535
2026-07-31 09:50:52.824,233.3,62615,25150,40596,65535,65535,65535,65535,65535,65535
2026-07-31 09:50:52.869,233.35,62615,25150,40596,65535,65535,65535,65535,65535,65535
2026-07-31 09:50:52.918,233.4,62615,25150,40596,65535,65535,65535,65535,65535,65535
2026-07-31 09:50:52.964,233.44,62615,25150,40596,65535,65535,65535,65535,65535,65535
2026-07-31 09:50:53.010,233.49,62615,25150,40596,65535,65535,65535,65535,65535,65535
2026-07-31 09:50:53.056,233.54,50329,25150,40714,65535,65535,65535,65535,65535,65535
2026-07-31 09:50:53.103,233.58,50329,33533,40714,65535,65535,65535,65535,65535,65535
2026-07-31 09:50:53.149,233.63,50329,33533,40714,65535,65535,65535,65535,65535,65535
2026-07-31 09:50:53.198,233.68,50329,33533,40714,65535,65535,65535,65535,65535,65535
2026-07-31 09:50:53.249,233.73,50329,33533,40714,65535,65535,65535,65535,65535,65535
2026-07-31 09:50:53.297,233.78,50329,33533,40714,65535,65535,65535,65535,65535,65535
2026-07-31 09:50:53.348,233.83,50329,33533,40714,65535,65535,65535,65535,65535,65535
2026-07-31 09:50:53.399,233.88,50329,33533,40714,65535,65535,65535,65535,65535,65535
2026-07-31 09:50:53.445,233.92,50329,33533,40714,65535,65535,65535,65535,65535,65535
2026-07-31 09:50:53.490,233.97,50329,33533,40714,65535,65535,65535,65535,65535,65535
2026-07-31 09:50:53.537,234.02,50329,33533,40714,65535,65535,65535,65535,65535,65535
2026-07-31 09:50:53.585,234.07,50329,33533,40714,65535,65535,65535,65535,65535,65535
2026-07-31 09:50:53.633,234.11,50211,33533,33830,65535,65535,65535,65535,65535,65535
2026-07-31 09:50:53.685,234.16,50211,33533,33830,65535,65535,65535,65535,65535,65535
2026-07-31 09:50:53.733,234.21,50211,33533,33830,65535,65535,65535,65535,65535,65535
2026-07-31 09:50:53.781,234.26,50211,33533,33830,65535,65535,65535,65535,65535,65535
2026-07-31 09:50:53.825,234.3,50211,33533,33830,65535,65535,65535,65535,65535,65535
2026-07-31 09:50:53.877,234.36,50211,33533,33830,65535,65535,65535,65535,65535,65535
2026-07-31 09:50:53.928,234.41,50211,33533,33830,65535,65535,65535,65535,65535,65535
2026-07-31 09:50:53.974,234.45,50211,33533,33830,65535,65535,65535,65535,65535,65535
2026-07-31 09:50:54.024,234.5,50211,33533,33830,65535,65535,65535,65535,65535,65535
2026-07-31 09:50:54.068,234.55,50211,33533,33830,65535,65535,65535,65535,65535,65535
2026-07-31 09:50:54.116,234.6,50211,33533,33830,65535,65535,65535,65535,65535,65535
2026-07-31 09:50:54.160,234.64,50211,33533,33929,65535,65535,65535,65535,65535,65535
2026-07-31 09:50:54.207,234.69,62615,33533,33929,65535,65535,65535,65535,65535,65535
2026-07-31 09:50:54.257,234.74,62615,33533,33929,65535,65535,65535,65535,65535,65535
2026-07-31 09:50:54.304,234.78,62615,33533,33929,65535,65535,65535,65535,65535,65535
2026-07-31 09:50:54.348,234.83,62615,33533,33929,65535,65535,65535,65535,65535,65535
2026-07-31 09:50:54.396,234.88,62615,33533,33929,65535,65535,65535,65535,65535,65535
2026-07-31 09:50:54.441,234.92,62615,33533,33929,65535,65535,65535,65535,65535,65535
2026-07-31 09:50:54.492,234.97,62615,33533,33929,65535,65535,65535,65535,65535,65535
2026-07-31 09:50:54.536,235.02,62615,33533,33929,65535,65535,65535,65535,65535,65535
2026-07-31 09:50:54.587,235.07,62615,33533,33929,65535,65535,65535,65535,65535,65535
2026-07-31 09:50:54.634,235.11,62615,33533,33929,65535,65535,65535,65535,65535,65535
2026-07-31 09:50:54.684,235.16,62615,33533,33929,65535,65535,65535,65535,65535,65535
2026-07-31 09:50:54.728,235.21,62615,33533,33929,65535,65535,65535,65535,65535,65535
2026-07-31 09:50:54.776,235.26,50092,33533,33929,65535,65535,65535,65535,65535,65535
2026-07-31 09:50:54.821,235.3,50092,33533,33929,65535,65535,65535,65535,65535,65535
2026-07-31 09:50:54.871,235.35,50092,33533,33929,65535,65535,65535,65535,65535,65535
2026-07-31 09:50:54.914,235.39,50092,33533,33929,65535,65535,65535,65535,65535,65535
2026-07-31 09:50:54.965,235.44,50092,33533,33929,65535,65535,65535,65535,65535,65535
2026-07-31 09:50:55.012,235.49,50092,33533,33929,65535,65535,65535,65535,65535,65535
2026-07-31 09:50:55.060,235.54,50092,33533,33929,65535,65535,65535,65535,65535,65535
2026-07-31 09:50:55.107,235.59,50092,33533,33929,65535,65535,65535,65535,65535,65535
2026-07-31 09:50:55.155,235.63,50092,33533,33929,65535,65535,65535,65535,65535,65535
2026-07-31 09:50:55.202,235.68,50092,33533,33929,65535,65535,65535,65535,65535,65535
2026-07-31 09:50:55.250,235.73,50092,33533,33929,65535,65535,65535,65535,65535,65535
2026-07-31 09:50:55.299,235.78,50092,33533,40714,65535,65535,65535,65535,65535,65535
2026-07-31 09:50:55.348,235.83,50211,33929,40714,65535,65535,65535,65535,65535,65535
2026-07-31 09:50:55.398,235.88,50211,33929,40714,65535,65535,65535,65535,65535,65535
2026-07-31 09:50:55.448,235.93,50211,33929,40714,65535,65535,65535,65535,65535,65535
2026-07-31 09:50:55.496,235.98,50211,33929,40714,65535,65535,65535,65535,65535,65535
2026-07-31 09:50:55.547,236.03,50211,33929,40714,65535,65535,65535,65535,65535,65535
2026-07-31 09:50:55.594,236.07,50211,33929,40714,65535,65535,65535,65535,65535,65535
2026-07-31 09:50:55.641,236.12,50211,33929,40714,65535,65535,65535,65535,65535,65535
2026-07-31 09:50:55.686,236.17,50211,33929,40714,65535,65535,65535,65535,65535,65535
2026-07-31 09:50:55.737,236.22,50211,33929,40714,65535,65535,65535,65535,65535,65535
2026-07-31 09:50:55.784,236.26,50211,33929,40714,65535,65535,65535,65535,65535,65535
2026-07-31 09:50:55.829,236.31,50211,33929,40714,65535,65535,65535,65535,65535,65535
2026-07-31 09:50:55.877,236.36,62467,33929,40714,65535,65535,65535,65535,65535,65535
2026-07-31 09:50:55.922,236.4,62467,28742,40714,65535,65535,65535,65535,65535,65535
2026-07-31 09:50:55.973,236.45,62467,28742,40714,65535,65535,65535,65535,65535,65535
2026-07-31 09:50:56.018,236.5,62467,28742,40714,65535,65535,65535,65535,65535,65535
2026-07-31 09:50:56.066,236.55,62467,28742,40714,65535,65535,65535,65535,65535,65535
2026-07-31 09:50:56.113,236.59,62467,28742,40714,65535,65535,65535,65535,65535,65535
2026-07-31 09:50:56.160,236.64,62467,28742,40714,65535,65535,65535,65535,65535,65535
2026-07-31 09:50:56.209,236.69,62467,28742,40714,65535,65535,65535,65535,65535,65535
2026-07-31 09:50:56.259,236.74,62467,28742,40714,65535,65535,65535,65535,65535,65535
2026-07-31 09:50:56.311,236.79,62467,28742,40714,65535,65535,65535,65535,65535,65535
2026-07-31 09:50:56.354,236.83,62467,28742,40714,65535,65535,65535,65535,65535,65535
2026-07-31 09:50:56.401,236.88,62467,28742,40714,65535,65535,65535,65535,65535,65535
2026-07-31 09:50:56.451,236.93,50211,28742,33929,65535,65535,65535,65535,65535,65535
2026-07-31 09:50:56.499,236.98,50211,28742,33929,65535,65535,65535,65535,65535,65535
2026-07-31 09:50:56.545,237.02,50211,28742,33929,65535,65535,65535,65535,65535,65535
2026-07-31 09:50:56.595,237.07,50211,28742,33929,65535,65535,65535,65535,65535,65535
2026-07-31 09:50:56.643,237.12,50211,28742,33929,65535,65535,65535,65535,65535,65535
2026-07-31 09:50:56.689,237.17,50211,28742,33929,65535,65535,65535,65535,65535,65535
2026-07-31 09:50:56.736,237.22,50211,28742,33929,65535,65535,65535,65535,65535,65535
2026-07-31 09:50:56.783,237.26,50211,28742,33929,65535,65535,65535,65535,65535,65535
2026-07-31 09:50:56.835,237.31,50211,28742,33929,65535,65535,65535,65535,65535,65535
2026-07-31 09:50:56.880,237.36,50211,28742,33929,65535,65535,65535,65535,65535,65535
2026-07-31 09:50:56.930,237.41,50211,28742,33929,65535,65535,65535,65535,65535,65535
2026-07-31 09:50:56.978,237.46,50211,28742,33929,65535,65535,65535,65535,65535,65535
2026-07-31 09:50:57.031,237.51,62615,28742,33632,65535,65535,65535,65535,65535,65535
2026-07-31 09:50:57.079,237.56,62615,28742,33632,65535,65535,65535,65535,65535,65535
2026-07-31 09:50:57.125,237.6,62615,28742,33632,65535,65535,65535,65535,65535,65535
2026-07-31 09:50:57.173,237.65,62615,28742,33632,65535,65535,65535,65535,65535,65535
2026-07-31 09:50:57.221,237.7,62615,28742,33632,65535,65535,65535,65535,65535,65535
2026-07-31 09:50:57.274,237.75,62615,28742,33632,65535,65535,65535,65535,65535,65535
2026-07-31 09:50:57.321,237.8,62615,28742,33632,65535,65535,65535,65535,65535,65535
2026-07-31 09:50:57.368,237.85,62615,28742,33632,65535,65535,65535,65535,65535,65535
2026-07-31 09:50:57.418,237.9,62615,28742,33632,65535,65535,65535,65535,65535,65535
2026-07-31 09:50:57.463,237.94,62615,28742,33632,65535,65535,65535,65535,65535,65535
2026-07-31 09:50:57.515,237.99,62615,28742,33632,65535,65535,65535,65535,65535,65535
2026-07-31 09:50:57.563,238.04,62615,28742,40714,65535,65535,65535,65535,65535,65535
2026-07-31 09:50:57.613,238.09,49973,33533,40714,65535,65535,65535,65535,65535,65535
2026-07-31 09:50:57.661,238.14,49973,33533,40714,65535,65535,65535,65535,65535,65535
2026-07-31 09:50:57.710,238.19,49973,33533,40714,65535,65535,65535,65535,65535,65535
2026-07-31 09:50:57.758,238.24,49973,33533,40714,65535,65535,65535,65535,65535,65535
2026-07-31 09:50:57.803,238.28,49973,33533,40714,65535,65535,65535,65535,65535,65535
2026-07-31 09:50:57.853,238.33,49973,33533,40714,65535,65535,65535,65535,65535,65535
2026-07-31 09:50:57.898,238.38,49973,33533,40714,65535,65535,65535,65535,65535,65535
2026-07-31 09:50:57.948,238.43,49973,33533,40714,65535,65535,65535,65535,65535,65535
2026-07-31 09:50:57.993,238.47,49973,33533,40714,65535,65535,65535,65535,65535,65535
2026-07-31 09:50:58.044,238.52,49973,33533,40714,65535,65535,65535,65535,65535,65535
2026-07-31 09:50:58.090,238.57,49973,33533,40714,65535,65535,65535,65535,65535,65535
2026-07-31 09:50:58.139,238.62,62763,33533,33929,65535,65535,65535,65535,65535,65535
2026-07-31 09:50:58.183,238.66,62763,28742,33929,65535,65535,65535,65535,65535,65535
2026-07-31 09:50:58.236,238.72,62763,28742,33929,65535,65535,65535,65535,65535,65535
2026-07-31 09:50:58.280,238.76,62763,28742,33929,65535,65535,65535,65535,65535,65535
2026-07-31 09:50:58.330,238.81,62763,28742,33929,65535,65535,65535,65535,65535,65535
2026-07-31 09:50:58.375,238.85,62763,28742,33929,65535,65535,65535,65535,65535,65535
2026-07-31 09:50:58.420,238.9,62763,28742,33929,65535,65535,65535,65535,65535,65535
2026-07-31 09:50:58.469,238.95,62763,28742,33929,65535,65535,65535,65535,65535,65535
2026-07-31 09:50:58.517,239.0,62763,28742,33929,65535,65535,65535,65535,65535,65535
2026-07-31 09:50:58.566,239.05,62763,28742,33929,65535,65535,65535,65535,65535,65535
2026-07-31 09:50:58.611,239.09,62763,28742,33929,65535,65535,65535,65535,65535,65535
2026-07-31 09:50:58.661,239.14,62763,28742,33929,65535,65535,65535,65535,65535,65535
2026-07-31 09:50:58.704,239.18,49973,28742,33830,65535,65535,65535,65535,65535,65535
2026-07-31 09:50:58.758,239.24,49973,28742,33830,65535,65535,65535,65535,65535,65535
2026-07-31 09:50:58.808,239.29,49973,28742,33830,65535,65535,65535,65535,65535,65535
2026-07-31 09:50:58.856,239.34,49973,28742,33830,65535,65535,65535,65535,65535,65535
2026-07-31 09:50:58.904,239.38,49973,28742,33830,65535,65535,65535,65535,65535,65535
2026-07-31 09:50:58.951,239.43,49973,28742,33830,65535,65535,65535,65535,65535,65535
2026-07-31 09:50:59.001,239.48,49973,28742,33830,65535,65535,65535,65535,65535,65535
2026-07-31 09:50:59.046,239.53,49973,28742,33830,65535,65535,65535,65535,65535,65535
2026-07-31 09:50:59.097,239.58,49973,28742,33830,65535,65535,65535,65535,65535,65535
2026-07-31 09:50:59.141,239.62,49973,28742,33830,65535,65535,65535,65535,65535,65535
2026-07-31 09:50:59.193,239.67,49973,28742,33830,65535,65535,65535,65535,65535,65535
2026-07-31 09:50:59.237,239.72,49973,28742,33830,65535,65535,65535,65535,65535,65535
2026-07-31 09:50:59.287,239.77,62615,33632,33929,65535,65535,65535,65535,65535,65535
2026-07-31 09:50:59.330,239.81,62615,33632,33929,65535,65535,65535,65535,65535,65535
2026-07-31 09:50:59.382,239.86,62615,33632,33929,65535,65535,65535,65535,65535,65535
2026-07-31 09:50:59.434,239.91,62615,33632,33929,65535,65535,65535,65535,65535,65535
2026-07-31 09:50:59.482,239.96,62615,33632,33929,65535,65535,65535,65535,65535,65535
2026-07-31 09:50:59.533,240.01,62615,33632,33929,65535,65535,65535,65535,65535,65535
2026-07-31 09:50:59.580,240.06,62615,33632,33929,65535,65535,65535,65535,65535,65535
2026-07-31 09:50:59.640,240.12,62615,33632,33929,65535,65535,65535,65535,65535,65535
2026-07-31 09:50:59.684,240.16,62615,33632,33929,65535,65535,65535,65535,65535,65535
2026-07-31 09:50:59.731,240.21,62615,33632,33929,65535,65535,65535,65535,65535,65535
2026-07-31 09:50:59.776,240.26,62615,33632,33929,65535,65535,65535,65535,65535,65535
2026-07-31 09:50:59.829,240.31,62318,33632,40714,65535,65535,65535,65535,65535,65535
2026-07-31 09:50:59.874,240.35,62318,28827,40714,65535,65535,65535,65535,65535,65535
2026-07-31 09:50:59.925,240.4,62318,28827,40714,65535,65535,65535,65535,65535,65535
2026-07-31 09:50:59.971,240.45,62318,28827,40714,65535,65535,65535,65535,65535,65535
2026-07-31 09:51:00.018,240.5,62318,28827,40714,65535,65535,65535,65535,65535,65535
2026-07-31 09:51:00.067,240.55,62318,28827,40714,65535,65535,65535,65535,65535,65535
2026-07-31 09:51:00.117,240.6,62318,28827,40714,65535,65535,65535,65535,65535,65535
2026-07-31 09:51:00.164,240.64,62318,28827,40714,65535,65535,65535,65535,65535,65535
2026-07-31 09:51:00.211,240.69,62318,28827,40714,65535,65535,65535,65535,65535,65535
2026-07-31 09:51:00.259,240.74,62318,28827,40714,65535,65535,65535,65535,65535,65535
2026-07-31 09:51:00.303,240.78,62318,28827,40714,65535,65535,65535,65535,65535,65535
2026-07-31 09:51:00.353,240.83,62318,28827,40714,65535,65535,65535,65535,65535,65535
2026-07-31 09:51:00.402,240.88,50092,28827,33929,65535,65535,65535,65535,65535,65535
2026-07-31 09:51:00.450,240.93,50092,28742,33929,65535,65535,65535,65535,65535,65535
2026-07-31 09:51:00.496,240.98,50092,28742,33929,65535,65535,65535,65535,65535,65535
2026-07-31 09:51:00.545,241.02,50092,28742,33929,65535,65535,65535,65535,65535,65535
2026-07-31 09:51:00.592,241.07,50092,28742,33929,65535,65535,65535,65535,65535,65535
2026-07-31 09:51:00.641,241.12,50092,28742,33929,65535,65535,65535,65535,65535,65535
2026-07-31 09:51:00.689,241.17,50092,28742,33929,65535,65535,65535,65535,65535,65535
2026-07-31 09:51:00.737,241.22,50092,28742,33929,65535,65535,65535,65535,65535,65535
2026-07-31 09:51:00.780,241.26,50092,28742,33929,65535,65535,65535,65535,65535,65535
2026-07-31 09:51:00.830,241.31,50092,28742,33929,65535,65535,65535,65535,65535,65535
2026-07-31 09:51:00.876,241.36,50092,28742,33929,65535,65535,65535,65535,65535,65535
2026-07-31 09:51:00.927,241.41,50092,28742,33929,65535,65535,65535,65535,65535,65535
2026-07-31 09:51:00.977,241.46,62467,28742,40714,65535,65535,65535,65535,65535,65535
2026-07-31 09:51:01.025,241.5,62467,33533,40714,65535,65535,65535,65535,65535,65535
2026-07-31 09:51:01.072,241.55,62467,33533,40714,65535,65535,65535,65535,65535,65535
2026-07-31 09:51:01.121,241.6,62467,33533,40714,65535,65535,65535,65535,65535,65535
2026-07-31 09:51:01.170,241.65,62467,33533,40714,65535,65535,65535,65535,65535,65535
2026-07-31 09:51:01.221,241.7,62467,33533,40714,65535,65535,65535,65535,65535,65535
2026-07-31 09:51:01.270,241.75,62467,33533,40714,65535,65535,65535,65535,65535,65535
2026-07-31 09:51:01.315,241.79,62467,33533,40714,65535,65535,65535,65535,65535,65535
2026-07-31 09:51:01.366,241.85,62467,33533,40714,65535,65535,65535,65535,65535,65535
2026-07-31 09:51:01.415,241.89,62467,33533,40714,65535,65535,65535,65535,65535,65535
2026-07-31 09:51:01.461,241.94,62467,33533,40714,65535,65535,65535,65535,65535,65535
2026-07-31 09:51:01.509,241.99,62467,33533,40714,65535,65535,65535,65535,65535,65535
2026-07-31 09:51:01.556,242.04,62467,28742,40714,65535,65535,65535,65535,65535,65535
2026-07-31 09:51:01.605,242.08,62467,28742,40714,65535,65535,65535,65535,65535,65535
2026-07-31 09:51:01.652,242.13,62467,28742,40714,65535,65535,65535,65535,65535,65535
2026-07-31 09:51:01.699,242.18,62467,28742,40714,65535,65535,65535,65535,65535,65535
2026-07-31 09:51:01.747,242.23,62467,28742,40714,65535,65535,65535,65535,65535,65535
2026-07-31 09:51:01.797,242.28,62467,28742,40714,65535,65535,65535,65535,65535,65535
2026-07-31 09:51:01.841,242.32,62467,28742,40714,65535,65535,65535,65535,65535,65535
2026-07-31 09:51:01.890,242.37,62467,28742,40714,65535,65535,65535,65535,65535,65535
2026-07-31 09:51:01.937,242.42,62467,28742,40714,65535,65535,65535,65535,65535,65535
2026-07-31 09:51:01.988,242.47,62467,28742,40714,65535,65535,65535,65535,65535,65535
2026-07-31 09:51:02.037,242.52,62467,28742,40714,65535,65535,65535,65535,65535,65535
2026-07-31 09:51:02.080,242.56,62467,28742,40714,65535,65535,65535,65535,65535,65535
2026-07-31 09:51:02.128,242.61,62467,33533,40714,65535,65535,65535,65535,65535,65535
2026-07-31 09:51:02.177,242.66,62467,33533,40714,65535,65535,65535,65535,65535,65535
2026-07-31 09:51:02.224,242.7,62467,33533,40714,65535,65535,65535,65535,65535,65535
2026-07-31 09:51:02.271,242.75,62467,33533,40714,65535,65535,65535,65535,65535,65535
2026-07-31 09:51:02.317,242.8,62467,33533,40714,65535,65535,65535,65535,65535,65535
2026-07-31 09:51:02.365,242.84,62467,33533,40714,65535,65535,65535,65535,65535,65535
2026-07-31 09:51:02.414,242.89,62467,33533,40714,65535,65535,65535,65535,65535,65535
2026-07-31 09:51:02.463,242.94,62467,33533,40714,65535,65535,65535,65535,65535,65535
2026-07-31 09:51:02.508,242.99,62467,33533,40714,65535,65535,65535,65535,65535,65535
2026-07-31 09:51:02.556,243.04,62467,33533,40714,65535,65535,65535,65535,65535,65535
2026-07-31 09:51:02.606,243.09,62467,33533,40714,65535,65535,65535,65535,65535,65535
2026-07-31 09:51:02.651,243.13,49973,33533,29082,65535,65535,65535,65535,65535,65535
2026-07-31 09:51:02.700,243.18,49973,40240,29082,65535,65535,65535,65535,65535,65535
2026-07-31 09:51:02.744,243.22,49973,40240,29082,65535,65535,65535,65535,65535,65535
2026-07-31 09:51:02.793,243.27,49973,40240,29082,65535,65535,65535,65535,65535,65535
2026-07-31 09:51:02.841,243.32,49973,40240,29082,65535,65535,65535,65535,65535,65535
2026-07-31 09:51:02.887,243.37,49973,40240,29082,65535,65535,65535,65535,65535,65535
2026-07-31 09:51:02.935,243.41,49973,40240,29082,65535,65535,65535,65535,65535,65535
2026-07-31 09:51:02.983,243.46,49973,40240,29082,65535,65535,65535,65535,65535,65535
2026-07-31 09:51:03.030,243.51,49973,40240,29082,65535,65535,65535,65535,65535,65535
2026-07-31 09:51:03.079,243.56,49973,40240,29082,65535,65535,65535,65535,65535,65535
2026-07-31 09:51:03.125,243.6,49973,40240,29082,65535,65535,65535,65535,65535,65535
2026-07-31 09:51:03.170,243.65,49973,40240,29082,65535,65535,65535,65535,65535,65535
2026-07-31 09:51:03.222,243.7,62467,40240,33929,65535,65535,65535,65535,65535,65535
2026-07-31 09:51:03.266,243.75,62467,28827,33929,65535,65535,65535,65535,65535,65535
2026-07-31 09:51:03.316,243.8,62467,28827,33929,65535,65535,65535,65535,65535,65535
2026-07-31 09:51:03.361,243.84,62467,28827,33929,65535,65535,65535,65535,65535,65535
2026-07-31 09:51:03.412,243.89,62467,28827,33929,65535,65535,65535,65535,65535,65535
2026-07-31 09:51:03.457,243.94,62467,28827,33929,65535,65535,65535,65535,65535,65535
2026-07-31 09:51:03.508,243.99,62467,28827,33929,65535,65535,65535,65535,65535,65535
2026-07-31 09:51:03.552,244.03,62467,28827,33929,65535,65535,65535,65535,65535,65535
2026-07-31 09:51:03.603,244.08,62467,28827,33929,65535,65535,65535,65535,65535,65535
2026-07-31 09:51:03.647,244.13,62467,28827,33929,65535,65535,65535,65535,65535,65535
2026-07-31 09:51:03.699,244.18,62467,28827,33929,65535,65535,65535,65535,65535,65535
2026-07-31 09:51:03.751,244.23,62467,28827,33929,65535,65535,65535,65535,65535,65535
2026-07-31 09:51:03.798,244.28,62467,28827,33929,65535,65535,65535,65535,65535,65535
2026-07-31 09:51:03.850,244.33,62467,33533,33929,65535,65535,65535,65535,65535,65535
2026-07-31 09:51:03.893,244.37,62467,33533,33929,65535,65535,65535,65535,65535,65535
2026-07-31 09:51:03.943,244.42,62467,33533,33929,65535,65535,65535,65535,65535,65535
2026-07-31 09:51:03.987,244.47,62467,33533,33929,65535,65535,65535,65535,65535,65535
2026-07-31 09:51:04.039,244.52,62467,33533,33929,65535,65535,65535,65535,65535,65535
2026-07-31 09:51:04.085,244.56,62467,33533,33929,65535,65535,65535,65535,65535,65535
2026-07-31 09:51:04.133,244.61,62467,33533,33929,65535,65535,65535,65535,65535,65535
2026-07-31 09:51:04.179,244.66,62467,33533,33929,65535,65535,65535,65535,65535,65535
2026-07-31 09:51:04.228,244.71,62467,33533,33929,65535,65535,65535,65535,65535,65535
2026-07-31 09:51:04.274,244.75,62467,33533,33929,65535,65535,65535,65535,65535,65535
2026-07-31 09:51:04.322,244.8,62467,33533,33929,65535,65535,65535,65535,65535,65535
2026-07-31 09:51:04.369,244.85,62615,28742,33929,65535,65535,65535,65535,65535,65535
2026-07-31 09:51:04.416,244.9,62615,28742,33929,65535,65535,65535,65535,65535,65535
2026-07-31 09:51:04.460,244.94,62615,28742,33929,65535,65535,65535,65535,65535,65535
2026-07-31 09:51:04.511,244.99,62615,28742,33929,65535,65535,65535,65535,65535,65535
2026-07-31 09:51:04.556,245.04,62615,28742,33929,65535,65535,65535,65535,65535,65535
2026-07-31 09:51:04.606,245.09,62615,28742,33929,65535,65535,65535,65535,65535,65535
2026-07-31 09:51:04.651,245.13,62615,28742,33929,65535,65535,65535,65535,65535,65535
2026-07-31 09:51:04.698,245.18,62615,28742,33929,65535,65535,65535,65535,65535,65535
2026-07-31 09:51:04.745,245.22,62615,28742,33929,65535,65535,65535,65535,65535,65535
2026-07-31 09:51:04.793,245.27,62615,28742,33929,65535,65535,65535,65535,65535,65535
2026-07-31 09:51:04.837,245.32,62615,28742,33929,65535,65535,65535,65535,65535,65535
2026-07-31 09:51:04.888,245.37,62615,28742,33929,65535,65535,65535,65535,65535,65535
2026-07-31 09:51:04.935,245.41,49855,33632,33929,65535,65535,65535,65535,65535,65535
2026-07-31 09:51:04.981,245.46,49855,33632,33929,65535,65535,65535,65535,65535,65535
2026-07-31 09:51:05.027,245.51,49855,33632,33929,65535,65535,65535,65535,65535,65535
2026-07-31 09:51:05.074,245.55,49855,33632,33929,65535,65535,65535,65535,65535,65535
2026-07-31 09:51:05.123,245.6,49855,33632,33929,65535,65535,65535,65535,65535,65535
2026-07-31 09:51:05.172,245.65,49855,33632,33929,65535,65535,65535,65535,65535,65535
2026-07-31 09:51:05.220,245.7,49855,33632,33929,65535,65535,65535,65535,65535,65535
2026-07-31 09:51:05.266,245.75,49855,33632,33929,65535,65535,65535,65535,65535,65535
2026-07-31 09:51:05.313,245.79,49855,33632,33929,65535,65535,65535,65535,65535,65535
2026-07-31 09:51:05.358,245.84,49855,33632,33929,65535,65535,65535,65535,65535,65535
2026-07-31 09:51:05.408,245.89,49855,33632,33929,65535,65535,65535,65535,65535,65535
2026-07-31 09:51:05.454,245.93,49855,33632,33929,65535,65535,65535,65535,65535,65535
2026-07-31 09:51:05.504,245.98,62615,33533,33929,65535,65535,65535,65535,65535,65535
2026-07-31 09:51:05.549,246.03,62615,33533,33929,65535,65535,65535,65535,65535,65535
2026-07-31 09:51:05.596,246.08,62615,33533,33929,65535,65535,65535,65535,65535,65535
2026-07-31 09:51:05.645,246.12,62615,33533,33929,65535,65535,65535,65535,65535,65535
2026-07-31 09:51:05.689,246.17,62615,33533,33929,65535,65535,65535,65535,65535,65535
2026-07-31 09:51:05.739,246.22,62615,33533,33929,65535,65535,65535,65535,65535,65535
2026-07-31 09:51:05.784,246.26,62615,33533,33929,65535,65535,65535,65535,65535,65535
2026-07-31 09:51:05.835,246.31,62615,33533,33929,65535,65535,65535,65535,65535,65535
2026-07-31 09:51:05.879,246.36,62615,33533,33929,65535,65535,65535,65535,65535,65535
2026-07-31 09:51:05.927,246.41,62615,33533,33929,65535,65535,65535,65535,65535,65535
2026-07-31 09:51:05.973,246.45,62615,33533,33929,65535,65535,65535,65535,65535,65535
2026-07-31 09:51:06.024,246.5,62615,33533,40714,65535,65535,65535,65535,65535,65535
2026-07-31 09:51:06.071,246.55,50092,28742,40714,65535,65535,65535,65535,65535,65535
2026-07-31 09:51:06.117,246.6,50092,28742,40714,65535,65535,65535,65535,65535,65535
2026-07-31 09:51:06.165,246.64,50092,28742,40714,65535,65535,65535,65535,65535,65535
2026-07-31 09:51:06.216,246.7,50092,28742,40714,65535,65535,65535,65535,65535,65535
2026-07-31 09:51:06.268,246.75,50092,28742,40714,65535,65535,65535,65535,65535,65535
2026-07-31 09:51:06.313,246.79,50092,28742,40714,65535,65535,65535,65535,65535,65535
2026-07-31 09:51:06.363,246.84,50092,28742,40714,65535,65535,65535,65535,65535,65535
2026-07-31 09:51:06.407,246.89,50092,28742,40714,65535,65535,65535,65535,65535,65535
2026-07-31 09:51:06.461,246.94,50092,28742,40714,65535,65535,65535,65535,65535,65535
2026-07-31 09:51:06.510,246.99,50092,28742,40714,65535,65535,65535,65535,65535,65535
2026-07-31 09:51:06.558,247.04,50092,28742,40714,65535,65535,65535,65535,65535,65535
2026-07-31 09:51:06.606,247.09,50092,28742,28997,65535,65535,65535,65535,65535,65535
2026-07-31 09:51:06.653,247.13,50092,28742,28997,65535,65535,65535,65535,65535,65535
2026-07-31 09:51:06.703,247.18,50092,28742,28997,65535,65535,65535,65535,65535,65535
2026-07-31 09:51:06.750,247.23,50092,28742,28997,65535,65535,65535,65535,65535,65535
2026-07-31 09:51:06.802,247.28,50092,28742,28997,65535,65535,65535,65535,65535,65535
2026-07-31 09:51:06.843,247.32,50092,28742,28997,65535,65535,65535,65535,65535,65535
2026-07-31 09:51:06.892,247.37,50092,28742,28997,65535,65535,65535,65535,65535,65535
2026-07-31 09:51:06.937,247.42,50092,28742,28997,65535,65535,65535,65535,65535,65535
2026-07-31 09:51:06.990,247.47,50092,28742,28997,65535,65535,65535,65535,65535,65535
2026-07-31 09:51:07.042,247.52,50092,28742,28997,65535,65535,65535,65535,65535,65535
2026-07-31 09:51:07.087,247.57,50092,28742,28997,65535,65535,65535,65535,65535,65535
2026-07-31 09:51:07.136,247.62,50092,28742,28997,65535,65535,65535,65535,65535,65535
2026-07-31 09:51:07.183,247.66,62615,28742,40714,65535,65535,65535,65535,65535,65535
2026-07-31 09:51:07.235,247.71,62615,33533,40714,65535,65535,65535,65535,65535,65535
2026-07-31 09:51:07.277,247.76,62615,33533,40714,65535,65535,65535,65535,65535,65535
2026-07-31 09:51:07.329,247.81,62615,33533,40714,65535,65535,65535,65535,65535,65535
2026-07-31 09:51:07.372,247.85,62615,33533,40714,65535,65535,65535,65535,65535,65535
2026-07-31 09:51:07.423,247.9,62615,33533,40714,65535,65535,65535,65535,65535,65535
2026-07-31 09:51:07.475,247.95,62615,33533,40714,65535,65535,65535,65535,65535,65535
2026-07-31 09:51:07.522,248.0,62615,33533,40714,65535,65535,65535,65535,65535,65535
2026-07-31 09:51:07.576,248.06,62615,33533,40714,65535,65535,65535,65535,65535,65535
2026-07-31 09:51:07.626,248.11,62615,33533,40714,65535,65535,65535,65535,65535,65535
2026-07-31 09:51:07.673,248.15,62615,33533,40714,65535,65535,65535,65535,65535,65535
2026-07-31 09:51:07.721,248.2,62615,33533,33929,65535,65535,65535,65535,65535,65535
2026-07-31 09:51:07.770,248.25,62615,33533,33929,65535,65535,65535,65535,65535,65535
2026-07-31 09:51:07.817,248.3,62615,33533,33929,65535,65535,65535,65535,65535,65535
2026-07-31 09:51:07.861,248.34,62615,33533,33929,65535,65535,65535,65535,65535,65535
2026-07-31 09:51:07.912,248.39,62615,33533,33929,65535,65535,65535,65535,65535,65535
2026-07-31 09:51:07.957,248.44,62615,33533,33929,65535,65535,65535,65535,65535,65535
2026-07-31 09:51:08.007,248.49,62615,33533,33929,65535,65535,65535,65535,65535,65535
2026-07-31 09:51:08.054,248.53,62615,33533,33929,65535,65535,65535,65535,65535,65535
2026-07-31 09:51:08.099,248.58,62615,33533,33929,65535,65535,65535,65535,65535,65535
2026-07-31 09:51:08.145,248.62,62615,33533,33929,65535,65535,65535,65535,65535,65535
2026-07-31 09:51:08.195,248.67,62615,33533,33929,65535,65535,65535,65535,65535,65535
2026-07-31 09:51:08.242,248.72,62615,33533,33929,65535,65535,65535,65535,65535,65535
2026-07-31 09:51:08.291,248.77,62615,33533,33929,65535,65535,65535,65535,65535,65535
2026-07-31 09:51:08.333,248.81,50211,33830,33929,65535,65535,65535,65535,65535,65535
2026-07-31 09:51:08.386,248.87,50211,33830,33929,65535,65535,65535,65535,65535,65535
2026-07-31 09:51:08.431,248.91,50211,33830,33929,65535,65535,65535,65535,65535,65535
2026-07-31 09:51:08.478,248.96,50211,33830,33929,65535,65535,65535,65535,65535,65535
2026-07-31 09:51:08.526,249.01,50211,33830,33929,65535,65535,65535,65535,65535,65535
2026-07-31 09:51:08.573,249.05,50211,33830,33929,65535,65535,65535,65535,65535,65535
2026-07-31 09:51:08.622,249.1,50211,33830,33929,65535,65535,65535,65535,65535,65535
2026-07-31 09:51:08.668,249.15,50211,33830,33929,65535,65535,65535,65535,65535,65535
2026-07-31 09:51:08.716,249.2,50211,33830,33929,65535,65535,65535,65535,65535,65535
2026-07-31 09:51:08.760,249.24,50211,33830,33929,65535,65535,65535,65535,65535,65535
2026-07-31 09:51:08.812,249.29,50211,33830,33929,65535,65535,65535,65535,65535,65535
2026-07-31 09:51:08.856,249.34,50211,33830,40714,65535,65535,65535,65535,65535,65535
2026-07-31 09:51:08.909,249.39,62170,28827,40714,65535,65535,65535,65535,65535,65535
2026-07-31 09:51:08.950,249.43,62170,28827,40714,65535,65535,65535,65535,65535,65535
2026-07-31 09:51:08.998,249.48,62170,28827,40714,65535,65535,65535,65535,65535,65535
2026-07-31 09:51:09.043,249.52,62170,28827,40714,65535,65535,65535,65535,65535,65535
2026-07-31 09:51:09.094,249.57,62170,28827,40714,65535,65535,65535,65535,65535,65535
2026-07-31 09:51:09.136,249.62,62170,28827,40714,65535,65535,65535,65535,65535,65535
2026-07-31 09:51:09.188,249.67,62170,28827,40714,65535,65535,65535,65535,65535,65535
2026-07-31 09:51:09.239,249.72,62170,28827,40714,65535,65535,65535,65535,65535,65535
2026-07-31 09:51:09.286,249.77,62170,28827,40714,65535,65535,65535,65535,65535,65535
2026-07-31 09:51:09.332,249.81,62170,28827,40714,65535,65535,65535,65535,65535,65535
2026-07-31 09:51:09.377,249.86,62170,28827,40714,65535,65535,65535,65535,65535,65535
2026-07-31 09:51:09.430,249.91,62318,28827,40596,65535,65535,65535,65535,65535,65535
2026-07-31 09:51:09.477,249.96,62318,20120,40596,65535,65535,65535,65535,65535,65535
2026-07-31 09:51:09.529,250.01,62318,20120,40596,65535,65535,65535,65535,65535,65535
2026-07-31 09:51:09.572,250.05,62318,20120,40596,65535,65535,65535,65535,65535,65535
2026-07-31 09:51:09.623,250.1,62318,20120,40596,65535,65535,65535,65535,65535,65535
2026-07-31 09:51:09.671,250.15,62318,20120,40596,65535,65535,65535,65535,65535,65535
2026-07-31 09:51:09.718,250.2,62318,20120,40596,65535,65535,65535,65535,65535,65535
2026-07-31 09:51:09.768,250.25,62318,20120,40596,65535,65535,65535,65535,65535,65535
2026-07-31 09:51:09.812,250.29,62318,20120,40596,65535,65535,65535,65535,65535,65535
2026-07-31 09:51:09.862,250.34,62318,20120,40596,65535,65535,65535,65535,65535,65535
2026-07-31 09:51:09.907,250.39,62318,20120,40596,65535,65535,65535,65535,65535,65535
2026-07-31 09:51:09.957,250.44,62318,20120,40596,65535,65535,65535,65535,65535,65535
2026-07-31 09:51:10.001,250.48,62615,20120,33929,65535,65535,65535,65535,65535,65535
2026-07-31 09:51:10.053,250.53,62615,28742,33929,65535,65535,65535,65535,65535,65535
2026-07-31 09:51:10.095,250.57,62615,28742,33929,65535,65535,65535,65535,65535,65535
2026-07-31 09:51:10.147,250.63,62615,28742,33929,65535,65535,65535,65535,65535,65535
2026-07-31 09:51:10.192,250.67,62615,28742,33929,65535,65535,65535,65535,65535,65535
2026-07-31 09:51:10.241,250.72,62615,28742,33929,65535,65535,65535,65535,65535,65535
2026-07-31 09:51:10.288,250.77,62615,28742,33929,65535,65535,65535,65535,65535,65535
2026-07-31 09:51:10.338,250.82,62615,28742,33929,65535,65535,65535,65535,65535,65535
2026-07-31 09:51:10.386,250.87,62615,28742,33929,65535,65535,65535,65535,65535,65535
2026-07-31 09:51:10.432,250.91,62615,28742,33929,65535,65535,65535,65535,65535,65535
2026-07-31 09:51:10.481,250.96,62615,28742,33929,65535,65535,65535,65535,65535,65535
2026-07-31 09:51:10.527,251.01,62615,28742,33929,65535,65535,65535,65535,65535,65535
2026-07-31 09:51:10.577,251.06,49855,28742,40714,65535,65535,65535,65535,65535,65535
2026-07-31 09:51:10.621,251.1,49855,28742,40714,65535,65535,65535,65535,65535,65535
2026-07-31 09:51:10.673,251.15,49855,28742,40714,65535,65535,65535,65535,65535,65535
2026-07-31 09:51:10.718,251.2,49855,28742,40714,65535,65535,65535,65535,65535,65535
2026-07-31 09:51:10.768,251.25,49855,28742,40714,65535,65535,65535,65535,65535,65535
2026-07-31 09:51:10.814,251.29,49855,28742,40714,65535,65535,65535,65535,65535,65535
2026-07-31 09:51:10.865,251.34,49855,28742,40714,65535,65535,65535,65535,65535,65535
2026-07-31 09:51:10.917,251.4,49855,28742,40714,65535,65535,65535,65535,65535,65535
2026-07-31 09:51:10.961,251.44,49855,28742,40714,65535,65535,65535,65535,65535,65535
2026-07-31 09:51:11.011,251.49,49855,28742,40714,65535,65535,65535,65535,65535,65535
2026-07-31 09:51:11.058,251.54,49855,28742,40714,65535,65535,65535,65535,65535,65535
2026-07-31 09:51:11.106,251.59,49855,28742,33929,65535,65535,65535,65535,65535,65535
2026-07-31 09:51:11.154,251.63,62467,28742,33929,65535,65535,65535,65535,65535,65535
2026-07-31 09:51:11.202,251.68,62467,28742,33929,65535,65535,65535,65535,65535,65535
2026-07-31 09:51:11.251,251.73,62467,28742,33929,65535,65535,65535,65535,65535,65535
2026-07-31 09:51:11.296,251.78,62467,28742,33929,65535,65535,65535,65535,65535,65535
2026-07-31 09:51:11.343,251.82,62467,28742,33929,65535,65535,65535,65535,65535,65535
2026-07-31 09:51:11.392,251.87,62467,28742,33929,65535,65535,65535,65535,65535,65535
2026-07-31 09:51:11.440,251.92,62467,28742,33929,65535,65535,65535,65535,65535,65535
2026-07-31 09:51:11.486,251.97,62467,28742,33929,65535,65535,65535,65535,65535,65535
2026-07-31 09:51:11.535,252.02,62467,28742,33929,65535,65535,65535,65535,65535,65535
2026-07-31 09:51:11.581,252.06,62467,28742,33929,65535,65535,65535,65535,65535,65535
2026-07-31 09:51:11.630,252.11,62467,28742,33929,65535,65535,65535,65535,65535,65535
2026-07-31 09:51:11.675,252.16,62467,28742,40714,65535,65535,65535,65535,65535,65535
2026-07-31 09:51:11.729,252.21,62615,33533,40714,65535,65535,65535,65535,65535,65535
2026-07-31 09:51:11.775,252.25,62615,33533,40714,65535,65535,65535,65535,65535,65535
2026-07-31 09:51:11.822,252.3,62615,33533,40714,65535,65535,65535,65535,65535,65535
2026-07-31 09:51:11.871,252.35,62615,33533,40714,65535,65535,65535,65535,65535,65535
2026-07-31 09:51:11.917,252.4,62615,33533,40714,65535,65535,65535,65535,65535,65535
2026-07-31 09:51:11.966,252.45,62615,33533,40714,65535,65535,65535,65535,65535,65535
2026-07-31 09:51:12.011,252.49,62615,33533,40714,65535,65535,65535,65535,65535,65535
2026-07-31 09:51:12.062,252.54,62615,33533,40714,65535,65535,65535,65535,65535,65535
2026-07-31 09:51:12.112,252.59,62615,33533,40714,65535,65535,65535,65535,65535,65535
2026-07-31 09:51:12.160,252.64,62615,33533,40714,65535,65535,65535,65535,65535,65535
2026-07-31 09:51:12.208,252.69,62615,33533,40714,65535,65535,65535,65535,65535,65535
2026-07-31 09:51:12.254,252.73,49973,33533,33830,65535,65535,65535,65535,65535,65535
2026-07-31 09:51:12.304,252.78,49973,28742,33830,65535,65535,65535,65535,65535,65535
2026-07-31 09:51:12.350,252.83,49973,28742,33830,65535,65535,65535,65535,65535,65535
2026-07-31 09:51:12.397,252.88,49973,28742,33830,65535,65535,65535,65535,65535,65535
2026-07-31 09:51:12.445,252.92,49973,28742,33830,65535,65535,65535,65535,65535,65535
2026-07-31 09:51:12.493,252.97,49973,28742,33830,65535,65535,65535,65535,65535,65535
2026-07-31 09:51:12.540,253.02,49973,28742,33830,65535,65535,65535,65535,65535,65535
2026-07-31 09:51:12.587,253.07,49973,28742,33830,65535,65535,65535,65535,65535,65535
2026-07-31 09:51:12.631,253.11,49973,28742,33830,65535,65535,65535,65535,65535,65535
2026-07-31 09:51:12.681,253.16,49973,28742,33830,65535,65535,65535,65535,65535,65535
2026-07-31 09:51:12.727,253.21,49973,28742,33830,65535,65535,65535,65535,65535,65535
2026-07-31 09:51:12.774,253.25,49973,28742,33830,65535,65535,65535,65535,65535,65535
2026-07-31 09:51:12.822,253.3,62615,28742,33632,65535,65535,65535,65535,65535,65535
2026-07-31 09:51:12.872,253.35,62615,28827,33632,65535,65535,65535,65535,65535,65535
2026-07-31 09:51:12.920,253.4,62615,28827,33632,65535,65535,65535,65535,65535,65535
2026-07-31 09:51:12.969,253.45,62615,28827,33632,65535,65535,65535,65535,65535,65535
2026-07-31 09:51:13.015,253.49,62615,28827,33632,65535,65535,65535,65535,65535,65535
2026-07-31 09:51:13.061,253.54,62615,28827,33632,65535,65535,65535,65535,65535,65535
2026-07-31 09:51:13.111,253.59,62615,28827,33632,65535,65535,65535,65535,65535,65535
2026-07-31 09:51:13.157,253.64,62615,28827,33632,65535,65535,65535,65535,65535,65535
2026-07-31 09:51:13.207,253.69,62615,28827,33632,65535,65535,65535,65535,65535,65535
2026-07-31 09:51:13.251,253.73,62615,28827,33632,65535,65535,65535,65535,65535,65535
2026-07-31 09:51:13.302,253.78,62615,28827,33632,65535,65535,65535,65535,65535,65535
2026-07-31 09:51:13.350,253.83,62615,28827,33632,65535,65535,65535,65535,65535,65535
2026-07-31 09:51:13.398,253.88,62615,33632,40714,65535,65535,65535,65535,65535,65535
2026-07-31 09:51:13.443,253.92,62615,33632,40714,65535,65535,65535,65535,65535,65535
2026-07-31 09:51:13.492,253.97,62615,33632,40714,65535,65535,65535,65535,65535,65535
2026-07-31 09:51:13.542,254.02,62615,33632,40714,65535,65535,65535,65535,65535,65535
2026-07-31 09:51:13.589,254.07,62615,33632,40714,65535,65535,65535,65535,65535,65535
2026-07-31 09:51:13.638,254.12,62615,33632,40714,65535,65535,65535,65535,65535,65535
2026-07-31 09:51:13.681,254.16,62615,33632,40714,65535,65535,65535,65535,65535,65535
2026-07-31 09:51:13.731,254.21,62615,33632,40714,65535,65535,65535,65535,65535,65535
2026-07-31 09:51:13.779,254.26,62615,33632,40714,65535,65535,65535,65535,65535,65535
2026-07-31 09:51:13.826,254.31,62615,33632,40714,65535,65535,65535,65535,65535,65535
2026-07-31 09:51:13.870,254.35,62615,33632,40714,65535,65535,65535,65535,65535,65535
2026-07-31 09:51:13.923,254.4,62615,33632,40596,65535,65535,65535,65535,65535,65535
2026-07-31 09:51:13.968,254.45,49736,33533,40596,65535,65535,65535,65535,65535,65535
2026-07-31 09:51:14.017,254.5,49736,33533,40596,65535,65535,65535,65535,65535,65535
2026-07-31 09:51:14.060,254.54,49736,33533,40596,65535,65535,65535,65535,65535,65535
2026-07-31 09:51:14.111,254.59,49736,33533,40596,65535,65535,65535,65535,65535,65535
2026-07-31 09:51:14.156,254.64,49736,33533,40596,65535,65535,65535,65535,65535,65535
2026-07-31 09:51:14.206,254.69,49736,33533,40596,65535,65535,65535,65535,65535,65535
2026-07-31 09:51:14.252,254.73,49736,33533,40596,65535,65535,65535,65535,65535,65535
2026-07-31 09:51:14.300,254.78,49736,33533,40596,65535,65535,65535,65535,65535,65535
2026-07-31 09:51:14.347,254.83,49736,33533,40596,65535,65535,65535,65535,65535,65535
2026-07-31 09:51:14.397,254.88,49736,33533,40596,65535,65535,65535,65535,65535,65535
2026-07-31 09:51:14.444,254.92,49736,33533,40596,65535,65535,65535,65535,65535,65535
2026-07-31 09:51:14.492,254.97,49736,33533,33929,65535,65535,65535,65535,65535,65535
2026-07-31 09:51:14.537,255.02,62615,28742,33929,65535,65535,65535,65535,65535,65535
2026-07-31 09:51:14.584,255.06,62615,28742,33929,65535,65535,65535,65535,65535,65535
2026-07-31 09:51:14.633,255.11,62615,28742,33929,65535,65535,65535,65535,65535,65535
2026-07-31 09:51:14.682,255.16,62615,28742,33929,65535,65535,65535,65535,65535,65535
2026-07-31 09:51:14.728,255.21,62615,28742,33929,65535,65535,65535,65535,65535,65535
2026-07-31 09:51:14.779,255.26,62615,28742,33929,65535,65535,65535,65535,65535,65535
2026-07-31 09:51:14.827,255.31,62615,28742,33929,65535,65535,65535,65535,65535,65535
2026-07-31 09:51:14.876,255.36,62615,28742,33929,65535,65535,65535,65535,65535,65535
2026-07-31 09:51:14.920,255.4,62615,28742,33929,65535,65535,65535,65535,65535,65535
2026-07-31 09:51:14.968,255.45,62615,28742,33929,65535,65535,65535,65535,65535,65535
2026-07-31 09:51:15.017,255.5,62615,28742,33929,65535,65535,65535,65535,65535,65535
2026-07-31 09:51:15.066,255.55,62615,28742,33929,65535,65535,65535,65535,65535,65535
2026-07-31 09:51:15.112,255.59,62615,28742,33929,65535,65535,65535,65535,65535,65535
2026-07-31 09:51:15.158,255.64,62615,28742,33929,65535,65535,65535,65535,65535,65535
2026-07-31 09:51:15.208,255.69,62615,28742,33929,65535,65535,65535,65535,65535,65535
2026-07-31 09:51:15.257,255.74,62615,28742,33929,65535,65535,65535,65535,65535,65535
2026-07-31 09:51:15.303,255.78,62615,28742,33929,65535,65535,65535,65535,65535,65535
2026-07-31 09:51:15.353,255.83,62615,28742,33929,65535,65535,65535,65535,65535,65535
2026-07-31 09:51:15.399,255.88,62615,28742,33929,65535,65535,65535,65535,65535,65535
2026-07-31 09:51:15.447,255.93,62615,28742,33929,65535,65535,65535,65535,65535,65535
2026-07-31 09:51:15.496,255.98,62615,28742,33929,65535,65535,65535,65535,65535,65535
2026-07-31 09:51:15.544,256.02,62615,28742,33929,65535,65535,65535,65535,65535,65535
2026-07-31 09:51:15.596,256.08,62615,28742,33929,65535,65535,65535,65535,65535,65535
2026-07-31 09:51:15.640,256.12,62615,28742,40714,65535,65535,65535,65535,65535,65535
2026-07-31 09:51:15.687,256.17,62615,28742,40714,65535,65535,65535,65535,65535,65535
2026-07-31 09:51:15.730,256.21,62615,28742,40714,65535,65535,65535,65535,65535,65535
2026-07-31 09:51:15.783,256.26,62615,28742,40714,65535,65535,65535,65535,65535,65535
2026-07-31 09:51:15.826,256.31,62615,28742,40714,65535,65535,65535,65535,65535,65535
2026-07-31 09:51:15.877,256.36,62615,28742,40714,65535,65535,65535,65535,65535,65535
2026-07-31 09:51:15.921,256.4,62615,28742,40714,65535,65535,65535,65535,65535,65535
2026-07-31 09:51:15.973,256.45,62615,28742,40714,65535,65535,65535,65535,65535,65535
2026-07-31 09:51:16.018,256.5,62615,28742,40714,65535,65535,65535,65535,65535,65535
2026-07-31 09:51:16.066,256.55,62615,28742,40714,65535,65535,65535,65535,65535,65535
2026-07-31 09:51:16.114,256.59,62615,28742,40714,65535,65535,65535,65535,65535,65535
2026-07-31 09:51:16.163,256.64,62615,28742,40714,65535,65535,65535,65535,65535,65535
2026-07-31 09:51:16.210,256.69,49973,28742,33830,65535,65535,65535,65535,65535,65535
2026-07-31 09:51:16.254,256.73,49973,16816,33830,65535,65535,65535,65535,65535,65535
2026-07-31 09:51:16.305,256.78,49973,16816,33830,65535,65535,65535,65535,65535,65535
2026-07-31 09:51:16.354,256.83,49973,16816,33830,65535,65535,65535,65535,65535,65535
2026-07-31 09:51:16.406,256.89,49973,16816,33830,65535,65535,65535,65535,65535,65535
2026-07-31 09:51:16.456,256.94,49973,16816,33830,65535,65535,65535,65535,65535,65535
2026-07-31 09:51:16.503,256.98,49973,16816,33830,65535,65535,65535,65535,65535,65535
2026-07-31 09:51:16.553,257.03,49973,16816,33830,65535,65535,65535,65535,65535,65535
2026-07-31 09:51:16.600,257.08,49973,16816,33830,65535,65535,65535,65535,65535,65535
2026-07-31 09:51:16.648,257.13,49973,16816,33830,65535,65535,65535,65535,65535,65535
2026-07-31 09:51:16.695,257.17,49973,16816,33830,65535,65535,65535,65535,65535,65535
2026-07-31 09:51:16.740,257.22,49973,16816,33830,65535,65535,65535,65535,65535,65535
2026-07-31 09:51:16.786,257.27,62467,33533,33632,65535,65535,65535,65535,65535,65535
2026-07-31 09:51:16.838,257.32,62467,33533,33632,65535,65535,65535,65535,65535,65535
2026-07-31 09:51:16.881,257.36,62467,33533,33632,65535,65535,65535,65535,65535,65535
2026-07-31 09:51:16.931,257.41,62467,33533,33632,65535,65535,65535,65535,65535,65535
2026-07-31 09:51:16.974,257.45,62467,33533,33632,65535,65535,65535,65535,65535,65535
2026-07-31 09:51:17.025,257.5,62467,33533,33632,65535,65535,65535,65535,65535,65535
2026-07-31 09:51:17.071,257.55,62467,33533,33632,65535,65535,65535,65535,65535,65535
2026-07-31 09:51:17.121,257.6,62467,33533,33632,65535,65535,65535,65535,65535,65535
2026-07-31 09:51:17.172,257.65,62467,33533,33632,65535,65535,65535,65535,65535,65535
2026-07-31 09:51:17.217,257.7,62467,33533,33632,65535,65535,65535,65535,65535,65535
2026-07-31 09:51:17.262,257.74,62467,33533,33632,65535,65535,65535,65535,65535,65535
2026-07-31 09:51:17.312,257.79,62467,33533,33929,65535,65535,65535,65535,65535,65535
2026-07-31 09:51:17.359,257.84,50211,33632,33929,65535,65535,65535,65535,65535,65535
2026-07-31 09:51:17.404,257.88,50211,33632,33929,65535,65535,65535,65535,65535,65535
2026-07-31 09:51:17.455,257.93,50211,33632,33929,65535,65535,65535,65535,65535,65535
2026-07-31 09:51:17.500,257.98,50211,33632,33929,65535,65535,65535,65535,65535,65535
2026-07-31 09:51:17.548,258.03,50211,33632,33929,65535,65535,65535,65535,65535,65535
2026-07-31 09:51:17.594,258.07,50211,33632,33929,65535,65535,65535,65535,65535,65535
2026-07-31 09:51:17.645,258.12,50211,33632,33929,65535,65535,65535,65535,65535,65535
2026-07-31 09:51:17.688,258.17,50211,33632,33929,65535,65535,65535,65535,65535,65535
2026-07-31 09:51:17.737,258.22,50211,33632,33929,65535,65535,65535,65535,65535,65535
2026-07-31 09:51:17.782,258.26,50211,33632,33929,65535,65535,65535,65535,65535,65535
2026-07-31 09:51:17.831,258.31,50211,33632,33929,65535,65535,65535,65535,65535,65535
2026-07-31 09:51:17.879,258.36,50211,33632,40714,65535,65535,65535,65535,65535,65535
2026-07-31 09:51:17.928,258.41,50092,28742,40714,65535,65535,65535,65535,65535,65535
2026-07-31 09:51:17.971,258.45,50092,28742,40714,65535,65535,65535,65535,65535,65535
2026-07-31 09:51:18.021,258.5,50092,28742,40714,65535,65535,65535,65535,65535,65535
2026-07-31 09:51:18.064,258.54,50092,28742,40714,65535,65535,65535,65535,65535,65535
2026-07-31 09:51:18.117,258.6,50092,28742,40714,65535,65535,65535,65535,65535,65535
2026-07-31 09:51:18.166,258.65,50092,28742,40714,65535,65535,65535,65535,65535,65535
2026-07-31 09:51:18.210,258.69,50092,28742,40714,65535,65535,65535,65535,65535,65535
2026-07-31 09:51:18.257,258.74,50092,28742,40714,65535,65535,65535,65535,65535,65535
2026-07-31 09:51:18.305,258.78,50092,28742,40714,65535,65535,65535,65535,65535,65535
2026-07-31 09:51:18.360,258.84,50092,28742,40714,65535,65535,65535,65535,65535,65535
2026-07-31 09:51:18.405,258.88,50092,28742,40714,65535,65535,65535,65535,65535,65535
2026-07-31 09:51:18.453,258.93,49855,28742,40714,65535,65535,65535,65535,65535,65535
2026-07-31 09:51:18.500,258.98,49855,28742,40714,65535,65535,65535,65535,65535,65535
2026-07-31 09:51:18.549,259.03,49855,28742,40714,65535,65535,65535,65535,65535,65535
2026-07-31 09:51:18.596,259.08,49855,28742,40714,65535,65535,65535,65535,65535,65535
2026-07-31 09:51:18.642,259.12,49855,28742,40714,65535,65535,65535,65535,65535,65535
2026-07-31 09:51:18.690,259.17,49855,28742,40714,65535,65535,65535,65535,65535,65535
2026-07-31 09:51:18.739,259.22,49855,28742,40714,65535,65535,65535,65535,65535,65535
2026-07-31 09:51:18.787,259.27,49855,28742,40714,65535,65535,65535,65535,65535,65535
2026-07-31 09:51:18.834,259.31,49855,28742,40714,65535,65535,65535,65535,65535,65535
2026-07-31 09:51:18.881,259.36,49855,28742,40714,65535,65535,65535,65535,65535,65535
2026-07-31 09:51:18.926,259.41,49855,28742,40714,65535,65535,65535,65535,65535,65535
2026-07-31 09:51:18.975,259.45,49855,28742,40714,65535,65535,65535,65535,65535,65535
2026-07-31 09:51:19.024,259.5,62615,28742,40714,65535,65535,65535,65535,65535,65535
2026-07-31 09:51:19.072,259.55,62615,33533,40714,65535,65535,65535,65535,65535,65535
2026-07-31 09:51:19.113,259.59,62615,33533,40714,65535,65535,65535,65535,65535,65535
2026-07-31 09:51:19.165,259.64,62615,33533,40714,65535,65535,65535,65535,65535,65535
2026-07-31 09:51:19.210,259.69,62615,33533,40714,65535,65535,65535,65535,65535,65535
2026-07-31 09:51:19.256,259.74,62615,33533,40714,65535,65535,65535,65535,65535,65535
2026-07-31 09:51:19.300,259.78,62615,33533,40714,65535,65535,65535,65535,65535,65535
2026-07-31 09:51:19.351,259.83,62615,33533,40714,65535,65535,65535,65535,65535,65535
2026-07-31 09:51:19.402,259.88,62615,33533,40714,65535,65535,65535,65535,65535,65535
2026-07-31 09:51:19.448,259.93,62615,33533,40714,65535,65535,65535,65535,65535,65535
2026-07-31 09:51:19.501,259.98,62615,33533,40714,65535,65535,65535,65535,65535,65535
2026-07-31 09:51:19.550,260.03,62615,33533,40714,65535,65535,65535,65535,65535,65535
2026-07-31 09:51:19.599,260.08,62615,33533,40358,65535,65535,65535,65535,65535,65535
2026-07-31 09:51:19.644,260.12,62615,28742,40358,65535,65535,65535,65535,65535,65535
2026-07-31 09:51:19.692,260.17,62615,28742,40358,65535,65535,65535,65535,65535,65535
2026-07-31 09:51:19.738,260.22,62615,28742,40358,65535,65535,65535,65535,65535,65535
2026-07-31 09:51:19.786,260.27,62615,28742,40358,65535,65535,65535,65535,65535,65535
2026-07-31 09:51:19.831,260.31,62615,28742,40358,65535,65535,65535,65535,65535,65535
2026-07-31 09:51:19.879,260.36,62615,28742,40358,65535,65535,65535,65535,65535,65535
2026-07-31 09:51:19.922,260.4,62615,28742,40358,65535,65535,65535,65535,65535,65535
2026-07-31 09:51:19.973,260.45,62615,28742,40358,65535,65535,65535,65535,65535,65535
2026-07-31 09:51:20.020,260.5,62615,28742,40358,65535,65535,65535,65535,65535,65535
2026-07-31 09:51:20.068,260.55,62615,28742,40358,65535,65535,65535,65535,65535,65535
2026-07-31 09:51:20.116,260.6,62615,28742,40358,65535,65535,65535,65535,65535,65535
2026-07-31 09:51:20.164,260.64,62912,28742,50893,65535,65535,65535,65535,65535,65535
2026-07-31 09:51:20.211,260.69,62912,28827,50893,65535,65535,65535,65535,65535,65535
2026-07-31 09:51:20.257,260.74,62912,28827,50893,65535,65535,65535,65535,65535,65535
2026-07-31 09:51:20.310,260.79,62912,28827,50893,65535,65535,65535,65535,65535,65535
2026-07-31 09:51:20.355,260.83,62912,28827,50893,65535,65535,65535,65535,65535,65535
2026-07-31 09:51:20.405,260.88,62912,28827,50893,65535,65535,65535,65535,65535,65535
2026-07-31 09:51:20.453,260.93,62912,28827,50893,65535,65535,65535,65535,65535,65535
2026-07-31 09:51:20.500,260.98,62912,28827,50893,65535,65535,65535,65535,65535,65535
2026-07-31 09:51:20.547,261.03,62912,28827,50893,65535,65535,65535,65535,65535,65535
2026-07-31 09:51:20.594,261.07,62912,28827,50893,65535,65535,65535,65535,65535,65535
2026-07-31 09:51:20.640,261.12,62912,28827,50893,65535,65535,65535,65535,65535,65535
2026-07-31 09:51:20.688,261.17,62912,28827,50893,65535,65535,65535,65535,65535,65535
2026-07-31 09:51:20.740,261.22,50092,28742,33929,65535,65535,65535,65535,65535,65535
2026-07-31 09:51:20.789,261.27,50092,28742,33929,65535,65535,65535,65535,65535,65535
2026-07-31 09:51:20.838,261.32,50092,28742,33929,65535,65535,65535,65535,65535,65535
2026-07-31 09:51:20.885,261.36,50092,28742,33929,65535,65535,65535,65535,65535,65535
2026-07-31 09:51:20.932,261.41,50092,28742,33929,65535,65535,65535,65535,65535,65535
2026-07-31 09:51:20.978,261.46,50092,28742,33929,65535,65535,65535,65535,65535,65535
2026-07-31 09:51:21.023,261.5,50092,28742,33929,65535,65535,65535,65535,65535,65535
2026-07-31 09:51:21.072,261.55,50092,28742,33929,65535,65535,65535,65535,65535,65535
2026-07-31 09:51:21.121,261.6,50092,28742,33929,65535,65535,65535,65535,65535,65535
2026-07-31 09:51:21.172,261.65,50092,28742,33929,65535,65535,65535,65535,65535,65535
2026-07-31 09:51:21.222,261.7,50092,28742,33929,65535,65535,65535,65535,65535,65535
2026-07-31 09:51:21.271,261.75,50092,28742,40714,65535,65535,65535,65535,65535,65535
2026-07-31 09:51:21.319,261.8,50092,28742,40714,65535,65535,65535,65535,65535,65535
2026-07-31 09:51:21.368,261.85,50092,28742,40714,65535,65535,65535,65535,65535,65535
2026-07-31 09:51:21.419,261.9,50092,28742,40714,65535,65535,65535,65535,65535,65535
2026-07-31 09:51:21.461,261.94,50092,28742,40714,65535,65535,65535,65535,65535,65535
2026-07-31 09:51:21.514,261.99,50092,28742,40714,65535,65535,65535,65535,65535,65535
2026-07-31 09:51:21.566,262.05,50092,28742,40714,65535,65535,65535,65535,65535,65535
2026-07-31 09:51:21.610,262.09,50092,28742,40714,65535,65535,65535,65535,65535,65535
2026-07-31 09:51:21.659,262.14,50092,28742,40714,65535,65535,65535,65535,65535,65535
2026-07-31 09:51:21.703,262.18,50092,28742,40714,65535,65535,65535,65535,65535,65535
2026-07-31 09:51:21.752,262.23,50092,28742,40714,65535,65535,65535,65535,65535,65535
2026-07-31 09:51:21.798,262.28,50092,28742,40714,65535,65535,65535,65535,65535,65535
2026-07-31 09:51:21.845,262.32,62615,28742,33929,65535,65535,65535,65535,65535,65535
2026-07-31 09:51:21.892,262.37,62615,33533,33929,65535,65535,65535,65535,65535,65535
2026-07-31 09:51:21.945,262.42,62615,33533,33929,65535,65535,65535,65535,65535,65535
2026-07-31 09:51:21.990,262.47,62615,33533,33929,65535,65535,65535,65535,65535,65535
2026-07-31 09:51:22.039,262.52,62615,33533,33929,65535,65535,65535,65535,65535,65535
2026-07-31 09:51:22.082,262.56,62615,33533,33929,65535,65535,65535,65535,65535,65535
2026-07-31 09:51:22.134,262.61,62615,33533,33929,65535,65535,65535,65535,65535,65535
2026-07-31 09:51:22.177,262.66,62615,33533,33929,65535,65535,65535,65535,65535,65535
2026-07-31 09:51:22.226,262.71,62615,33533,33929,65535,65535,65535,65535,65535,65535
2026-07-31 09:51:22.271,262.75,62615,33533,33929,65535,65535,65535,65535,65535,65535
2026-07-31 09:51:22.321,262.8,62615,33533,33929,65535,65535,65535,65535,65535,65535
2026-07-31 09:51:22.366,262.85,62615,33533,33929,65535,65535,65535,65535,65535,65535
2026-07-31 09:51:22.416,262.9,62763,33533,40596,65535,65535,65535,65535,65535,65535
2026-07-31 09:51:22.467,262.95,62763,33533,40596,65535,65535,65535,65535,65535,65535
2026-07-31 09:51:22.511,262.99,62763,33533,40596,65535,65535,65535,65535,65535,65535
2026-07-31 09:51:22.562,263.04,62763,33533,40596,65535,65535,65535,65535,65535,65535
2026-07-31 09:51:22.606,263.09,62763,33533,40596,65535,65535,65535,65535,65535,65535
2026-07-31 09:51:22.656,263.14,62763,33533,40596,65535,65535,65535,65535,65535,65535
2026-07-31 09:51:22.698,263.18,62763,33533,40596,65535,65535,65535,65535,65535,65535
2026-07-31 09:51:22.744,263.22,62763,33533,40596,65535,65535,65535,65535,65535,65535
2026-07-31 09:51:22.788,263.27,62763,33533,40596,65535,65535,65535,65535,65535,65535
2026-07-31 09:51:22.839,263.32,62763,33533,40596,65535,65535,65535,65535,65535,65535
2026-07-31 09:51:22.889,263.37,62763,33533,40596,65535,65535,65535,65535,65535,65535
2026-07-31 09:51:22.936,263.42,62763,33533,40596,65535,65535,65535,65535,65535,65535
2026-07-31 09:51:22.983,263.46,56027,33533,40714,65535,65535,65535,65535,65535,65535
2026-07-31 09:51:23.030,263.51,56027,28742,40714,65535,65535,65535,65535,65535,65535
2026-07-31 09:51:23.078,263.56,56027,28742,40714,65535,65535,65535,65535,65535,65535
2026-07-31 09:51:23.122,263.6,56027,28742,40714,65535,65535,65535,65535,65535,65535
2026-07-31 09:51:23.167,263.65,56027,28742,40714,65535,65535,65535,65535,65535,65535
2026-07-31 09:51:23.216,263.7,56027,28742,40714,65535,65535,65535,65535,65535,65535
2026-07-31 09:51:23.263,263.74,56027,28742,40714,65535,65535,65535,65535,65535,65535
2026-07-31 09:51:23.309,263.79,56027,28742,40714,65535,65535,65535,65535,65535,65535
2026-07-31 09:51:23.356,263.84,56027,28742,40714,65535,65535,65535,65535,65535,65535
2026-07-31 09:51:23.404,263.88,56027,28742,40714,65535,65535,65535,65535,65535,65535
2026-07-31 09:51:23.450,263.93,56027,28742,40714,65535,65535,65535,65535,65535,65535
2026-07-31 09:51:23.498,263.98,56027,28742,40714,65535,65535,65535,65535,65535,65535
2026-07-31 09:51:23.545,264.02,50092,28742,40714,65535,65535,65535,65535,65535,65535
2026-07-31 09:51:23.590,264.07,50092,28742,40714,65535,65535,65535,65535,65535,65535
2026-07-31 09:51:23.637,264.12,50092,28742,40714,65535,65535,65535,65535,65535,65535
2026-07-31 09:51:23.685,264.16,50092,28742,40714,65535,65535,65535,65535,65535,65535
2026-07-31 09:51:23.733,264.21,50092,28742,40714,65535,65535,65535,65535,65535,65535
2026-07-31 09:51:23.779,264.26,50092,28742,40714,65535,65535,65535,65535,65535,65535
2026-07-31 09:51:23.824,264.3,50092,28742,40714,65535,65535,65535,65535,65535,65535
2026-07-31 09:51:23.874,264.35,50092,28742,40714,65535,65535,65535,65535,65535,65535
2026-07-31 09:51:23.925,264.4,50092,28742,40714,65535,65535,65535,65535,65535,65535
2026-07-31 09:51:23.973,264.45,50092,28742,40714,65535,65535,65535,65535,65535,65535
2026-07-31 09:51:24.016,264.5,50092,28742,40714,65535,65535,65535,65535,65535,65535
2026-07-31 09:51:24.065,264.54,50092,28742,40714,65535,65535,65535,65535,65535,65535
2026-07-31 09:51:24.112,264.59,54721,28742,33929,65535,65535,65535,65535,65535,65535
2026-07-31 09:51:24.156,264.64,54721,28742,33929,65535,65535,65535,65535,65535,65535
2026-07-31 09:51:24.202,264.68,54721,28742,33929,65535,65535,65535,65535,65535,65535
2026-07-31 09:51:24.253,264.73,54721,28742,33929,65535,65535,65535,65535,65535,65535
2026-07-31 09:51:24.302,264.78,54721,28742,33929,65535,65535,65535,65535,65535,65535
2026-07-31 09:51:24.357,264.84,54721,28742,33929,65535,65535,65535,65535,65535,65535
2026-07-31 09:51:24.402,264.88,54721,28742,33929,65535,65535,65535,65535,65535,65535
2026-07-31 09:51:24.446,264.93,54721,28742,33929,65535,65535,65535,65535,65535,65535
2026-07-31 09:51:24.496,264.98,54721,28742,33929,65535,65535,65535,65535,65535,65535
2026-07-31 09:51:24.544,265.02,54721,28742,33929,65535,65535,65535,65535,65535,65535
2026-07-31 09:51:24.591,265.07,54721,28742,33929,65535,65535,65535,65535,65535,65535
2026-07-31 09:51:24.638,265.12,54721,28742,33929,65535,65535,65535,65535,65535,65535
2026-07-31 09:51:24.687,265.17,62763,33533,33929,65535,65535,65535,65535,65535,65535
2026-07-31 09:51:24.735,265.21,62763,33533,33929,65535,65535,65535,65535,65535,65535
2026-07-31 09:51:24.785,265.26,62763,33533,33929,65535,65535,65535,65535,65535,65535
2026-07-31 09:51:24.831,265.31,62763,33533,33929,65535,65535,65535,65535,65535,65535
2026-07-31 09:51:24.879,265.36,62763,33533,33929,65535,65535,65535,65535,65535,65535
2026-07-31 09:51:24.925,265.4,62763,33533,33929,65535,65535,65535,65535,65535,65535
2026-07-31 09:51:24.977,265.46,62763,33533,33929,65535,65535,65535,65535,65535,65535
2026-07-31 09:51:25.022,265.5,62763,33533,33929,65535,65535,65535,65535,65535,65535
2026-07-31 09:51:25.068,265.55,62763,33533,33929,65535,65535,65535,65535,65535,65535
2026-07-31 09:51:25.117,265.6,62763,33533,33929,65535,65535,65535,65535,65535,65535
2026-07-31 09:51:25.168,265.65,62763,33533,33929,65535,65535,65535,65535,65535,65535
2026-07-31 09:51:25.218,265.7,62763,33533,33929,65535,65535,65535,65535,65535,65535
2026-07-31 09:51:25.265,265.74,62615,28997,33929,65535,65535,65535,65535,65535,65535
2026-07-31 09:51:25.312,265.79,62615,28997,33929,65535,65535,65535,65535,65535,65535
2026-07-31 09:51:25.357,265.84,62615,28997,33929,65535,65535,65535,65535,65535,65535
2026-07-31 09:51:25.407,265.89,62615,28997,33929,65535,65535,65535,65535,65535,65535
2026-07-31 09:51:25.452,265.93,62615,28997,33929,65535,65535,65535,65535,65535,65535
2026-07-31 09:51:25.499,265.98,62615,28997,33929,65535,65535,65535,65535,65535,65535
2026-07-31 09:51:25.545,266.02,62615,28997,33929,65535,65535,65535,65535,65535,65535
2026-07-31 09:51:25.594,266.07,62615,28997,33929,65535,65535,65535,65535,65535,65535
2026-07-31 09:51:25.640,266.12,62615,28997,33929,65535,65535,65535,65535,65535,65535
2026-07-31 09:51:25.688,266.17,62615,28997,33929,65535,65535,65535,65535,65535,65535
2026-07-31 09:51:25.733,266.21,62615,28997,33929,65535,65535,65535,65535,65535,65535
2026-07-31 09:51:25.780,266.26,62615,28997,40714,65535,65535,65535,65535,65535,65535
2026-07-31 09:51:25.830,266.31,50092,33533,40714,65535,65535,65535,65535,65535,65535
2026-07-31 09:51:25.875,266.36,50092,33533,40714,65535,65535,65535,65535,65535,65535
2026-07-31 09:51:25.924,266.4,50092,33533,40714,65535,65535,65535,65535,65535,65535
2026-07-31 09:51:25.969,266.45,50092,33533,40714,65535,65535,65535,65535,65535,65535
2026-07-31 09:51:26.020,266.5,50092,33533,40714,65535,65535,65535,65535,65535,65535
2026-07-31 09:51:26.065,266.54,50092,33533,40714,65535,65535,65535,65535,65535,65535
2026-07-31 09:51:26.113,266.59,50092,33533,40714,65535,65535,65535,65535,65535,65535
2026-07-31 09:51:26.161,266.64,50092,33533,40714,65535,65535,65535,65535,65535,65535
2026-07-31 09:51:26.214,266.69,50092,33533,40714,65535,65535,65535,65535,65535,65535
2026-07-31 09:51:26.267,266.75,50092,33533,40714,65535,65535,65535,65535,65535,65535
2026-07-31 09:51:26.313,266.79,50092,33533,40714,65535,65535,65535,65535,65535,65535
2026-07-31 09:51:26.360,266.84,49973,33533,33929,65535,65535,65535,65535,65535,65535
2026-07-31 09:51:26.405,266.88,49973,33533,33929,65535,65535,65535,65535,65535,65535
2026-07-31 09:51:26.453,266.93,49973,33533,33929,65535,65535,65535,65535,65535,65535
2026-07-31 09:51:26.506,266.99,49973,33533,33929,65535,65535,65535,65535,65535,65535
2026-07-31 09:51:26.551,267.03,49973,33533,33929,65535,65535,65535,65535,65535,65535
2026-07-31 09:51:26.598,267.08,49973,33533,33929,65535,65535,65535,65535,65535,65535
2026-07-31 09:51:26.649,267.13,49973,33533,33929,65535,65535,65535,65535,65535,65535
2026-07-31 09:51:26.693,267.17,49973,33533,33929,65535,65535,65535,65535,65535,65535
2026-07-31 09:51:26.742,267.22,49973,33533,33929,65535,65535,65535,65535,65535,65535
2026-07-31 09:51:26.789,267.27,49973,33533,33929,65535,65535,65535,65535,65535,65535
2026-07-31 09:51:26.835,267.31,49973,33533,33929,65535,65535,65535,65535,65535,65535
2026-07-31 09:51:26.882,267.36,49973,33533,33929,65535,65535,65535,65535,65535,65535
2026-07-31 09:51:26.929,267.41,49855,33533,18398,65535,65535,65535,65535,65535,65535
2026-07-31 09:51:26.977,267.46,49855,28742,18398,65535,65535,65535,65535,65535,65535
2026-07-31 09:51:27.024,267.5,49855,28742,18398,65535,65535,65535,65535,65535,65535
2026-07-31 09:51:27.073,267.55,49855,28742,18398,65535,65535,65535,65535,65535,65535
2026-07-31 09:51:27.120,267.6,49855,28742,18398,65535,65535,65535,65535,65535,65535
2026-07-31 09:51:27.167,267.65,49855,28742,18398,65535,65535,65535,65535,65535,65535
2026-07-31 09:51:27.213,267.69,49855,28742,18398,65535,65535,65535,65535,65535,65535
2026-07-31 09:51:27.260,267.74,49855,28742,18398,65535,65535,65535,65535,65535,65535
2026-07-31 09:51:27.303,267.78,49855,28742,18398,65535,65535,65535,65535,65535,65535
2026-07-31 09:51:27.350,267.83,49855,28742,18398,65535,65535,65535,65535,65535,65535
2026-07-31 09:51:27.396,267.88,49855,28742,18398,65535,65535,65535,65535,65535,65535
2026-07-31 09:51:27.443,267.92,49855,28742,18398,65535,65535,65535,65535,65535,65535
2026-07-31 09:51:27.489,267.97,49855,28742,33929,65535,65535,65535,65535,65535,65535
2026-07-31 09:51:27.537,268.02,49855,33632,33929,65535,65535,65535,65535,65535,65535
2026-07-31 09:51:27.585,268.06,49855,33632,33929,65535,65535,65535,65535,65535,65535
2026-07-31 09:51:27.631,268.11,49855,33632,33929,65535,65535,65535,65535,65535,65535
2026-07-31 09:51:27.677,268.16,49855,33632,33929,65535,65535,65535,65535,65535,65535
2026-07-31 09:51:27.725,268.2,49855,33632,33929,65535,65535,65535,65535,65535,65535
2026-07-31 09:51:27.776,268.26,49855,33632,33929,65535,65535,65535,65535,65535,65535
2026-07-31 09:51:27.830,268.31,49855,33632,33929,65535,65535,65535,65535,65535,65535
2026-07-31 09:51:27.876,268.36,49855,33632,33929,65535,65535,65535,65535,65535,65535
2026-07-31 09:51:27.922,268.4,49855,33632,33929,65535,65535,65535,65535,65535,65535
2026-07-31 09:51:27.970,268.45,49855,33632,33929,65535,65535,65535,65535,65535,65535
2026-07-31 09:51:28.017,268.5,49855,33632,33929,65535,65535,65535,65535,65535,65535
2026-07-31 09:51:28.063,268.54,62467,33632,33929,65535,65535,65535,65535,65535,65535
2026-07-31 09:51:28.105,268.59,62467,28827,33929,65535,65535,65535,65535,65535,65535
2026-07-31 09:51:28.154,268.63,62467,28827,33929,65535,65535,65535,65535,65535,65535
2026-07-31 09:51:28.201,268.68,62467,28827,33929,65535,65535,65535,65535,65535,65535
2026-07-31 09:51:28.251,268.73,62467,28827,33929,65535,65535,65535,65535,65535,65535
2026-07-31 09:51:28.301,268.78,62467,28827,33929,65535,65535,65535,65535,65535,65535
2026-07-31 09:51:28.346,268.83,62467,28827,33929,65535,65535,65535,65535,65535,65535
2026-07-31 09:51:28.395,268.87,62467,28827,33929,65535,65535,65535,65535,65535,65535
2026-07-31 09:51:28.439,268.92,62467,28827,33929,65535,65535,65535,65535,65535,65535
2026-07-31 09:51:28.488,268.97,62467,28827,33929,65535,65535,65535,65535,65535,65535
2026-07-31 09:51:28.534,269.01,62467,28827,33929,65535,65535,65535,65535,65535,65535
2026-07-31 09:51:28.583,269.06,62467,28827,33929,65535,65535,65535,65535,65535,65535
2026-07-31 09:51:28.630,269.11,62170,28827,33929,65535,65535,65535,65535,65535,65535
2026-07-31 09:51:28.679,269.16,62170,33533,33929,65535,65535,65535,65535,65535,65535
2026-07-31 09:51:28.722,269.2,62170,33533,33929,65535,65535,65535,65535,65535,65535
2026-07-31 09:51:28.773,269.25,62170,33533,33929,65535,65535,65535,65535,65535,65535
2026-07-31 09:51:28.816,269.3,62170,33533,33929,65535,65535,65535,65535,65535,65535
2026-07-31 09:51:28.868,269.35,62170,33533,33929,65535,65535,65535,65535,65535,65535
2026-07-31 09:51:28.911,269.39,62170,33533,33929,65535,65535,65535,65535,65535,65535
2026-07-31 09:51:28.960,269.44,62170,33533,33929,65535,65535,65535,65535,65535,65535
2026-07-31 09:51:29.035,269.51,62170,33533,33929,65535,65535,65535,65535,65535,65535
2026-07-31 09:51:29.085,269.56,62170,33533,33929,65535,65535,65535,65535,65535,65535
2026-07-31 09:51:29.134,269.61,62170,33533,33929,65535,65535,65535,65535,65535,65535
2026-07-31 09:51:29.182,269.66,62170,33533,33632,65535,65535,65535,65535,65535,65535
2026-07-31 09:51:29.228,269.71,49973,28742,33632,65535,65535,65535,65535,65535,65535
2026-07-31 09:51:29.278,269.76,49973,28742,33632,65535,65535,65535,65535,65535,65535
2026-07-31 09:51:29.325,269.8,49973,28742,33632,65535,65535,65535,65535,65535,65535
2026-07-31 09:51:29.373,269.85,49973,28742,33632,65535,65535,65535,65535,65535,65535
2026-07-31 09:51:29.417,269.9,49973,28742,33632,65535,65535,65535,65535,65535,65535
2026-07-31 09:51:29.464,269.94,49973,28742,33632,65535,65535,65535,65535,65535,65535
2026-07-31 09:51:29.509,269.99,49973,28742,33632,65535,65535,65535,65535,65535,65535
2026-07-31 09:51:29.554,270.03,49973,28742,33632,65535,65535,65535,65535,65535,65535
2026-07-31 09:51:29.600,270.08,49973,28742,33632,65535,65535,65535,65535,65535,65535
2026-07-31 09:51:29.649,270.13,49973,28742,33632,65535,65535,65535,65535,65535,65535
2026-07-31 09:51:29.695,270.17,49973,28742,33632,65535,65535,65535,65535,65535,65535
2026-07-31 09:51:29.738,270.22,49973,28742,33929,65535,65535,65535,65535,65535,65535
2026-07-31 09:51:29.789,270.27,50092,28742,33929,65535,65535,65535,65535,65535,65535
2026-07-31 09:51:29.834,270.31,50092,28742,33929,65535,65535,65535,65535,65535,65535
2026-07-31 09:51:29.880,270.36,50092,28742,33929,65535,65535,65535,65535,65535,65535
2026-07-31 09:51:29.933,270.41,50092,28742,33929,65535,65535,65535,65535,65535,65535
2026-07-31 09:51:29.985,270.46,50092,28742,33929,65535,65535,65535,65535,65535,65535
2026-07-31 09:51:30.035,270.51,50092,28742,33929,65535,65535,65535,65535,65535,65535
2026-07-31 09:51:30.080,270.56,50092,28742,33929,65535,65535,65535,65535,65535,65535
2026-07-31 09:51:30.129,270.61,50092,28742,33929,65535,65535,65535,65535,65535,65535
2026-07-31 09:51:30.176,270.66,50092,28742,33929,65535,65535,65535,65535,65535,65535
2026-07-31 09:51:30.223,270.7,50092,28742,33929,65535,65535,65535,65535,65535,65535
2026-07-31 09:51:30.266,270.75,50092,28742,33929,65535,65535,65535,65535,65535,65535
2026-07-31 09:51:30.317,270.8,50092,28742,33929,65535,65535,65535,65535,65535,65535
2026-07-31 09:51:30.359,270.84,50092,28742,33929,65535,65535,65535,65535,65535,65535
2026-07-31 09:51:30.404,270.88,50092,28742,33929,65535,65535,65535,65535,65535,65535
2026-07-31 09:51:30.450,270.93,50092,28742,33929,65535,65535,65535,65535,65535,65535
2026-07-31 09:51:30.495,270.97,50092,28742,33929,65535,65535,65535,65535,65535,65535
2026-07-31 09:51:30.542,271.02,50092,28742,33929,65535,65535,65535,65535,65535,65535
2026-07-31 09:51:30.589,271.07,50092,28742,33929,65535,65535,65535,65535,65535,65535
2026-07-31 09:51:30.635,271.12,50092,28742,33929,65535,65535,65535,65535,65535,65535
2026-07-31 09:51:30.684,271.16,50092,28742,33929,65535,65535,65535,65535,65535,65535
2026-07-31 09:51:30.728,271.21,50092,28742,33929,65535,65535,65535,65535,65535,65535
2026-07-31 09:51:30.776,271.26,50092,28742,33929,65535,65535,65535,65535,65535,65535
2026-07-31 09:51:30.824,271.3,50092,28742,33929,65535,65535,65535,65535,65535,65535
2026-07-31 09:51:30.875,271.35,50092,28742,33929,65535,65535,65535,65535,65535,65535
2026-07-31 09:51:30.919,271.4,62615,28827,33929,65535,65535,65535,65535,65535,65535
2026-07-31 09:51:30.966,271.45,62615,28827,33929,65535,65535,65535,65535,65535,65535
2026-07-31 09:51:31.010,271.49,62615,28827,33929,65535,65535,65535,65535,65535,65535
2026-07-31 09:51:31.060,271.54,62615,28827,33929,65535,65535,65535,65535,65535,65535
2026-07-31 09:51:31.104,271.58,62615,28827,33929,65535,65535,65535,65535,65535,65535
2026-07-31 09:51:31.154,271.63,62615,28827,33929,65535,65535,65535,65535,65535,65535
2026-07-31 09:51:31.197,271.68,62615,28827,33929,65535,65535,65535,65535,65535,65535
2026-07-31 09:51:31.248,271.73,62615,28827,33929,65535,65535,65535,65535,65535,65535
2026-07-31 09:51:31.297,271.78,62615,28827,33929,65535,65535,65535,65535,65535,65535
2026-07-31 09:51:31.345,271.82,62615,28827,33929,65535,65535,65535,65535,65535,65535
2026-07-31 09:51:31.390,271.87,62615,28827,33929,65535,65535,65535,65535,65535,65535
2026-07-31 09:51:31.439,271.92,62615,28827,40714,65535,65535,65535,65535,65535,65535
2026-07-31 09:51:31.482,271.96,49973,33533,40714,65535,65535,65535,65535,65535,65535
2026-07-31 09:51:31.533,272.01,49973,33533,40714,65535,65535,65535,65535,65535,65535
2026-07-31 09:51:31.580,272.06,49973,33533,40714,65535,65535,65535,65535,65535,65535
2026-07-31 09:51:31.626,272.11,49973,33533,40714,65535,65535,65535,65535,65535,65535
2026-07-31 09:51:31.671,272.15,49973,33533,40714,65535,65535,65535,65535,65535,65535
2026-07-31 09:51:31.718,272.2,49973,33533,40714,65535,65535,65535,65535,65535,65535
2026-07-31 09:51:31.761,272.24,49973,33533,40714,65535,65535,65535,65535,65535,65535
2026-07-31 09:51:31.810,272.29,49973,33533,40714,65535,65535,65535,65535,65535,65535
2026-07-31 09:51:31.855,272.33,49973,33533,40714,65535,65535,65535,65535,65535,65535
2026-07-31 09:51:31.905,272.38,49973,33533,40714,65535,65535,65535,65535,65535,65535
2026-07-31 09:51:31.950,272.43,49973,33533,40714,65535,65535,65535,65535,65535,65535
2026-07-31 09:51:31.998,272.48,49973,33533,40714,65535,65535,65535,65535,65535,65535
2026-07-31 09:51:32.040,272.52,62912,33533,40714,65535,65535,65535,65535,65535,65535
2026-07-31 09:51:32.086,272.57,62912,33533,40714,65535,65535,65535,65535,65535,65535
2026-07-31 09:51:32.131,272.61,62912,33533,40714,65535,65535,65535,65535,65535,65535
2026-07-31 09:51:32.184,272.66,62912,33533,40714,65535,65535,65535,65535,65535,65535
2026-07-31 09:51:32.235,272.71,62912,33533,40714,65535,65535,65535,65535,65535,65535
2026-07-31 09:51:32.282,272.76,62912,33533,40714,65535,65535,65535,65535,65535,65535
2026-07-31 09:51:32.331,272.81,62912,33533,40714,65535,65535,65535,65535,65535,65535
2026-07-31 09:51:32.380,272.86,62912,33533,40714,65535,65535,65535,65535,65535,65535
2026-07-31 09:51:32.428,272.91,62912,33533,40714,65535,65535,65535,65535,65535,65535
2026-07-31 09:51:32.471,272.95,62912,33533,40714,65535,65535,65535,65535,65535,65535
2026-07-31 09:51:32.517,273.0,62912,33533,40714,65535,65535,65535,65535,65535,65535
2026-07-31 09:51:32.563,273.04,62912,33533,33929,65535,65535,65535,65535,65535,65535
2026-07-31 09:51:32.614,273.09,62615,28827,33929,65535,65535,65535,65535,65535,65535
2026-07-31 09:51:32.661,273.14,62615,28827,33929,65535,65535,65535,65535,65535,65535
2026-07-31 09:51:32.712,273.19,62615,28827,33929,65535,65535,65535,65535,65535,65535
2026-07-31 09:51:32.761,273.24,62615,28827,33929,65535,65535,65535,65535,65535,65535
2026-07-31 09:51:32.805,273.29,62615,28827,33929,65535,65535,65535,65535,65535,65535
2026-07-31 09:51:32.854,273.33,62615,28827,33929,65535,65535,65535,65535,65535,65535
2026-07-31 09:51:32.901,273.38,62615,28827,33929,65535,65535,65535,65535,65535,65535
2026-07-31 09:51:32.947,273.43,62615,28827,33929,65535,65535,65535,65535,65535,65535
2026-07-31 09:51:33.000,273.48,62615,28827,33929,65535,65535,65535,65535,65535,65535
2026-07-31 09:51:33.050,273.53,62615,28827,33929,65535,65535,65535,65535,65535,65535
2026-07-31 09:51:33.098,273.58,62615,28827,33929,65535,65535,65535,65535,65535,65535
2026-07-31 09:51:33.146,273.63,62615,28827,40714,65535,65535,65535,65535,65535,65535
2026-07-31 09:51:33.195,273.67,50211,28827,40714,65535,65535,65535,65535,65535,65535
2026-07-31 09:51:33.242,273.72,50211,28827,40714,65535,65535,65535,65535,65535,65535
2026-07-31 09:51:33.291,273.77,50211,28827,40714,65535,65535,65535,65535,65535,65535
2026-07-31 09:51:33.342,273.82,50211,28827,40714,65535,65535,65535,65535,65535,65535
2026-07-31 09:51:33.388,273.87,50211,28827,40714,65535,65535,65535,65535,65535,65535
2026-07-31 09:51:33.440,273.92,50211,28827,40714,65535,65535,65535,65535,65535,65535
2026-07-31 09:51:33.486,273.97,50211,28827,40714,65535,65535,65535,65535,65535,65535
2026-07-31 09:51:33.533,274.01,50211,28827,40714,65535,65535,65535,65535,65535,65535
2026-07-31 09:51:33.577,274.06,50211,28827,40714,65535,65535,65535,65535,65535,65535
2026-07-31 09:51:33.625,274.1,50211,28827,40714,65535,65535,65535,65535,65535,65535
2026-07-31 09:51:33.675,274.15,50211,28827,40714,65535,65535,65535,65535,65535,65535
2026-07-31 09:51:33.723,274.2,49973,28827,40714,65535,65535,65535,65535,65535,65535
2026-07-31 09:51:33.771,274.25,49973,18290,40714,65535,65535,65535,65535,65535,65535
2026-07-31 09:51:33.819,274.3,49973,18290,40714,65535,65535,65535,65535,65535,65535
2026-07-31 09:51:33.866,274.35,49973,18290,40714,65535,65535,65535,65535,65535,65535
2026-07-31 09:51:33.916,274.4,49973,18290,40714,65535,65535,65535,65535,65535,65535
2026-07-31 09:51:33.962,274.44,49973,18290,40714,65535,65535,65535,65535,65535,65535
2026-07-31 09:51:34.006,274.49,49973,18290,40714,65535,65535,65535,65535,65535,65535
2026-07-31 09:51:34.055,274.53,49973,18290,40714,65535,65535,65535,65535,65535,65535
2026-07-31 09:51:34.104,274.58,49973,18290,40714,65535,65535,65535,65535,65535,65535
2026-07-31 09:51:34.154,274.63,49973,18290,40714,65535,65535,65535,65535,65535,65535
2026-07-31 09:51:34.207,274.69,49973,18290,40714,65535,65535,65535,65535,65535,65535
2026-07-31 09:51:34.251,274.73,49973,18290,40714,65535,65535,65535,65535,65535,65535
2026-07-31 09:51:34.301,274.78,62763,28742,33929,65535,65535,65535,65535,65535,65535
2026-07-31 09:51:34.349,274.83,62763,28742,33929,65535,65535,65535,65535,65535,65535
2026-07-31 09:51:34.393,274.87,62763,28742,33929,65535,65535,65535,65535,65535,65535
2026-07-31 09:51:34.443,274.92,62763,28742,33929,65535,65535,65535,65535,65535,65535
2026-07-31 09:51:34.488,274.97,62763,28742,33929,65535,65535,65535,65535,65535,65535
2026-07-31 09:51:34.536,275.02,62763,28742,33929,65535,65535,65535,65535,65535,65535
2026-07-31 09:51:34.581,275.06,62763,28742,33929,65535,65535,65535,65535,65535,65535
2026-07-31 09:51:34.631,275.11,62763,28742,33929,65535,65535,65535,65535,65535,65535
2026-07-31 09:51:34.677,275.16,62763,28742,33929,65535,65535,65535,65535,65535,65535
2026-07-31 09:51:34.722,275.2,62763,28742,33929,65535,65535,65535,65535,65535,65535
2026-07-31 09:51:34.773,275.25,62763,28742,33929,65535,65535,65535,65535,65535,65535
2026-07-31 09:51:34.818,275.3,62763,28742,33929,65535,65535,65535,65535,65535,65535
2026-07-31 09:51:34.865,275.34,62615,28742,33929,65535,65535,65535,65535,65535,65535
2026-07-31 09:51:34.912,275.39,62615,28742,33929,65535,65535,65535,65535,65535,65535
2026-07-31 09:51:34.962,275.44,62615,28742,33929,65535,65535,65535,65535,65535,65535
2026-07-31 09:51:35.010,275.49,62615,28742,33929,65535,65535,65535,65535,65535,65535
2026-07-31 09:51:35.058,275.54,62615,28742,33929,65535,65535,65535,65535,65535,65535
2026-07-31 09:51:35.103,275.58,62615,28742,33929,65535,65535,65535,65535,65535,65535
2026-07-31 09:51:35.153,275.63,62615,28742,33929,65535,65535,65535,65535,65535,65535
2026-07-31 09:51:35.201,275.68,62615,28742,33929,65535,65535,65535,65535,65535,65535
2026-07-31 09:51:35.250,275.73,62615,28742,33929,65535,65535,65535,65535,65535,65535
2026-07-31 09:51:35.301,275.78,62615,28742,33929,65535,65535,65535,65535,65535,65535
2026-07-31 09:51:35.350,275.83,62615,28742,33929,65535,65535,65535,65535,65535,65535
2026-07-31 09:51:35.402,275.88,62615,28742,40714,65535,65535,65535,65535,65535,65535
2026-07-31 09:51:35.453,275.93,62615,28827,40714,65535,65535,65535,65535,65535,65535
2026-07-31 09:51:35.497,275.98,62615,28827,40714,65535,65535,65535,65535,65535,65535
2026-07-31 09:51:35.549,276.03,62615,28827,40714,65535,65535,65535,65535,65535,65535
2026-07-31 09:51:35.593,276.07,62615,28827,40714,65535,65535,65535,65535,65535,65535
2026-07-31 09:51:35.643,276.12,62615,28827,40714,65535,65535,65535,65535,65535,65535
2026-07-31 09:51:35.688,276.17,62615,28827,40714,65535,65535,65535,65535,65535,65535
2026-07-31 09:51:35.738,276.22,62615,28827,40714,65535,65535,65535,65535,65535,65535
2026-07-31 09:51:35.785,276.26,62615,28827,40714,65535,65535,65535,65535,65535,65535
2026-07-31 09:51:35.832,276.31,62615,28827,40714,65535,65535,65535,65535,65535,65535
2026-07-31 09:51:35.882,276.36,62615,28827,40714,65535,65535,65535,65535,65535,65535
2026-07-31 09:51:35.924,276.4,62615,28827,40714,65535,65535,65535,65535,65535,65535
2026-07-31 09:51:35.976,276.46,62615,28827,40714,65535,65535,65535,65535,65535,65535
2026-07-31 09:51:36.020,276.5,62615,28742,40714,65535,65535,65535,65535,65535,65535
2026-07-31 09:51:36.071,276.55,62615,28742,40714,65535,65535,65535,65535,65535,65535
2026-07-31 09:51:36.114,276.59,62615,28742,40714,65535,65535,65535,65535,65535,65535
2026-07-31 09:51:36.165,276.64,62615,28742,40714,65535,65535,65535,65535,65535,65535
2026-07-31 09:51:36.212,276.69,62615,28742,40714,65535,65535,65535,65535,65535,65535
2026-07-31 09:51:36.261,276.74,62615,28742,40714,65535,65535,65535,65535,65535,65535
2026-07-31 09:51:36.309,276.79,62615,28742,40714,65535,65535,65535,65535,65535,65535
2026-07-31 09:51:36.357,276.84,62615,28742,40714,65535,65535,65535,65535,65535,65535
2026-07-31 09:51:36.401,276.88,62615,28742,40714,65535,65535,65535,65535,65535,65535
2026-07-31 09:51:36.451,276.93,62615,28742,40714,65535,65535,65535,65535,65535,65535
2026-07-31 09:51:36.499,276.98,62615,28742,40714,65535,65535,65535,65535,65535,65535
2026-07-31 09:51:36.546,277.03,62763,28742,33830,65535,65535,65535,65535,65535,65535
2026-07-31 09:51:36.593,277.07,62763,28742,33830,65535,65535,65535,65535,65535,65535
2026-07-31 09:51:36.638,277.12,62763,28742,33830,65535,65535,65535,65535,65535,65535
2026-07-31 09:51:36.690,277.17,62763,28742,33830,65535,65535,65535,65535,65535,65535
2026-07-31 09:51:36.739,277.22,62763,28742,33830,65535,65535,65535,65535,65535,65535
2026-07-31 09:51:36.790,277.27,62763,28742,33830,65535,65535,65535,65535,65535,65535
2026-07-31 09:51:36.835,277.31,62763,28742,33830,65535,65535,65535,65535,65535,65535
2026-07-31 09:51:36.886,277.37,62763,28742,33830,65535,65535,65535,65535,65535,65535
2026-07-31 09:51:36.936,277.42,62763,28742,33830,65535,65535,65535,65535,65535,65535
2026-07-31 09:51:36.983,277.46,62763,28742,33830,65535,65535,65535,65535,65535,65535
2026-07-31 09:51:37.035,277.51,62763,28742,33830,65535,65535,65535,65535,65535,65535
2026-07-31 09:51:37.079,277.56,62763,28742,33830,65535,65535,65535,65535,65535,65535
2026-07-31 09:51:37.126,277.61,49973,33533,40714,65535,65535,65535,65535,65535,65535
2026-07-31 09:51:37.176,277.66,49973,33533,40714,65535,65535,65535,65535,65535,65535
2026-07-31 09:51:37.225,277.7,49973,33533,40714,65535,65535,65535,65535,65535,65535
2026-07-31 09:51:37.271,277.75,49973,33533,40714,65535,65535,65535,65535,65535,65535
2026-07-31 09:51:37.320,277.8,49973,33533,40714,65535,65535,65535,65535,65535,65535
2026-07-31 09:51:37.370,277.85,49973,33533,40714,65535,65535,65535,65535,65535,65535
2026-07-31 09:51:37.415,277.89,49973,33533,40714,65535,65535,65535,65535,65535,65535
2026-07-31 09:51:37.466,277.95,49973,33533,40714,65535,65535,65535,65535,65535,65535
2026-07-31 09:51:37.510,277.99,49973,33533,40714,65535,65535,65535,65535,65535,65535
2026-07-31 09:51:37.561,278.04,49973,33533,40714,65535,65535,65535,65535,65535,65535
2026-07-31 09:51:37.607,278.09,49973,33533,40714,65535,65535,65535,65535,65535,65535
2026-07-31 09:51:37.655,278.13,49973,33533,33929,65535,65535,65535,65535,65535,65535
2026-07-31 09:51:37.701,278.18,49973,28827,33929,65535,65535,65535,65535,65535,65535
2026-07-31 09:51:37.752,278.23,49973,28827,33929,65535,65535,65535,65535,65535,65535
2026-07-31 09:51:37.797,278.28,49973,28827,33929,65535,65535,65535,65535,65535,65535
2026-07-31 09:51:37.848,278.33,49973,28827,33929,65535,65535,65535,65535,65535,65535
2026-07-31 09:51:37.893,278.37,49973,28827,33929,65535,65535,65535,65535,65535,65535
2026-07-31 09:51:37.941,278.42,49973,28827,33929,65535,65535,65535,65535,65535,65535
2026-07-31 09:51:37.991,278.47,49973,28827,33929,65535,65535,65535,65535,65535,65535
2026-07-31 09:51:38.036,278.52,49973,28827,33929,65535,65535,65535,65535,65535,65535
2026-07-31 09:51:38.086,278.57,49973,28827,33929,65535,65535,65535,65535,65535,65535
2026-07-31 09:51:38.129,278.61,49973,28827,33929,65535,65535,65535,65535,65535,65535
2026-07-31 09:51:38.181,278.66,49973,28827,33929,65535,65535,65535,65535,65535,65535
2026-07-31 09:51:38.232,278.71,50211,28827,33929,65535,65535,65535,65535,65535,65535
2026-07-31 09:51:38.281,278.76,50211,28742,33929,65535,65535,65535,65535,65535,65535
2026-07-31 09:51:38.326,278.81,50211,28742,33929,65535,65535,65535,65535,65535,65535
2026-07-31 09:51:38.374,278.85,50211,28742,33929,65535,65535,65535,65535,65535,65535
2026-07-31 09:51:38.424,278.9,50211,28742,33929,65535,65535,65535,65535,65535,65535
2026-07-31 09:51:38.469,278.95,50211,28742,33929,65535,65535,65535,65535,65535,65535
2026-07-31 09:51:38.518,279.0,50211,28742,33929,65535,65535,65535,65535,65535,65535
2026-07-31 09:51:38.562,279.04,50211,28742,33929,65535,65535,65535,65535,65535,65535
2026-07-31 09:51:38.614,279.09,50211,28742,33929,65535,65535,65535,65535,65535,65535
2026-07-31 09:51:38.662,279.14,50211,28742,33929,65535,65535,65535,65535,65535,65535
2026-07-31 09:51:38.711,279.19,50211,28742,33929,65535,65535,65535,65535,65535,65535
2026-07-31 09:51:38.757,279.24,50211,28742,33929,65535,65535,65535,65535,65535,65535
2026-07-31 09:51:38.805,279.29,62318,28742,40714,65535,65535,65535,65535,65535,65535
2026-07-31 09:51:38.852,279.33,62318,28827,40714,65535,65535,65535,65535,65535,65535
2026-07-31 09:51:38.901,279.38,62318,28827,40714,65535,65535,65535,65535,65535,65535
2026-07-31 09:51:38.945,279.42,62318,28827,40714,65535,65535,65535,65535,65535,65535
2026-07-31 09:51:38.994,279.47,62318,28827,40714,65535,65535,65535,65535,65535,65535
2026-07-31 09:51:39.041,279.52,62318,28827,40714,65535,65535,65535,65535,65535,65535
2026-07-31 09:51:39.089,279.57,62318,28827,40714,65535,65535,65535,65535,65535,65535
2026-07-31 09:51:39.138,279.62,62318,28827,40714,65535,65535,65535,65535,65535,65535
2026-07-31 09:51:39.182,279.66,62318,28827,40714,65535,65535,65535,65535,65535,65535
2026-07-31 09:51:39.234,279.71,62318,28827,40714,65535,65535,65535,65535,65535,65535
2026-07-31 09:51:39.278,279.76,62318,28827,40714,65535,65535,65535,65535,65535,65535
2026-07-31 09:51:39.329,279.81,62318,28827,40714,65535,65535,65535,65535,65535,65535
2026-07-31 09:51:39.374,279.85,50211,28827,33929,65535,65535,65535,65535,65535,65535
2026-07-31 09:51:39.422,279.9,50211,28742,33929,65535,65535,65535,65535,65535,65535
2026-07-31 09:51:39.473,279.95,50211,28742,33929,65535,65535,65535,65535,65535,65535
2026-07-31 09:51:39.524,280.0,50211,28742,33929,65535,65535,65535,65535,65535,65535
2026-07-31 09:51:39.572,280.05,50211,28742,33929,65535,65535,65535,65535,65535,65535
2026-07-31 09:51:39.616,280.1,50211,28742,33929,65535,65535,65535,65535,65535,65535
2026-07-31 09:51:39.667,280.15,50211,28742,33929,65535,65535,65535,65535,65535,65535
2026-07-31 09:51:39.710,280.19,50211,28742,33929,65535,65535,65535,65535,65535,65535
2026-07-31 09:51:39.762,280.24,50211,28742,33929,65535,65535,65535,65535,65535,65535
2026-07-31 09:51:39.806,280.29,50211,28742,33929,65535,65535,65535,65535,65535,65535
2026-07-31 09:51:39.857,280.34,50211,28742,33929,65535,65535,65535,65535,65535,65535
2026-07-31 09:51:39.904,280.38,50211,28742,40714,65535,65535,65535,65535,65535,65535
2026-07-31 09:51:39.951,280.43,62763,28742,40714,65535,65535,65535,65535,65535,65535
2026-07-31 09:51:39.999,280.48,62763,28742,40714,65535,65535,65535,65535,65535,65535
2026-07-31 09:51:40.048,280.53,62763,28742,40714,65535,65535,65535,65535,65535,65535
2026-07-31 09:51:40.101,280.58,62763,28742,40714,65535,65535,65535,65535,65535,65535
2026-07-31 09:51:40.152,280.63,62763,28742,40714,65535,65535,65535,65535,65535,65535
2026-07-31 09:51:40.200,280.68,62763,28742,40714,65535,65535,65535,65535,65535,65535
2026-07-31 09:51:40.246,280.73,62763,28742,40714,65535,65535,65535,65535,65535,65535
2026-07-31 09:51:40.292,280.77,62763,28742,40714,65535,65535,65535,65535,65535,65535
2026-07-31 09:51:40.341,280.82,62763,28742,40714,65535,65535,65535,65535,65535,65535
2026-07-31 09:51:40.387,280.87,62763,28742,40714,65535,65535,65535,65535,65535,65535
2026-07-31 09:51:40.436,280.92,62763,28742,40714,65535,65535,65535,65535,65535,65535
2026-07-31 09:51:40.480,280.96,62763,28742,40714,65535,65535,65535,65535,65535,65535
2026-07-31 09:51:40.533,281.01,62615,28742,40714,65535,65535,65535,65535,65535,65535
2026-07-31 09:51:40.582,281.06,62615,28742,40714,65535,65535,65535,65535,65535,65535
2026-07-31 09:51:40.634,281.11,62615,28742,40714,65535,65535,65535,65535,65535,65535
2026-07-31 09:51:40.679,281.16,62615,28742,40714,65535,65535,65535,65535,65535,65535
2026-07-31 09:51:40.727,281.21,62615,28742,40714,65535,65535,65535,65535,65535,65535
2026-07-31 09:51:40.774,281.25,62615,28742,40714,65535,65535,65535,65535,65535,65535
2026-07-31 09:51:40.822,281.3,62615,28742,40714,65535,65535,65535,65535,65535,65535
2026-07-31 09:51:40.869,281.35,62615,28742,40714,65535,65535,65535,65535,65535,65535
2026-07-31 09:51:40.915,281.39,62615,28742,40714,65535,65535,65535,65535,65535,65535
2026-07-31 09:51:40.965,281.44,62615,28742,40714,65535,65535,65535,65535,65535,65535
2026-07-31 09:51:41.010,281.49,62615,28742,40714,65535,65535,65535,65535,65535,65535
2026-07-31 09:51:41.059,281.54,50211,28742,40714,65535,65535,65535,65535,65535,65535
2026-07-31 09:51:41.103,281.58,50211,28742,40714,65535,65535,65535,65535,65535,65535
2026-07-31 09:51:41.154,281.63,50211,28742,40714,65535,65535,65535,65535,65535,65535
2026-07-31 09:51:41.198,281.68,50211,28742,40714,65535,65535,65535,65535,65535,65535
2026-07-31 09:51:41.250,281.73,50211,28742,40714,65535,65535,65535,65535,65535,65535
2026-07-31 09:51:41.292,281.77,50211,28742,40714,65535,65535,65535,65535,65535,65535
2026-07-31 09:51:41.338,281.82,50211,28742,40714,65535,65535,65535,65535,65535,65535
2026-07-31 09:51:41.384,281.86,50211,28742,40714,65535,65535,65535,65535,65535,65535
2026-07-31 09:51:41.434,281.91,50211,28742,40714,65535,65535,65535,65535,65535,65535
2026-07-31 09:51:41.483,281.96,50211,28742,40714,65535,65535,65535,65535,65535,65535
2026-07-31 09:51:41.533,282.01,50211,28742,40714,65535,65535,65535,65535,65535,65535
2026-07-31 09:51:41.579,282.06,50211,28742,40714,65535,65535,65535,65535,65535,65535
2026-07-31 09:51:41.630,282.11,62615,28742,33830,65535,65535,65535,65535,65535,65535
2026-07-31 09:51:41.684,282.16,62615,28742,33830,65535,65535,65535,65535,65535,65535
2026-07-31 09:51:41.727,282.21,62615,28742,33830,65535,65535,65535,65535,65535,65535
2026-07-31 09:51:41.778,282.26,62615,28742,33830,65535,65535,65535,65535,65535,65535
2026-07-31 09:51:41.822,282.3,62615,28742,33830,65535,65535,65535,65535,65535,65535
2026-07-31 09:51:41.875,282.35,62615,28742,33830,65535,65535,65535,65535,65535,65535
2026-07-31 09:51:41.927,282.41,62615,28742,33830,65535,65535,65535,65535,65535,65535
2026-07-31 09:51:41.971,282.45,62615,28742,33830,65535,65535,65535,65535,65535,65535
2026-07-31 09:51:42.022,282.5,62615,28742,33830,65535,65535,65535,65535,65535,65535
2026-07-31 09:51:42.069,282.55,62615,28742,33830,65535,65535,65535,65535,65535,65535
2026-07-31 09:51:42.119,282.6,62615,28742,33830,65535,65535,65535,65535,65535,65535
2026-07-31 09:51:42.163,282.64,62615,28742,33929,65535,65535,65535,65535,65535,65535
2026-07-31 09:51:42.215,282.69,62615,18344,33929,65535,65535,65535,65535,65535,65535
2026-07-31 09:51:42.267,282.75,62615,18344,33929,65535,65535,65535,65535,65535,65535
2026-07-31 09:51:42.313,282.79,62615,18344,33929,65535,65535,65535,65535,65535,65535
2026-07-31 09:51:42.362,282.84,62615,18344,33929,65535,65535,65535,65535,65535,65535
2026-07-31 09:51:42.407,282.89,62615,18344,33929,65535,65535,65535,65535,65535,65535
2026-07-31 09:51:42.457,282.94,62615,18344,33929,65535,65535,65535,65535,65535,65535
2026-07-31 09:51:42.503,282.98,62615,18344,33929,65535,65535,65535,65535,65535,65535
2026-07-31 09:51:42.551,283.03,62615,18344,33929,65535,65535,65535,65535,65535,65535
2026-07-31 09:51:42.595,283.07,62615,18344,33929,65535,65535,65535,65535,65535,65535
2026-07-31 09:51:42.647,283.13,62615,18344,33929,65535,65535,65535,65535,65535,65535
2026-07-31 09:51:42.690,283.17,62615,18344,33929,65535,65535,65535,65535,65535,65535
2026-07-31 09:51:42.741,283.22,62467,18344,33929,65535,65535,65535,65535,65535,65535
2026-07-31 09:51:42.784,283.26,62467,28742,33929,65535,65535,65535,65535,65535,65535
2026-07-31 09:51:42.831,283.31,62467,28742,33929,65535,65535,65535,65535,65535,65535
2026-07-31 09:51:42.875,283.35,62467,28742,33929,65535,65535,65535,65535,65535,65535
2026-07-31 09:51:42.927,283.41,62467,28742,33929,65535,65535,65535,65535,65535,65535
2026-07-31 09:51:42.976,283.46,62467,28742,33929,65535,65535,65535,65535,65535,65535
2026-07-31 09:51:43.024,283.5,62467,28742,33929,65535,65535,65535,65535,65535,65535
2026-07-31 09:51:43.071,283.55,62467,28742,33929,65535,65535,65535,65535,65535,65535
2026-07-31 09:51:43.118,283.6,62467,28742,33929,65535,65535,65535,65535,65535,65535
2026-07-31 09:51:43.169,283.65,62467,28742,33929,65535,65535,65535,65535,65535,65535
2026-07-31 09:51:43.217,283.7,62467,28742,33929,65535,65535,65535,65535,65535,65535
2026-07-31 09:51:43.268,283.75,62467,28742,33929,65535,65535,65535,65535,65535,65535
2026-07-31 09:51:43.314,283.79,62615,28742,40714,65535,65535,65535,65535,65535,65535
2026-07-31 09:51:43.365,283.84,62615,20120,40714,65535,65535,65535,65535,65535,65535
2026-07-31 09:51:43.409,283.89,62615,20120,40714,65535,65535,65535,65535,65535,65535
2026-07-31 09:51:43.457,283.94,62615,20120,40714,65535,65535,65535,65535,65535,65535
2026-07-31 09:51:43.504,283.98,62615,20120,40714,65535,65535,65535,65535,65535,65535
2026-07-31 09:51:43.555,284.03,62615,20120,40714,65535,65535,65535,65535,65535,65535
2026-07-31 09:51:43.604,284.08,62615,20120,40714,65535,65535,65535,65535,65535,65535
2026-07-31 09:51:43.649,284.13,62615,20120,40714,65535,65535,65535,65535,65535,65535
2026-07-31 09:51:43.697,284.18,62615,20120,40714,65535,65535,65535,65535,65535,65535
2026-07-31 09:51:43.747,284.23,62615,20120,40714,65535,65535,65535,65535,65535,65535
2026-07-31 09:51:43.791,284.27,62615,20120,40714,65535,65535,65535,65535,65535,65535
2026-07-31 09:51:43.838,284.32,62615,20120,40714,65535,65535,65535,65535,65535,65535
2026-07-31 09:51:43.886,284.37,50329,28827,33929,65535,65535,65535,65535,65535,65535
2026-07-31 09:51:43.935,284.41,50329,28827,33929,65535,65535,65535,65535,65535,65535
2026-07-31 09:51:43.982,284.46,50329,28827,33929,65535,65535,65535,65535,65535,65535
2026-07-31 09:51:44.030,284.51,50329,28827,33929,65535,65535,65535,65535,65535,65535
2026-07-31 09:51:44.079,284.56,50329,28827,33929,65535,65535,65535,65535,65535,65535
2026-07-31 09:51:44.126,284.61,50329,28827,33929,65535,65535,65535,65535,65535,65535
2026-07-31 09:51:44.176,284.66,50329,28827,33929,65535,65535,65535,65535,65535,65535
2026-07-31 09:51:44.223,284.7,50329,28827,33929,65535,65535,65535,65535,65535,65535
2026-07-31 09:51:44.270,284.75,50329,28827,33929,65535,65535,65535,65535,65535,65535
2026-07-31 09:51:44.316,284.8,50329,28827,33929,65535,65535,65535,65535,65535,65535
2026-07-31 09:51:44.365,284.84,50329,28827,33929,65535,65535,65535,65535,65535,65535
2026-07-31 09:51:44.410,284.89,50329,28827,40714,65535,65535,65535,65535,65535,65535
2026-07-31 09:51:44.461,284.94,62912,33533,40714,65535,65535,65535,65535,65535,65535
2026-07-31 09:51:44.505,284.98,62912,33533,40714,65535,65535,65535,65535,65535,65535
2026-07-31 09:51:44.555,285.03,62912,33533,40714,65535,65535,65535,65535,65535,65535
2026-07-31 09:51:44.601,285.08,62912,33533,40714,65535,65535,65535,65535,65535,65535
2026-07-31 09:51:44.649,285.13,62912,33533,40714,65535,65535,65535,65535,65535,65535
2026-07-31 09:51:44.694,285.17,62912,33533,40714,65535,65535,65535,65535,65535,65535
2026-07-31 09:51:44.743,285.22,62912,33533,40714,65535,65535,65535,65535,65535,65535
2026-07-31 09:51:44.787,285.27,62912,33533,40714,65535,65535,65535,65535,65535,65535
2026-07-31 09:51:44.839,285.32,62912,33533,40714,65535,65535,65535,65535,65535,65535
2026-07-31 09:51:44.882,285.36,62912,33533,40714,65535,65535,65535,65535,65535,65535
2026-07-31 09:51:44.935,285.41,62912,33533,40714,65535,65535,65535,65535,65535,65535
2026-07-31 09:51:44.983,285.46,62912,33533,33929,65535,65535,65535,65535,65535,65535
2026-07-31 09:51:45.033,285.51,62318,33533,33929,65535,65535,65535,65535,65535,65535
2026-07-31 09:51:45.080,285.56,62318,33533,33929,65535,65535,65535,65535,65535,65535
2026-07-31 09:51:45.128,285.61,62318,33533,33929,65535,65535,65535,65535,65535,65535
2026-07-31 09:51:45.176,285.66,62318,33533,33929,65535,65535,65535,65535,65535,65535
2026-07-31 09:51:45.225,285.7,62318,33533,33929,65535,65535,65535,65535,65535,65535
2026-07-31 09:51:45.295,285.77,62318,33533,33929,65535,65535,65535,65535,65535,65535
2026-07-31 09:51:45.342,285.82,62318,33533,33929,65535,65535,65535,65535,65535,65535
2026-07-31 09:51:45.388,285.87,62318,33533,33929,65535,65535,65535,65535,65535,65535
2026-07-31 09:51:45.437,285.92,62318,33533,33929,65535,65535,65535,65535,65535,65535
2026-07-31 09:51:45.486,285.97,62318,33533,33929,65535,65535,65535,65535,65535,65535
2026-07-31 09:51:45.531,286.01,62318,33533,33929,65535,65535,65535,65535,65535,65535
2026-07-31 09:51:45.582,286.06,49973,28827,33929,65535,65535,65535,65535,65535,65535
2026-07-31 09:51:45.626,286.11,49973,28827,33929,65535,65535,65535,65535,65535,65535
2026-07-31 09:51:45.677,286.16,49973,28827,33929,65535,65535,65535,65535,65535,65535
2026-07-31 09:51:45.726,286.21,49973,28827,33929,65535,65535,65535,65535,65535,65535
2026-07-31 09:51:45.779,286.26,49973,28827,33929,65535,65535,65535,65535,65535,65535
2026-07-31 09:51:45.824,286.3,49973,28827,33929,65535,65535,65535,65535,65535,65535
2026-07-31 09:51:45.873,286.35,49973,28827,33929,65535,65535,65535,65535,65535,65535
2026-07-31 09:51:45.922,286.4,49973,28827,33929,65535,65535,65535,65535,65535,65535
2026-07-31 09:51:45.968,286.45,49973,28827,33929,65535,65535,65535,65535,65535,65535
2026-07-31 09:51:46.016,286.5,49973,28827,33929,65535,65535,65535,65535,65535,65535
2026-07-31 09:51:46.062,286.54,49973,28827,33929,65535,65535,65535,65535,65535,65535
2026-07-31 09:51:46.112,286.59,49973,28827,40714,65535,65535,65535,65535,65535,65535
2026-07-31 09:51:46.160,286.64,50211,28742,40714,65535,65535,65535,65535,65535,65535
2026-07-31 09:51:46.209,286.69,50211,28742,40714,65535,65535,65535,65535,65535,65535
2026-07-31 09:51:46.254,286.73,50211,28742,40714,65535,65535,65535,65535,65535,65535
2026-07-31 09:51:46.302,286.78,50211,28742,40714,65535,65535,65535,65535,65535,65535
2026-07-31 09:51:46.357,286.84,50211,28742,40714,65535,65535,65535,65535,65535,65535
2026-07-31 09:51:46.409,286.89,50211,28742,40714,65535,65535,65535,65535,65535,65535
2026-07-31 09:51:46.456,286.94,50211,28742,40714,65535,65535,65535,65535,65535,65535
2026-07-31 09:51:46.500,286.98,50211,28742,40714,65535,65535,65535,65535,65535,65535
2026-07-31 09:51:46.548,287.03,50211,28742,40714,65535,65535,65535,65535,65535,65535
2026-07-31 09:51:46.599,287.08,50211,28742,40714,65535,65535,65535,65535,65535,65535
2026-07-31 09:51:46.647,287.13,50211,28742,40714,65535,65535,65535,65535,65535,65535
2026-07-31 09:51:46.692,287.17,50211,28742,40714,65535,65535,65535,65535,65535,65535
2026-07-31 09:51:46.741,287.22,50211,33533,40714,65535,65535,65535,65535,65535,65535
2026-07-31 09:51:46.788,287.27,50211,33533,40714,65535,65535,65535,65535,65535,65535
2026-07-31 09:51:46.837,287.32,50211,33533,40714,65535,65535,65535,65535,65535,65535
2026-07-31 09:51:46.887,287.37,50211,33533,40714,65535,65535,65535,65535,65535,65535
2026-07-31 09:51:46.935,287.42,50211,33533,40714,65535,65535,65535,65535,65535,65535
2026-07-31 09:51:46.985,287.47,50211,33533,40714,65535,65535,65535,65535,65535,65535
2026-07-31 09:51:47.036,287.52,50211,33533,40714,65535,65535,65535,65535,65535,65535
2026-07-31 09:51:47.082,287.56,50211,33533,40714,65535,65535,65535,65535,65535,65535
2026-07-31 09:51:47.132,287.61,50211,33533,40714,65535,65535,65535,65535,65535,65535
2026-07-31 09:51:47.179,287.66,50211,33533,40714,65535,65535,65535,65535,65535,65535
2026-07-31 09:51:47.227,287.71,50211,33533,33929,65535,65535,65535,65535,65535,65535
2026-07-31 09:51:47.274,287.75,62615,20120,33929,65535,65535,65535,65535,65535,65535
2026-07-31 09:51:47.323,287.8,62615,20120,33929,65535,65535,65535,65535,65535,65535
2026-07-31 09:51:47.371,287.85,62615,20120,33929,65535,65535,65535,65535,65535,65535
2026-07-31 09:51:47.417,287.9,62615,20120,33929,65535,65535,65535,65535,65535,65535
2026-07-31 09:51:47.463,287.94,62615,20120,33929,65535,65535,65535,65535,65535,65535
2026-07-31 09:51:47.510,287.99,62615,20120,33929,65535,65535,65535,65535,65535,65535
2026-07-31 09:51:47.555,288.03,62615,20120,33929,65535,65535,65535,65535,65535,65535
2026-07-31 09:51:47.603,288.08,62615,20120,33929,65535,65535,65535,65535,65535,65535
2026-07-31 09:51:47.654,288.13,62615,20120,33929,65535,65535,65535,65535,65535,65535
2026-07-31 09:51:47.702,288.18,62615,20120,33929,65535,65535,65535,65535,65535,65535
2026-07-31 09:51:47.749,288.23,62615,20120,33929,65535,65535,65535,65535,65535,65535
2026-07-31 09:51:47.793,288.27,62615,20120,40714,65535,65535,65535,65535,65535,65535
2026-07-31 09:51:47.838,288.32,62615,40240,40714,65535,65535,65535,65535,65535,65535
2026-07-31 09:51:47.885,288.36,62615,40240,40714,65535,65535,65535,65535,65535,65535
2026-07-31 09:51:47.929,288.41,62615,40240,40714,65535,65535,65535,65535,65535,65535
2026-07-31 09:51:47.975,288.45,62615,40240,40714,65535,65535,65535,65535,65535,65535
2026-07-31 09:51:48.025,288.5,62615,40240,40714,65535,65535,65535,65535,65535,65535
2026-07-31 09:51:48.071,288.55,62615,40240,40714,65535,65535,65535,65535,65535,65535
2026-07-31 09:51:48.123,288.6,62615,40240,40714,65535,65535,65535,65535,65535,65535
2026-07-31 09:51:48.165,288.64,62615,40240,40714,65535,65535,65535,65535,65535,65535
2026-07-31 09:51:48.217,288.7,62615,40240,40714,65535,65535,65535,65535,65535,65535
2026-07-31 09:51:48.263,288.74,62615,40240,40714,65535,65535,65535,65535,65535,65535
2026-07-31 09:51:48.314,288.79,62615,40240,40714,65535,65535,65535,65535,65535,65535
2026-07-31 09:51:48.361,288.84,62615,40240,33929,65535,65535,65535,65535,65535,65535
2026-07-31 09:51:48.406,288.89,50092,33632,33929,65535,65535,65535,65535,65535,65535
2026-07-31 09:51:48.457,288.94,50092,33632,33929,65535,65535,65535,65535,65535,65535
2026-07-31 09:51:48.502,288.98,50092,33632,33929,65535,65535,65535,65535,65535,65535
2026-07-31 09:51:48.558,289.04,50092,33632,33929,65535,65535,65535,65535,65535,65535
2026-07-31 09:51:48.602,289.08,50092,33632,33929,65535,65535,65535,65535,65535,65535
2026-07-31 09:51:48.652,289.13,50092,33632,33929,65535,65535,65535,65535,65535,65535
2026-07-31 09:51:48.702,289.18,50092,33632,33929,65535,65535,65535,65535,65535,65535
2026-07-31 09:51:48.747,289.23,50092,33632,33929,65535,65535,65535,65535,65535,65535
2026-07-31 09:51:48.798,289.28,50092,33632,33929,65535,65535,65535,65535,65535,65535
2026-07-31 09:51:48.841,289.32,50092,33632,33929,65535,65535,65535,65535,65535,65535
2026-07-31 09:51:48.895,289.37,50092,33632,33929,65535,65535,65535,65535,65535,65535
2026-07-31 09:51:48.941,289.42,50092,33632,33929,65535,65535,65535,65535,65535,65535
2026-07-31 09:51:48.991,289.47,50092,33533,33929,65535,65535,65535,65535,65535,65535
2026-07-31 09:51:49.035,289.51,50092,33533,33929,65535,65535,65535,65535,65535,65535
2026-07-31 09:51:49.084,289.56,50092,33533,33929,65535,65535,65535,65535,65535,65535
2026-07-31 09:51:49.131,289.61,50092,33533,33929,65535,65535,65535,65535,65535,65535
2026-07-31 09:51:49.179,289.66,50092,33533,33929,65535,65535,65535,65535,65535,65535
2026-07-31 09:51:49.225,289.7,50092,33533,33929,65535,65535,65535,65535,65535,65535
2026-07-31 09:51:49.272,289.75,50092,33533,33929,65535,65535,65535,65535,65535,65535
2026-07-31 09:51:49.323,289.8,50092,33533,33929,65535,65535,65535,65535,65535,65535
2026-07-31 09:51:49.369,289.85,50092,33533,33929,65535,65535,65535,65535,65535,65535
2026-07-31 09:51:49.419,289.9,50092,33533,33929,65535,65535,65535,65535,65535,65535
2026-07-31 09:51:49.462,289.94,50092,33533,33929,65535,65535,65535,65535,65535,65535
2026-07-31 09:51:49.508,289.99,62318,33533,33929,65535,65535,65535,65535,65535,65535
2026-07-31 09:51:49.553,290.03,62318,33533,33929,65535,65535,65535,65535,65535,65535
2026-07-31 09:51:49.604,290.08,62318,33533,33929,65535,65535,65535,65535,65535,65535
2026-07-31 09:51:49.647,290.13,62318,33533,33929,65535,65535,65535,65535,65535,65535
2026-07-31 09:51:49.699,290.18,62318,33533,33929,65535,65535,65535,65535,65535,65535
2026-07-31 09:51:49.744,290.22,62318,33533,33929,65535,65535,65535,65535,65535,65535
2026-07-31 09:51:49.796,290.28,62318,33533,33929,65535,65535,65535,65535,65535,65535
2026-07-31 09:51:49.841,290.32,62318,33533,33929,65535,65535,65535,65535,65535,65535
2026-07-31 09:51:49.889,290.37,62318,33533,33929,65535,65535,65535,65535,65535,65535
2026-07-31 09:51:49.938,290.42,62318,33533,33929,65535,65535,65535,65535,65535,65535
2026-07-31 09:51:49.985,290.46,62318,33533,33929,65535,65535,65535,65535,65535,65535
2026-07-31 09:51:50.034,290.51,62318,33533,33929,65535,65535,65535,65535,65535,65535
2026-07-31 09:51:50.080,290.56,62318,33533,40714,65535,65535,65535,65535,65535,65535
2026-07-31 09:51:50.130,290.61,62318,28827,40714,65535,65535,65535,65535,65535,65535
2026-07-31 09:51:50.174,290.65,62318,28827,40714,65535,65535,65535,65535,65535,65535
2026-07-31 09:51:50.226,290.71,62318,28827,40714,65535,65535,65535,65535,65535,65535
2026-07-31 09:51:50.269,290.75,62318,28827,40714,65535,65535,65535,65535,65535,65535
2026-07-31 09:51:50.321,290.8,62318,28827,40714,65535,65535,65535,65535,65535,65535
2026-07-31 09:51:50.365,290.84,62318,28827,40714,65535,65535,65535,65535,65535,65535
2026-07-31 09:51:50.417,290.9,62318,28827,40714,65535,65535,65535,65535,65535,65535
2026-07-31 09:51:50.463,290.94,62318,28827,40714,65535,65535,65535,65535,65535,65535
2026-07-31 09:51:50.509,290.99,62318,28827,40714,65535,65535,65535,65535,65535,65535
2026-07-31 09:51:50.557,291.04,62318,28827,40714,65535,65535,65535,65535,65535,65535
2026-07-31 09:51:50.605,291.08,62318,28827,40714,65535,65535,65535,65535,65535,65535
2026-07-31 09:51:50.654,291.13,62467,28827,40714,65535,65535,65535,65535,65535,65535
2026-07-31 09:51:50.699,291.18,62467,33533,40714,65535,65535,65535,65535,65535,65535
2026-07-31 09:51:50.749,291.23,62467,33533,40714,65535,65535,65535,65535,65535,65535
2026-07-31 09:51:50.796,291.28,62467,33533,40714,65535,65535,65535,65535,65535,65535
2026-07-31 09:51:50.846,291.33,62467,33533,40714,65535,65535,65535,65535,65535,65535
2026-07-31 09:51:50.889,291.37,62467,33533,40714,65535,65535,65535,65535,65535,65535
2026-07-31 09:51:50.940,291.42,62467,33533,40714,65535,65535,65535,65535,65535,65535
2026-07-31 09:51:50.984,291.46,62467,33533,40714,65535,65535,65535,65535,65535,65535
2026-07-31 09:51:51.035,291.51,62467,33533,40714,65535,65535,65535,65535,65535,65535
2026-07-31 09:51:51.080,291.56,62467,33533,40714,65535,65535,65535,65535,65535,65535
2026-07-31 09:51:51.130,291.61,62467,33533,40714,65535,65535,65535,65535,65535,65535
2026-07-31 09:51:51.176,291.66,62467,33533,40714,65535,65535,65535,65535,65535,65535
2026-07-31 09:51:51.224,291.7,62763,33533,40714,65535,65535,65535,65535,65535,65535
2026-07-31 09:51:51.275,291.75,62763,33533,40714,65535,65535,65535,65535,65535,65535
2026-07-31 09:51:51.320,291.8,62763,33533,40714,65535,65535,65535,65535,65535,65535
2026-07-31 09:51:51.368,291.85,62763,33533,40714,65535,65535,65535,65535,65535,65535
2026-07-31 09:51:51.411,291.89,62763,33533,40714,65535,65535,65535,65535,65535,65535
2026-07-31 09:51:51.462,291.94,62763,33533,40714,65535,65535,65535,65535,65535,65535
2026-07-31 09:51:51.506,291.99,62763,33533,40714,65535,65535,65535,65535,65535,65535
2026-07-31 09:51:51.552,292.03,62763,33533,40714,65535,65535,65535,65535,65535,65535
2026-07-31 09:51:51.599,292.08,62763,33533,40714,65535,65535,65535,65535,65535,65535
2026-07-31 09:51:51.647,292.13,62763,33533,40714,65535,65535,65535,65535,65535,65535
2026-07-31 09:51:51.694,292.17,62763,33533,40714,65535,65535,65535,65535,65535,65535
2026-07-31 09:51:51.746,292.23,62763,33533,40714,65535,65535,65535,65535,65535,65535
2026-07-31 09:51:51.794,292.27,49973,33533,40714,65535,65535,65535,65535,65535,65535
2026-07-31 09:51:51.846,292.33,49973,28742,40714,65535,65535,65535,65535,65535,65535
2026-07-31 09:51:51.892,292.37,49973,28742,40714,65535,65535,65535,65535,65535,65535
2026-07-31 09:51:51.939,292.42,49973,28742,40714,65535,65535,65535,65535,65535,65535
2026-07-31 09:51:51.990,292.47,49973,28742,40714,65535,65535,65535,65535,65535,65535
2026-07-31 09:51:52.035,292.51,49973,28742,40714,65535,65535,65535,65535,65535,65535
2026-07-31 09:51:52.084,292.56,49973,28742,40714,65535,65535,65535,65535,65535,65535
2026-07-31 09:51:52.128,292.61,49973,28742,40714,65535,65535,65535,65535,65535,65535
2026-07-31 09:51:52.178,292.66,49973,28742,40714,65535,65535,65535,65535,65535,65535
2026-07-31 09:51:52.221,292.7,49973,28742,40714,65535,65535,65535,65535,65535,65535
2026-07-31 09:51:52.273,292.75,49973,28742,40714,65535,65535,65535,65535,65535,65535
2026-07-31 09:51:52.318,292.8,49973,28742,40714,65535,65535,65535,65535,65535,65535
2026-07-31 09:51:52.371,292.85,50092,28742,40714,65535,65535,65535,65535,65535,65535
2026-07-31 09:51:52.412,292.89,50092,28742,40714,65535,65535,65535,65535,65535,65535
2026-07-31 09:51:52.464,292.94,50092,28742,40714,65535,65535,65535,65535,65535,65535
2026-07-31 09:51:52.509,292.99,50092,28742,40714,65535,65535,65535,65535,65535,65535
2026-07-31 09:51:52.561,293.04,50092,28742,40714,65535,65535,65535,65535,65535,65535
2026-07-31 09:51:52.614,293.09,50092,28742,40714,65535,65535,65535,65535,65535,65535
2026-07-31 09:51:52.657,293.14,50092,28742,40714,65535,65535,65535,65535,65535,65535
2026-07-31 09:51:52.709,293.19,50092,28742,40714,65535,65535,65535,65535,65535,65535
2026-07-31 09:51:52.752,293.23,50092,28742,40714,65535,65535,65535,65535,65535,65535
2026-07-31 09:51:52.806,293.29,50092,28742,40714,65535,65535,65535,65535,65535,65535
2026-07-31 09:51:52.858,293.34,50092,28742,40714,65535,65535,65535,65535,65535,65535
2026-07-31 09:51:52.903,293.38,50092,28742,33929,65535,65535,65535,65535,65535,65535
2026-07-31 09:51:52.955,293.43,62615,33632,33929,65535,65535,65535,65535,65535,65535
2026-07-31 09:51:53.004,293.48,62615,33632,33929,65535,65535,65535,65535,65535,65535
2026-07-31 09:51:53.056,293.54,62615,33632,33929,65535,65535,65535,65535,65535,65535
2026-07-31 09:51:53.099,293.58,62615,33632,33929,65535,65535,65535,65535,65535,65535
2026-07-31 09:51:53.149,293.63,62615,33632,33929,65535,65535,65535,65535,65535,65535
2026-07-31 09:51:53.196,293.68,62615,33632,33929,65535,65535,65535,65535,65535,65535
2026-07-31 09:51:53.245,293.72,62615,33632,33929,65535,65535,65535,65535,65535,65535
2026-07-31 09:51:53.292,293.77,62615,33632,33929,65535,65535,65535,65535,65535,65535
2026-07-31 09:51:53.338,293.82,62615,33632,33929,65535,65535,65535,65535,65535,65535
2026-07-31 09:51:53.388,293.87,62615,33632,33929,65535,65535,65535,65535,65535,65535
2026-07-31 09:51:53.432,293.91,62615,33632,33929,65535,65535,65535,65535,65535,65535
2026-07-31 09:51:53.484,293.96,62615,33632,33929,65535,65535,65535,65535,65535,65535
2026-07-31 09:51:53.527,294.01,62615,33533,33929,65535,65535,65535,65535,65535,65535
2026-07-31 09:51:53.580,294.06,62615,33533,33929,65535,65535,65535,65535,65535,65535
2026-07-31 09:51:53.626,294.11,62615,33533,33929,65535,65535,65535,65535,65535,65535
2026-07-31 09:51:53.675,294.16,62615,33533,33929,65535,65535,65535,65535,65535,65535
2026-07-31 09:51:53.718,294.2,62615,33533,33929,65535,65535,65535,65535,65535,65535
2026-07-31 09:51:53.769,294.25,62615,33533,33929,65535,65535,65535,65535,65535,65535
2026-07-31 09:51:53.816,294.3,62615,33533,33929,65535,65535,65535,65535,65535,65535
2026-07-31 09:51:53.867,294.35,62615,33533,33929,65535,65535,65535,65535,65535,65535
2026-07-31 09:51:53.914,294.39,62615,33533,33929,65535,65535,65535,65535,65535,65535
2026-07-31 09:51:53.960,294.44,62615,33533,33929,65535,65535,65535,65535,65535,65535
2026-07-31 09:51:54.009,294.49,62615,33533,33929,65535,65535,65535,65535,65535,65535
2026-07-31 09:51:54.055,294.53,50329,28742,33929,65535,65535,65535,65535,65535,65535
2026-07-31 09:51:54.108,294.59,50329,28742,33929,65535,65535,65535,65535,65535,65535
2026-07-31 09:51:54.156,294.64,50329,28742,33929,65535,65535,65535,65535,65535,65535
2026-07-31 09:51:54.206,294.69,50329,28742,33929,65535,65535,65535,65535,65535,65535
2026-07-31 09:51:54.253,294.73,50329,28742,33929,65535,65535,65535,65535,65535,65535
2026-07-31 09:51:54.301,294.78,50329,28742,33929,65535,65535,65535,65535,65535,65535
2026-07-31 09:51:54.349,294.83,50329,28742,33929,65535,65535,65535,65535,65535,65535
2026-07-31 09:51:54.396,294.88,50329,28742,33929,65535,65535,65535,65535,65535,65535
2026-07-31 09:51:54.446,294.93,50329,28742,33929,65535,65535,65535,65535,65535,65535
2026-07-31 09:51:54.492,294.97,50329,28742,33929,65535,65535,65535,65535,65535,65535
2026-07-31 09:51:54.542,295.02,50329,28742,33929,65535,65535,65535,65535,65535,65535
2026-07-31 09:51:54.586,295.07,50329,28742,40714,65535,65535,65535,65535,65535,65535
2026-07-31 09:51:54.638,295.12,50448,28742,40714,65535,65535,65535,65535,65535,65535
2026-07-31 09:51:54.682,295.16,50448,28742,40714,65535,65535,65535,65535,65535,65535
2026-07-31 09:51:54.735,295.21,50448,28742,40714,65535,65535,65535,65535,65535,65535
2026-07-31 09:51:54.787,295.27,50448,28742,40714,65535,65535,65535,65535,65535,65535
2026-07-31 09:51:54.832,295.31,50448,28742,40714,65535,65535,65535,65535,65535,65535
2026-07-31 09:51:54.881,295.36,50448,28742,40714,65535,65535,65535,65535,65535,65535
2026-07-31 09:51:54.926,295.41,50448,28742,40714,65535,65535,65535,65535,65535,65535
2026-07-31 09:51:54.977,295.46,50448,28742,40714,65535,65535,65535,65535,65535,65535
2026-07-31 09:51:55.022,295.5,50448,28742,40714,65535,65535,65535,65535,65535,65535
2026-07-31 09:51:55.072,295.55,50448,28742,40714,65535,65535,65535,65535,65535,65535
2026-07-31 09:51:55.118,295.6,50448,28742,40714,65535,65535,65535,65535,65535,65535
2026-07-31 09:51:55.170,295.65,62763,28742,40714,65535,65535,65535,65535,65535,65535
2026-07-31 09:51:55.217,295.7,62763,28742,40714,65535,65535,65535,65535,65535,65535
2026-07-31 09:51:55.264,295.74,62763,28742,40714,65535,65535,65535,65535,65535,65535
2026-07-31 09:51:55.310,295.79,62763,28742,40714,65535,65535,65535,65535,65535,65535
2026-07-31 09:51:55.361,295.84,62763,28742,40714,65535,65535,65535,65535,65535,65535
2026-07-31 09:51:55.415,295.89,62763,28742,40714,65535,65535,65535,65535,65535,65535
2026-07-31 09:51:55.467,295.95,62763,28742,40714,65535,65535,65535,65535,65535,65535
2026-07-31 09:51:55.515,295.99,62763,28742,40714,65535,65535,65535,65535,65535,65535
2026-07-31 09:51:55.564,296.04,62763,28742,40714,65535,65535,65535,65535,65535,65535
2026-07-31 09:51:55.611,296.09,62763,28742,40714,65535,65535,65535,65535,65535,65535
2026-07-31 09:51:55.659,296.14,62763,28742,40714,65535,65535,65535,65535,65535,65535
2026-07-31 09:51:55.711,296.19,62763,28742,33929,65535,65535,65535,65535,65535,65535
2026-07-31 09:51:55.755,296.23,62912,20298,33929,65535,65535,65535,65535,65535,65535
2026-07-31 09:51:55.812,296.29,62912,20298,33929,65535,65535,65535,65535,65535,65535
2026-07-31 09:51:55.865,296.34,62912,20298,33929,65535,65535,65535,65535,65535,65535
2026-07-31 09:51:55.911,296.39,62912,20298,33929,65535,65535,65535,65535,65535,65535
2026-07-31 09:51:55.960,296.44,62912,20298,33929,65535,65535,65535,65535,65535,65535
2026-07-31 09:51:56.009,296.49,62912,20298,33929,65535,65535,65535,65535,65535,65535
2026-07-31 09:51:56.057,296.54,62912,20298,33929,65535,65535,65535,65535,65535,65535
2026-07-31 09:51:56.108,296.59,62912,20298,33929,65535,65535,65535,65535,65535,65535
2026-07-31 09:51:56.157,296.64,62912,20298,33929,65535,65535,65535,65535,65535,65535
2026-07-31 09:51:56.206,296.69,62912,20298,33929,65535,65535,65535,65535,65535,65535
2026-07-31 09:51:56.259,296.74,62912,20298,33929,65535,65535,65535,65535,65535,65535
2026-07-31 09:51:56.306,296.79,62615,28742,40714,65535,65535,65535,65535,65535,65535
2026-07-31 09:51:56.352,296.83,62615,28742,40714,65535,65535,65535,65535,65535,65535
2026-07-31 09:51:56.399,296.88,62615,28742,40714,65535,65535,65535,65535,65535,65535
2026-07-31 09:51:56.447,296.93,62615,28742,40714,65535,65535,65535,65535,65535,65535
2026-07-31 09:51:56.496,296.98,62615,28742,40714,65535,65535,65535,65535,65535,65535
2026-07-31 09:51:56.541,297.02,62615,28742,40714,65535,65535,65535,65535,65535,65535
2026-07-31 09:51:56.590,297.07,62615,28742,40714,65535,65535,65535,65535,65535,65535
2026-07-31 09:51:56.638,297.12,62615,28742,40714,65535,65535,65535,65535,65535,65535
2026-07-31 09:51:56.688,297.17,62615,28742,40714,65535,65535,65535,65535,65535,65535
2026-07-31 09:51:56.735,297.21,62615,28742,40714,65535,65535,65535,65535,65535,65535
2026-07-31 09:51:56.780,297.26,62615,28742,40714,65535,65535,65535,65535,65535,65535
2026-07-31 09:51:56.826,297.31,62615,28742,33929,65535,65535,65535,65535,65535,65535
2026-07-31 09:51:56.874,297.35,62763,28827,33929,65535,65535,65535,65535,65535,65535
2026-07-31 09:51:56.922,297.4,62763,28827,33929,65535,65535,65535,65535,65535,65535
2026-07-31 09:51:56.969,297.45,62763,28827,33929,65535,65535,65535,65535,65535,65535
2026-07-31 09:51:57.017,297.5,62763,28827,33929,65535,65535,65535,65535,65535,65535
2026-07-31 09:51:57.066,297.55,62763,28827,33929,65535,65535,65535,65535,65535,65535
2026-07-31 09:51:57.114,297.59,62763,28827,33929,65535,65535,65535,65535,65535,65535
2026-07-31 09:51:57.161,297.64,62763,28827,33929,65535,65535,65535,65535,65535,65535
2026-07-31 09:51:57.208,297.69,62763,28827,33929,65535,65535,65535,65535,65535,65535
2026-07-31 09:51:57.254,297.73,62763,28827,33929,65535,65535,65535,65535,65535,65535
2026-07-31 09:51:57.304,297.78,62763,28827,33929,65535,65535,65535,65535,65535,65535
2026-07-31 09:51:57.353,297.83,62763,28827,33929,65535,65535,65535,65535,65535,65535
2026-07-31 09:51:57.398,297.88,62763,28827,33929,65535,65535,65535,65535,65535,65535
2026-07-31 09:51:57.445,297.92,62615,33830,33929,65535,65535,65535,65535,65535,65535
2026-07-31 09:51:57.496,297.98,62615,33830,33929,65535,65535,65535,65535,65535,65535
2026-07-31 09:51:57.546,298.03,62615,33830,33929,65535,65535,65535,65535,65535,65535
2026-07-31 09:51:57.591,298.07,62615,33830,33929,65535,65535,65535,65535,65535,65535
2026-07-31 09:51:57.636,298.12,62615,33830,33929,65535,65535,65535,65535,65535,65535
2026-07-31 09:51:57.684,298.16,62615,33830,33929,65535,65535,65535,65535,65535,65535
2026-07-31 09:51:57.734,298.21,62615,33830,33929,65535,65535,65535,65535,65535,65535
2026-07-31 09:51:57.784,298.26,62615,33830,33929,65535,65535,65535,65535,65535,65535
2026-07-31 09:51:57.828,298.31,62615,33830,33929,65535,65535,65535,65535,65535,65535
2026-07-31 09:51:57.877,298.36,62615,33830,33929,65535,65535,65535,65535,65535,65535
2026-07-31 09:51:57.925,298.4,62615,33830,33929,65535,65535,65535,65535,65535,65535
2026-07-31 09:51:57.977,298.46,62763,33830,33929,65535,65535,65535,65535,65535,65535
2026-07-31 09:51:58.027,298.51,62763,28827,33929,65535,65535,65535,65535,65535,65535
2026-07-31 09:51:58.074,298.55,62763,28827,33929,65535,65535,65535,65535,65535,65535
2026-07-31 09:51:58.123,298.6,62763,28827,33929,65535,65535,65535,65535,65535,65535
2026-07-31 09:51:58.171,298.65,62763,28827,33929,65535,65535,65535,65535,65535,65535
2026-07-31 09:51:58.218,298.7,62763,28827,33929,65535,65535,65535,65535,65535,65535
2026-07-31 09:51:58.267,298.75,62763,28827,33929,65535,65535,65535,65535,65535,65535
2026-07-31 09:51:58.315,298.79,62763,28827,33929,65535,65535,65535,65535,65535,65535
2026-07-31 09:51:58.363,298.84,62763,28827,33929,65535,65535,65535,65535,65535,65535
2026-07-31 09:51:58.409,298.89,62763,28827,33929,65535,65535,65535,65535,65535,65535
2026-07-31 09:51:58.457,298.94,62763,28827,33929,65535,65535,65535,65535,65535,65535
2026-07-31 09:51:58.506,298.99,62763,28827,33929,65535,65535,65535,65535,65535,65535
2026-07-31 09:51:58.550,299.03,62912,28827,33929,65535,65535,65535,65535,65535,65535
2026-07-31 09:51:58.598,299.08,62912,28742,33929,65535,65535,65535,65535,65535,65535
2026-07-31 09:51:58.648,299.13,62912,28742,33929,65535,65535,65535,65535,65535,65535
2026-07-31 09:51:58.697,299.18,62912,28742,33929,65535,65535,65535,65535,65535,65535
2026-07-31 09:51:58.742,299.22,62912,28742,33929,65535,65535,65535,65535,65535,65535
2026-07-31 09:51:58.791,299.27,62912,28742,33929,65535,65535,65535,65535,65535,65535
2026-07-31 09:51:58.839,299.32,62912,28742,33929,65535,65535,65535,65535,65535,65535
2026-07-31 09:51:58.886,299.37,62912,28742,33929,65535,65535,65535,65535,65535,65535
2026-07-31 09:51:58.933,299.41,62912,28742,33929,65535,65535,65535,65535,65535,65535
2026-07-31 09:51:58.981,299.46,62912,28742,33929,65535,65535,65535,65535,65535,65535
2026-07-31 09:51:59.033,299.51,62912,28742,33929,65535,65535,65535,65535,65535,65535
2026-07-31 09:51:59.078,299.56,62912,28742,33929,65535,65535,65535,65535,65535,65535
2026-07-31 09:51:59.127,299.61,56027,28742,33929,65535,65535,65535,65535,65535,65535
2026-07-31 09:51:59.172,299.65,56027,25150,33929,65535,65535,65535,65535,65535,65535
2026-07-31 09:51:59.224,299.7,56027,25150,33929,65535,65535,65535,65535,65535,65535
2026-07-31 09:51:59.271,299.75,56027,25150,33929,65535,65535,65535,65535,65535,65535
2026-07-31 09:51:59.320,299.8,56027,25150,33929,65535,65535,65535,65535,65535,65535
2026-07-31 09:51:59.366,299.85,56027,25150,33929,65535,65535,65535,65535,65535,65535
2026-07-31 09:51:59.414,299.89,56027,25150,33929,65535,65535,65535,65535,65535,65535
2026-07-31 09:51:59.462,299.94,56027,25150,33929,65535,65535,65535,65535,65535,65535
2026-07-31 09:51:59.509,299.99,56027,25150,33929,65535,65535,65535,65535,65535,65535
