Timestamp,Elapsed_Seconds,AIN1,AIN2,AIN3,AIN4,AIN5,AIN6,AIN7,AIN8,AIN9
2026-07-31 09:56:52.562,0.0,62615,25150,33929,65535,65535,65535,65535,65535,65535
2026-07-31 09:56:52.603,0.04,62615,25150,33929,65535,65535,65535,65535,65535,65535
2026-07-31 09:56:52.646,0.08,62615,25150,40714,65535,65535,65535,65535,65535,65535
2026-07-31 09:56:52.692,0.13,49973,28742,40714,65535,65535,65535,65535,65535,65535
2026-07-31 09:56:52.744,0.18,49973,28742,40714,65535,65535,65535,65535,65535,65535
2026-07-31 09:56:52.788,0.23,49973,28742,40714,65535,65535,65535,65535,65535,65535
2026-07-31 09:56:52.840,0.28,49973,28742,40714,65535,65535,65535,65535,65535,65535
2026-07-31 09:56:52.885,0.32,49973,28742,40714,65535,65535,65535,65535,65535,65535
2026-07-31 09:56:52.933,0.37,49973,28742,40714,65535,65535,65535,65535,65535,65535
2026-07-31 09:56:52.980,0.42,49973,28742,40714,65535,65535,65535,65535,65535,65535
2026-07-31 09:56:53.029,0.47,49973,28742,40714,65535,65535,65535,65535,65535,65535
2026-07-31 09:56:53.077,0.52,49973,28742,40714,65535,65535,65535,65535,65535,65535
2026-07-31 09:56:53.122,0.56,49973,28742,40714,65535,65535,65535,65535,65535,65535
2026-07-31 09:56:53.169,0.61,49973,28742,40714,65535,65535,65535,65535,65535,65535
2026-07-31 09:56:53.218,0.66,49973,28742,40596,65535,65535,65535,65535,65535,65535
2026-07-31 09:56:53.267,0.71,50092,33929,40596,65535,65535,65535,65535,65535,65535
2026-07-31 09:56:53.316,0.75,50092,33929,40596,65535,65535,65535,65535,65535,65535
2026-07-31 09:56:53.362,0.8,50092,33929,40596,65535,65535,65535,65535,65535,65535
2026-07-31 09:56:53.407,0.85,50092,33929,40596,65535,65535,65535,65535,65535,65535
2026-07-31 09:56:53.458,0.9,50092,33929,40596,65535,65535,65535,65535,65535,65535
2026-07-31 09:56:53.503,0.94,50092,33929,40596,65535,65535,65535,65535,65535,65535
2026-07-31 09:56:53.554,0.99,50092,33929,40596,65535,65535,65535,65535,65535,65535
2026-07-31 09:56:53.597,1.03,50092,33929,40596,65535,65535,65535,65535,65535,65535
2026-07-31 09:56:53.635,1.07,50092,33929,40596,65535,65535,65535,65535,65535,65535
2026-07-31 09:56:53.670,1.11,50092,33929,40596,65535,65535,65535,65535,65535,65535
2026-07-31 09:56:53.718,1.16,50092,33929,40596,65535,65535,65535,65535,65535,65535
2026-07-31 09:56:53.770,1.21,50092,33929,40596,65535,65535,65535,65535,65535,65535
2026-07-31 09:56:53.817,1.26,62615,33533,40714,65535,65535,65535,65535,65535,65535
2026-07-31 09:56:53.864,1.3,62615,33533,40714,65535,65535,65535,65535,65535,65535
2026-07-31 09:56:53.913,1.35,62615,33533,40714,65535,65535,65535,65535,65535,65535
2026-07-31 09:56:53.965,1.4,62615,33533,40714,65535,65535,65535,65535,65535,65535
2026-07-31 09:56:54.016,1.45,62615,33533,40714,65535,65535,65535,65535,65535,65535
2026-07-31 09:56:54.065,1.5,62615,33533,40714,65535,65535,65535,65535,65535,65535
2026-07-31 09:56:54.118,1.56,62615,33533,40714,65535,65535,65535,65535,65535,65535
2026-07-31 09:56:54.173,1.61,62615,33533,40714,65535,65535,65535,65535,65535,65535
2026-07-31 09:56:54.208,1.65,62615,33533,40714,65535,65535,65535,65535,65535,65535
2026-07-31 09:56:54.257,1.69,62615,33533,40714,65535,65535,65535,65535,65535,65535
2026-07-31 09:56:54.309,1.75,62615,33533,40714,65535,65535,65535,65535,65535,65535
2026-07-31 09:56:54.362,1.8,50211,33533,40714,65535,65535,65535,65535,65535,65535
2026-07-31 09:56:54.407,1.85,50211,28827,40714,65535,65535,65535,65535,65535,65535
2026-07-31 09:56:54.455,1.89,50211,28827,40714,65535,65535,65535,65535,65535,65535
2026-07-31 09:56:54.503,1.94,50211,28827,40714,65535,65535,65535,65535,65535,65535
2026-07-31 09:56:54.552,1.99,50211,28827,40714,65535,65535,65535,65535,65535,65535
2026-07-31 09:56:54.600,2.04,50211,28827,40714,65535,65535,65535,65535,65535,65535
2026-07-31 09:56:54.647,2.09,50211,28827,40714,65535,65535,65535,65535,65535,65535
2026-07-31 09:56:54.683,2.12,50211,28827,40714,65535,65535,65535,65535,65535,65535
2026-07-31 09:56:54.719,2.16,50211,28827,40714,65535,65535,65535,65535,65535,65535
2026-07-31 09:56:54.767,2.21,50211,28827,40714,65535,65535,65535,65535,65535,65535
2026-07-31 09:56:54.813,2.25,50211,28827,40714,65535,65535,65535,65535,65535,65535
2026-07-31 09:56:54.859,2.3,50211,28827,40714,65535,65535,65535,65535,65535,65535
2026-07-31 09:56:54.908,2.35,50211,28827,33830,65535,65535,65535,65535,65535,65535
2026-07-31 09:56:54.956,2.39,62318,33533,33830,65535,65535,65535,65535,65535,65535
2026-07-31 09:56:55.008,2.45,62318,33533,33830,65535,65535,65535,65535,65535,65535
2026-07-31 09:56:55.058,2.5,62318,33533,33830,65535,65535,65535,65535,65535,65535
2026-07-31 09:56:55.105,2.54,62318,33533,33830,65535,65535,65535,65535,65535,65535
2026-07-31 09:56:55.155,2.59,62318,33533,33830,65535,65535,65535,65535,65535,65535
2026-07-31 09:56:55.191,2.63,62318,33533,33830,65535,65535,65535,65535,65535,65535
2026-07-31 09:56:55.239,2.68,62318,33533,33830,65535,65535,65535,65535,65535,65535
2026-07-31 09:56:55.288,2.73,62318,33533,33830,65535,65535,65535,65535,65535,65535
2026-07-31 09:56:55.339,2.78,62318,33533,33830,65535,65535,65535,65535,65535,65535
2026-07-31 09:56:55.388,2.83,62318,33533,33830,65535,65535,65535,65535,65535,65535
2026-07-31 09:56:55.438,2.88,62318,33533,33830,65535,65535,65535,65535,65535,65535
2026-07-31 09:56:55.491,2.93,50092,33533,33830,65535,65535,65535,65535,65535,65535
2026-07-31 09:56:55.543,2.98,50092,28742,33830,65535,65535,65535,65535,65535,65535
2026-07-31 09:56:55.592,3.03,50092,28742,33830,65535,65535,65535,65535,65535,65535
2026-07-31 09:56:55.642,3.08,50092,28742,33830,65535,65535,65535,65535,65535,65535
2026-07-31 09:56:55.681,3.12,50092,28742,33830,65535,65535,65535,65535,65535,65535
2026-07-31 09:56:55.725,3.16,50092,28742,33830,65535,65535,65535,65535,65535,65535
2026-07-31 09:56:55.775,3.21,50092,28742,33830,65535,65535,65535,65535,65535,65535
2026-07-31 09:56:55.826,3.26,50092,28742,33830,65535,65535,65535,65535,65535,65535
2026-07-31 09:56:55.879,3.32,50092,28742,33830,65535,65535,65535,65535,65535,65535
2026-07-31 09:56:55.926,3.36,50092,28742,33830,65535,65535,65535,65535,65535,65535
2026-07-31 09:56:55.972,3.41,50092,28742,33830,65535,65535,65535,65535,65535,65535
2026-07-31 09:56:56.019,3.46,50092,28742,33830,65535,65535,65535,65535,65535,65535
2026-07-31 09:56:56.066,3.5,62763,28742,33830,65535,65535,65535,65535,65535,65535
2026-07-31 09:56:56.113,3.55,62763,28742,33830,65535,65535,65535,65535,65535,65535
2026-07-31 09:56:56.162,3.6,62763,28742,33830,65535,65535,65535,65535,65535,65535
2026-07-31 09:56:56.200,3.64,62763,28742,33830,65535,65535,65535,65535,65535,65535
2026-07-31 09:56:56.249,3.69,62763,28742,33830,65535,65535,65535,65535,65535,65535
2026-07-31 09:56:56.303,3.74,62763,28742,33830,65535,65535,65535,65535,65535,65535
2026-07-31 09:56:56.357,3.8,62763,28742,33830,65535,65535,65535,65535,65535,65535
2026-07-31 09:56:56.415,3.85,62763,28742,33830,65535,65535,65535,65535,65535,65535
2026-07-31 09:56:56.463,3.9,62763,28742,33830,65535,65535,65535,65535,65535,65535
2026-07-31 09:56:56.511,3.95,62763,28742,33830,65535,65535,65535,65535,65535,65535
2026-07-31 09:56:56.556,3.99,62763,28742,33830,65535,65535,65535,65535,65535,65535
2026-07-31 09:56:56.605,4.04,62763,28742,33632,65535,65535,65535,65535,65535,65535
2026-07-31 09:56:56.652,4.09,50211,28827,33632,65535,65535,65535,65535,65535,65535
2026-07-31 09:56:56.693,4.13,50211,28827,33632,65535,65535,65535,65535,65535,65535
2026-07-31 09:56:56.731,4.17,50211,28827,33632,65535,65535,65535,65535,65535,65535
2026-07-31 09:56:56.777,4.22,50211,28827,33632,65535,65535,65535,65535,65535,65535
2026-07-31 09:56:56.825,4.26,50211,28827,33632,65535,65535,65535,65535,65535,65535
2026-07-31 09:56:56.873,4.31,50211,28827,33632,65535,65535,65535,65535,65535,65535
2026-07-31 09:56:56.923,4.36,50211,28827,33632,65535,65535,65535,65535,65535,65535
2026-07-31 09:56:56.973,4.41,50211,28827,33632,65535,65535,65535,65535,65535,65535
2026-07-31 09:56:57.020,4.46,50211,28827,33632,65535,65535,65535,65535,65535,65535
2026-07-31 09:56:57.071,4.51,50211,28827,33632,65535,65535,65535,65535,65535,65535
2026-07-31 09:56:57.123,4.56,50211,28827,33632,65535,65535,65535,65535,65535,65535
2026-07-31 09:56:57.172,4.61,50211,28827,40714,65535,65535,65535,65535,65535,65535
2026-07-31 09:56:57.207,4.65,49973,28827,40714,65535,65535,65535,65535,65535,65535
2026-07-31 09:56:57.254,4.69,49973,28742,40714,65535,65535,65535,65535,65535,65535
2026-07-31 09:56:57.304,4.74,49973,28742,40714,65535,65535,65535,65535,65535,65535
2026-07-31 09:56:57.357,4.8,49973,28742,40714,65535,65535,65535,65535,65535,65535
2026-07-31 09:56:57.409,4.85,49973,28742,40714,65535,65535,65535,65535,65535,65535
2026-07-31 09:56:57.453,4.89,49973,28742,40714,65535,65535,65535,65535,65535,65535
2026-07-31 09:56:57.507,4.95,49973,28742,40714,65535,65535,65535,65535,65535,65535
2026-07-31 09:56:57.561,5.0,49973,28742,40714,65535,65535,65535,65535,65535,65535
2026-07-31 09:56:57.615,5.05,49973,28742,40714,65535,65535,65535,65535,65535,65535
2026-07-31 09:56:57.667,5.11,49973,28742,40714,65535,65535,65535,65535,65535,65535
2026-07-31 09:56:57.708,5.15,49973,28742,40714,65535,65535,65535,65535,65535,65535
2026-07-31 09:56:57.755,5.19,62912,28742,33830,65535,65535,65535,65535,65535,65535
2026-07-31 09:56:57.804,5.24,62912,28742,33830,65535,65535,65535,65535,65535,65535
2026-07-31 09:56:57.849,5.29,62912,28742,33830,65535,65535,65535,65535,65535,65535
2026-07-31 09:56:57.899,5.34,62912,28742,33830,65535,65535,65535,65535,65535,65535
2026-07-31 09:56:57.945,5.38,62912,28742,33830,65535,65535,65535,65535,65535,65535
2026-07-31 09:56:57.995,5.43,62912,28742,33830,65535,65535,65535,65535,65535,65535
2026-07-31 09:56:58.042,5.48,62912,28742,33830,65535,65535,65535,65535,65535,65535
2026-07-31 09:56:58.089,5.53,62912,28742,33830,65535,65535,65535,65535,65535,65535
2026-07-31 09:56:58.139,5.58,62912,28742,33830,65535,65535,65535,65535,65535,65535
2026-07-31 09:56:58.189,5.63,62912,28742,33830,65535,65535,65535,65535,65535,65535
2026-07-31 09:56:58.227,5.67,62912,28742,33830,65535,65535,65535,65535,65535,65535
2026-07-31 09:56:58.272,5.71,62912,28742,33830,65535,65535,65535,65535,65535,65535
2026-07-31 09:56:58.320,5.76,62615,28742,33929,65535,65535,65535,65535,65535,65535
2026-07-31 09:56:58.370,5.81,62615,28742,33929,65535,65535,65535,65535,65535,65535
2026-07-31 09:56:58.420,5.86,62615,28742,33929,65535,65535,65535,65535,65535,65535
2026-07-31 09:56:58.468,5.91,62615,28742,33929,65535,65535,65535,65535,65535,65535
2026-07-31 09:56:58.517,5.96,62615,28742,33929,65535,65535,65535,65535,65535,65535
2026-07-31 09:56:58.567,6.01,62615,28742,33929,65535,65535,65535,65535,65535,65535
2026-07-31 09:56:58.614,6.05,62615,28742,33929,65535,65535,65535,65535,65535,65535
2026-07-31 09:56:58.663,6.1,62615,28742,33929,65535,65535,65535,65535,65535,65535
2026-07-31 09:56:58.704,6.14,62615,28742,33929,65535,65535,65535,65535,65535,65535
2026-07-31 09:56:58.749,6.19,62615,28742,33929,65535,65535,65535,65535,65535,65535
2026-07-31 09:56:58.798,6.24,62615,28742,33929,65535,65535,65535,65535,65535,65535
2026-07-31 09:56:58.846,6.28,62615,28742,33929,65535,65535,65535,65535,65535,65535
2026-07-31 09:56:58.891,6.33,62022,28742,33830,65535,65535,65535,65535,65535,65535
2026-07-31 09:56:58.940,6.38,62022,28742,33830,65535,65535,65535,65535,65535,65535
2026-07-31 09:56:58.989,6.43,62022,28742,33830,65535,65535,65535,65535,65535,65535
2026-07-31 09:56:59.036,6.47,62022,28742,33830,65535,65535,65535,65535,65535,65535
2026-07-31 09:56:59.084,6.52,62022,28742,33830,65535,65535,65535,65535,65535,65535
2026-07-31 09:56:59.132,6.57,62022,28742,33830,65535,65535,65535,65535,65535,65535
2026-07-31 09:56:59.180,6.62,62022,28742,33830,65535,65535,65535,65535,65535,65535
2026-07-31 09:56:59.217,6.65,62022,28742,33830,65535,65535,65535,65535,65535,65535
2026-07-31 09:56:59.265,6.7,62022,28742,33830,65535,65535,65535,65535,65535,65535
2026-07-31 09:56:59.311,6.75,62022,28742,33830,65535,65535,65535,65535,65535,65535
2026-07-31 09:56:59.357,6.8,62022,28742,33830,65535,65535,65535,65535,65535,65535
2026-07-31 09:56:59.410,6.85,62022,28742,33830,65535,65535,65535,65535,65535,65535
2026-07-31 09:56:59.453,6.89,50211,28742,50893,65535,65535,65535,65535,65535,65535
2026-07-31 09:56:59.502,6.94,50211,28742,50893,65535,65535,65535,65535,65535,65535
2026-07-31 09:56:59.548,6.99,50211,28742,50893,65535,65535,65535,65535,65535,65535
2026-07-31 09:56:59.600,7.04,50211,28742,50893,65535,65535,65535,65535,65535,65535
2026-07-31 09:56:59.650,7.09,50211,28742,50893,65535,65535,65535,65535,65535,65535
2026-07-31 09:56:59.701,7.14,50211,28742,50893,65535,65535,65535,65535,65535,65535
2026-07-31 09:56:59.741,7.18,50211,28742,50893,65535,65535,65535,65535,65535,65535
2026-07-31 09:56:59.788,7.23,50211,28742,50893,65535,65535,65535,65535,65535,65535
2026-07-31 09:56:59.838,7.28,50211,28742,50893,65535,65535,65535,65535,65535,65535
2026-07-31 09:56:59.890,7.33,50211,28742,50893,65535,65535,65535,65535,65535,65535
2026-07-31 09:56:59.937,7.38,50211,28742,50893,65535,65535,65535,65535,65535,65535
2026-07-31 09:56:59.983,7.42,50211,28742,50893,65535,65535,65535,65535,65535,65535
2026-07-31 09:57:00.033,7.47,50092,28742,40714,65535,65535,65535,65535,65535,65535
2026-07-31 09:57:00.080,7.52,50092,28742,40714,65535,65535,65535,65535,65535,65535
2026-07-31 09:57:00.128,7.57,50092,28742,40714,65535,65535,65535,65535,65535,65535
2026-07-31 09:57:00.175,7.61,50092,28742,40714,65535,65535,65535,65535,65535,65535
2026-07-31 09:57:00.210,7.65,50092,28742,40714,65535,65535,65535,65535,65535,65535
2026-07-31 09:57:00.256,7.69,50092,28742,40714,65535,65535,65535,65535,65535,65535
2026-07-31 09:57:00.303,7.74,50092,28742,40714,65535,65535,65535,65535,65535,65535
2026-07-31 09:57:00.351,7.79,50092,28742,40714,65535,65535,65535,65535,65535,65535
2026-07-31 09:57:00.398,7.84,50092,28742,40714,65535,65535,65535,65535,65535,65535
2026-07-31 09:57:00.447,7.89,50092,28742,40714,65535,65535,65535,65535,65535,65535
2026-07-31 09:57:00.494,7.93,50092,28742,40714,65535,65535,65535,65535,65535,65535
2026-07-31 09:57:00.542,7.98,50092,28742,40714,65535,65535,65535,65535,65535,65535
2026-07-31 09:57:00.592,8.03,63060,28742,40714,65535,65535,65535,65535,65535,65535
2026-07-31 09:57:00.638,8.08,63060,33533,40714,65535,65535,65535,65535,65535,65535
2026-07-31 09:57:00.681,8.12,63060,33533,40714,65535,65535,65535,65535,65535,65535
2026-07-31 09:57:00.717,8.15,63060,33533,40714,65535,65535,65535,65535,65535,65535
2026-07-31 09:57:00.766,8.2,63060,33533,40714,65535,65535,65535,65535,65535,65535
2026-07-31 09:57:00.816,8.25,63060,33533,40714,65535,65535,65535,65535,65535,65535
2026-07-31 09:57:00.866,8.3,63060,33533,40714,65535,65535,65535,65535,65535,65535
2026-07-31 09:57:00.910,8.35,63060,33533,40714,65535,65535,65535,65535,65535,65535
2026-07-31 09:57:00.961,8.4,63060,33533,40714,65535,65535,65535,65535,65535,65535
2026-07-31 09:57:01.004,8.44,63060,33533,40714,65535,65535,65535,65535,65535,65535
2026-07-31 09:57:01.054,8.49,63060,33533,40714,65535,65535,65535,65535,65535,65535
2026-07-31 09:57:01.102,8.54,63060,33533,40714,65535,65535,65535,65535,65535,65535
2026-07-31 09:57:01.152,8.59,62763,33533,40714,65535,65535,65535,65535,65535,65535
2026-07-31 09:57:01.194,8.63,62763,28742,40714,65535,65535,65535,65535,65535,65535
2026-07-31 09:57:01.234,8.67,62763,28742,40714,65535,65535,65535,65535,65535,65535
2026-07-31 09:57:01.278,8.72,62763,28742,40714,65535,65535,65535,65535,65535,65535
2026-07-31 09:57:01.330,8.77,62763,28742,40714,65535,65535,65535,65535,65535,65535
2026-07-31 09:57:01.378,8.82,62763,28742,40714,65535,65535,65535,65535,65535,65535
2026-07-31 09:57:01.428,8.87,62763,28742,40714,65535,65535,65535,65535,65535,65535
2026-07-31 09:57:01.478,8.92,62763,28742,40714,65535,65535,65535,65535,65535,65535
2026-07-31 09:57:01.525,8.96,62763,28742,40714,65535,65535,65535,65535,65535,65535
2026-07-31 09:57:01.576,9.01,62763,28742,40714,65535,65535,65535,65535,65535,65535
2026-07-31 09:57:01.625,9.06,62763,28742,40714,65535,65535,65535,65535,65535,65535
2026-07-31 09:57:01.684,9.12,62763,28742,33929,65535,65535,65535,65535,65535,65535
2026-07-31 09:57:01.723,9.16,49973,28742,33929,65535,65535,65535,65535,65535,65535
2026-07-31 09:57:01.772,9.21,49973,28742,33929,65535,65535,65535,65535,65535,65535
2026-07-31 09:57:01.825,9.26,49973,28742,33929,65535,65535,65535,65535,65535,65535
2026-07-31 09:57:01.871,9.31,49973,28742,33929,65535,65535,65535,65535,65535,65535
2026-07-31 09:57:01.917,9.36,49973,28742,33929,65535,65535,65535,65535,65535,65535
2026-07-31 09:57:01.963,9.4,49973,28742,33929,65535,65535,65535,65535,65535,65535
2026-07-31 09:57:02.017,9.46,49973,28742,33929,65535,65535,65535,65535,65535,65535
2026-07-31 09:57:02.066,9.5,49973,28742,33929,65535,65535,65535,65535,65535,65535
2026-07-31 09:57:02.114,9.55,49973,28742,33929,65535,65535,65535,65535,65535,65535
2026-07-31 09:57:02.164,9.6,49973,28742,33929,65535,65535,65535,65535,65535,65535
2026-07-31 09:57:02.205,9.64,49973,28742,33929,65535,65535,65535,65535,65535,65535
2026-07-31 09:57:02.241,9.68,49973,28742,33929,65535,65535,65535,65535,65535,65535
2026-07-31 09:57:02.288,9.73,62763,28742,33929,65535,65535,65535,65535,65535,65535
2026-07-31 09:57:02.333,9.77,62763,28742,33929,65535,65535,65535,65535,65535,65535
2026-07-31 09:57:02.382,9.82,62763,28742,33929,65535,65535,65535,65535,65535,65535
2026-07-31 09:57:02.430,9.87,62763,28742,33929,65535,65535,65535,65535,65535,65535
2026-07-31 09:57:02.479,9.92,62763,28742,33929,65535,65535,65535,65535,65535,65535
2026-07-31 09:57:02.524,9.96,62763,28742,33929,65535,65535,65535,65535,65535,65535
2026-07-31 09:57:02.575,10.01,62763,28742,33929,65535,65535,65535,65535,65535,65535
2026-07-31 09:57:02.621,10.06,62763,28742,33929,65535,65535,65535,65535,65535,65535
2026-07-31 09:57:02.671,10.11,62763,28742,33929,65535,65535,65535,65535,65535,65535
2026-07-31 09:57:02.710,10.15,62763,28742,33929,65535,65535,65535,65535,65535,65535
2026-07-31 09:57:02.749,10.19,62763,28742,33929,65535,65535,65535,65535,65535,65535
2026-07-31 09:57:02.805,10.24,62763,28742,33929,65535,65535,65535,65535,65535,65535
2026-07-31 09:57:02.858,10.3,49855,33632,40714,65535,65535,65535,65535,65535,65535
2026-07-31 09:57:02.903,10.34,49855,33632,40714,65535,65535,65535,65535,65535,65535
2026-07-31 09:57:02.951,10.39,49855,33632,40714,65535,65535,65535,65535,65535,65535
2026-07-31 09:57:02.997,10.44,49855,33632,40714,65535,65535,65535,65535,65535,65535
2026-07-31 09:57:03.045,10.48,49855,33632,40714,65535,65535,65535,65535,65535,65535
2026-07-31 09:57:03.095,10.53,49855,33632,40714,65535,65535,65535,65535,65535,65535
2026-07-31 09:57:03.144,10.58,49855,33632,40714,65535,65535,65535,65535,65535,65535
2026-07-31 09:57:03.196,10.63,49855,33632,40714,65535,65535,65535,65535,65535,65535
2026-07-31 09:57:03.230,10.67,49855,33632,40714,65535,65535,65535,65535,65535,65535
2026-07-31 09:57:03.281,10.72,49855,33632,40714,65535,65535,65535,65535,65535,65535
2026-07-31 09:57:03.329,10.77,49855,33632,40714,65535,65535,65535,65535,65535,65535
2026-07-31 09:57:03.384,10.82,49855,33632,40714,65535,65535,65535,65535,65535,65535
2026-07-31 09:57:03.434,10.87,50211,28912,40714,65535,65535,65535,65535,65535,65535
2026-07-31 09:57:03.483,10.92,50211,28912,40714,65535,65535,65535,65535,65535,65535
2026-07-31 09:57:03.537,10.98,50211,28912,40714,65535,65535,65535,65535,65535,65535
2026-07-31 09:57:03.589,11.03,50211,28912,40714,65535,65535,65535,65535,65535,65535
2026-07-31 09:57:03.635,11.07,50211,28912,40714,65535,65535,65535,65535,65535,65535
2026-07-31 09:57:03.690,11.13,50211,28912,40714,65535,65535,65535,65535,65535,65535
2026-07-31 09:57:03.726,11.16,50211,28912,40714,65535,65535,65535,65535,65535,65535
2026-07-31 09:57:03.774,11.21,50211,28912,40714,65535,65535,65535,65535,65535,65535
2026-07-31 09:57:03.819,11.26,50211,28912,40714,65535,65535,65535,65535,65535,65535
2026-07-31 09:57:03.869,11.31,50211,28912,40714,65535,65535,65535,65535,65535,65535
2026-07-31 09:57:03.915,11.35,50211,28912,40714,65535,65535,65535,65535,65535,65535
2026-07-31 09:57:03.967,11.41,62912,28912,33929,65535,65535,65535,65535,65535,65535
2026-07-31 09:57:04.017,11.46,62912,28742,33929,65535,65535,65535,65535,65535,65535
2026-07-31 09:57:04.065,11.5,62912,28742,33929,65535,65535,65535,65535,65535,65535
2026-07-31 09:57:04.111,11.55,62912,28742,33929,65535,65535,65535,65535,65535,65535
2026-07-31 09:57:04.162,11.6,62912,28742,33929,65535,65535,65535,65535,65535,65535
2026-07-31 09:57:04.215,11.65,62912,28742,33929,65535,65535,65535,65535,65535,65535
2026-07-31 09:57:04.250,11.69,62912,28742,33929,65535,65535,65535,65535,65535,65535
2026-07-31 09:57:04.296,11.73,62912,28742,33929,65535,65535,65535,65535,65535,65535
2026-07-31 09:57:04.346,11.78,62912,28742,33929,65535,65535,65535,65535,65535,65535
2026-07-31 09:57:04.399,11.84,62912,28742,33929,65535,65535,65535,65535,65535,65535
2026-07-31 09:57:04.447,11.89,62912,28742,33929,65535,65535,65535,65535,65535,65535
2026-07-31 09:57:04.493,11.93,62912,28742,33929,65535,65535,65535,65535,65535,65535
2026-07-31 09:57:04.539,11.98,62763,28742,40714,65535,65535,65535,65535,65535,65535
2026-07-31 09:57:04.589,12.03,62763,33533,40714,65535,65535,65535,65535,65535,65535
2026-07-31 09:57:04.633,12.07,62763,33533,40714,65535,65535,65535,65535,65535,65535
2026-07-31 09:57:04.684,12.12,62763,33533,40714,65535,65535,65535,65535,65535,65535
2026-07-31 09:57:04.719,12.16,62763,33533,40714,65535,65535,65535,65535,65535,65535
2026-07-31 09:57:04.755,12.19,62763,33533,40714,65535,65535,65535,65535,65535,65535
2026-07-31 09:57:04.805,12.24,62763,33533,40714,65535,65535,65535,65535,65535,65535
2026-07-31 09:57:04.853,12.29,62763,33533,40714,65535,65535,65535,65535,65535,65535
2026-07-31 09:57:04.905,12.34,62763,33533,40714,65535,65535,65535,65535,65535,65535
2026-07-31 09:57:04.952,12.39,62763,33533,40714,65535,65535,65535,65535,65535,65535
2026-07-31 09:57:05.002,12.44,62763,33533,40714,65535,65535,65535,65535,65535,65535
2026-07-31 09:57:05.054,12.49,62763,33533,40714,65535,65535,65535,65535,65535,65535
2026-07-31 09:57:05.099,12.54,65534,33533,33929,65535,65535,65535,65535,65535,65535
2026-07-31 09:57:05.149,12.59,65534,28742,33929,65535,65535,65535,65535,65535,65535
2026-07-31 09:57:05.195,12.63,65534,28742,33929,65535,65535,65535,65535,65535,65535
2026-07-31 09:57:05.233,12.67,65534,28742,33929,65535,65535,65535,65535,65535,65535
2026-07-31 09:57:05.281,12.72,65534,28742,33929,65535,65535,65535,65535,65535,65535
2026-07-31 09:57:05.333,12.77,65534,28742,33929,65535,65535,65535,65535,65535,65535
2026-07-31 09:57:05.386,12.82,65534,28742,33929,65535,65535,65535,65535,65535,65535
2026-07-31 09:57:05.437,12.88,65534,28742,33929,65535,65535,65535,65535,65535,65535
2026-07-31 09:57:05.491,12.93,65534,28742,33929,65535,65535,65535,65535,65535,65535
2026-07-31 09:57:05.542,12.98,65534,28742,33929,65535,65535,65535,65535,65535,65535
2026-07-31 09:57:05.588,13.03,65534,28742,33929,65535,65535,65535,65535,65535,65535
2026-07-31 09:57:05.639,13.08,65534,28742,33929,65535,65535,65535,65535,65535,65535
2026-07-31 09:57:05.688,13.13,50092,33533,33929,65535,65535,65535,65535,65535,65535
2026-07-31 09:57:05.728,13.17,50092,33533,33929,65535,65535,65535,65535,65535,65535
2026-07-31 09:57:05.764,13.2,50092,33533,33929,65535,65535,65535,65535,65535,65535
2026-07-31 09:57:05.810,13.25,50092,33533,33929,65535,65535,65535,65535,65535,65535
2026-07-31 09:57:05.861,13.3,50092,33533,33929,65535,65535,65535,65535,65535,65535
2026-07-31 09:57:05.914,13.35,50092,33533,33929,65535,65535,65535,65535,65535,65535
2026-07-31 09:57:05.959,13.4,50092,33533,33929,65535,65535,65535,65535,65535,65535
2026-07-31 09:57:06.010,13.45,50092,33533,33929,65535,65535,65535,65535,65535,65535
2026-07-31 09:57:06.058,13.5,50092,33533,33929,65535,65535,65535,65535,65535,65535
2026-07-31 09:57:06.105,13.54,50092,33533,33929,65535,65535,65535,65535,65535,65535
2026-07-31 09:57:06.153,13.59,50092,33533,33929,65535,65535,65535,65535,65535,65535
2026-07-31 09:57:06.201,13.64,50092,33533,33929,65535,65535,65535,65535,65535,65535
2026-07-31 09:57:06.240,13.68,50092,33533,33929,65535,65535,65535,65535,65535,65535
2026-07-31 09:57:06.279,13.72,50092,33533,33929,65535,65535,65535,65535,65535,65535
2026-07-31 09:57:06.327,13.77,50092,33533,33929,65535,65535,65535,65535,65535,65535
2026-07-31 09:57:06.379,13.82,50092,33533,33929,65535,65535,65535,65535,65535,65535
2026-07-31 09:57:06.459,13.9,50092,33533,33929,65535,65535,65535,65535,65535,65535
2026-07-31 09:57:06.512,13.95,50092,33533,33929,65535,65535,65535,65535,65535,65535
2026-07-31 09:57:06.565,14.0,50092,33533,33929,65535,65535,65535,65535,65535,65535
2026-07-31 09:57:06.646,14.08,50092,33533,33929,65535,65535,65535,65535,65535,65535
2026-07-31 09:57:06.694,14.13,50092,33533,33929,65535,65535,65535,65535,65535,65535
2026-07-31 09:57:06.738,14.18,50092,33533,33929,65535,65535,65535,65535,65535,65535
2026-07-31 09:57:06.778,14.22,62615,33533,40596,65535,65535,65535,65535,65535,65535
2026-07-31 09:57:06.830,14.27,62615,28742,40596,65535,65535,65535,65535,65535,65535
2026-07-31 09:57:06.880,14.32,62615,28742,40596,65535,65535,65535,65535,65535,65535
2026-07-31 09:57:06.935,14.37,62615,28742,40596,65535,65535,65535,65535,65535,65535
2026-07-31 09:57:06.981,14.42,62615,28742,40596,65535,65535,65535,65535,65535,65535
2026-07-31 09:57:07.029,14.47,62615,28742,40596,65535,65535,65535,65535,65535,65535
2026-07-31 09:57:07.076,14.51,62615,28742,40596,65535,65535,65535,65535,65535,65535
2026-07-31 09:57:07.126,14.56,62615,28742,40596,65535,65535,65535,65535,65535,65535
2026-07-31 09:57:07.173,14.61,62615,28742,40596,65535,65535,65535,65535,65535,65535
2026-07-31 09:57:07.222,14.66,62615,28742,40596,65535,65535,65535,65535,65535,65535
2026-07-31 09:57:07.256,14.69,62615,28742,40596,65535,65535,65535,65535,65535,65535
2026-07-31 09:57:07.302,14.74,62615,28742,40596,65535,65535,65535,65535,65535,65535
2026-07-31 09:57:07.352,14.79,62615,28742,33830,65535,65535,65535,65535,65535,65535
2026-07-31 09:57:07.400,14.84,62615,28742,33830,65535,65535,65535,65535,65535,65535
2026-07-31 09:57:07.448,14.89,62615,28742,33830,65535,65535,65535,65535,65535,65535
2026-07-31 09:57:07.496,14.93,62615,28742,33830,65535,65535,65535,65535,65535,65535
2026-07-31 09:57:07.549,14.99,62615,28742,33830,65535,65535,65535,65535,65535,65535
2026-07-31 09:57:07.600,15.04,62615,28742,33830,65535,65535,65535,65535,65535,65535
2026-07-31 09:57:07.651,15.09,62615,28742,33830,65535,65535,65535,65535,65535,65535
2026-07-31 09:57:07.696,15.13,62615,28742,33830,65535,65535,65535,65535,65535,65535
2026-07-31 09:57:07.739,15.18,62615,28742,33830,65535,65535,65535,65535,65535,65535
2026-07-31 09:57:07.777,15.22,62615,28742,33830,65535,65535,65535,65535,65535,65535
2026-07-31 09:57:07.838,15.28,62615,28742,33830,65535,65535,65535,65535,65535,65535
2026-07-31 09:57:07.889,15.33,62615,28742,33929,65535,65535,65535,65535,65535,65535
2026-07-31 09:57:07.942,15.38,50092,33533,33929,65535,65535,65535,65535,65535,65535
2026-07-31 09:57:07.990,15.43,50092,33533,33929,65535,65535,65535,65535,65535,65535
2026-07-31 09:57:08.037,15.48,50092,33533,33929,65535,65535,65535,65535,65535,65535
2026-07-31 09:57:08.085,15.52,50092,33533,33929,65535,65535,65535,65535,65535,65535
2026-07-31 09:57:08.135,15.57,50092,33533,33929,65535,65535,65535,65535,65535,65535
2026-07-31 09:57:08.186,15.62,50092,33533,33929,65535,65535,65535,65535,65535,65535
2026-07-31 09:57:08.235,15.67,50092,33533,33929,65535,65535,65535,65535,65535,65535
2026-07-31 09:57:08.271,15.71,50092,33533,33929,65535,65535,65535,65535,65535,65535
2026-07-31 09:57:08.351,15.79,50092,33533,33929,65535,65535,65535,65535,65535,65535
2026-07-31 09:57:08.404,15.84,50092,33533,33929,65535,65535,65535,65535,65535,65535
2026-07-31 09:57:08.449,15.89,50092,33533,40714,65535,65535,65535,65535,65535,65535
2026-07-31 09:57:08.494,15.93,62615,40240,40714,65535,65535,65535,65535,65535,65535
2026-07-31 09:57:08.541,15.98,62615,40240,40714,65535,65535,65535,65535,65535,65535
2026-07-31 09:57:08.587,16.02,62615,40240,40714,65535,65535,65535,65535,65535,65535
2026-07-31 09:57:08.633,16.07,62615,40240,40714,65535,65535,65535,65535,65535,65535
2026-07-31 09:57:08.682,16.12,62615,40240,40714,65535,65535,65535,65535,65535,65535
2026-07-31 09:57:08.729,16.17,62615,40240,40714,65535,65535,65535,65535,65535,65535
2026-07-31 09:57:08.767,16.21,62615,40240,40714,65535,65535,65535,65535,65535,65535
2026-07-31 09:57:08.812,16.25,62615,40240,40714,65535,65535,65535,65535,65535,65535
2026-07-31 09:57:08.863,16.3,62615,40240,40714,65535,65535,65535,65535,65535,65535
2026-07-31 09:57:08.910,16.35,62615,40240,40714,65535,65535,65535,65535,65535,65535
2026-07-31 09:57:08.958,16.4,62615,40240,40714,65535,65535,65535,65535,65535,65535
2026-07-31 09:57:09.004,16.44,62615,40240,40714,65535,65535,65535,65535,65535,65535
2026-07-31 09:57:09.055,16.49,62615,28827,33929,65535,65535,65535,65535,65535,65535
2026-07-31 09:57:09.105,16.54,62615,28827,33929,65535,65535,65535,65535,65535,65535
2026-07-31 09:57:09.155,16.59,62615,28827,33929,65535,65535,65535,65535,65535,65535
2026-07-31 09:57:09.201,16.64,62615,28827,33929,65535,65535,65535,65535,65535,65535
2026-07-31 09:57:09.292,16.73,62615,28827,33929,65535,65535,65535,65535,65535,65535
2026-07-31 09:57:09.329,16.77,62615,28827,33929,65535,65535,65535,65535,65535,65535
2026-07-31 09:57:09.374,16.81,62615,28827,33929,65535,65535,65535,65535,65535,65535
2026-07-31 09:57:09.425,16.86,62615,28827,33929,65535,65535,65535,65535,65535,65535
2026-07-31 09:57:09.477,16.91,62615,28827,33929,65535,65535,65535,65535,65535,65535
2026-07-31 09:57:09.525,16.96,62615,28827,33929,65535,65535,65535,65535,65535,65535
2026-07-31 09:57:09.573,17.01,62615,28827,33929,65535,65535,65535,65535,65535,65535
2026-07-31 09:57:09.619,17.06,50211,28827,33929,65535,65535,65535,65535,65535,65535
2026-07-31 09:57:09.665,17.1,50211,28827,33929,65535,65535,65535,65535,65535,65535
2026-07-31 09:57:09.713,17.15,50211,28827,33929,65535,65535,65535,65535,65535,65535
2026-07-31 09:57:09.755,17.19,50211,28827,33929,65535,65535,65535,65535,65535,65535
2026-07-31 09:57:09.793,17.23,50211,28827,33929,65535,65535,65535,65535,65535,65535
2026-07-31 09:57:09.840,17.28,50211,28827,33929,65535,65535,65535,65535,65535,65535
2026-07-31 09:57:09.886,17.32,50211,28827,33929,65535,65535,65535,65535,65535,65535
2026-07-31 09:57:09.933,17.37,50211,28827,33929,65535,65535,65535,65535,65535,65535
2026-07-31 09:57:09.986,17.42,50211,28827,33929,65535,65535,65535,65535,65535,65535
2026-07-31 09:57:10.037,17.47,50211,28827,33929,65535,65535,65535,65535,65535,65535
2026-07-31 09:57:10.083,17.52,50211,28827,33929,65535,65535,65535,65535,65535,65535
2026-07-31 09:57:10.132,17.57,50211,28827,33929,65535,65535,65535,65535,65535,65535
2026-07-31 09:57:10.178,17.62,49973,28827,40596,65535,65535,65535,65535,65535,65535
2026-07-31 09:57:10.226,17.66,49973,28742,40596,65535,65535,65535,65535,65535,65535
2026-07-31 09:57:10.270,17.71,49973,28742,40596,65535,65535,65535,65535,65535,65535
2026-07-31 09:57:10.311,17.75,49973,28742,40596,65535,65535,65535,65535,65535,65535
2026-07-31 09:57:10.357,17.8,49973,28742,40596,65535,65535,65535,65535,65535,65535
2026-07-31 09:57:10.406,17.84,49973,28742,40596,65535,65535,65535,65535,65535,65535
2026-07-31 09:57:10.455,17.89,49973,28742,40596,65535,65535,65535,65535,65535,65535
2026-07-31 09:57:10.510,17.95,49973,28742,40596,65535,65535,65535,65535,65535,65535
2026-07-31 09:57:10.573,18.01,49973,28742,40596,65535,65535,65535,65535,65535,65535
2026-07-31 09:57:10.619,18.06,49973,28742,40596,65535,65535,65535,65535,65535,65535
2026-07-31 09:57:10.670,18.11,49973,28742,40596,65535,65535,65535,65535,65535,65535
2026-07-31 09:57:10.723,18.16,62467,28742,33929,65535,65535,65535,65535,65535,65535
2026-07-31 09:57:10.767,18.21,62467,28742,33929,65535,65535,65535,65535,65535,65535
2026-07-31 09:57:10.805,18.24,62467,28742,33929,65535,65535,65535,65535,65535,65535
2026-07-31 09:57:10.855,18.29,62467,28742,33929,65535,65535,65535,65535,65535,65535
2026-07-31 09:57:10.909,18.35,62467,28742,33929,65535,65535,65535,65535,65535,65535
2026-07-31 09:57:10.954,18.39,62467,28742,33929,65535,65535,65535,65535,65535,65535
2026-07-31 09:57:11.004,18.44,62467,28742,33929,65535,65535,65535,65535,65535,65535
2026-07-31 09:57:11.054,18.49,62467,28742,33929,65535,65535,65535,65535,65535,65535
2026-07-31 09:57:11.107,18.55,62467,28742,33929,65535,65535,65535,65535,65535,65535
2026-07-31 09:57:11.158,18.6,62467,28742,33929,65535,65535,65535,65535,65535,65535
2026-07-31 09:57:11.208,18.65,62467,28742,33929,65535,65535,65535,65535,65535,65535
2026-07-31 09:57:11.264,18.7,62467,28742,33929,65535,65535,65535,65535,65535,65535
2026-07-31 09:57:11.301,18.74,50211,28742,33929,65535,65535,65535,65535,65535,65535
2026-07-31 09:57:11.351,18.79,50211,33533,33929,65535,65535,65535,65535,65535,65535
2026-07-31 09:57:11.394,18.83,50211,33533,33929,65535,65535,65535,65535,65535,65535
2026-07-31 09:57:11.445,18.88,50211,33533,33929,65535,65535,65535,65535,65535,65535
2026-07-31 09:57:11.492,18.93,50211,33533,33929,65535,65535,65535,65535,65535,65535
2026-07-31 09:57:11.542,18.98,50211,33533,33929,65535,65535,65535,65535,65535,65535
2026-07-31 09:57:11.592,19.03,50211,33533,33929,65535,65535,65535,65535,65535,65535
2026-07-31 09:57:11.641,19.08,50211,33533,33929,65535,65535,65535,65535,65535,65535
2026-07-31 09:57:11.692,19.13,50211,33533,33929,65535,65535,65535,65535,65535,65535
2026-07-31 09:57:11.745,19.18,50211,33533,33929,65535,65535,65535,65535,65535,65535
2026-07-31 09:57:11.785,19.22,50211,33533,33929,65535,65535,65535,65535,65535,65535
2026-07-31 09:57:11.831,19.27,50211,33533,40477,65535,65535,65535,65535,65535,65535
2026-07-31 09:57:11.881,19.32,50211,28742,40477,65535,65535,65535,65535,65535,65535
2026-07-31 09:57:11.934,19.37,50211,28742,40477,65535,65535,65535,65535,65535,65535
2026-07-31 09:57:11.980,19.42,50211,28742,40477,65535,65535,65535,65535,65535,65535
2026-07-31 09:57:12.028,19.47,50211,28742,40477,65535,65535,65535,65535,65535,65535
2026-07-31 09:57:12.094,19.53,50211,28742,40477,65535,65535,65535,65535,65535,65535
2026-07-31 09:57:12.140,19.58,50211,28742,40477,65535,65535,65535,65535,65535,65535
2026-07-31 09:57:12.189,19.63,50211,28742,40477,65535,65535,65535,65535,65535,65535
2026-07-31 09:57:12.239,19.68,50211,28742,40477,65535,65535,65535,65535,65535,65535
2026-07-31 09:57:12.276,19.71,50211,28742,40477,65535,65535,65535,65535,65535,65535
2026-07-31 09:57:12.313,19.75,50211,28742,40477,65535,65535,65535,65535,65535,65535
2026-07-31 09:57:12.368,19.81,50211,28742,40477,65535,65535,65535,65535,65535,65535
2026-07-31 09:57:12.416,19.85,50329,28742,40714,65535,65535,65535,65535,65535,65535
2026-07-31 09:57:12.468,19.91,50329,28827,40714,65535,65535,65535,65535,65535,65535
2026-07-31 09:57:12.517,19.96,50329,28827,40714,65535,65535,65535,65535,65535,65535
2026-07-31 09:57:12.567,20.0,50329,28827,40714,65535,65535,65535,65535,65535,65535
2026-07-31 09:57:12.614,20.05,50329,28827,40714,65535,65535,65535,65535,65535,65535
2026-07-31 09:57:12.660,20.1,50329,28827,40714,65535,65535,65535,65535,65535,65535
2026-07-31 09:57:12.711,20.15,50329,28827,40714,65535,65535,65535,65535,65535,65535
2026-07-31 09:57:12.756,20.19,50329,28827,40714,65535,65535,65535,65535,65535,65535
2026-07-31 09:57:12.793,20.23,50329,28827,40714,65535,65535,65535,65535,65535,65535
2026-07-31 09:57:12.842,20.28,50329,28827,40714,65535,65535,65535,65535,65535,65535
2026-07-31 09:57:12.888,20.33,50329,28827,40714,65535,65535,65535,65535,65535,65535
2026-07-31 09:57:12.938,20.38,50329,28827,40714,65535,65535,65535,65535,65535,65535
2026-07-31 09:57:12.984,20.42,50329,28827,33929,65535,65535,65535,65535,65535,65535
2026-07-31 09:57:13.031,20.47,62763,28742,33929,65535,65535,65535,65535,65535,65535
2026-07-31 09:57:13.080,20.52,62763,28742,33929,65535,65535,65535,65535,65535,65535
2026-07-31 09:57:13.127,20.57,62763,28742,33929,65535,65535,65535,65535,65535,65535
2026-07-31 09:57:13.178,20.62,62763,28742,33929,65535,65535,65535,65535,65535,65535
2026-07-31 09:57:13.228,20.67,62763,28742,33929,65535,65535,65535,65535,65535,65535
2026-07-31 09:57:13.266,20.7,62763,28742,33929,65535,65535,65535,65535,65535,65535
2026-07-31 09:57:13.301,20.74,62763,28742,33929,65535,65535,65535,65535,65535,65535
2026-07-31 09:57:13.348,20.79,62763,28742,33929,65535,65535,65535,65535,65535,65535
2026-07-31 09:57:13.400,20.84,62763,28742,33929,65535,65535,65535,65535,65535,65535
2026-07-31 09:57:13.452,20.89,62763,28742,33929,65535,65535,65535,65535,65535,65535
2026-07-31 09:57:13.503,20.94,62763,28742,33929,65535,65535,65535,65535,65535,65535
2026-07-31 09:57:13.554,20.99,49973,28742,40714,65535,65535,65535,65535,65535,65535
2026-07-31 09:57:13.598,21.04,49973,33533,40714,65535,65535,65535,65535,65535,65535
2026-07-31 09:57:13.650,21.09,49973,33533,40714,65535,65535,65535,65535,65535,65535
2026-07-31 09:57:13.702,21.14,49973,33533,40714,65535,65535,65535,65535,65535,65535
2026-07-31 09:57:13.747,21.19,49973,33533,40714,65535,65535,65535,65535,65535,65535
2026-07-31 09:57:13.786,21.22,49973,33533,40714,65535,65535,65535,65535,65535,65535
2026-07-31 09:57:13.835,21.27,49973,33533,40714,65535,65535,65535,65535,65535,65535
2026-07-31 09:57:13.888,21.33,49973,33533,40714,65535,65535,65535,65535,65535,65535
2026-07-31 09:57:13.932,21.37,49973,33533,40714,65535,65535,65535,65535,65535,65535
2026-07-31 09:57:13.986,21.42,49973,33533,40714,65535,65535,65535,65535,65535,65535
2026-07-31 09:57:14.038,21.48,49973,33533,40714,65535,65535,65535,65535,65535,65535
2026-07-31 09:57:14.088,21.53,49973,33533,33929,65535,65535,65535,65535,65535,65535
2026-07-31 09:57:14.143,21.58,50092,33533,33929,65535,65535,65535,65535,65535,65535
2026-07-31 09:57:14.192,21.63,50092,33533,33929,65535,65535,65535,65535,65535,65535
2026-07-31 09:57:14.239,21.68,50092,33533,33929,65535,65535,65535,65535,65535,65535
2026-07-31 09:57:14.288,21.73,50092,33533,33929,65535,65535,65535,65535,65535,65535
2026-07-31 09:57:14.324,21.76,50092,33533,33929,65535,65535,65535,65535,65535,65535
2026-07-31 09:57:14.368,21.81,50092,33533,33929,65535,65535,65535,65535,65535,65535
2026-07-31 09:57:14.422,21.86,50092,33533,33929,65535,65535,65535,65535,65535,65535
2026-07-31 09:57:14.474,21.91,50092,33533,33929,65535,65535,65535,65535,65535,65535
2026-07-31 09:57:14.517,21.96,50092,33533,33929,65535,65535,65535,65535,65535,65535
2026-07-31 09:57:14.569,22.01,50092,33533,33929,65535,65535,65535,65535,65535,65535
2026-07-31 09:57:14.613,22.05,50092,33533,33929,65535,65535,65535,65535,65535,65535
2026-07-31 09:57:14.665,22.1,50092,33533,33830,65535,65535,65535,65535,65535,65535
2026-07-31 09:57:14.708,22.15,50211,28742,33830,65535,65535,65535,65535,65535,65535
2026-07-31 09:57:14.759,22.2,50211,28742,33830,65535,65535,65535,65535,65535,65535
2026-07-31 09:57:14.793,22.23,50211,28742,33830,65535,65535,65535,65535,65535,65535
2026-07-31 09:57:14.839,22.28,50211,28742,33830,65535,65535,65535,65535,65535,65535
2026-07-31 09:57:14.889,22.33,50211,28742,33830,65535,65535,65535,65535,65535,65535
2026-07-31 09:57:14.936,22.37,50211,28742,33830,65535,65535,65535,65535,65535,65535
2026-07-31 09:57:14.982,22.42,50211,28742,33830,65535,65535,65535,65535,65535,65535
2026-07-31 09:57:15.034,22.47,50211,28742,33830,65535,65535,65535,65535,65535,65535
2026-07-31 09:57:15.084,22.52,50211,28742,33830,65535,65535,65535,65535,65535,65535
2026-07-31 09:57:15.134,22.57,50211,28742,33830,65535,65535,65535,65535,65535,65535
2026-07-31 09:57:15.181,22.62,50211,28742,33830,65535,65535,65535,65535,65535,65535
2026-07-31 09:57:15.231,22.67,50211,28742,33929,65535,65535,65535,65535,65535,65535
2026-07-31 09:57:15.275,22.71,49973,33533,33929,65535,65535,65535,65535,65535,65535
2026-07-31 09:57:15.312,22.75,49973,33533,33929,65535,65535,65535,65535,65535,65535
2026-07-31 09:57:15.358,22.8,49973,33533,33929,65535,65535,65535,65535,65535,65535
2026-07-31 09:57:15.409,22.85,49973,33533,33929,65535,65535,65535,65535,65535,65535
2026-07-31 09:57:15.460,22.9,49973,33533,33929,65535,65535,65535,65535,65535,65535
2026-07-31 09:57:15.512,22.95,49973,33533,33929,65535,65535,65535,65535,65535,65535
2026-07-31 09:57:15.566,23.0,49973,33533,33929,65535,65535,65535,65535,65535,65535
2026-07-31 09:57:15.616,23.05,49973,33533,33929,65535,65535,65535,65535,65535,65535
2026-07-31 09:57:15.664,23.1,49973,33533,33929,65535,65535,65535,65535,65535,65535
2026-07-31 09:57:15.715,23.15,49973,33533,33929,65535,65535,65535,65535,65535,65535
2026-07-31 09:57:15.765,23.2,49973,33533,33929,65535,65535,65535,65535,65535,65535
2026-07-31 09:57:15.803,23.24,49973,33533,33929,65535,65535,65535,65535,65535,65535
2026-07-31 09:57:15.847,23.29,62912,28742,33929,65535,65535,65535,65535,65535,65535
2026-07-31 09:57:15.898,23.34,62912,28742,33929,65535,65535,65535,65535,65535,65535
2026-07-31 09:57:15.945,23.38,62912,28742,33929,65535,65535,65535,65535,65535,65535
2026-07-31 09:57:15.996,23.43,62912,28742,33929,65535,65535,65535,65535,65535,65535
2026-07-31 09:57:16.046,23.48,62912,28742,33929,65535,65535,65535,65535,65535,65535
2026-07-31 09:57:16.095,23.53,62912,28742,33929,65535,65535,65535,65535,65535,65535
2026-07-31 09:57:16.143,23.58,62912,28742,33929,65535,65535,65535,65535,65535,65535
2026-07-31 09:57:16.191,23.63,62912,28742,33929,65535,65535,65535,65535,65535,65535
2026-07-31 09:57:16.239,23.68,62912,28742,33929,65535,65535,65535,65535,65535,65535
2026-07-31 09:57:16.283,23.72,62912,28742,33929,65535,65535,65535,65535,65535,65535
2026-07-31 09:57:16.318,23.76,62912,28742,33929,65535,65535,65535,65535,65535,65535
2026-07-31 09:57:16.366,23.8,62912,28742,33929,65535,65535,65535,65535,65535,65535
2026-07-31 09:57:16.417,23.85,50211,28742,33929,65535,65535,65535,65535,65535,65535
2026-07-31 09:57:16.467,23.91,50211,28742,33929,65535,65535,65535,65535,65535,65535
2026-07-31 09:57:16.512,23.95,50211,28742,33929,65535,65535,65535,65535,65535,65535
2026-07-31 09:57:16.560,24.0,50211,28742,33929,65535,65535,65535,65535,65535,65535
2026-07-31 09:57:16.608,24.05,50211,28742,33929,65535,65535,65535,65535,65535,65535
2026-07-31 09:57:16.654,24.09,50211,28742,33929,65535,65535,65535,65535,65535,65535
2026-07-31 09:57:16.705,24.14,50211,28742,33929,65535,65535,65535,65535,65535,65535
2026-07-31 09:57:16.756,24.19,50211,28742,33929,65535,65535,65535,65535,65535,65535
2026-07-31 09:57:16.795,24.23,50211,28742,33929,65535,65535,65535,65535,65535,65535
2026-07-31 09:57:16.844,24.28,50211,28742,33929,65535,65535,65535,65535,65535,65535
2026-07-31 09:57:16.897,24.34,50211,28742,33929,65535,65535,65535,65535,65535,65535
2026-07-31 09:57:16.941,24.38,50211,28742,40714,65535,65535,65535,65535,65535,65535
2026-07-31 09:57:16.994,24.43,50211,33533,40714,65535,65535,65535,65535,65535,65535
2026-07-31 09:57:17.040,24.48,50211,33533,40714,65535,65535,65535,65535,65535,65535
2026-07-31 09:57:17.089,24.53,50211,33533,40714,65535,65535,65535,65535,65535,65535
2026-07-31 09:57:17.141,24.58,50211,33533,40714,65535,65535,65535,65535,65535,65535
2026-07-31 09:57:17.186,24.62,50211,33533,40714,65535,65535,65535,65535,65535,65535
2026-07-31 09:57:17.237,24.68,50211,33533,40714,65535,65535,65535,65535,65535,65535
2026-07-31 09:57:17.290,24.73,50211,33533,40714,65535,65535,65535,65535,65535,65535
2026-07-31 09:57:17.325,24.76,50211,33533,40714,65535,65535,65535,65535,65535,65535
2026-07-31 09:57:17.371,24.81,50211,33533,40714,65535,65535,65535,65535,65535,65535
2026-07-31 09:57:17.423,24.86,50211,33533,40714,65535,65535,65535,65535,65535,65535
2026-07-31 09:57:17.475,24.91,50211,33533,40714,65535,65535,65535,65535,65535,65535
2026-07-31 09:57:17.522,24.96,62615,33533,40596,65535,65535,65535,65535,65535,65535
2026-07-31 09:57:17.572,25.01,62615,28742,40596,65535,65535,65535,65535,65535,65535
2026-07-31 09:57:17.622,25.06,62615,28742,40596,65535,65535,65535,65535,65535,65535
2026-07-31 09:57:17.672,25.11,62615,28742,40596,65535,65535,65535,65535,65535,65535
2026-07-31 09:57:17.717,25.16,62615,28742,40596,65535,65535,65535,65535,65535,65535
2026-07-31 09:57:17.766,25.2,62615,28742,40596,65535,65535,65535,65535,65535,65535
2026-07-31 09:57:17.803,25.24,62615,28742,40596,65535,65535,65535,65535,65535,65535
2026-07-31 09:57:17.837,25.28,62615,28742,40596,65535,65535,65535,65535,65535,65535
2026-07-31 09:57:17.885,25.32,62615,28742,40596,65535,65535,65535,65535,65535,65535
2026-07-31 09:57:17.932,25.37,62615,28742,40596,65535,65535,65535,65535,65535,65535
2026-07-31 09:57:17.981,25.42,62615,28742,40596,65535,65535,65535,65535,65535,65535
2026-07-31 09:57:18.025,25.46,62615,28742,40596,65535,65535,65535,65535,65535,65535
2026-07-31 09:57:18.077,25.52,50092,28742,40714,65535,65535,65535,65535,65535,65535
2026-07-31 09:57:18.122,25.56,50092,33533,40714,65535,65535,65535,65535,65535,65535
2026-07-31 09:57:18.172,25.61,50092,33533,40714,65535,65535,65535,65535,65535,65535
2026-07-31 09:57:18.219,25.66,50092,33533,40714,65535,65535,65535,65535,65535,65535
2026-07-31 09:57:18.269,25.71,50092,33533,40714,65535,65535,65535,65535,65535,65535
2026-07-31 09:57:18.308,25.75,50092,33533,40714,65535,65535,65535,65535,65535,65535
2026-07-31 09:57:18.344,25.78,50092,33533,40714,65535,65535,65535,65535,65535,65535
2026-07-31 09:57:18.393,25.83,50092,33533,40714,65535,65535,65535,65535,65535,65535
2026-07-31 09:57:18.440,25.88,50092,33533,40714,65535,65535,65535,65535,65535,65535
2026-07-31 09:57:18.488,25.93,50092,33533,40714,65535,65535,65535,65535,65535,65535
2026-07-31 09:57:18.537,25.98,50092,33533,40714,65535,65535,65535,65535,65535,65535
2026-07-31 09:57:18.591,26.03,50092,33533,40714,65535,65535,65535,65535,65535,65535
2026-07-31 09:57:18.642,26.08,50211,33533,40714,65535,65535,65535,65535,65535,65535
2026-07-31 09:57:18.692,26.13,50211,28742,40714,65535,65535,65535,65535,65535,65535
2026-07-31 09:57:18.743,26.18,50211,28742,40714,65535,65535,65535,65535,65535,65535
2026-07-31 09:57:18.793,26.23,50211,28742,40714,65535,65535,65535,65535,65535,65535
2026-07-31 09:57:18.826,26.26,50211,28742,40714,65535,65535,65535,65535,65535,65535
2026-07-31 09:57:18.876,26.31,50211,28742,40714,65535,65535,65535,65535,65535,65535
2026-07-31 09:57:18.928,26.37,50211,28742,40714,65535,65535,65535,65535,65535,65535
2026-07-31 09:57:18.977,26.42,50211,28742,40714,65535,65535,65535,65535,65535,65535
2026-07-31 09:57:19.024,26.46,50211,28742,40714,65535,65535,65535,65535,65535,65535
2026-07-31 09:57:19.070,26.51,50211,28742,40714,65535,65535,65535,65535,65535,65535
2026-07-31 09:57:19.120,26.56,50211,28742,40714,65535,65535,65535,65535,65535,65535
2026-07-31 09:57:19.165,26.6,50211,28742,40714,65535,65535,65535,65535,65535,65535
2026-07-31 09:57:19.217,26.66,62615,28742,33929,65535,65535,65535,65535,65535,65535
2026-07-31 09:57:19.265,26.7,62615,33632,33929,65535,65535,65535,65535,65535,65535
2026-07-31 09:57:19.316,26.75,62615,33632,33929,65535,65535,65535,65535,65535,65535
2026-07-31 09:57:19.352,26.79,62615,33632,33929,65535,65535,65535,65535,65535,65535
2026-07-31 09:57:19.403,26.84,62615,33632,33929,65535,65535,65535,65535,65535,65535
2026-07-31 09:57:19.456,26.89,62615,33632,33929,65535,65535,65535,65535,65535,65535
2026-07-31 09:57:19.504,26.94,62615,33632,33929,65535,65535,65535,65535,65535,65535
2026-07-31 09:57:19.556,26.99,62615,33632,33929,65535,65535,65535,65535,65535,65535
2026-07-31 09:57:19.606,27.04,62615,33632,33929,65535,65535,65535,65535,65535,65535
2026-07-31 09:57:19.656,27.09,62615,33632,33929,65535,65535,65535,65535,65535,65535
2026-07-31 09:57:19.701,27.14,62615,33632,33929,65535,65535,65535,65535,65535,65535
2026-07-31 09:57:19.751,27.19,62615,33632,40714,65535,65535,65535,65535,65535,65535
2026-07-31 09:57:19.802,27.24,50211,33533,40714,65535,65535,65535,65535,65535,65535
2026-07-31 09:57:19.841,27.28,50211,33533,40714,65535,65535,65535,65535,65535,65535
2026-07-31 09:57:19.886,27.32,50211,33533,40714,65535,65535,65535,65535,65535,65535
2026-07-31 09:57:19.935,27.37,50211,33533,40714,65535,65535,65535,65535,65535,65535
2026-07-31 09:57:19.979,27.42,50211,33533,40714,65535,65535,65535,65535,65535,65535
2026-07-31 09:57:20.030,27.47,50211,33533,40714,65535,65535,65535,65535,65535,65535
2026-07-31 09:57:20.077,27.52,50211,33533,40714,65535,65535,65535,65535,65535,65535
2026-07-31 09:57:20.128,27.57,50211,33533,40714,65535,65535,65535,65535,65535,65535
2026-07-31 09:57:20.177,27.61,50211,33533,40714,65535,65535,65535,65535,65535,65535
2026-07-31 09:57:20.228,27.67,50211,33533,40714,65535,65535,65535,65535,65535,65535
2026-07-31 09:57:20.280,27.72,50211,33533,40714,65535,65535,65535,65535,65535,65535
2026-07-31 09:57:20.320,27.76,50211,33533,33929,65535,65535,65535,65535,65535,65535
2026-07-31 09:57:20.371,27.81,62615,33533,33929,65535,65535,65535,65535,65535,65535
2026-07-31 09:57:20.422,27.86,62615,33533,33929,65535,65535,65535,65535,65535,65535
2026-07-31 09:57:20.473,27.91,62615,33533,33929,65535,65535,65535,65535,65535,65535
2026-07-31 09:57:20.522,27.96,62615,33533,33929,65535,65535,65535,65535,65535,65535
2026-07-31 09:57:20.571,28.01,62615,33533,33929,65535,65535,65535,65535,65535,65535
2026-07-31 09:57:20.620,28.06,62615,33533,33929,65535,65535,65535,65535,65535,65535
2026-07-31 09:57:20.665,28.1,62615,33533,33929,65535,65535,65535,65535,65535,65535
2026-07-31 09:57:20.712,28.15,62615,33533,33929,65535,65535,65535,65535,65535,65535
2026-07-31 09:57:20.761,28.2,62615,33533,33929,65535,65535,65535,65535,65535,65535
2026-07-31 09:57:20.806,28.24,62615,33533,33929,65535,65535,65535,65535,65535,65535
2026-07-31 09:57:20.845,28.28,62615,33533,33929,65535,65535,65535,65535,65535,65535
2026-07-31 09:57:20.897,28.33,62615,33533,33830,65535,65535,65535,65535,65535,65535
2026-07-31 09:57:20.945,28.38,62615,33533,33830,65535,65535,65535,65535,65535,65535
2026-07-31 09:57:20.995,28.43,62615,33533,33830,65535,65535,65535,65535,65535,65535
2026-07-31 09:57:21.039,28.48,62615,33533,33830,65535,65535,65535,65535,65535,65535
2026-07-31 09:57:21.089,28.53,62615,33533,33830,65535,65535,65535,65535,65535,65535
2026-07-31 09:57:21.136,28.57,62615,33533,33830,65535,65535,65535,65535,65535,65535
2026-07-31 09:57:21.187,28.63,62615,33533,33830,65535,65535,65535,65535,65535,65535
2026-07-31 09:57:21.238,28.68,62615,33533,33830,65535,65535,65535,65535,65535,65535
2026-07-31 09:57:21.285,28.72,62615,33533,33830,65535,65535,65535,65535,65535,65535
2026-07-31 09:57:21.322,28.76,62615,33533,33830,65535,65535,65535,65535,65535,65535
2026-07-31 09:57:21.371,28.81,62615,33533,33830,65535,65535,65535,65535,65535,65535
2026-07-31 09:57:21.417,28.86,62615,33533,33830,65535,65535,65535,65535,65535,65535
2026-07-31 09:57:21.463,28.9,62763,33533,33830,65535,65535,65535,65535,65535,65535
2026-07-31 09:57:21.516,28.95,62763,33533,33830,65535,65535,65535,65535,65535,65535
2026-07-31 09:57:21.565,29.0,62763,33533,33830,65535,65535,65535,65535,65535,65535
2026-07-31 09:57:21.615,29.05,62763,33533,33830,65535,65535,65535,65535,65535,65535
2026-07-31 09:57:21.662,29.1,62763,33533,33830,65535,65535,65535,65535,65535,65535
2026-07-31 09:57:21.708,29.15,62763,33533,33830,65535,65535,65535,65535,65535,65535
2026-07-31 09:57:21.758,29.2,62763,33533,33830,65535,65535,65535,65535,65535,65535
2026-07-31 09:57:21.809,29.25,62763,33533,33830,65535,65535,65535,65535,65535,65535
2026-07-31 09:57:21.846,29.28,62763,33533,33830,65535,65535,65535,65535,65535,65535
2026-07-31 09:57:21.895,29.33,62763,33533,33830,65535,65535,65535,65535,65535,65535
2026-07-31 09:57:21.942,29.38,62763,33533,33830,65535,65535,65535,65535,65535,65535
2026-07-31 09:57:21.990,29.43,62763,33533,33830,65535,65535,65535,65535,65535,65535
2026-07-31 09:57:22.034,29.47,41743,33533,33830,65535,65535,65535,65535,65535,65535
2026-07-31 09:57:22.083,29.52,41743,28742,33830,65535,65535,65535,65535,65535,65535
2026-07-31 09:57:22.131,29.57,41743,28742,33830,65535,65535,65535,65535,65535,65535
2026-07-31 09:57:22.182,29.62,41743,28742,33830,65535,65535,65535,65535,65535,65535
2026-07-31 09:57:22.233,29.67,41743,28742,33830,65535,65535,65535,65535,65535,65535
2026-07-31 09:57:22.277,29.72,41743,28742,33830,65535,65535,65535,65535,65535,65535
2026-07-31 09:57:22.316,29.75,41743,28742,33830,65535,65535,65535,65535,65535,65535
2026-07-31 09:57:22.352,29.79,41743,28742,33830,65535,65535,65535,65535,65535,65535
2026-07-31 09:57:22.401,29.84,41743,28742,33830,65535,65535,65535,65535,65535,65535
2026-07-31 09:57:22.452,29.89,41743,28742,33830,65535,65535,65535,65535,65535,65535
2026-07-31 09:57:22.500,29.94,41743,28742,33830,65535,65535,65535,65535,65535,65535
2026-07-31 09:57:22.547,29.99,41743,28742,33830,65535,65535,65535,65535,65535,65535
2026-07-31 09:57:22.599,30.04,50211,28742,33632,65535,65535,65535,65535,65535,65535
2026-07-31 09:57:22.650,30.09,50211,33533,33632,65535,65535,65535,65535,65535,65535
2026-07-31 09:57:22.699,30.14,50211,33533,33632,65535,65535,65535,65535,65535,65535
2026-07-31 09:57:22.752,30.19,50211,33533,33632,65535,65535,65535,65535,65535,65535
2026-07-31 09:57:22.807,30.24,50211,33533,33632,65535,65535,65535,65535,65535,65535
2026-07-31 09:57:22.847,30.28,50211,33533,33632,65535,65535,65535,65535,65535,65535
2026-07-31 09:57:22.891,30.33,50211,33533,33632,65535,65535,65535,65535,65535,65535
2026-07-31 09:57:22.942,30.38,50211,33533,33632,65535,65535,65535,65535,65535,65535
2026-07-31 09:57:22.986,30.42,50211,33533,33632,65535,65535,65535,65535,65535,65535
2026-07-31 09:57:23.039,30.48,50211,33533,33632,65535,65535,65535,65535,65535,65535
2026-07-31 09:57:23.088,30.53,50211,33533,33632,65535,65535,65535,65535,65535,65535
2026-07-31 09:57:23.139,30.58,50211,33533,33632,65535,65535,65535,65535,65535,65535
2026-07-31 09:57:23.198,30.64,50211,28742,33632,65535,65535,65535,65535,65535,65535
2026-07-31 09:57:23.244,30.68,50211,28742,33632,65535,65535,65535,65535,65535,65535
2026-07-31 09:57:23.296,30.73,50211,28742,33632,65535,65535,65535,65535,65535,65535
2026-07-31 09:57:23.335,30.77,50211,28742,33632,65535,65535,65535,65535,65535,65535
2026-07-31 09:57:23.382,30.82,50211,28742,33632,65535,65535,65535,65535,65535,65535
2026-07-31 09:57:23.427,30.87,50211,28742,33632,65535,65535,65535,65535,65535,65535
2026-07-31 09:57:23.480,30.92,50211,28742,33632,65535,65535,65535,65535,65535,65535
2026-07-31 09:57:23.536,30.97,50211,28742,33632,65535,65535,65535,65535,65535,65535
2026-07-31 09:57:23.583,31.02,50211,28742,33632,65535,65535,65535,65535,65535,65535
2026-07-31 09:57:23.633,31.07,50211,28742,33632,65535,65535,65535,65535,65535,65535
2026-07-31 09:57:23.681,31.12,50211,28742,33632,65535,65535,65535,65535,65535,65535
2026-07-31 09:57:23.728,31.17,62467,28742,33929,65535,65535,65535,65535,65535,65535
2026-07-31 09:57:23.775,31.21,62467,28742,33929,65535,65535,65535,65535,65535,65535
2026-07-31 09:57:23.822,31.26,62467,28742,33929,65535,65535,65535,65535,65535,65535
2026-07-31 09:57:23.859,31.3,62467,28742,33929,65535,65535,65535,65535,65535,65535
2026-07-31 09:57:23.910,31.35,62467,28742,33929,65535,65535,65535,65535,65535,65535
2026-07-31 09:57:23.967,31.4,62467,28742,33929,65535,65535,65535,65535,65535,65535
2026-07-31 09:57:24.012,31.45,62467,28742,33929,65535,65535,65535,65535,65535,65535
2026-07-31 09:57:24.065,31.5,62467,28742,33929,65535,65535,65535,65535,65535,65535
2026-07-31 09:57:24.117,31.56,62467,28742,33929,65535,65535,65535,65535,65535,65535
2026-07-31 09:57:24.166,31.6,62467,28742,33929,65535,65535,65535,65535,65535,65535
2026-07-31 09:57:24.218,31.66,62467,28742,33929,65535,65535,65535,65535,65535,65535
2026-07-31 09:57:24.272,31.71,62467,28742,40714,65535,65535,65535,65535,65535,65535
2026-07-31 09:57:24.317,31.76,62763,28742,40714,65535,65535,65535,65535,65535,65535
2026-07-31 09:57:24.353,31.79,62763,28742,40714,65535,65535,65535,65535,65535,65535
2026-07-31 09:57:24.409,31.85,62763,28742,40714,65535,65535,65535,65535,65535,65535
2026-07-31 09:57:24.463,31.9,62763,28742,40714,65535,65535,65535,65535,65535,65535
2026-07-31 09:57:24.507,31.94,62763,28742,40714,65535,65535,65535,65535,65535,65535
2026-07-31 09:57:24.559,32.0,62763,28742,40714,65535,65535,65535,65535,65535,65535
2026-07-31 09:57:24.612,32.05,62763,28742,40714,65535,65535,65535,65535,65535,65535
2026-07-31 09:57:24.659,32.1,62763,28742,40714,65535,65535,65535,65535,65535,65535
2026-07-31 09:57:24.708,32.15,62763,28742,40714,65535,65535,65535,65535,65535,65535
2026-07-31 09:57:24.760,32.2,62763,28742,40714,65535,65535,65535,65535,65535,65535
2026-07-31 09:57:24.809,32.25,62763,28742,40714,65535,65535,65535,65535,65535,65535
2026-07-31 09:57:24.848,32.29,62763,28742,33929,65535,65535,65535,65535,65535,65535
2026-07-31 09:57:24.896,32.33,50092,28742,33929,65535,65535,65535,65535,65535,65535
2026-07-31 09:57:24.942,32.38,50092,28742,33929,65535,65535,65535,65535,65535,65535
2026-07-31 09:57:24.993,32.43,50092,28742,33929,65535,65535,65535,65535,65535,65535
2026-07-31 09:57:25.074,32.51,50092,28742,33929,65535,65535,65535,65535,65535,65535
2026-07-31 09:57:25.123,32.56,50092,28742,33929,65535,65535,65535,65535,65535,65535
2026-07-31 09:57:25.175,32.61,50092,28742,33929,65535,65535,65535,65535,65535,65535
2026-07-31 09:57:25.230,32.67,50092,28742,33929,65535,65535,65535,65535,65535,65535
2026-07-31 09:57:25.279,32.72,50092,28742,33929,65535,65535,65535,65535,65535,65535
2026-07-31 09:57:25.315,32.75,50092,28742,33929,65535,65535,65535,65535,65535,65535
2026-07-31 09:57:25.351,32.79,50092,28742,33929,65535,65535,65535,65535,65535,65535
2026-07-31 09:57:25.402,32.84,50092,28742,40714,65535,65535,65535,65535,65535,65535
2026-07-31 09:57:25.454,32.89,62763,28997,40714,65535,65535,65535,65535,65535,65535
2026-07-31 09:57:25.518,32.96,62763,28997,40714,65535,65535,65535,65535,65535,65535
2026-07-31 09:57:25.577,33.01,62763,28997,40714,65535,65535,65535,65535,65535,65535
2026-07-31 09:57:25.629,33.07,62763,28997,40714,65535,65535,65535,65535,65535,65535
2026-07-31 09:57:25.677,33.11,62763,28997,40714,65535,65535,65535,65535,65535,65535
2026-07-31 09:57:25.730,33.17,62763,28997,40714,65535,65535,65535,65535,65535,65535
2026-07-31 09:57:25.775,33.21,62763,28997,40714,65535,65535,65535,65535,65535,65535
2026-07-31 09:57:25.821,33.26,62763,28997,40714,65535,65535,65535,65535,65535,65535
2026-07-31 09:57:25.859,33.3,62763,28997,40714,65535,65535,65535,65535,65535,65535
2026-07-31 09:57:25.904,33.34,62763,28997,40714,65535,65535,65535,65535,65535,65535
2026-07-31 09:57:25.954,33.39,62763,28997,40714,65535,65535,65535,65535,65535,65535
2026-07-31 09:57:26.005,33.44,50092,28742,40714,65535,65535,65535,65535,65535,65535
2026-07-31 09:57:26.056,33.49,50092,28742,40714,65535,65535,65535,65535,65535,65535
2026-07-31 09:57:26.103,33.54,50092,28742,40714,65535,65535,65535,65535,65535,65535
2026-07-31 09:57:26.148,33.59,50092,28742,40714,65535,65535,65535,65535,65535,65535
2026-07-31 09:57:26.199,33.64,50092,28742,40714,65535,65535,65535,65535,65535,65535
2026-07-31 09:57:26.250,33.69,50092,28742,40714,65535,65535,65535,65535,65535,65535
2026-07-31 09:57:26.307,33.74,50092,28742,40714,65535,65535,65535,65535,65535,65535
2026-07-31 09:57:26.345,33.78,50092,28742,40714,65535,65535,65535,65535,65535,65535
2026-07-31 09:57:26.380,33.82,50092,28742,40714,65535,65535,65535,65535,65535,65535
2026-07-31 09:57:26.429,33.87,50092,28742,40714,65535,65535,65535,65535,65535,65535
2026-07-31 09:57:26.481,33.92,50092,28742,40714,65535,65535,65535,65535,65535,65535
2026-07-31 09:57:26.526,33.96,50092,28742,33929,65535,65535,65535,65535,65535,65535
2026-07-31 09:57:26.577,34.02,62615,28742,33929,65535,65535,65535,65535,65535,65535
2026-07-31 09:57:26.628,34.07,62615,28742,33929,65535,65535,65535,65535,65535,65535
2026-07-31 09:57:26.677,34.12,62615,28742,33929,65535,65535,65535,65535,65535,65535
2026-07-31 09:57:26.724,34.16,62615,28742,33929,65535,65535,65535,65535,65535,65535
2026-07-31 09:57:26.777,34.22,62615,28742,33929,65535,65535,65535,65535,65535,65535
2026-07-31 09:57:26.826,34.26,62615,28742,33929,65535,65535,65535,65535,65535,65535
2026-07-31 09:57:26.861,34.3,62615,28742,33929,65535,65535,65535,65535,65535,65535
2026-07-31 09:57:26.909,34.35,62615,28742,33929,65535,65535,65535,65535,65535,65535
2026-07-31 09:57:26.955,34.39,62615,28742,33929,65535,65535,65535,65535,65535,65535
2026-07-31 09:57:27.001,34.44,62615,28742,33929,65535,65535,65535,65535,65535,65535
2026-07-31 09:57:27.054,34.49,62615,28742,33929,65535,65535,65535,65535,65535,65535
2026-07-31 09:57:27.108,34.55,49973,28742,33830,65535,65535,65535,65535,65535,65535
2026-07-31 09:57:27.157,34.59,49973,28742,33830,65535,65535,65535,65535,65535,65535
2026-07-31 09:57:27.205,34.64,49973,28742,33830,65535,65535,65535,65535,65535,65535
2026-07-31 09:57:27.258,34.7,49973,28742,33830,65535,65535,65535,65535,65535,65535
2026-07-31 09:57:27.305,34.74,49973,28742,33830,65535,65535,65535,65535,65535,65535
2026-07-31 09:57:27.342,34.78,49973,28742,33830,65535,65535,65535,65535,65535,65535
2026-07-31 09:57:27.378,34.82,49973,28742,33830,65535,65535,65535,65535,65535,65535
2026-07-31 09:57:27.424,34.86,49973,28742,33830,65535,65535,65535,65535,65535,65535
2026-07-31 09:57:27.473,34.91,49973,28742,33830,65535,65535,65535,65535,65535,65535
2026-07-31 09:57:27.522,34.96,49973,28742,33830,65535,65535,65535,65535,65535,65535
2026-07-31 09:57:27.567,35.01,49973,28742,33830,65535,65535,65535,65535,65535,65535
2026-07-31 09:57:27.613,35.05,49973,28742,33830,65535,65535,65535,65535,65535,65535
2026-07-31 09:57:27.664,35.1,49973,28742,40596,65535,65535,65535,65535,65535,65535
2026-07-31 09:57:27.718,35.16,62763,33533,40596,65535,65535,65535,65535,65535,65535
2026-07-31 09:57:27.767,35.21,62763,33533,40596,65535,65535,65535,65535,65535,65535
2026-07-31 09:57:27.817,35.26,62763,33533,40596,65535,65535,65535,65535,65535,65535
2026-07-31 09:57:27.852,35.29,62763,33533,40596,65535,65535,65535,65535,65535,65535
2026-07-31 09:57:27.898,35.34,62763,33533,40596,65535,65535,65535,65535,65535,65535
2026-07-31 09:57:27.946,35.38,62763,33533,40596,65535,65535,65535,65535,65535,65535
2026-07-31 09:57:27.993,35.43,62763,33533,40596,65535,65535,65535,65535,65535,65535
2026-07-31 09:57:28.042,35.48,62763,33533,40596,65535,65535,65535,65535,65535,65535
2026-07-31 09:57:28.089,35.53,62763,33533,40596,65535,65535,65535,65535,65535,65535
2026-07-31 09:57:28.137,35.58,62763,33533,40596,65535,65535,65535,65535,65535,65535
2026-07-31 09:57:28.187,35.63,62763,33533,40596,65535,65535,65535,65535,65535,65535
2026-07-31 09:57:28.233,35.67,62763,33533,33929,65535,65535,65535,65535,65535,65535
2026-07-31 09:57:28.281,35.72,50092,33929,33929,65535,65535,65535,65535,65535,65535
2026-07-31 09:57:28.330,35.77,50092,33929,33929,65535,65535,65535,65535,65535,65535
2026-07-31 09:57:28.366,35.8,50092,33929,33929,65535,65535,65535,65535,65535,65535
2026-07-31 09:57:28.410,35.85,50092,33929,33929,65535,65535,65535,65535,65535,65535
2026-07-31 09:57:28.457,35.9,50092,33929,33929,65535,65535,65535,65535,65535,65535
2026-07-31 09:57:28.504,35.94,50092,33929,33929,65535,65535,65535,65535,65535,65535
2026-07-31 09:57:28.556,35.99,50092,33929,33929,65535,65535,65535,65535,65535,65535
2026-07-31 09:57:28.609,36.05,50092,33929,33929,65535,65535,65535,65535,65535,65535
2026-07-31 09:57:28.656,36.09,50092,33929,33929,65535,65535,65535,65535,65535,65535
2026-07-31 09:57:28.702,36.14,50092,33929,33929,65535,65535,65535,65535,65535,65535
2026-07-31 09:57:28.752,36.19,50092,33929,33929,65535,65535,65535,65535,65535,65535
2026-07-31 09:57:28.800,36.24,50092,33929,40714,65535,65535,65535,65535,65535,65535
2026-07-31 09:57:28.836,36.27,50092,33533,40714,65535,65535,65535,65535,65535,65535
2026-07-31 09:57:28.871,36.31,50092,33533,40714,65535,65535,65535,65535,65535,65535
2026-07-31 09:57:28.917,36.35,50092,33533,40714,65535,65535,65535,65535,65535,65535
2026-07-31 09:57:28.966,36.4,50092,33533,40714,65535,65535,65535,65535,65535,65535
2026-07-31 09:57:29.016,36.45,50092,33533,40714,65535,65535,65535,65535,65535,65535
2026-07-31 09:57:29.066,36.5,50092,33533,40714,65535,65535,65535,65535,65535,65535
2026-07-31 09:57:29.116,36.55,50092,33533,40714,65535,65535,65535,65535,65535,65535
2026-07-31 09:57:29.163,36.6,50092,33533,40714,65535,65535,65535,65535,65535,65535
2026-07-31 09:57:29.212,36.65,50092,33533,40714,65535,65535,65535,65535,65535,65535
2026-07-31 09:57:29.260,36.7,50092,33533,40714,65535,65535,65535,65535,65535,65535
2026-07-31 09:57:29.310,36.75,50092,33533,40714,65535,65535,65535,65535,65535,65535
2026-07-31 09:57:29.345,36.78,50092,33533,40714,65535,65535,65535,65535,65535,65535
2026-07-31 09:57:29.391,36.83,62763,28742,33830,65535,65535,65535,65535,65535,65535
2026-07-31 09:57:29.442,36.88,62763,28742,33830,65535,65535,65535,65535,65535,65535
2026-07-31 09:57:29.488,36.93,62763,28742,33830,65535,65535,65535,65535,65535,65535
2026-07-31 09:57:29.534,36.97,62763,28742,33830,65535,65535,65535,65535,65535,65535
2026-07-31 09:57:29.584,37.02,62763,28742,33830,65535,65535,65535,65535,65535,65535
2026-07-31 09:57:29.633,37.07,62763,28742,33830,65535,65535,65535,65535,65535,65535
2026-07-31 09:57:29.682,37.12,62763,28742,33830,65535,65535,65535,65535,65535,65535
2026-07-31 09:57:29.732,37.17,62763,28742,33830,65535,65535,65535,65535,65535,65535
2026-07-31 09:57:29.784,37.22,62763,28742,33830,65535,65535,65535,65535,65535,65535
2026-07-31 09:57:29.837,37.27,62763,28742,33830,65535,65535,65535,65535,65535,65535
2026-07-31 09:57:29.873,37.31,62763,28742,33830,65535,65535,65535,65535,65535,65535
2026-07-31 09:57:29.919,37.36,62763,28742,33830,65535,65535,65535,65535,65535,65535
2026-07-31 09:57:29.968,37.41,63060,28742,33830,65535,65535,65535,65535,65535,65535
2026-07-31 09:57:30.013,37.45,63060,28742,33830,65535,65535,65535,65535,65535,65535
2026-07-31 09:57:30.064,37.5,63060,28742,33830,65535,65535,65535,65535,65535,65535
2026-07-31 09:57:30.117,37.56,63060,28742,33830,65535,65535,65535,65535,65535,65535
2026-07-31 09:57:30.161,37.6,63060,28742,33830,65535,65535,65535,65535,65535,65535
2026-07-31 09:57:30.210,37.65,63060,28742,33830,65535,65535,65535,65535,65535,65535
2026-07-31 09:57:30.262,37.7,63060,28742,33830,65535,65535,65535,65535,65535,65535
2026-07-31 09:57:30.312,37.75,63060,28742,33830,65535,65535,65535,65535,65535,65535
2026-07-31 09:57:30.348,37.79,63060,28742,33830,65535,65535,65535,65535,65535,65535
2026-07-31 09:57:30.384,37.82,63060,28742,33830,65535,65535,65535,65535,65535,65535
2026-07-31 09:57:30.432,37.87,63060,28742,33830,65535,65535,65535,65535,65535,65535
2026-07-31 09:57:30.478,37.92,63060,28742,33929,65535,65535,65535,65535,65535,65535
2026-07-31 09:57:30.533,37.97,63209,28742,33929,65535,65535,65535,65535,65535,65535
2026-07-31 09:57:30.579,38.02,63209,28742,33929,65535,65535,65535,65535,65535,65535
2026-07-31 09:57:30.625,38.06,63209,28742,33929,65535,65535,65535,65535,65535,65535
2026-07-31 09:57:30.673,38.11,63209,28742,33929,65535,65535,65535,65535,65535,65535
2026-07-31 09:57:30.720,38.16,63209,28742,33929,65535,65535,65535,65535,65535,65535
2026-07-31 09:57:30.770,38.21,63209,28742,33929,65535,65535,65535,65535,65535,65535
2026-07-31 09:57:30.815,38.25,63209,28742,33929,65535,65535,65535,65535,65535,65535
2026-07-31 09:57:30.853,38.29,63209,28742,33929,65535,65535,65535,65535,65535,65535
2026-07-31 09:57:30.902,38.34,63209,28742,33929,65535,65535,65535,65535,65535,65535
2026-07-31 09:57:30.949,38.39,63209,28742,33929,65535,65535,65535,65535,65535,65535
2026-07-31 09:57:30.995,38.43,63209,28742,33929,65535,65535,65535,65535,65535,65535
2026-07-31 09:57:31.045,38.48,63209,28742,33929,65535,65535,65535,65535,65535,65535
2026-07-31 09:57:31.092,38.53,62615,33533,33929,65535,65535,65535,65535,65535,65535
2026-07-31 09:57:31.141,38.58,62615,33533,33929,65535,65535,65535,65535,65535,65535
2026-07-31 09:57:31.186,38.62,62615,33533,33929,65535,65535,65535,65535,65535,65535
2026-07-31 09:57:31.236,38.67,62615,33533,33929,65535,65535,65535,65535,65535,65535
2026-07-31 09:57:31.286,38.72,62615,33533,33929,65535,65535,65535,65535,65535,65535
2026-07-31 09:57:31.337,38.77,62615,33533,33929,65535,65535,65535,65535,65535,65535
2026-07-31 09:57:31.371,38.81,62615,33533,33929,65535,65535,65535,65535,65535,65535
2026-07-31 09:57:31.417,38.86,62615,33533,33929,65535,65535,65535,65535,65535,65535
2026-07-31 09:57:31.463,38.9,62615,33533,33929,65535,65535,65535,65535,65535,65535
2026-07-31 09:57:31.513,38.95,62615,33533,33929,65535,65535,65535,65535,65535,65535
2026-07-31 09:57:31.564,39.0,62615,33533,33929,65535,65535,65535,65535,65535,65535
2026-07-31 09:57:31.620,39.06,62615,33533,40596,65535,65535,65535,65535,65535,65535
2026-07-31 09:57:31.667,39.11,62467,33533,40596,65535,65535,65535,65535,65535,65535
2026-07-31 09:57:31.714,39.15,62467,33533,40596,65535,65535,65535,65535,65535,65535
2026-07-31 09:57:31.767,39.21,62467,33533,40596,65535,65535,65535,65535,65535,65535
2026-07-31 09:57:31.818,39.26,62467,33533,40596,65535,65535,65535,65535,65535,65535
2026-07-31 09:57:31.863,39.3,62467,33533,40596,65535,65535,65535,65535,65535,65535
2026-07-31 09:57:31.902,39.34,62467,33533,40596,65535,65535,65535,65535,65535,65535
2026-07-31 09:57:31.950,39.39,62467,33533,40596,65535,65535,65535,65535,65535,65535
2026-07-31 09:57:31.997,39.44,62467,33533,40596,65535,65535,65535,65535,65535,65535
2026-07-31 09:57:32.049,39.49,62467,33533,40596,65535,65535,65535,65535,65535,65535
2026-07-31 09:57:32.098,39.54,62467,33533,40596,65535,65535,65535,65535,65535,65535
2026-07-31 09:57:32.145,39.58,62467,33533,40596,65535,65535,65535,65535,65535,65535
2026-07-31 09:57:32.196,39.63,50092,33533,33929,65535,65535,65535,65535,65535,65535
2026-07-31 09:57:32.243,39.68,50092,28742,33929,65535,65535,65535,65535,65535,65535
2026-07-31 09:57:32.290,39.73,50092,28742,33929,65535,65535,65535,65535,65535,65535
2026-07-31 09:57:32.339,39.78,50092,28742,33929,65535,65535,65535,65535,65535,65535
2026-07-31 09:57:32.374,39.81,50092,28742,33929,65535,65535,65535,65535,65535,65535
2026-07-31 09:57:32.422,39.86,50092,28742,33929,65535,65535,65535,65535,65535,65535
2026-07-31 09:57:32.472,39.91,50092,28742,33929,65535,65535,65535,65535,65535,65535
2026-07-31 09:57:32.521,39.96,50092,28742,33929,65535,65535,65535,65535,65535,65535
2026-07-31 09:57:32.570,40.01,50092,28742,33929,65535,65535,65535,65535,65535,65535
2026-07-31 09:57:32.620,40.06,50092,28742,33929,65535,65535,65535,65535,65535,65535
2026-07-31 09:57:32.668,40.11,50092,28742,33929,65535,65535,65535,65535,65535,65535
2026-07-31 09:57:32.719,40.16,50092,28742,33929,65535,65535,65535,65535,65535,65535
2026-07-31 09:57:32.767,40.21,62912,28742,40714,65535,65535,65535,65535,65535,65535
2026-07-31 09:57:32.818,40.26,62912,33533,40714,65535,65535,65535,65535,65535,65535
2026-07-31 09:57:32.859,40.3,62912,33533,40714,65535,65535,65535,65535,65535,65535
2026-07-31 09:57:32.899,40.34,62912,33533,40714,65535,65535,65535,65535,65535,65535
2026-07-31 09:57:32.944,40.38,62912,33533,40714,65535,65535,65535,65535,65535,65535
2026-07-31 09:57:32.994,40.43,62912,33533,40714,65535,65535,65535,65535,65535,65535
2026-07-31 09:57:33.041,40.48,62912,33533,40714,65535,65535,65535,65535,65535,65535
2026-07-31 09:57:33.089,40.53,62912,33533,40714,65535,65535,65535,65535,65535,65535
2026-07-31 09:57:33.142,40.58,62912,33533,40714,65535,65535,65535,65535,65535,65535
2026-07-31 09:57:33.189,40.63,62912,33533,40714,65535,65535,65535,65535,65535,65535
2026-07-31 09:57:33.236,40.67,62912,33533,40714,65535,65535,65535,65535,65535,65535
2026-07-31 09:57:33.288,40.73,62912,33533,40714,65535,65535,65535,65535,65535,65535
2026-07-31 09:57:33.341,40.78,50092,33533,33929,65535,65535,65535,65535,65535,65535
2026-07-31 09:57:33.376,40.81,50092,33533,33929,65535,65535,65535,65535,65535,65535
2026-07-31 09:57:33.421,40.86,50092,33533,33929,65535,65535,65535,65535,65535,65535
2026-07-31 09:57:33.473,40.91,50092,33533,33929,65535,65535,65535,65535,65535,65535
2026-07-31 09:57:33.528,40.97,50092,33533,33929,65535,65535,65535,65535,65535,65535
2026-07-31 09:57:33.584,41.02,50092,33533,33929,65535,65535,65535,65535,65535,65535
2026-07-31 09:57:33.631,41.07,50092,33533,33929,65535,65535,65535,65535,65535,65535
2026-07-31 09:57:33.680,41.12,50092,33533,33929,65535,65535,65535,65535,65535,65535
2026-07-31 09:57:33.727,41.16,50092,33533,33929,65535,65535,65535,65535,65535,65535
2026-07-31 09:57:33.777,41.21,50092,33533,33929,65535,65535,65535,65535,65535,65535
2026-07-31 09:57:33.826,41.26,50092,33533,33929,65535,65535,65535,65535,65535,65535
2026-07-31 09:57:33.872,41.31,50092,33533,33929,65535,65535,65535,65535,65535,65535
2026-07-31 09:57:33.909,41.35,62615,33533,33929,65535,65535,65535,65535,65535,65535
2026-07-31 09:57:33.960,41.4,62615,33632,33929,65535,65535,65535,65535,65535,65535
2026-07-31 09:57:34.012,41.45,62615,33632,33929,65535,65535,65535,65535,65535,65535
2026-07-31 09:57:34.060,41.5,62615,33632,33929,65535,65535,65535,65535,65535,65535
2026-07-31 09:57:34.107,41.55,62615,33632,33929,65535,65535,65535,65535,65535,65535
2026-07-31 09:57:34.157,41.6,62615,33632,33929,65535,65535,65535,65535,65535,65535
2026-07-31 09:57:34.206,41.64,62615,33632,33929,65535,65535,65535,65535,65535,65535
2026-07-31 09:57:34.255,41.69,62615,33632,33929,65535,65535,65535,65535,65535,65535
2026-07-31 09:57:34.306,41.74,62615,33632,33929,65535,65535,65535,65535,65535,65535
2026-07-31 09:57:34.356,41.79,62615,33632,33929,65535,65535,65535,65535,65535,65535
2026-07-31 09:57:34.394,41.83,62615,33632,33929,65535,65535,65535,65535,65535,65535
2026-07-31 09:57:34.439,41.88,62615,33632,33731,65535,65535,65535,65535,65535,65535
2026-07-31 09:57:34.488,41.93,49855,28742,33731,65535,65535,65535,65535,65535,65535
2026-07-31 09:57:34.533,41.97,49855,28742,33731,65535,65535,65535,65535,65535,65535
2026-07-31 09:57:34.583,42.02,49855,28742,33731,65535,65535,65535,65535,65535,65535
2026-07-31 09:57:34.628,42.07,49855,28742,33731,65535,65535,65535,65535,65535,65535
2026-07-31 09:57:34.684,42.12,49855,28742,33731,65535,65535,65535,65535,65535,65535
2026-07-31 09:57:34.733,42.17,49855,28742,33731,65535,65535,65535,65535,65535,65535
2026-07-31 09:57:34.784,42.22,49855,28742,33731,65535,65535,65535,65535,65535,65535
2026-07-31 09:57:34.832,42.27,49855,28742,33731,65535,65535,65535,65535,65535,65535
2026-07-31 09:57:34.867,42.31,49855,28742,33731,65535,65535,65535,65535,65535,65535
2026-07-31 09:57:34.902,42.34,49855,28742,33731,65535,65535,65535,65535,65535,65535
2026-07-31 09:57:34.951,42.39,49855,28742,33731,65535,65535,65535,65535,65535,65535
2026-07-31 09:57:34.998,42.44,49855,28742,33731,65535,65535,65535,65535,65535,65535
2026-07-31 09:57:35.048,42.49,63060,33533,33830,65535,65535,65535,65535,65535,65535
2026-07-31 09:57:35.098,42.54,63060,33533,33830,65535,65535,65535,65535,65535,65535
2026-07-31 09:57:35.142,42.58,63060,33533,33830,65535,65535,65535,65535,65535,65535
2026-07-31 09:57:35.199,42.64,63060,33533,33830,65535,65535,65535,65535,65535,65535
2026-07-31 09:57:35.249,42.69,63060,33533,33830,65535,65535,65535,65535,65535,65535
2026-07-31 09:57:35.300,42.74,63060,33533,33830,65535,65535,65535,65535,65535,65535
2026-07-31 09:57:35.347,42.79,63060,33533,33830,65535,65535,65535,65535,65535,65535
2026-07-31 09:57:35.384,42.82,63060,33533,33830,65535,65535,65535,65535,65535,65535
2026-07-31 09:57:35.440,42.88,63060,33533,33830,65535,65535,65535,65535,65535,65535
2026-07-31 09:57:35.490,42.93,63060,33533,33830,65535,65535,65535,65535,65535,65535
2026-07-31 09:57:35.539,42.98,63060,33533,33830,65535,65535,65535,65535,65535,65535
2026-07-31 09:57:35.587,43.02,62318,33533,33929,65535,65535,65535,65535,65535,65535
2026-07-31 09:57:35.632,43.07,62318,28742,33929,65535,65535,65535,65535,65535,65535
2026-07-31 09:57:35.681,43.12,62318,28742,33929,65535,65535,65535,65535,65535,65535
2026-07-31 09:57:35.727,43.17,62318,28742,33929,65535,65535,65535,65535,65535,65535
2026-07-31 09:57:35.774,43.21,62318,28742,33929,65535,65535,65535,65535,65535,65535
2026-07-31 09:57:35.820,43.26,62318,28742,33929,65535,65535,65535,65535,65535,65535
2026-07-31 09:57:35.872,43.31,62318,28742,33929,65535,65535,65535,65535,65535,65535
2026-07-31 09:57:35.912,43.35,62318,28742,33929,65535,65535,65535,65535,65535,65535
2026-07-31 09:57:35.958,43.4,62318,28742,33929,65535,65535,65535,65535,65535,65535
2026-07-31 09:57:36.006,43.44,62318,28742,33929,65535,65535,65535,65535,65535,65535
2026-07-31 09:57:36.052,43.49,62318,28742,33929,65535,65535,65535,65535,65535,65535
2026-07-31 09:57:36.099,43.54,62318,28742,33929,65535,65535,65535,65535,65535,65535
2026-07-31 09:57:36.147,43.59,62318,28742,40714,65535,65535,65535,65535,65535,65535
2026-07-31 09:57:36.200,43.64,50092,18398,40714,65535,65535,65535,65535,65535,65535
2026-07-31 09:57:36.252,43.69,50092,18398,40714,65535,65535,65535,65535,65535,65535
2026-07-31 09:57:36.307,43.74,50092,18398,40714,65535,65535,65535,65535,65535,65535
2026-07-31 09:57:36.356,43.79,50092,18398,40714,65535,65535,65535,65535,65535,65535
2026-07-31 09:57:36.394,43.83,50092,18398,40714,65535,65535,65535,65535,65535,65535
2026-07-31 09:57:36.441,43.88,50092,18398,40714,65535,65535,65535,65535,65535,65535
2026-07-31 09:57:36.487,43.93,50092,18398,40714,65535,65535,65535,65535,65535,65535
2026-07-31 09:57:36.537,43.98,50092,18398,40714,65535,65535,65535,65535,65535,65535
2026-07-31 09:57:36.589,44.03,50092,18398,40714,65535,65535,65535,65535,65535,65535
2026-07-31 09:57:36.639,44.08,50092,18398,40714,65535,65535,65535,65535,65535,65535
2026-07-31 09:57:36.687,44.12,50092,18398,40714,65535,65535,65535,65535,65535,65535
2026-07-31 09:57:36.735,44.17,62763,28742,40714,65535,65535,65535,65535,65535,65535
2026-07-31 09:57:36.783,44.22,62763,28742,40714,65535,65535,65535,65535,65535,65535
2026-07-31 09:57:36.829,44.27,62763,28742,40714,65535,65535,65535,65535,65535,65535
2026-07-31 09:57:36.874,44.31,62763,28742,40714,65535,65535,65535,65535,65535,65535
2026-07-31 09:57:36.913,44.35,62763,28742,40714,65535,65535,65535,65535,65535,65535
2026-07-31 09:57:36.968,44.41,62763,28742,40714,65535,65535,65535,65535,65535,65535
2026-07-31 09:57:37.013,44.45,62763,28742,40714,65535,65535,65535,65535,65535,65535
2026-07-31 09:57:37.063,44.5,62763,28742,40714,65535,65535,65535,65535,65535,65535
2026-07-31 09:57:37.110,44.55,62763,28742,40714,65535,65535,65535,65535,65535,65535
2026-07-31 09:57:37.162,44.6,62763,28742,40714,65535,65535,65535,65535,65535,65535
2026-07-31 09:57:37.211,44.65,62763,28742,40714,65535,65535,65535,65535,65535,65535
2026-07-31 09:57:37.257,44.7,62763,28742,33929,65535,65535,65535,65535,65535,65535
2026-07-31 09:57:37.307,44.75,50211,33533,33929,65535,65535,65535,65535,65535,65535
2026-07-31 09:57:37.355,44.79,50211,33533,33929,65535,65535,65535,65535,65535,65535
2026-07-31 09:57:37.389,44.83,50211,33533,33929,65535,65535,65535,65535,65535,65535
2026-07-31 09:57:37.435,44.87,50211,33533,33929,65535,65535,65535,65535,65535,65535
2026-07-31 09:57:37.486,44.92,50211,33533,33929,65535,65535,65535,65535,65535,65535
2026-07-31 09:57:37.530,44.97,50211,33533,33929,65535,65535,65535,65535,65535,65535
2026-07-31 09:57:37.583,45.02,50211,33533,33929,65535,65535,65535,65535,65535,65535
2026-07-31 09:57:37.633,45.07,50211,33533,33929,65535,65535,65535,65535,65535,65535
2026-07-31 09:57:37.684,45.12,50211,33533,33929,65535,65535,65535,65535,65535,65535
2026-07-31 09:57:37.743,45.18,50211,33533,33929,65535,65535,65535,65535,65535,65535
2026-07-31 09:57:37.788,45.23,50211,33533,33929,65535,65535,65535,65535,65535,65535
2026-07-31 09:57:37.837,45.28,50211,33533,33929,65535,65535,65535,65535,65535,65535
2026-07-31 09:57:37.873,45.31,49973,28742,33929,65535,65535,65535,65535,65535,65535
2026-07-31 09:57:37.909,45.35,49973,28742,33929,65535,65535,65535,65535,65535,65535
2026-07-31 09:57:37.960,45.4,49973,28742,33929,65535,65535,65535,65535,65535,65535
2026-07-31 09:57:38.011,45.45,49973,28742,33929,65535,65535,65535,65535,65535,65535
2026-07-31 09:57:38.059,45.5,49973,28742,33929,65535,65535,65535,65535,65535,65535
2026-07-31 09:57:38.105,45.54,49973,28742,33929,65535,65535,65535,65535,65535,65535
2026-07-31 09:57:38.155,45.59,49973,28742,33929,65535,65535,65535,65535,65535,65535
2026-07-31 09:57:38.203,45.64,49973,28742,33929,65535,65535,65535,65535,65535,65535
2026-07-31 09:57:38.250,45.69,49973,28742,33929,65535,65535,65535,65535,65535,65535
2026-07-31 09:57:38.298,45.74,49973,28742,33929,65535,65535,65535,65535,65535,65535
2026-07-31 09:57:38.346,45.78,49973,28742,33929,65535,65535,65535,65535,65535,65535
2026-07-31 09:57:38.382,45.82,49973,28742,33929,65535,65535,65535,65535,65535,65535
2026-07-31 09:57:38.418,45.86,50329,28742,33929,65535,65535,65535,65535,65535,65535
2026-07-31 09:57:38.472,45.91,50329,28742,33929,65535,65535,65535,65535,65535,65535
2026-07-31 09:57:38.519,45.96,50329,28742,33929,65535,65535,65535,65535,65535,65535
2026-07-31 09:57:38.568,46.01,50329,28742,33929,65535,65535,65535,65535,65535,65535
2026-07-31 09:57:38.618,46.06,50329,28742,33929,65535,65535,65535,65535,65535,65535
2026-07-31 09:57:38.671,46.11,50329,28742,33929,65535,65535,65535,65535,65535,65535
2026-07-31 09:57:38.722,46.16,50329,28742,33929,65535,65535,65535,65535,65535,65535
2026-07-31 09:57:38.769,46.21,50329,28742,33929,65535,65535,65535,65535,65535,65535
2026-07-31 09:57:38.819,46.26,50329,28742,33929,65535,65535,65535,65535,65535,65535
2026-07-31 09:57:38.872,46.31,50329,28742,33929,65535,65535,65535,65535,65535,65535
2026-07-31 09:57:38.912,46.35,50329,28742,33929,65535,65535,65535,65535,65535,65535
2026-07-31 09:57:38.956,46.39,50329,28742,33830,65535,65535,65535,65535,65535,65535
2026-07-31 09:57:39.009,46.45,62615,28742,33830,65535,65535,65535,65535,65535,65535
2026-07-31 09:57:39.060,46.5,62615,28742,33830,65535,65535,65535,65535,65535,65535
2026-07-31 09:57:39.110,46.55,62615,28742,33830,65535,65535,65535,65535,65535,65535
2026-07-31 09:57:39.163,46.6,62615,28742,33830,65535,65535,65535,65535,65535,65535
2026-07-31 09:57:39.213,46.65,62615,28742,33830,65535,65535,65535,65535,65535,65535
2026-07-31 09:57:39.270,46.71,62615,28742,33830,65535,65535,65535,65535,65535,65535
2026-07-31 09:57:39.319,46.76,62615,28742,33830,65535,65535,65535,65535,65535,65535
2026-07-31 09:57:39.370,46.81,62615,28742,33830,65535,65535,65535,65535,65535,65535
2026-07-31 09:57:39.407,46.84,62615,28742,33830,65535,65535,65535,65535,65535,65535
2026-07-31 09:57:39.453,46.89,62615,28742,33830,65535,65535,65535,65535,65535,65535
2026-07-31 09:57:39.504,46.94,62615,28742,33830,65535,65535,65535,65535,65535,65535
2026-07-31 09:57:39.548,46.99,50092,28742,40714,65535,65535,65535,65535,65535,65535
2026-07-31 09:57:39.600,47.04,50092,33533,40714,65535,65535,65535,65535,65535,65535
2026-07-31 09:57:39.652,47.09,50092,33533,40714,65535,65535,65535,65535,65535,65535
2026-07-31 09:57:39.699,47.14,50092,33533,40714,65535,65535,65535,65535,65535,65535
2026-07-31 09:57:39.748,47.19,50092,33533,40714,65535,65535,65535,65535,65535,65535
2026-07-31 09:57:39.795,47.23,50092,33533,40714,65535,65535,65535,65535,65535,65535
2026-07-31 09:57:39.844,47.28,50092,33533,40714,65535,65535,65535,65535,65535,65535
2026-07-31 09:57:39.878,47.32,50092,33533,40714,65535,65535,65535,65535,65535,65535
2026-07-31 09:57:39.922,47.36,50092,33533,40714,65535,65535,65535,65535,65535,65535
2026-07-31 09:57:39.976,47.41,50092,33533,40714,65535,65535,65535,65535,65535,65535
2026-07-31 09:57:40.042,47.48,50092,33533,40714,65535,65535,65535,65535,65535,65535
2026-07-31 09:57:40.098,47.54,50211,33533,40714,65535,65535,65535,65535,65535,65535
2026-07-31 09:57:40.148,47.59,50211,18344,40714,65535,65535,65535,65535,65535,65535
2026-07-31 09:57:40.199,47.64,50211,18344,40714,65535,65535,65535,65535,65535,65535
2026-07-31 09:57:40.266,47.7,50211,18344,40714,65535,65535,65535,65535,65535,65535
2026-07-31 09:57:40.312,47.75,50211,18344,40714,65535,65535,65535,65535,65535,65535
2026-07-31 09:57:40.360,47.8,50211,18344,40714,65535,65535,65535,65535,65535,65535
2026-07-31 09:57:40.398,47.84,50211,18344,40714,65535,65535,65535,65535,65535,65535
2026-07-31 09:57:40.447,47.88,50211,18344,40714,65535,65535,65535,65535,65535,65535
2026-07-31 09:57:40.500,47.94,50211,18344,40714,65535,65535,65535,65535,65535,65535
2026-07-31 09:57:40.551,47.99,50211,18344,40714,65535,65535,65535,65535,65535,65535
2026-07-31 09:57:40.600,48.04,50211,18344,40714,65535,65535,65535,65535,65535,65535
2026-07-31 09:57:40.648,48.09,50211,18344,40714,65535,65535,65535,65535,65535,65535
2026-07-31 09:57:40.693,48.13,62763,25150,40714,65535,65535,65535,65535,65535,65535
2026-07-31 09:57:40.740,48.18,62763,25150,40714,65535,65535,65535,65535,65535,65535
2026-07-31 09:57:40.790,48.23,62763,25150,40714,65535,65535,65535,65535,65535,65535
2026-07-31 09:57:40.850,48.29,62763,25150,40714,65535,65535,65535,65535,65535,65535
2026-07-31 09:57:40.887,48.33,62763,25150,40714,65535,65535,65535,65535,65535,65535
2026-07-31 09:57:40.935,48.37,62763,25150,40714,65535,65535,65535,65535,65535,65535
2026-07-31 09:57:40.983,48.42,62763,25150,40714,65535,65535,65535,65535,65535,65535
2026-07-31 09:57:41.044,48.48,62763,25150,40714,65535,65535,65535,65535,65535,65535
2026-07-31 09:57:41.088,48.53,62763,25150,40714,65535,65535,65535,65535,65535,65535
2026-07-31 09:57:41.139,48.58,62763,25150,40714,65535,65535,65535,65535,65535,65535
2026-07-31 09:57:41.185,48.62,62763,25150,40714,65535,65535,65535,65535,65535,65535
2026-07-31 09:57:41.235,48.67,56146,25150,33830,65535,65535,65535,65535,65535,65535
2026-07-31 09:57:41.283,48.72,56146,33533,33830,65535,65535,65535,65535,65535,65535
2026-07-31 09:57:41.336,48.77,56146,33533,33830,65535,65535,65535,65535,65535,65535
2026-07-31 09:57:41.371,48.81,56146,33533,33830,65535,65535,65535,65535,65535,65535
2026-07-31 09:57:41.406,48.84,56146,33533,33830,65535,65535,65535,65535,65535,65535
2026-07-31 09:57:41.457,48.9,56146,33533,33830,65535,65535,65535,65535,65535,65535
2026-07-31 09:57:41.508,48.95,56146,33533,33830,65535,65535,65535,65535,65535,65535
2026-07-31 09:57:41.555,48.99,56146,33533,33830,65535,65535,65535,65535,65535,65535
2026-07-31 09:57:41.615,49.05,56146,33533,33830,65535,65535,65535,65535,65535,65535
2026-07-31 09:57:41.666,49.1,56146,33533,33830,65535,65535,65535,65535,65535,65535
2026-07-31 09:57:41.715,49.15,56146,33533,33830,65535,65535,65535,65535,65535,65535
2026-07-31 09:57:41.767,49.2,56146,33533,33929,65535,65535,65535,65535,65535,65535
2026-07-31 09:57:41.814,49.25,62615,28742,33929,65535,65535,65535,65535,65535,65535
2026-07-31 09:57:41.863,49.3,62615,28742,33929,65535,65535,65535,65535,65535,65535
2026-07-31 09:57:41.897,49.33,62615,28742,33929,65535,65535,65535,65535,65535,65535
2026-07-31 09:57:41.948,49.39,62615,28742,33929,65535,65535,65535,65535,65535,65535
2026-07-31 09:57:41.997,49.44,62615,28742,33929,65535,65535,65535,65535,65535,65535
2026-07-31 09:57:42.046,49.48,62615,28742,33929,65535,65535,65535,65535,65535,65535
2026-07-31 09:57:42.091,49.53,62615,28742,33929,65535,65535,65535,65535,65535,65535
2026-07-31 09:57:42.141,49.58,62615,28742,33929,65535,65535,65535,65535,65535,65535
2026-07-31 09:57:42.192,49.63,62615,28742,33929,65535,65535,65535,65535,65535,65535
2026-07-31 09:57:42.237,49.67,62615,28742,33929,65535,65535,65535,65535,65535,65535
2026-07-31 09:57:42.287,49.72,62615,28742,33929,65535,65535,65535,65535,65535,65535
2026-07-31 09:57:42.334,49.77,62615,28742,40714,65535,65535,65535,65535,65535,65535
2026-07-31 09:57:42.386,49.82,49973,33533,40714,65535,65535,65535,65535,65535,65535
2026-07-31 09:57:42.423,49.86,49973,33533,40714,65535,65535,65535,65535,65535,65535
2026-07-31 09:57:42.472,49.91,49973,33533,40714,65535,65535,65535,65535,65535,65535
2026-07-31 09:57:42.518,49.96,49973,33533,40714,65535,65535,65535,65535,65535,65535
2026-07-31 09:57:42.569,50.01,49973,33533,40714,65535,65535,65535,65535,65535,65535
2026-07-31 09:57:42.616,50.05,49973,33533,40714,65535,65535,65535,65535,65535,65535
2026-07-31 09:57:42.666,50.1,49973,33533,40714,65535,65535,65535,65535,65535,65535
2026-07-31 09:57:42.713,50.15,49973,33533,40714,65535,65535,65535,65535,65535,65535
2026-07-31 09:57:42.761,50.2,49973,33533,40714,65535,65535,65535,65535,65535,65535
2026-07-31 09:57:42.807,50.24,49973,33533,40714,65535,65535,65535,65535,65535,65535
2026-07-31 09:57:42.854,50.29,49973,33533,40714,65535,65535,65535,65535,65535,65535
2026-07-31 09:57:42.889,50.33,49973,33533,40714,65535,65535,65535,65535,65535,65535
2026-07-31 09:57:42.940,50.38,50092,28827,40714,65535,65535,65535,65535,65535,65535
2026-07-31 09:57:42.991,50.43,50092,28827,40714,65535,65535,65535,65535,65535,65535
2026-07-31 09:57:43.040,50.48,50092,28827,40714,65535,65535,65535,65535,65535,65535
2026-07-31 09:57:43.093,50.53,50092,28827,40714,65535,65535,65535,65535,65535,65535
2026-07-31 09:57:43.148,50.59,50092,28827,40714,65535,65535,65535,65535,65535,65535
2026-07-31 09:57:43.198,50.64,50092,28827,40714,65535,65535,65535,65535,65535,65535
2026-07-31 09:57:43.248,50.69,50092,28827,40714,65535,65535,65535,65535,65535,65535
2026-07-31 09:57:43.296,50.73,50092,28827,40714,65535,65535,65535,65535,65535,65535
2026-07-31 09:57:43.352,50.79,50092,28827,40714,65535,65535,65535,65535,65535,65535
2026-07-31 09:57:43.390,50.83,50092,28827,40714,65535,65535,65535,65535,65535,65535
2026-07-31 09:57:43.425,50.86,50092,28827,40714,65535,65535,65535,65535,65535,65535
2026-07-31 09:57:43.475,50.91,50092,28827,33830,65535,65535,65535,65535,65535,65535
2026-07-31 09:57:43.528,50.97,50092,33533,33830,65535,65535,65535,65535,65535,65535
2026-07-31 09:57:43.573,51.01,50092,33533,33830,65535,65535,65535,65535,65535,65535
2026-07-31 09:57:43.622,51.06,50092,33533,33830,65535,65535,65535,65535,65535,65535
2026-07-31 09:57:43.671,51.11,50092,33533,33830,65535,65535,65535,65535,65535,65535
2026-07-31 09:57:43.722,51.16,50092,33533,33830,65535,65535,65535,65535,65535,65535
2026-07-31 09:57:43.772,51.21,50092,33533,33830,65535,65535,65535,65535,65535,65535
2026-07-31 09:57:43.818,51.26,50092,33533,33830,65535,65535,65535,65535,65535,65535
2026-07-31 09:57:43.870,51.31,50092,33533,33830,65535,65535,65535,65535,65535,65535
2026-07-31 09:57:43.908,51.35,50092,33533,33830,65535,65535,65535,65535,65535,65535
2026-07-31 09:57:43.945,51.38,50092,33533,33830,65535,65535,65535,65535,65535,65535
2026-07-31 09:57:43.994,51.43,50092,33533,33830,65535,65535,65535,65535,65535,65535
2026-07-31 09:57:44.045,51.48,62763,33533,40596,65535,65535,65535,65535,65535,65535
2026-07-31 09:57:44.099,51.54,62763,28742,40596,65535,65535,65535,65535,65535,65535
2026-07-31 09:57:44.152,51.59,62763,28742,40596,65535,65535,65535,65535,65535,65535
2026-07-31 09:57:44.199,51.64,62763,28742,40596,65535,65535,65535,65535,65535,65535
2026-07-31 09:57:44.250,51.69,62763,28742,40596,65535,65535,65535,65535,65535,65535
2026-07-31 09:57:44.298,51.74,62763,28742,40596,65535,65535,65535,65535,65535,65535
2026-07-31 09:57:44.348,51.79,62763,28742,40596,65535,65535,65535,65535,65535,65535
2026-07-31 09:57:44.394,51.83,62763,28742,40596,65535,65535,65535,65535,65535,65535
2026-07-31 09:57:44.432,51.87,62763,28742,40596,65535,65535,65535,65535,65535,65535
2026-07-31 09:57:44.476,51.91,62763,28742,40596,65535,65535,65535,65535,65535,65535
2026-07-31 09:57:44.528,51.97,62763,28742,40596,65535,65535,65535,65535,65535,65535
2026-07-31 09:57:44.576,52.01,62763,28742,40596,65535,65535,65535,65535,65535,65535
2026-07-31 09:57:44.629,52.07,65534,28742,40714,65535,65535,65535,65535,65535,65535
2026-07-31 09:57:44.688,52.13,65534,33533,40714,65535,65535,65535,65535,65535,65535
2026-07-31 09:57:44.739,52.18,65534,33533,40714,65535,65535,65535,65535,65535,65535
2026-07-31 09:57:44.787,52.22,65534,33533,40714,65535,65535,65535,65535,65535,65535
2026-07-31 09:57:44.837,52.27,65534,33533,40714,65535,65535,65535,65535,65535,65535
2026-07-31 09:57:44.887,52.32,65534,33533,40714,65535,65535,65535,65535,65535,65535
2026-07-31 09:57:44.924,52.36,65534,33533,40714,65535,65535,65535,65535,65535,65535
2026-07-31 09:57:44.971,52.41,65534,33533,40714,65535,65535,65535,65535,65535,65535
2026-07-31 09:57:45.023,52.46,65534,33533,40714,65535,65535,65535,65535,65535,65535
2026-07-31 09:57:45.072,52.51,65534,33533,40714,65535,65535,65535,65535,65535,65535
2026-07-31 09:57:45.125,52.56,65534,33533,40714,65535,65535,65535,65535,65535,65535
2026-07-31 09:57:45.174,52.61,65534,33533,33929,65535,65535,65535,65535,65535,65535
2026-07-31 09:57:45.222,52.66,50092,28742,33929,65535,65535,65535,65535,65535,65535
2026-07-31 09:57:45.270,52.71,50092,28742,33929,65535,65535,65535,65535,65535,65535
2026-07-31 09:57:45.315,52.75,50092,28742,33929,65535,65535,65535,65535,65535,65535
2026-07-31 09:57:45.367,52.8,50092,28742,33929,65535,65535,65535,65535,65535,65535
2026-07-31 09:57:45.407,52.84,50092,28742,33929,65535,65535,65535,65535,65535,65535
2026-07-31 09:57:45.468,52.91,50092,28742,33929,65535,65535,65535,65535,65535,65535
2026-07-31 09:57:45.519,52.96,50092,28742,33929,65535,65535,65535,65535,65535,65535
2026-07-31 09:57:45.566,53.0,50092,28742,33929,65535,65535,65535,65535,65535,65535
2026-07-31 09:57:45.616,53.05,50092,28742,33929,65535,65535,65535,65535,65535,65535
2026-07-31 09:57:45.671,53.11,50092,28742,33929,65535,65535,65535,65535,65535,65535
2026-07-31 09:57:45.722,53.16,50092,28742,33929,65535,65535,65535,65535,65535,65535
2026-07-31 09:57:45.773,53.21,49973,28742,33929,65535,65535,65535,65535,65535,65535
2026-07-31 09:57:45.830,53.27,49973,28742,33929,65535,65535,65535,65535,65535,65535
2026-07-31 09:57:45.873,53.31,49973,28742,33929,65535,65535,65535,65535,65535,65535
2026-07-31 09:57:45.907,53.35,49973,28742,33929,65535,65535,65535,65535,65535,65535
2026-07-31 09:57:45.955,53.39,49973,28742,33929,65535,65535,65535,65535,65535,65535
2026-07-31 09:57:46.004,53.44,49973,28742,33929,65535,65535,65535,65535,65535,65535
2026-07-31 09:57:46.050,53.49,49973,28742,33929,65535,65535,65535,65535,65535,65535
2026-07-31 09:57:46.098,53.54,49973,28742,33929,65535,65535,65535,65535,65535,65535
2026-07-31 09:57:46.147,53.58,49973,28742,33929,65535,65535,65535,65535,65535,65535
2026-07-31 09:57:46.196,53.63,49973,28742,33929,65535,65535,65535,65535,65535,65535
2026-07-31 09:57:46.260,53.7,49973,28742,33929,65535,65535,65535,65535,65535,65535
2026-07-31 09:57:46.309,53.75,62763,28742,33929,65535,65535,65535,65535,65535,65535
2026-07-31 09:57:46.359,53.8,62763,28742,33929,65535,65535,65535,65535,65535,65535
2026-07-31 09:57:46.411,53.85,62763,28742,33929,65535,65535,65535,65535,65535,65535
2026-07-31 09:57:46.449,53.89,62763,28742,33929,65535,65535,65535,65535,65535,65535
2026-07-31 09:57:46.497,53.94,62763,28742,33929,65535,65535,65535,65535,65535,65535
2026-07-31 09:57:46.548,53.99,62763,28742,33929,65535,65535,65535,65535,65535,65535
2026-07-31 09:57:46.602,54.04,62763,28742,33929,65535,65535,65535,65535,65535,65535
2026-07-31 09:57:46.649,54.09,62763,28742,33929,65535,65535,65535,65535,65535,65535
2026-07-31 09:57:46.700,54.14,62763,28742,33929,65535,65535,65535,65535,65535,65535
2026-07-31 09:57:46.744,54.18,62763,28742,33929,65535,65535,65535,65535,65535,65535
2026-07-31 09:57:46.797,54.23,62763,28742,33929,65535,65535,65535,65535,65535,65535
2026-07-31 09:57:46.844,54.28,62763,28742,33929,65535,65535,65535,65535,65535,65535
2026-07-31 09:57:46.892,54.33,50092,28742,33929,65535,65535,65535,65535,65535,65535
2026-07-31 09:57:46.929,54.37,50092,28742,33929,65535,65535,65535,65535,65535,65535
2026-07-31 09:57:46.979,54.42,50092,28742,33929,65535,65535,65535,65535,65535,65535
2026-07-31 09:57:47.046,54.48,50092,28742,33929,65535,65535,65535,65535,65535,65535
2026-07-31 09:57:47.099,54.54,50092,28742,33929,65535,65535,65535,65535,65535,65535
2026-07-31 09:57:47.152,54.59,50092,28742,33929,65535,65535,65535,65535,65535,65535
2026-07-31 09:57:47.200,54.64,50092,28742,33929,65535,65535,65535,65535,65535,65535
2026-07-31 09:57:47.252,54.69,50092,28742,33929,65535,65535,65535,65535,65535,65535
2026-07-31 09:57:47.300,54.74,50092,28742,33929,65535,65535,65535,65535,65535,65535
2026-07-31 09:57:47.350,54.79,50092,28742,33929,65535,65535,65535,65535,65535,65535
2026-07-31 09:57:47.406,54.84,50092,28742,40596,65535,65535,65535,65535,65535,65535
2026-07-31 09:57:47.442,54.88,50092,28742,40596,65535,65535,65535,65535,65535,65535
2026-07-31 09:57:47.488,54.93,50092,33533,40596,65535,65535,65535,65535,65535,65535
2026-07-31 09:57:47.536,54.97,50092,33533,40596,65535,65535,65535,65535,65535,65535
2026-07-31 09:57:47.584,55.02,50092,33533,40596,65535,65535,65535,65535,65535,65535
2026-07-31 09:57:47.632,55.07,50092,33533,40596,65535,65535,65535,65535,65535,65535
2026-07-31 09:57:47.680,55.12,50092,33533,40596,65535,65535,65535,65535,65535,65535
2026-07-31 09:57:47.726,55.16,50092,33533,40596,65535,65535,65535,65535,65535,65535
2026-07-31 09:57:47.775,55.21,50092,33533,40596,65535,65535,65535,65535,65535,65535
2026-07-31 09:57:47.830,55.27,50092,33533,40596,65535,65535,65535,65535,65535,65535
2026-07-31 09:57:47.882,55.32,50092,33533,40596,65535,65535,65535,65535,65535,65535
2026-07-31 09:57:47.929,55.37,50092,33533,40596,65535,65535,65535,65535,65535,65535
2026-07-31 09:57:47.965,55.4,50092,33533,40596,65535,65535,65535,65535,65535,65535
2026-07-31 09:57:48.011,55.45,62467,33533,33929,65535,65535,65535,65535,65535,65535
2026-07-31 09:57:48.063,55.5,62467,28742,33929,65535,65535,65535,65535,65535,65535
2026-07-31 09:57:48.113,55.55,62467,28742,33929,65535,65535,65535,65535,65535,65535
2026-07-31 09:57:48.196,55.63,62467,28742,33929,65535,65535,65535,65535,65535,65535
2026-07-31 09:57:48.245,55.68,62467,28742,33929,65535,65535,65535,65535,65535,65535
2026-07-31 09:57:48.294,55.73,62467,28742,33929,65535,65535,65535,65535,65535,65535
2026-07-31 09:57:48.340,55.78,62467,28742,33929,65535,65535,65535,65535,65535,65535
2026-07-31 09:57:48.386,55.82,62467,28742,33929,65535,65535,65535,65535,65535,65535
2026-07-31 09:57:48.461,55.9,62467,28742,33929,65535,65535,65535,65535,65535,65535
2026-07-31 09:57:48.499,55.94,62467,28742,33929,65535,65535,65535,65535,65535,65535
2026-07-31 09:57:48.546,55.98,62467,28742,40714,65535,65535,65535,65535,65535,65535
2026-07-31 09:57:48.595,56.03,62615,29082,40714,65535,65535,65535,65535,65535,65535
2026-07-31 09:57:48.656,56.09,62615,29082,40714,65535,65535,65535,65535,65535,65535
2026-07-31 09:57:48.706,56.14,62615,29082,40714,65535,65535,65535,65535,65535,65535
2026-07-31 09:57:48.762,56.2,62615,29082,40714,65535,65535,65535,65535,65535,65535
2026-07-31 09:57:48.812,56.25,62615,29082,40714,65535,65535,65535,65535,65535,65535
2026-07-31 09:57:48.862,56.3,62615,29082,40714,65535,65535,65535,65535,65535,65535
2026-07-31 09:57:48.914,56.35,62615,29082,40714,65535,65535,65535,65535,65535,65535
2026-07-31 09:57:48.950,56.39,62615,29082,40714,65535,65535,65535,65535,65535,65535
2026-07-31 09:57:48.987,56.42,62615,29082,40714,65535,65535,65535,65535,65535,65535
2026-07-31 09:57:49.030,56.47,62615,29082,40714,65535,65535,65535,65535,65535,65535
2026-07-31 09:57:49.075,56.51,62615,29082,40714,65535,65535,65535,65535,65535,65535
2026-07-31 09:57:49.124,56.56,50211,29082,40596,65535,65535,65535,65535,65535,65535
2026-07-31 09:57:49.176,56.61,50211,33632,40596,65535,65535,65535,65535,65535,65535
2026-07-31 09:57:49.234,56.67,50211,33632,40596,65535,65535,65535,65535,65535,65535
2026-07-31 09:57:49.281,56.72,50211,33632,40596,65535,65535,65535,65535,65535,65535
2026-07-31 09:57:49.325,56.76,50211,33632,40596,65535,65535,65535,65535,65535,65535
2026-07-31 09:57:49.379,56.82,50211,33632,40596,65535,65535,65535,65535,65535,65535
2026-07-31 09:57:49.442,56.88,50211,33632,40596,65535,65535,65535,65535,65535,65535
2026-07-31 09:57:49.478,56.92,50211,33632,40596,65535,65535,65535,65535,65535,65535
2026-07-31 09:57:49.529,56.97,50211,33632,40596,65535,65535,65535,65535,65535,65535
2026-07-31 09:57:49.580,57.02,50211,33632,40596,65535,65535,65535,65535,65535,65535
2026-07-31 09:57:49.628,57.07,50211,33632,40596,65535,65535,65535,65535,65535,65535
2026-07-31 09:57:49.676,57.11,50211,33632,40714,65535,65535,65535,65535,65535,65535
2026-07-31 09:57:49.723,57.16,50329,28742,40714,65535,65535,65535,65535,65535,65535
2026-07-31 09:57:49.774,57.21,50329,28742,40714,65535,65535,65535,65535,65535,65535
2026-07-31 09:57:49.821,57.26,50329,28742,40714,65535,65535,65535,65535,65535,65535
2026-07-31 09:57:49.873,57.31,50329,28742,40714,65535,65535,65535,65535,65535,65535
2026-07-31 09:57:49.926,57.36,50329,28742,40714,65535,65535,65535,65535,65535,65535
2026-07-31 09:57:49.962,57.4,50329,28742,40714,65535,65535,65535,65535,65535,65535
2026-07-31 09:57:50.006,57.44,50329,28742,40714,65535,65535,65535,65535,65535,65535
2026-07-31 09:57:50.058,57.5,50329,28742,40714,65535,65535,65535,65535,65535,65535
2026-07-31 09:57:50.099,57.54,50329,28742,40714,65535,65535,65535,65535,65535,65535
2026-07-31 09:57:50.147,57.58,50329,28742,40714,65535,65535,65535,65535,65535,65535
2026-07-31 09:57:50.207,57.64,50329,28742,40714,65535,65535,65535,65535,65535,65535
2026-07-31 09:57:50.256,57.69,61725,28742,33830,65535,65535,65535,65535,65535,65535
2026-07-31 09:57:50.311,57.75,61725,33533,33830,65535,65535,65535,65535,65535,65535
2026-07-31 09:57:50.365,57.8,61725,33533,33830,65535,65535,65535,65535,65535,65535
2026-07-31 09:57:50.414,57.85,61725,33533,33830,65535,65535,65535,65535,65535,65535
2026-07-31 09:57:50.450,57.89,61725,33533,33830,65535,65535,65535,65535,65535,65535
2026-07-31 09:57:50.485,57.92,61725,33533,33830,65535,65535,65535,65535,65535,65535
2026-07-31 09:57:50.534,57.97,61725,33533,33830,65535,65535,65535,65535,65535,65535
2026-07-31 09:57:50.582,58.02,61725,33533,33830,65535,65535,65535,65535,65535,65535
2026-07-31 09:57:50.626,58.06,61725,33533,33830,65535,65535,65535,65535,65535,65535
2026-07-31 09:57:50.677,58.12,61725,33533,33830,65535,65535,65535,65535,65535,65535
2026-07-31 09:57:50.730,58.17,61725,33533,33830,65535,65535,65535,65535,65535,65535
2026-07-31 09:57:50.777,58.22,61725,33533,33830,65535,65535,65535,65535,65535,65535
2026-07-31 09:57:50.827,58.27,62615,33533,40714,65535,65535,65535,65535,65535,65535
2026-07-31 09:57:50.876,58.31,62615,33533,40714,65535,65535,65535,65535,65535,65535
2026-07-31 09:57:50.931,58.37,62615,33533,40714,65535,65535,65535,65535,65535,65535
2026-07-31 09:57:50.969,58.41,62615,33533,40714,65535,65535,65535,65535,65535,65535
2026-07-31 09:57:51.018,58.46,62615,33533,40714,65535,65535,65535,65535,65535,65535
2026-07-31 09:57:51.074,58.51,62615,33533,40714,65535,65535,65535,65535,65535,65535
2026-07-31 09:57:51.124,58.56,62615,33533,40714,65535,65535,65535,65535,65535,65535
2026-07-31 09:57:51.173,58.61,62615,33533,40714,65535,65535,65535,65535,65535,65535
2026-07-31 09:57:51.229,58.67,62615,33533,40714,65535,65535,65535,65535,65535,65535
2026-07-31 09:57:51.277,58.72,62615,33533,40714,65535,65535,65535,65535,65535,65535
2026-07-31 09:57:51.329,58.77,62615,33533,40714,65535,65535,65535,65535,65535,65535
2026-07-31 09:57:51.380,58.82,49973,33533,33929,65535,65535,65535,65535,65535,65535
2026-07-31 09:57:51.427,58.87,49973,28742,33929,65535,65535,65535,65535,65535,65535
2026-07-31 09:57:51.463,58.9,49973,28742,33929,65535,65535,65535,65535,65535,65535
2026-07-31 09:57:51.515,58.95,49973,28742,33929,65535,65535,65535,65535,65535,65535
2026-07-31 09:57:51.566,59.0,49973,28742,33929,65535,65535,65535,65535,65535,65535
2026-07-31 09:57:51.620,59.06,49973,28742,33929,65535,65535,65535,65535,65535,65535
2026-07-31 09:57:51.662,59.1,49973,28742,33929,65535,65535,65535,65535,65535,65535
2026-07-31 09:57:51.712,59.15,49973,28742,33929,65535,65535,65535,65535,65535,65535
2026-07-31 09:57:51.770,59.21,49973,28742,33929,65535,65535,65535,65535,65535,65535
2026-07-31 09:57:51.817,59.25,49973,28742,33929,65535,65535,65535,65535,65535,65535
2026-07-31 09:57:51.866,59.3,49973,28742,33929,65535,65535,65535,65535,65535,65535
2026-07-31 09:57:51.917,59.35,49973,28742,40714,65535,65535,65535,65535,65535,65535
2026-07-31 09:57:51.957,59.4,63060,28742,40714,65535,65535,65535,65535,65535,65535
2026-07-31 09:57:52.003,59.44,63060,28742,40714,65535,65535,65535,65535,65535,65535
2026-07-31 09:57:52.052,59.49,63060,28742,40714,65535,65535,65535,65535,65535,65535
2026-07-31 09:57:52.096,59.53,63060,28742,40714,65535,65535,65535,65535,65535,65535
2026-07-31 09:57:52.148,59.59,63060,28742,40714,65535,65535,65535,65535,65535,65535
2026-07-31 09:57:52.198,59.64,63060,28742,40714,65535,65535,65535,65535,65535,65535
2026-07-31 09:57:52.244,59.68,63060,28742,40714,65535,65535,65535,65535,65535,65535
2026-07-31 09:57:52.294,59.73,63060,28742,40714,65535,65535,65535,65535,65535,65535
2026-07-31 09:57:52.342,59.78,63060,28742,40714,65535,65535,65535,65535,65535,65535
2026-07-31 09:57:52.395,59.83,63060,28742,40714,65535,65535,65535,65535,65535,65535
2026-07-31 09:57:52.440,59.88,63060,28742,40714,65535,65535,65535,65535,65535,65535
2026-07-31 09:57:52.477,59.91,63060,28742,40714,65535,65535,65535,65535,65535,65535
2026-07-31 09:57:52.536,59.97,50329,28742,40714,65535,65535,65535,65535,65535,65535
2026-07-31 09:57:52.586,60.02,50329,28742,40714,65535,65535,65535,65535,65535,65535
2026-07-31 09:57:52.636,60.07,50329,28742,40714,65535,65535,65535,65535,65535,65535
2026-07-31 09:57:52.687,60.13,50329,28742,40714,65535,65535,65535,65535,65535,65535
2026-07-31 09:57:52.737,60.18,50329,28742,40714,65535,65535,65535,65535,65535,65535
2026-07-31 09:57:52.789,60.23,50329,28742,40714,65535,65535,65535,65535,65535,65535
2026-07-31 09:57:52.840,60.28,50329,28742,40714,65535,65535,65535,65535,65535,65535
2026-07-31 09:57:52.890,60.33,50329,28742,40714,65535,65535,65535,65535,65535,65535
2026-07-31 09:57:52.936,60.37,50329,28742,40714,65535,65535,65535,65535,65535,65535
2026-07-31 09:57:52.972,60.41,50329,28742,40714,65535,65535,65535,65535,65535,65535
2026-07-31 09:57:53.016,60.45,50329,28742,40714,65535,65535,65535,65535,65535,65535
2026-07-31 09:57:53.069,60.51,62763,28742,33830,65535,65535,65535,65535,65535,65535
2026-07-31 09:57:53.120,60.56,62763,33533,33830,65535,65535,65535,65535,65535,65535
2026-07-31 09:57:53.165,60.6,62763,33533,33830,65535,65535,65535,65535,65535,65535
2026-07-31 09:57:53.216,60.65,62763,33533,33830,65535,65535,65535,65535,65535,65535
2026-07-31 09:57:53.263,60.7,62763,33533,33830,65535,65535,65535,65535,65535,65535
2026-07-31 09:57:53.321,60.76,62763,33533,33830,65535,65535,65535,65535,65535,65535
2026-07-31 09:57:53.371,60.81,62763,33533,33830,65535,65535,65535,65535,65535,65535
2026-07-31 09:57:53.414,60.85,62763,33533,33830,65535,65535,65535,65535,65535,65535
2026-07-31 09:57:53.453,60.89,62763,33533,33830,65535,65535,65535,65535,65535,65535
2026-07-31 09:57:53.516,60.95,62763,33533,33830,65535,65535,65535,65535,65535,65535
2026-07-31 09:57:53.565,61.0,62763,33533,33830,65535,65535,65535,65535,65535,65535
2026-07-31 09:57:53.614,61.05,62763,33533,40596,65535,65535,65535,65535,65535,65535
2026-07-31 09:57:53.662,61.1,49973,28742,40596,65535,65535,65535,65535,65535,65535
2026-07-31 09:57:53.715,61.15,49973,28742,40596,65535,65535,65535,65535,65535,65535
2026-07-31 09:57:53.771,61.21,49973,28742,40596,65535,65535,65535,65535,65535,65535
2026-07-31 09:57:53.817,61.25,49973,28742,40596,65535,65535,65535,65535,65535,65535
2026-07-31 09:57:53.871,61.31,49973,28742,40596,65535,65535,65535,65535,65535,65535
2026-07-31 09:57:53.920,61.36,49973,28742,40596,65535,65535,65535,65535,65535,65535
2026-07-31 09:57:53.956,61.39,49973,28742,40596,65535,65535,65535,65535,65535,65535
2026-07-31 09:57:53.999,61.44,49973,28742,40596,65535,65535,65535,65535,65535,65535
2026-07-31 09:57:54.055,61.49,49973,28742,40596,65535,65535,65535,65535,65535,65535
2026-07-31 09:57:54.116,61.55,49973,28742,40596,65535,65535,65535,65535,65535,65535
2026-07-31 09:57:54.160,61.6,49973,28742,40596,65535,65535,65535,65535,65535,65535
2026-07-31 09:57:54.214,61.65,62763,28742,33830,65535,65535,65535,65535,65535,65535
2026-07-31 09:57:54.263,61.7,62763,28742,33830,65535,65535,65535,65535,65535,65535
2026-07-31 09:57:54.312,61.75,62763,28742,33830,65535,65535,65535,65535,65535,65535
2026-07-31 09:57:54.365,61.8,62763,28742,33830,65535,65535,65535,65535,65535,65535
2026-07-31 09:57:54.410,61.85,62763,28742,33830,65535,65535,65535,65535,65535,65535
2026-07-31 09:57:54.449,61.89,62763,28742,33830,65535,65535,65535,65535,65535,65535
2026-07-31 09:57:54.497,61.94,62763,28742,33830,65535,65535,65535,65535,65535,65535
2026-07-31 09:57:54.591,62.03,62763,28742,33830,65535,65535,65535,65535,65535,65535
2026-07-31 09:57:54.638,62.08,62763,28742,33830,65535,65535,65535,65535,65535,65535
2026-07-31 09:57:54.687,62.13,62763,28742,33830,65535,65535,65535,65535,65535,65535
2026-07-31 09:57:54.741,62.18,62763,28742,33929,65535,65535,65535,65535,65535,65535
2026-07-31 09:57:54.791,62.23,62318,28742,33929,65535,65535,65535,65535,65535,65535
2026-07-31 09:57:54.838,62.28,62318,28742,33929,65535,65535,65535,65535,65535,65535
2026-07-31 09:57:54.888,62.33,62318,28742,33929,65535,65535,65535,65535,65535,65535
2026-07-31 09:57:54.949,62.39,62318,28742,33929,65535,65535,65535,65535,65535,65535
2026-07-31 09:57:54.987,62.43,62318,28742,33929,65535,65535,65535,65535,65535,65535
2026-07-31 09:57:55.038,62.48,62318,28742,33929,65535,65535,65535,65535,65535,65535
2026-07-31 09:57:55.088,62.53,62318,28742,33929,65535,65535,65535,65535,65535,65535
2026-07-31 09:57:55.136,62.57,62318,28742,33929,65535,65535,65535,65535,65535,65535
2026-07-31 09:57:55.186,62.62,62318,28742,33929,65535,65535,65535,65535,65535,65535
2026-07-31 09:57:55.239,62.68,62318,28742,33929,65535,65535,65535,65535,65535,65535
2026-07-31 09:57:55.303,62.74,62318,28742,33830,65535,65535,65535,65535,65535,65535
2026-07-31 09:57:55.358,62.8,49973,28742,33830,65535,65535,65535,65535,65535,65535
2026-07-31 09:57:55.450,62.89,49973,28742,33830,65535,65535,65535,65535,65535,65535
2026-07-31 09:57:55.489,62.93,49973,28742,33830,65535,65535,65535,65535,65535,65535
2026-07-31 09:57:55.544,62.98,49973,28742,33830,65535,65535,65535,65535,65535,65535
2026-07-31 09:57:55.595,63.03,49973,28742,33830,65535,65535,65535,65535,65535,65535
2026-07-31 09:57:55.642,63.08,49973,28742,33830,65535,65535,65535,65535,65535,65535
2026-07-31 09:57:55.689,63.13,49973,28742,33830,65535,65535,65535,65535,65535,65535
2026-07-31 09:57:55.744,63.18,49973,28742,33830,65535,65535,65535,65535,65535,65535
2026-07-31 09:57:55.804,63.24,49973,28742,33830,65535,65535,65535,65535,65535,65535
2026-07-31 09:57:55.852,63.29,49973,28742,33929,65535,65535,65535,65535,65535,65535
2026-07-31 09:57:55.898,63.34,62467,28742,33929,65535,65535,65535,65535,65535,65535
2026-07-31 09:57:55.943,63.38,62467,28742,33929,65535,65535,65535,65535,65535,65535
2026-07-31 09:57:55.980,63.42,62467,28742,33929,65535,65535,65535,65535,65535,65535
2026-07-31 09:57:56.029,63.47,62467,28742,33929,65535,65535,65535,65535,65535,65535
2026-07-31 09:57:56.081,63.52,62467,28742,33929,65535,65535,65535,65535,65535,65535
2026-07-31 09:57:56.134,63.57,62467,28742,33929,65535,65535,65535,65535,65535,65535
2026-07-31 09:57:56.188,63.63,62467,28742,33929,65535,65535,65535,65535,65535,65535
2026-07-31 09:57:56.251,63.69,62467,28742,33929,65535,65535,65535,65535,65535,65535
2026-07-31 09:57:56.297,63.74,62467,28742,33929,65535,65535,65535,65535,65535,65535
2026-07-31 09:57:56.346,63.78,62467,28742,33929,65535,65535,65535,65535,65535,65535
2026-07-31 09:57:56.397,63.83,62467,28742,33929,65535,65535,65535,65535,65535,65535
2026-07-31 09:57:56.436,63.87,50092,28742,40714,65535,65535,65535,65535,65535,65535
2026-07-31 09:57:56.471,63.91,50092,16816,40714,65535,65535,65535,65535,65535,65535
2026-07-31 09:57:56.520,63.96,50092,16816,40714,65535,65535,65535,65535,65535,65535
2026-07-31 09:57:56.586,64.02,50092,16816,40714,65535,65535,65535,65535,65535,65535
2026-07-31 09:57:56.636,64.07,50092,16816,40714,65535,65535,65535,65535,65535,65535
2026-07-31 09:57:56.684,64.12,50092,16816,40714,65535,65535,65535,65535,65535,65535
2026-07-31 09:57:56.733,64.17,50092,16816,40714,65535,65535,65535,65535,65535,65535
2026-07-31 09:57:56.784,64.22,50092,16816,40714,65535,65535,65535,65535,65535,65535
2026-07-31 09:57:56.829,64.27,50092,16816,40714,65535,65535,65535,65535,65535,65535
2026-07-31 09:57:56.881,64.32,50092,16816,40714,65535,65535,65535,65535,65535,65535
2026-07-31 09:57:56.931,64.37,50092,16816,40714,65535,65535,65535,65535,65535,65535
2026-07-31 09:57:56.965,64.4,50092,16816,40714,65535,65535,65535,65535,65535,65535
2026-07-31 09:57:57.019,64.46,50211,28742,29082,65535,65535,65535,65535,65535,65535
2026-07-31 09:57:57.074,64.51,50211,28742,29082,65535,65535,65535,65535,65535,65535
2026-07-31 09:57:57.126,64.56,50211,28742,29082,65535,65535,65535,65535,65535,65535
2026-07-31 09:57:57.174,64.61,50211,28742,29082,65535,65535,65535,65535,65535,65535
2026-07-31 09:57:57.225,64.66,50211,28742,29082,65535,65535,65535,65535,65535,65535
2026-07-31 09:57:57.273,64.71,50211,28742,29082,65535,65535,65535,65535,65535,65535
2026-07-31 09:57:57.325,64.76,50211,28742,29082,65535,65535,65535,65535,65535,65535
2026-07-31 09:57:57.386,64.82,50211,28742,29082,65535,65535,65535,65535,65535,65535
2026-07-31 09:57:57.430,64.87,50211,28742,29082,65535,65535,65535,65535,65535,65535
2026-07-31 09:57:57.469,64.91,50211,28742,29082,65535,65535,65535,65535,65535,65535
2026-07-31 09:57:57.516,64.95,50211,28742,29082,65535,65535,65535,65535,65535,65535
2026-07-31 09:57:57.574,65.01,63060,28742,33929,65535,65535,65535,65535,65535,65535
2026-07-31 09:57:57.624,65.06,63060,33533,33929,65535,65535,65535,65535,65535,65535
2026-07-31 09:57:57.670,65.11,63060,33533,33929,65535,65535,65535,65535,65535,65535
2026-07-31 09:57:57.722,65.16,63060,33533,33929,65535,65535,65535,65535,65535,65535
2026-07-31 09:57:57.770,65.21,63060,33533,33929,65535,65535,65535,65535,65535,65535
2026-07-31 09:57:57.826,65.26,63060,33533,33929,65535,65535,65535,65535,65535,65535
2026-07-31 09:57:57.876,65.31,63060,33533,33929,65535,65535,65535,65535,65535,65535
2026-07-31 09:57:57.924,65.36,63060,33533,33929,65535,65535,65535,65535,65535,65535
2026-07-31 09:57:57.962,65.4,63060,33533,33929,65535,65535,65535,65535,65535,65535
2026-07-31 09:57:58.009,65.45,63060,33533,33929,65535,65535,65535,65535,65535,65535
2026-07-31 09:57:58.055,65.49,63060,33533,33929,65535,65535,65535,65535,65535,65535
2026-07-31 09:57:58.106,65.54,63060,33533,33929,65535,65535,65535,65535,65535,65535
2026-07-31 09:57:58.168,65.61,62615,18398,33929,65535,65535,65535,65535,65535,65535
2026-07-31 09:57:58.215,65.65,62615,18398,33929,65535,65535,65535,65535,65535,65535
2026-07-31 09:57:58.274,65.71,62615,18398,33929,65535,65535,65535,65535,65535,65535
2026-07-31 09:57:58.322,65.76,62615,18398,33929,65535,65535,65535,65535,65535,65535
2026-07-31 09:57:58.375,65.81,62615,18398,33929,65535,65535,65535,65535,65535,65535
2026-07-31 09:57:58.419,65.86,62615,18398,33929,65535,65535,65535,65535,65535,65535
2026-07-31 09:57:58.457,65.89,62615,18398,33929,65535,65535,65535,65535,65535,65535
2026-07-31 09:57:58.494,65.93,62615,18398,33929,65535,65535,65535,65535,65535,65535
2026-07-31 09:57:58.541,65.98,62615,18398,33929,65535,65535,65535,65535,65535,65535
2026-07-31 09:57:58.594,66.03,62615,18398,33929,65535,65535,65535,65535,65535,65535
2026-07-31 09:57:58.644,66.08,62615,18398,33929,65535,65535,65535,65535,65535,65535
2026-07-31 09:57:58.693,66.13,50448,18398,40714,65535,65535,65535,65535,65535,65535
2026-07-31 09:57:58.746,66.18,50448,28742,40714,65535,65535,65535,65535,65535,65535
2026-07-31 09:57:58.798,66.24,50448,28742,40714,65535,65535,65535,65535,65535,65535
2026-07-31 09:57:58.845,66.28,50448,28742,40714,65535,65535,65535,65535,65535,65535
2026-07-31 09:57:58.900,66.34,50448,28742,40714,65535,65535,65535,65535,65535,65535
2026-07-31 09:57:58.956,66.39,50448,28742,40714,65535,65535,65535,65535,65535,65535
2026-07-31 09:57:58.995,66.43,50448,28742,40714,65535,65535,65535,65535,65535,65535
2026-07-31 09:57:59.079,66.52,50448,28742,40714,65535,65535,65535,65535,65535,65535
2026-07-31 09:57:59.128,66.57,50448,28742,40714,65535,65535,65535,65535,65535,65535
2026-07-31 09:57:59.183,66.62,50448,28742,40714,65535,65535,65535,65535,65535,65535
2026-07-31 09:57:59.233,66.67,50448,28742,33929,65535,65535,65535,65535,65535,65535
2026-07-31 09:57:59.279,66.72,62615,33830,33929,65535,65535,65535,65535,65535,65535
2026-07-31 09:57:59.327,66.77,62615,33830,33929,65535,65535,65535,65535,65535,65535
2026-07-31 09:57:59.374,66.81,62615,33830,33929,65535,65535,65535,65535,65535,65535
2026-07-31 09:57:59.426,66.86,62615,33830,33929,65535,65535,65535,65535,65535,65535
2026-07-31 09:57:59.466,66.9,62615,33830,33929,65535,65535,65535,65535,65535,65535
2026-07-31 09:57:59.519,66.96,62615,33830,33929,65535,65535,65535,65535,65535,65535
2026-07-31 09:57:59.580,67.02,62615,33830,33929,65535,65535,65535,65535,65535,65535
2026-07-31 09:57:59.633,67.07,62615,33830,33929,65535,65535,65535,65535,65535,65535
2026-07-31 09:57:59.685,67.12,62615,33830,33929,65535,65535,65535,65535,65535,65535
2026-07-31 09:57:59.735,67.17,62615,33830,33929,65535,65535,65535,65535,65535,65535
2026-07-31 09:57:59.797,67.24,62615,33830,40596,65535,65535,65535,65535,65535,65535
2026-07-31 09:57:59.847,67.29,50448,20238,40596,65535,65535,65535,65535,65535,65535
2026-07-31 09:57:59.906,67.34,50448,20238,40596,65535,65535,65535,65535,65535,65535
2026-07-31 09:57:59.947,67.38,50448,20238,40596,65535,65535,65535,65535,65535,65535
2026-07-31 09:57:59.983,67.42,50448,20238,40596,65535,65535,65535,65535,65535,65535
2026-07-31 09:58:00.032,67.47,50448,20238,40596,65535,65535,65535,65535,65535,65535
2026-07-31 09:58:00.085,67.52,50448,20238,40596,65535,65535,65535,65535,65535,65535
2026-07-31 09:58:00.131,67.57,50448,20238,40596,65535,65535,65535,65535,65535,65535
2026-07-31 09:58:00.179,67.62,50448,20238,40596,65535,65535,65535,65535,65535,65535
2026-07-31 09:58:00.227,67.67,50448,20238,40596,65535,65535,65535,65535,65535,65535
2026-07-31 09:58:00.279,67.72,50448,20238,40596,65535,65535,65535,65535,65535,65535
2026-07-31 09:58:00.327,67.77,50448,20238,40596,65535,65535,65535,65535,65535,65535
2026-07-31 09:58:00.374,67.81,49855,20238,33929,65535,65535,65535,65535,65535,65535
2026-07-31 09:58:00.420,67.86,49855,16816,33929,65535,65535,65535,65535,65535,65535
2026-07-31 09:58:00.459,67.9,49855,16816,33929,65535,65535,65535,65535,65535,65535
2026-07-31 09:58:00.495,67.93,49855,16816,33929,65535,65535,65535,65535,65535,65535
2026-07-31 09:58:00.554,67.99,49855,16816,33929,65535,65535,65535,65535,65535,65535
2026-07-31 09:58:00.603,68.04,49855,16816,33929,65535,65535,65535,65535,65535,65535
2026-07-31 09:58:00.658,68.1,49855,16816,33929,65535,65535,65535,65535,65535,65535
2026-07-31 09:58:00.711,68.15,49855,16816,33929,65535,65535,65535,65535,65535,65535
2026-07-31 09:58:00.758,68.2,49855,16816,33929,65535,65535,65535,65535,65535,65535
2026-07-31 09:58:00.805,68.24,49855,16816,33929,65535,65535,65535,65535,65535,65535
2026-07-31 09:58:00.850,68.29,49855,16816,33929,65535,65535,65535,65535,65535,65535
2026-07-31 09:58:00.900,68.34,49855,16816,33929,65535,65535,65535,65535,65535,65535
2026-07-31 09:58:00.950,68.39,49617,16816,33830,65535,65535,65535,65535,65535,65535
2026-07-31 09:58:00.985,68.42,49617,28742,33830,65535,65535,65535,65535,65535,65535
2026-07-31 09:58:01.032,68.47,49617,28742,33830,65535,65535,65535,65535,65535,65535
2026-07-31 09:58:01.079,68.52,49617,28742,33830,65535,65535,65535,65535,65535,65535
2026-07-31 09:58:01.127,68.57,49617,28742,33830,65535,65535,65535,65535,65535,65535
2026-07-31 09:58:01.175,68.61,49617,28742,33830,65535,65535,65535,65535,65535,65535
2026-07-31 09:58:01.222,68.66,49617,28742,33830,65535,65535,65535,65535,65535,65535
2026-07-31 09:58:01.273,68.71,49617,28742,33830,65535,65535,65535,65535,65535,65535
2026-07-31 09:58:01.339,68.78,49617,28742,33830,65535,65535,65535,65535,65535,65535
2026-07-31 09:58:01.391,68.83,49617,28742,33830,65535,65535,65535,65535,65535,65535
2026-07-31 09:58:01.445,68.88,49617,28742,33830,65535,65535,65535,65535,65535,65535
2026-07-31 09:58:01.481,68.92,49617,28742,33929,65535,65535,65535,65535,65535,65535
2026-07-31 09:58:01.530,68.97,62467,28742,33929,65535,65535,65535,65535,65535,65535
2026-07-31 09:58:01.583,69.02,62467,28742,33929,65535,65535,65535,65535,65535,65535
2026-07-31 09:58:01.634,69.07,62467,28742,33929,65535,65535,65535,65535,65535,65535
2026-07-31 09:58:01.684,69.12,62467,28742,33929,65535,65535,65535,65535,65535,65535
2026-07-31 09:58:01.739,69.18,62467,28742,33929,65535,65535,65535,65535,65535,65535
2026-07-31 09:58:01.790,69.23,62467,28742,33929,65535,65535,65535,65535,65535,65535
2026-07-31 09:58:01.836,69.27,62467,28742,33929,65535,65535,65535,65535,65535,65535
2026-07-31 09:58:01.888,69.33,62467,28742,33929,65535,65535,65535,65535,65535,65535
2026-07-31 09:58:01.935,69.37,62467,28742,33929,65535,65535,65535,65535,65535,65535
2026-07-31 09:58:01.970,69.41,62467,28742,33929,65535,65535,65535,65535,65535,65535
2026-07-31 09:58:02.006,69.44,62467,28742,33929,65535,65535,65535,65535,65535,65535
2026-07-31 09:58:02.057,69.49,62467,28742,33929,65535,65535,65535,65535,65535,65535
2026-07-31 09:58:02.118,69.56,50329,33533,33929,65535,65535,65535,65535,65535,65535
2026-07-31 09:58:02.166,69.6,50329,33533,33929,65535,65535,65535,65535,65535,65535
2026-07-31 09:58:02.222,69.66,50329,33533,33929,65535,65535,65535,65535,65535,65535
2026-07-31 09:58:02.270,69.71,50329,33533,33929,65535,65535,65535,65535,65535,65535
2026-07-31 09:58:02.324,69.76,50329,33533,33929,65535,65535,65535,65535,65535,65535
2026-07-31 09:58:02.372,69.81,50329,33533,33929,65535,65535,65535,65535,65535,65535
2026-07-31 09:58:02.425,69.86,50329,33533,33929,65535,65535,65535,65535,65535,65535
2026-07-31 09:58:02.465,69.9,50329,33533,33929,65535,65535,65535,65535,65535,65535
2026-07-31 09:58:02.500,69.94,50329,33533,33929,65535,65535,65535,65535,65535,65535
2026-07-31 09:58:02.547,69.99,50329,33533,33929,65535,65535,65535,65535,65535,65535
2026-07-31 09:58:02.595,70.03,50329,33533,33929,65535,65535,65535,65535,65535,65535
2026-07-31 09:58:02.644,70.08,50092,33533,40714,65535,65535,65535,65535,65535,65535
2026-07-31 09:58:02.696,70.13,50092,33533,40714,65535,65535,65535,65535,65535,65535
2026-07-31 09:58:02.739,70.18,50092,33533,40714,65535,65535,65535,65535,65535,65535
2026-07-31 09:58:02.793,70.23,50092,33533,40714,65535,65535,65535,65535,65535,65535
2026-07-31 09:58:02.851,70.29,50092,33533,40714,65535,65535,65535,65535,65535,65535
2026-07-31 09:58:02.907,70.35,50092,33533,40714,65535,65535,65535,65535,65535,65535
2026-07-31 09:58:02.948,70.39,50092,33533,40714,65535,65535,65535,65535,65535,65535
2026-07-31 09:58:02.987,70.43,50092,33533,40714,65535,65535,65535,65535,65535,65535
2026-07-31 09:58:03.034,70.47,50092,33533,40714,65535,65535,65535,65535,65535,65535
2026-07-31 09:58:03.085,70.52,50092,33533,40714,65535,65535,65535,65535,65535,65535
2026-07-31 09:58:03.134,70.57,50092,33533,40714,65535,65535,65535,65535,65535,65535
2026-07-31 09:58:03.187,70.63,50092,33533,40714,65535,65535,65535,65535,65535,65535
2026-07-31 09:58:03.234,70.67,62763,33533,40714,65535,65535,65535,65535,65535,65535
2026-07-31 09:58:03.286,70.72,62763,33533,40714,65535,65535,65535,65535,65535,65535
2026-07-31 09:58:03.333,70.77,62763,33533,40714,65535,65535,65535,65535,65535,65535
2026-07-31 09:58:03.384,70.82,62763,33533,40714,65535,65535,65535,65535,65535,65535
2026-07-31 09:58:03.435,70.87,62763,33533,40714,65535,65535,65535,65535,65535,65535
2026-07-31 09:58:03.474,70.91,62763,33533,40714,65535,65535,65535,65535,65535,65535
2026-07-31 09:58:03.520,70.96,62763,33533,40714,65535,65535,65535,65535,65535,65535
2026-07-31 09:58:03.570,71.01,62763,33533,40714,65535,65535,65535,65535,65535,65535
2026-07-31 09:58:03.631,71.07,62763,33533,40714,65535,65535,65535,65535,65535,65535
2026-07-31 09:58:03.693,71.13,62763,33533,40714,65535,65535,65535,65535,65535,65535
2026-07-31 09:58:03.740,71.18,62763,33533,33830,65535,65535,65535,65535,65535,65535
2026-07-31 09:58:03.792,71.23,50211,33533,33830,65535,65535,65535,65535,65535,65535
2026-07-31 09:58:03.839,71.28,50211,33533,33830,65535,65535,65535,65535,65535,65535
2026-07-31 09:58:03.888,71.33,50211,33533,33830,65535,65535,65535,65535,65535,65535
2026-07-31 09:58:03.937,71.37,50211,33533,33830,65535,65535,65535,65535,65535,65535
2026-07-31 09:58:03.976,71.41,50211,33533,33830,65535,65535,65535,65535,65535,65535
2026-07-31 09:58:04.025,71.46,50211,33533,33830,65535,65535,65535,65535,65535,65535
2026-07-31 09:58:04.076,71.51,50211,33533,33830,65535,65535,65535,65535,65535,65535
2026-07-31 09:58:04.125,71.56,50211,33533,33830,65535,65535,65535,65535,65535,65535
2026-07-31 09:58:04.171,71.61,50211,33533,33830,65535,65535,65535,65535,65535,65535
2026-07-31 09:58:04.218,71.66,50211,33533,33830,65535,65535,65535,65535,65535,65535
2026-07-31 09:58:04.267,71.71,50211,33533,33830,65535,65535,65535,65535,65535,65535
2026-07-31 09:58:04.315,71.75,50211,33533,40714,65535,65535,65535,65535,65535,65535
2026-07-31 09:58:04.363,71.8,62615,28827,40714,65535,65535,65535,65535,65535,65535
2026-07-31 09:58:04.411,71.85,62615,28827,40714,65535,65535,65535,65535,65535,65535
2026-07-31 09:58:04.462,71.9,62615,28827,40714,65535,65535,65535,65535,65535,65535
2026-07-31 09:58:04.498,71.94,62615,28827,40714,65535,65535,65535,65535,65535,65535
2026-07-31 09:58:04.552,71.99,62615,28827,40714,65535,65535,65535,65535,65535,65535
2026-07-31 09:58:04.598,72.04,62615,28827,40714,65535,65535,65535,65535,65535,65535
2026-07-31 09:58:04.644,72.08,62615,28827,40714,65535,65535,65535,65535,65535,65535
2026-07-31 09:58:04.691,72.13,62615,28827,40714,65535,65535,65535,65535,65535,65535
2026-07-31 09:58:04.744,72.18,62615,28827,40714,65535,65535,65535,65535,65535,65535
2026-07-31 09:58:04.795,72.23,62615,28827,40714,65535,65535,65535,65535,65535,65535
2026-07-31 09:58:04.841,72.28,62615,28827,40714,65535,65535,65535,65535,65535,65535
2026-07-31 09:58:04.888,72.33,62763,28827,40714,65535,65535,65535,65535,65535,65535
2026-07-31 09:58:04.938,72.38,62763,28742,40714,65535,65535,65535,65535,65535,65535
2026-07-31 09:58:04.972,72.41,62763,28742,40714,65535,65535,65535,65535,65535,65535
2026-07-31 09:58:05.021,72.46,62763,28742,40714,65535,65535,65535,65535,65535,65535
2026-07-31 09:58:05.073,72.51,62763,28742,40714,65535,65535,65535,65535,65535,65535
2026-07-31 09:58:05.117,72.56,62763,28742,40714,65535,65535,65535,65535,65535,65535
2026-07-31 09:58:05.176,72.61,62763,28742,40714,65535,65535,65535,65535,65535,65535
2026-07-31 09:58:05.239,72.68,62763,28742,40714,65535,65535,65535,65535,65535,65535
2026-07-31 09:58:05.286,72.72,62763,28742,40714,65535,65535,65535,65535,65535,65535
2026-07-31 09:58:05.341,72.78,62763,28742,40714,65535,65535,65535,65535,65535,65535
2026-07-31 09:58:05.393,72.83,62763,28742,40714,65535,65535,65535,65535,65535,65535
2026-07-31 09:58:05.449,72.89,50329,28742,40358,65535,65535,65535,65535,65535,65535
2026-07-31 09:58:05.486,72.92,50329,33533,40358,65535,65535,65535,65535,65535,65535
2026-07-31 09:58:05.532,72.97,50329,33533,40358,65535,65535,65535,65535,65535,65535
2026-07-31 09:58:05.585,73.02,50329,33533,40358,65535,65535,65535,65535,65535,65535
2026-07-31 09:58:05.636,73.07,50329,33533,40358,65535,65535,65535,65535,65535,65535
2026-07-31 09:58:05.681,73.12,50329,33533,40358,65535,65535,65535,65535,65535,65535
2026-07-31 09:58:05.730,73.17,50329,33533,40358,65535,65535,65535,65535,65535,65535
2026-07-31 09:58:05.780,73.22,50329,33533,40358,65535,65535,65535,65535,65535,65535
2026-07-31 09:58:05.833,73.27,50329,33533,40358,65535,65535,65535,65535,65535,65535
2026-07-31 09:58:05.885,73.32,50329,33533,40358,65535,65535,65535,65535,65535,65535
2026-07-31 09:58:05.935,73.37,50329,33533,40358,65535,65535,65535,65535,65535,65535
2026-07-31 09:58:05.973,73.41,50329,33533,40358,65535,65535,65535,65535,65535,65535
2026-07-31 09:58:06.037,73.47,55434,28742,40714,65535,65535,65535,65535,65535,65535
2026-07-31 09:58:06.085,73.52,55434,28742,40714,65535,65535,65535,65535,65535,65535
2026-07-31 09:58:06.146,73.58,55434,28742,40714,65535,65535,65535,65535,65535,65535
2026-07-31 09:58:06.196,73.63,55434,28742,40714,65535,65535,65535,65535,65535,65535
2026-07-31 09:58:06.243,73.68,55434,28742,40714,65535,65535,65535,65535,65535,65535
2026-07-31 09:58:06.298,73.74,55434,28742,40714,65535,65535,65535,65535,65535,65535
2026-07-31 09:58:06.348,73.79,55434,28742,40714,65535,65535,65535,65535,65535,65535
2026-07-31 09:58:06.399,73.84,55434,28742,40714,65535,65535,65535,65535,65535,65535
2026-07-31 09:58:06.451,73.89,55434,28742,40714,65535,65535,65535,65535,65535,65535
2026-07-31 09:58:06.486,73.92,55434,28742,40714,65535,65535,65535,65535,65535,65535
2026-07-31 09:58:06.533,73.97,55434,28742,40714,65535,65535,65535,65535,65535,65535
2026-07-31 09:58:06.580,74.02,62763,28742,33929,65535,65535,65535,65535,65535,65535
2026-07-31 09:58:06.629,74.07,62763,33533,33929,65535,65535,65535,65535,65535,65535
2026-07-31 09:58:06.678,74.12,62763,33533,33929,65535,65535,65535,65535,65535,65535
2026-07-31 09:58:06.727,74.17,62763,33533,33929,65535,65535,65535,65535,65535,65535
2026-07-31 09:58:06.780,74.22,62763,33533,33929,65535,65535,65535,65535,65535,65535
2026-07-31 09:58:06.837,74.27,62763,33533,33929,65535,65535,65535,65535,65535,65535
2026-07-31 09:58:06.888,74.33,62763,33533,33929,65535,65535,65535,65535,65535,65535
2026-07-31 09:58:06.942,74.38,62763,33533,33929,65535,65535,65535,65535,65535,65535
2026-07-31 09:58:06.981,74.42,62763,33533,33929,65535,65535,65535,65535,65535,65535
2026-07-31 09:58:07.032,74.47,62763,33533,33929,65535,65535,65535,65535,65535,65535
2026-07-31 09:58:07.082,74.52,62763,33533,33929,65535,65535,65535,65535,65535,65535
2026-07-31 09:58:07.139,74.58,50329,33533,40714,65535,65535,65535,65535,65535,65535
2026-07-31 09:58:07.192,74.63,50329,28742,40714,65535,65535,65535,65535,65535,65535
2026-07-31 09:58:07.244,74.68,50329,28742,40714,65535,65535,65535,65535,65535,65535
2026-07-31 09:58:07.293,74.73,50329,28742,40714,65535,65535,65535,65535,65535,65535
2026-07-31 09:58:07.345,74.78,50329,28742,40714,65535,65535,65535,65535,65535,65535
2026-07-31 09:58:07.394,74.83,50329,28742,40714,65535,65535,65535,65535,65535,65535
2026-07-31 09:58:07.445,74.88,50329,28742,40714,65535,65535,65535,65535,65535,65535
2026-07-31 09:58:07.483,74.92,50329,28742,40714,65535,65535,65535,65535,65535,65535
2026-07-31 09:58:07.531,74.97,50329,28742,40714,65535,65535,65535,65535,65535,65535
2026-07-31 09:58:07.583,75.02,50329,28742,40714,65535,65535,65535,65535,65535,65535
2026-07-31 09:58:07.644,75.08,50329,28742,40714,65535,65535,65535,65535,65535,65535
2026-07-31 09:58:07.689,75.13,50211,28742,33830,65535,65535,65535,65535,65535,65535
2026-07-31 09:58:07.744,75.18,50211,33533,33830,65535,65535,65535,65535,65535,65535
2026-07-31 09:58:07.795,75.23,50211,33533,33830,65535,65535,65535,65535,65535,65535
2026-07-31 09:58:07.844,75.28,50211,33533,33830,65535,65535,65535,65535,65535,65535
2026-07-31 09:58:07.895,75.33,50211,33533,33830,65535,65535,65535,65535,65535,65535
2026-07-31 09:58:07.947,75.39,50211,33533,33830,65535,65535,65535,65535,65535,65535
2026-07-31 09:58:07.983,75.42,50211,33533,33830,65535,65535,65535,65535,65535,65535
2026-07-31 09:58:08.028,75.47,50211,33533,33830,65535,65535,65535,65535,65535,65535
2026-07-31 09:58:08.079,75.52,50211,33533,33830,65535,65535,65535,65535,65535,65535
2026-07-31 09:58:08.125,75.56,50211,33533,33830,65535,65535,65535,65535,65535,65535
2026-07-31 09:58:08.174,75.61,50211,33533,33830,65535,65535,65535,65535,65535,65535
2026-07-31 09:58:08.221,75.66,50211,33533,33830,65535,65535,65535,65535,65535,65535
2026-07-31 09:58:08.269,75.71,62912,33533,33929,65535,65535,65535,65535,65535,65535
2026-07-31 09:58:08.316,75.75,62912,33533,33929,65535,65535,65535,65535,65535,65535
2026-07-31 09:58:08.372,75.81,62912,33533,33929,65535,65535,65535,65535,65535,65535
2026-07-31 09:58:08.429,75.87,62912,33533,33929,65535,65535,65535,65535,65535,65535
2026-07-31 09:58:08.467,75.9,62912,33533,33929,65535,65535,65535,65535,65535,65535
2026-07-31 09:58:08.521,75.96,62912,33533,33929,65535,65535,65535,65535,65535,65535
2026-07-31 09:58:08.567,76.01,62912,33533,33929,65535,65535,65535,65535,65535,65535
2026-07-31 09:58:08.617,76.05,62912,33533,33929,65535,65535,65535,65535,65535,65535
2026-07-31 09:58:08.665,76.1,62912,33533,33929,65535,65535,65535,65535,65535,65535
2026-07-31 09:58:08.712,76.15,62912,33533,33929,65535,65535,65535,65535,65535,65535
2026-07-31 09:58:08.759,76.2,62912,33533,33929,65535,65535,65535,65535,65535,65535
2026-07-31 09:58:08.808,76.25,62912,33533,33929,65535,65535,65535,65535,65535,65535
2026-07-31 09:58:08.852,76.29,62615,18344,33929,65535,65535,65535,65535,65535,65535
2026-07-31 09:58:08.900,76.34,62615,18344,33929,65535,65535,65535,65535,65535,65535
2026-07-31 09:58:08.954,76.39,62615,18344,33929,65535,65535,65535,65535,65535,65535
2026-07-31 09:58:08.993,76.43,62615,18344,33929,65535,65535,65535,65535,65535,65535
2026-07-31 09:58:09.040,76.48,62615,18344,33929,65535,65535,65535,65535,65535,65535
2026-07-31 09:58:09.088,76.53,62615,18344,33929,65535,65535,65535,65535,65535,65535
2026-07-31 09:58:09.143,76.58,62615,18344,33929,65535,65535,65535,65535,65535,65535
2026-07-31 09:58:09.199,76.64,62615,18344,33929,65535,65535,65535,65535,65535,65535
2026-07-31 09:58:09.247,76.68,62615,18344,33929,65535,65535,65535,65535,65535,65535
2026-07-31 09:58:09.302,76.74,62615,18344,33929,65535,65535,65535,65535,65535,65535
2026-07-31 09:58:09.348,76.79,62615,18344,33929,65535,65535,65535,65535,65535,65535
2026-07-31 09:58:09.398,76.84,50211,18344,33929,65535,65535,65535,65535,65535,65535
2026-07-31 09:58:09.448,76.89,50211,28742,33929,65535,65535,65535,65535,65535,65535
2026-07-31 09:58:09.486,76.92,50211,28742,33929,65535,65535,65535,65535,65535,65535
2026-07-31 09:58:09.532,76.97,50211,28742,33929,65535,65535,65535,65535,65535,65535
2026-07-31 09:58:09.584,77.02,50211,28742,33929,65535,65535,65535,65535,65535,65535
2026-07-31 09:58:09.635,77.07,50211,28742,33929,65535,65535,65535,65535,65535,65535
2026-07-31 09:58:09.683,77.12,50211,28742,33929,65535,65535,65535,65535,65535,65535
2026-07-31 09:58:09.732,77.17,50211,28742,33929,65535,65535,65535,65535,65535,65535
2026-07-31 09:58:09.778,77.22,50211,28742,33929,65535,65535,65535,65535,65535,65535
2026-07-31 09:58:09.830,77.27,50211,28742,33929,65535,65535,65535,65535,65535,65535
2026-07-31 09:58:09.878,77.32,50211,28742,33929,65535,65535,65535,65535,65535,65535
2026-07-31 09:58:09.929,77.37,50211,28742,33929,65535,65535,65535,65535,65535,65535
2026-07-31 09:58:09.971,77.41,62615,22355,33929,65535,65535,65535,65535,65535,65535
2026-07-31 09:58:10.010,77.45,62615,22355,33929,65535,65535,65535,65535,65535,65535
2026-07-31 09:58:10.066,77.5,62615,22355,33929,65535,65535,65535,65535,65535,65535
2026-07-31 09:58:10.113,77.55,62615,22355,33929,65535,65535,65535,65535,65535,65535
2026-07-31 09:58:10.164,77.6,62615,22355,33929,65535,65535,65535,65535,65535,65535
2026-07-31 09:58:10.212,77.65,62615,22355,33929,65535,65535,65535,65535,65535,65535
2026-07-31 09:58:10.262,77.7,62615,22355,33929,65535,65535,65535,65535,65535,65535
2026-07-31 09:58:10.313,77.75,62615,22355,33929,65535,65535,65535,65535,65535,65535
2026-07-31 09:58:10.361,77.8,62615,22355,33929,65535,65535,65535,65535,65535,65535
2026-07-31 09:58:10.409,77.85,62615,22355,33929,65535,65535,65535,65535,65535,65535
2026-07-31 09:58:10.457,77.9,62615,22355,33929,65535,65535,65535,65535,65535,65535
2026-07-31 09:58:10.494,77.93,62615,22355,40714,65535,65535,65535,65535,65535,65535
2026-07-31 09:58:10.541,77.98,62615,33533,40714,65535,65535,65535,65535,65535,65535
2026-07-31 09:58:10.587,78.03,62615,33533,40714,65535,65535,65535,65535,65535,65535
2026-07-31 09:58:10.635,78.07,62615,33533,40714,65535,65535,65535,65535,65535,65535
2026-07-31 09:58:10.682,78.12,62615,33533,40714,65535,65535,65535,65535,65535,65535
2026-07-31 09:58:10.739,78.18,62615,33533,40714,65535,65535,65535,65535,65535,65535
2026-07-31 09:58:10.787,78.23,62615,33533,40714,65535,65535,65535,65535,65535,65535
2026-07-31 09:58:10.844,78.28,62615,33533,40714,65535,65535,65535,65535,65535,65535
2026-07-31 09:58:10.889,78.33,62615,33533,40714,65535,65535,65535,65535,65535,65535
2026-07-31 09:58:10.940,78.38,62615,33533,40714,65535,65535,65535,65535,65535,65535
2026-07-31 09:58:10.980,78.42,62615,33533,40714,65535,65535,65535,65535,65535,65535
2026-07-31 09:58:11.027,78.46,62615,33533,40714,65535,65535,65535,65535,65535,65535
2026-07-31 09:58:11.077,78.52,62763,33533,33830,65535,65535,65535,65535,65535,65535
2026-07-31 09:58:11.131,78.57,62763,33533,33830,65535,65535,65535,65535,65535,65535
2026-07-31 09:58:11.179,78.62,62763,33533,33830,65535,65535,65535,65535,65535,65535
2026-07-31 09:58:11.228,78.67,62763,33533,33830,65535,65535,65535,65535,65535,65535
2026-07-31 09:58:11.284,78.72,62763,33533,33830,65535,65535,65535,65535,65535,65535
2026-07-31 09:58:11.334,78.77,62763,33533,33830,65535,65535,65535,65535,65535,65535
2026-07-31 09:58:11.384,78.82,62763,33533,33830,65535,65535,65535,65535,65535,65535
2026-07-31 09:58:11.430,78.87,62763,33533,33830,65535,65535,65535,65535,65535,65535
2026-07-31 09:58:11.467,78.91,62763,33533,33830,65535,65535,65535,65535,65535,65535
2026-07-31 09:58:11.504,78.94,62763,33533,33830,65535,65535,65535,65535,65535,65535
2026-07-31 09:58:11.554,78.99,62763,33533,33830,65535,65535,65535,65535,65535,65535
2026-07-31 09:58:11.613,79.05,62763,33533,33830,65535,65535,65535,65535,65535,65535
2026-07-31 09:58:11.664,79.1,50329,33533,33929,65535,65535,65535,65535,65535,65535
2026-07-31 09:58:11.714,79.15,50329,33533,33929,65535,65535,65535,65535,65535,65535
2026-07-31 09:58:11.764,79.2,50329,33533,33929,65535,65535,65535,65535,65535,65535
2026-07-31 09:58:11.814,79.25,50329,33533,33929,65535,65535,65535,65535,65535,65535
2026-07-31 09:58:11.861,79.3,50329,33533,33929,65535,65535,65535,65535,65535,65535
2026-07-31 09:58:11.912,79.35,50329,33533,33929,65535,65535,65535,65535,65535,65535
2026-07-31 09:58:11.965,79.4,50329,33533,33929,65535,65535,65535,65535,65535,65535
2026-07-31 09:58:12.005,79.44,50329,33533,33929,65535,65535,65535,65535,65535,65535
2026-07-31 09:58:12.061,79.5,50329,33533,33929,65535,65535,65535,65535,65535,65535
2026-07-31 09:58:12.114,79.55,50329,33533,33929,65535,65535,65535,65535,65535,65535
2026-07-31 09:58:12.160,79.6,50329,33533,33929,65535,65535,65535,65535,65535,65535
2026-07-31 09:58:12.208,79.65,62615,33533,33929,65535,65535,65535,65535,65535,65535
2026-07-31 09:58:12.256,79.69,62615,28742,33929,65535,65535,65535,65535,65535,65535
2026-07-31 09:58:12.316,79.75,62615,28742,33929,65535,65535,65535,65535,65535,65535
2026-07-31 09:58:12.362,79.8,62615,28742,33929,65535,65535,65535,65535,65535,65535
2026-07-31 09:58:12.417,79.86,62615,28742,33929,65535,65535,65535,65535,65535,65535
2026-07-31 09:58:12.470,79.91,62615,28742,33929,65535,65535,65535,65535,65535,65535
2026-07-31 09:58:12.505,79.94,62615,28742,33929,65535,65535,65535,65535,65535,65535
2026-07-31 09:58:12.555,79.99,62615,28742,33929,65535,65535,65535,65535,65535,65535
2026-07-31 09:58:12.608,80.05,62615,28742,33929,65535,65535,65535,65535,65535,65535
2026-07-31 09:58:12.655,80.09,62615,28742,33929,65535,65535,65535,65535,65535,65535
2026-07-31 09:58:12.701,80.14,62615,28742,33929,65535,65535,65535,65535,65535,65535
2026-07-31 09:58:12.750,80.19,62615,28742,33929,65535,65535,65535,65535,65535,65535
2026-07-31 09:58:12.798,80.24,50092,33533,33929,65535,65535,65535,65535,65535,65535
2026-07-31 09:58:12.848,80.29,50092,33533,33929,65535,65535,65535,65535,65535,65535
2026-07-31 09:58:12.897,80.34,50092,33533,33929,65535,65535,65535,65535,65535,65535
2026-07-31 09:58:12.944,80.38,50092,33533,33929,65535,65535,65535,65535,65535,65535
2026-07-31 09:58:12.983,80.42,50092,33533,33929,65535,65535,65535,65535,65535,65535
2026-07-31 09:58:13.018,80.46,50092,33533,33929,65535,65535,65535,65535,65535,65535
2026-07-31 09:58:13.074,80.51,50092,33533,33929,65535,65535,65535,65535,65535,65535
2026-07-31 09:58:13.124,80.56,50092,33533,33929,65535,65535,65535,65535,65535,65535
2026-07-31 09:58:13.187,80.62,50092,33533,33929,65535,65535,65535,65535,65535,65535
2026-07-31 09:58:13.271,80.71,50092,33533,33929,65535,65535,65535,65535,65535,65535
2026-07-31 09:58:13.325,80.76,50092,33533,40714,65535,65535,65535,65535,65535,65535
2026-07-31 09:58:13.373,80.81,50211,28742,40714,65535,65535,65535,65535,65535,65535
2026-07-31 09:58:13.427,80.87,50211,28742,40714,65535,65535,65535,65535,65535,65535
2026-07-31 09:58:13.480,80.92,50211,28742,40714,65535,65535,65535,65535,65535,65535
2026-07-31 09:58:13.520,80.96,50211,28742,40714,65535,65535,65535,65535,65535,65535
2026-07-31 09:58:13.563,81.0,50211,28742,40714,65535,65535,65535,65535,65535,65535
2026-07-31 09:58:13.614,81.05,50211,28742,40714,65535,65535,65535,65535,65535,65535
2026-07-31 09:58:13.661,81.1,50211,28742,40714,65535,65535,65535,65535,65535,65535
2026-07-31 09:58:13.711,81.15,50211,28742,40714,65535,65535,65535,65535,65535,65535
2026-07-31 09:58:13.763,81.2,50211,28742,40714,65535,65535,65535,65535,65535,65535
2026-07-31 09:58:13.810,81.25,50211,28742,40714,65535,65535,65535,65535,65535,65535
2026-07-31 09:58:13.861,81.3,50211,28742,40714,65535,65535,65535,65535,65535,65535
2026-07-31 09:58:13.923,81.36,49973,33533,33929,65535,65535,65535,65535,65535,65535
2026-07-31 09:58:13.968,81.41,49973,33533,33929,65535,65535,65535,65535,65535,65535
2026-07-31 09:58:14.006,81.44,49973,33533,33929,65535,65535,65535,65535,65535,65535
2026-07-31 09:58:14.041,81.48,49973,33533,33929,65535,65535,65535,65535,65535,65535
2026-07-31 09:58:14.094,81.53,49973,33533,33929,65535,65535,65535,65535,65535,65535
2026-07-31 09:58:14.144,81.58,49973,33533,33929,65535,65535,65535,65535,65535,65535
2026-07-31 09:58:14.196,81.63,49973,33533,33929,65535,65535,65535,65535,65535,65535
2026-07-31 09:58:14.246,81.68,49973,33533,33929,65535,65535,65535,65535,65535,65535
2026-07-31 09:58:14.300,81.74,49973,33533,33929,65535,65535,65535,65535,65535,65535
2026-07-31 09:58:14.351,81.79,49973,33533,33929,65535,65535,65535,65535,65535,65535
2026-07-31 09:58:14.396,81.83,49973,33533,33929,65535,65535,65535,65535,65535,65535
2026-07-31 09:58:14.446,81.88,49973,33533,40714,65535,65535,65535,65535,65535,65535
2026-07-31 09:58:14.496,81.93,50329,33533,40714,65535,65535,65535,65535,65535,65535
2026-07-31 09:58:14.535,81.97,50329,33533,40714,65535,65535,65535,65535,65535,65535
2026-07-31 09:58:14.581,82.02,50329,33533,40714,65535,65535,65535,65535,65535,65535
2026-07-31 09:58:14.630,82.07,50329,33533,40714,65535,65535,65535,65535,65535,65535
2026-07-31 09:58:14.684,82.12,50329,33533,40714,65535,65535,65535,65535,65535,65535
2026-07-31 09:58:14.737,82.18,50329,33533,40714,65535,65535,65535,65535,65535,65535
2026-07-31 09:58:14.794,82.23,50329,33533,40714,65535,65535,65535,65535,65535,65535
2026-07-31 09:58:14.845,82.28,50329,33533,40714,65535,65535,65535,65535,65535,65535
2026-07-31 09:58:14.896,82.33,50329,33533,40714,65535,65535,65535,65535,65535,65535
2026-07-31 09:58:14.945,82.38,50329,33533,40714,65535,65535,65535,65535,65535,65535
2026-07-31 09:58:14.994,82.43,50329,33533,33830,65535,65535,65535,65535,65535,65535
2026-07-31 09:58:15.034,82.47,49973,28742,33830,65535,65535,65535,65535,65535,65535
2026-07-31 09:58:15.079,82.52,49973,28742,33830,65535,65535,65535,65535,65535,65535
2026-07-31 09:58:15.128,82.57,49973,28742,33830,65535,65535,65535,65535,65535,65535
2026-07-31 09:58:15.175,82.61,49973,28742,33830,65535,65535,65535,65535,65535,65535
2026-07-31 09:58:15.229,82.67,49973,28742,33830,65535,65535,65535,65535,65535,65535
2026-07-31 09:58:15.280,82.72,49973,28742,33830,65535,65535,65535,65535,65535,65535
2026-07-31 09:58:15.333,82.77,49973,28742,33830,65535,65535,65535,65535,65535,65535
2026-07-31 09:58:15.411,82.85,49973,28742,33830,65535,65535,65535,65535,65535,65535
2026-07-31 09:58:15.464,82.9,49973,28742,33830,65535,65535,65535,65535,65535,65535
2026-07-31 09:58:15.503,82.94,49973,28742,33830,65535,65535,65535,65535,65535,65535
2026-07-31 09:58:15.538,82.98,49973,28742,33830,65535,65535,65535,65535,65535,65535
2026-07-31 09:58:15.598,83.04,62467,28742,33830,65535,65535,65535,65535,65535,65535
2026-07-31 09:58:15.660,83.1,62467,28742,33830,65535,65535,65535,65535,65535,65535
2026-07-31 09:58:15.709,83.15,62467,28742,33830,65535,65535,65535,65535,65535,65535
2026-07-31 09:58:15.756,83.19,62467,28742,33830,65535,65535,65535,65535,65535,65535
2026-07-31 09:58:15.807,83.25,62467,28742,33830,65535,65535,65535,65535,65535,65535
2026-07-31 09:58:15.859,83.3,62467,28742,33830,65535,65535,65535,65535,65535,65535
2026-07-31 09:58:15.906,83.34,62467,28742,33830,65535,65535,65535,65535,65535,65535
2026-07-31 09:58:15.950,83.39,62467,28742,33830,65535,65535,65535,65535,65535,65535
2026-07-31 09:58:16.000,83.44,62467,28742,33830,65535,65535,65535,65535,65535,65535
2026-07-31 09:58:16.041,83.48,62467,28742,33830,65535,65535,65535,65535,65535,65535
2026-07-31 09:58:16.092,83.53,62467,28742,33830,65535,65535,65535,65535,65535,65535
2026-07-31 09:58:16.143,83.58,62912,28742,33929,65535,65535,65535,65535,65535,65535
2026-07-31 09:58:16.194,83.63,62912,33533,33929,65535,65535,65535,65535,65535,65535
2026-07-31 09:58:16.244,83.68,62912,33533,33929,65535,65535,65535,65535,65535,65535
2026-07-31 09:58:16.310,83.75,62912,33533,33929,65535,65535,65535,65535,65535,65535
2026-07-31 09:58:16.362,83.8,62912,33533,33929,65535,65535,65535,65535,65535,65535
2026-07-31 09:58:16.421,83.86,62912,33533,33929,65535,65535,65535,65535,65535,65535
2026-07-31 09:58:16.480,83.92,62912,33533,33929,65535,65535,65535,65535,65535,65535
2026-07-31 09:58:16.520,83.96,62912,33533,33929,65535,65535,65535,65535,65535,65535
2026-07-31 09:58:16.569,84.01,62912,33533,33929,65535,65535,65535,65535,65535,65535
2026-07-31 09:58:16.620,84.06,62912,33533,33929,65535,65535,65535,65535,65535,65535
2026-07-31 09:58:16.666,84.1,62912,33533,33929,65535,65535,65535,65535,65535,65535
2026-07-31 09:58:16.714,84.15,56739,33533,40714,65535,65535,65535,65535,65535,65535
2026-07-31 09:58:16.763,84.2,56739,28742,40714,65535,65535,65535,65535,65535,65535
2026-07-31 09:58:16.809,84.25,56739,28742,40714,65535,65535,65535,65535,65535,65535
2026-07-31 09:58:16.858,84.3,56739,28742,40714,65535,65535,65535,65535,65535,65535
2026-07-31 09:58:16.904,84.34,56739,28742,40714,65535,65535,65535,65535,65535,65535
2026-07-31 09:58:16.954,84.39,56739,28742,40714,65535,65535,65535,65535,65535,65535
2026-07-31 09:58:17.000,84.44,56739,28742,40714,65535,65535,65535,65535,65535,65535
2026-07-31 09:58:17.035,84.47,56739,28742,40714,65535,65535,65535,65535,65535,65535
2026-07-31 09:58:17.095,84.53,56739,28742,40714,65535,65535,65535,65535,65535,65535
2026-07-31 09:58:17.146,84.58,56739,28742,40714,65535,65535,65535,65535,65535,65535
2026-07-31 09:58:17.207,84.65,56739,28742,40714,65535,65535,65535,65535,65535,65535
2026-07-31 09:58:17.272,84.71,62912,28742,33929,65535,65535,65535,65535,65535,65535
2026-07-31 09:58:17.325,84.76,62912,28742,33929,65535,65535,65535,65535,65535,65535
2026-07-31 09:58:17.376,84.81,62912,28742,33929,65535,65535,65535,65535,65535,65535
2026-07-31 09:58:17.427,84.86,62912,28742,33929,65535,65535,65535,65535,65535,65535
2026-07-31 09:58:17.475,84.91,62912,28742,33929,65535,65535,65535,65535,65535,65535
2026-07-31 09:58:17.513,84.95,62912,28742,33929,65535,65535,65535,65535,65535,65535
2026-07-31 09:58:17.549,84.99,62912,28742,33929,65535,65535,65535,65535,65535,65535
2026-07-31 09:58:17.595,85.03,62912,28742,33929,65535,65535,65535,65535,65535,65535
2026-07-31 09:58:17.647,85.09,62912,28742,33929,65535,65535,65535,65535,65535,65535
2026-07-31 09:58:17.699,85.14,62912,28742,33929,65535,65535,65535,65535,65535,65535
2026-07-31 09:58:17.749,85.19,62912,28742,33929,65535,65535,65535,65535,65535,65535
2026-07-31 09:58:17.799,85.24,62912,28742,33929,65535,65535,65535,65535,65535,65535
2026-07-31 09:58:17.848,85.29,65534,28827,28827,65535,65535,65535,65535,65535,65535
2026-07-31 09:58:17.906,85.34,65534,28827,28827,65535,65535,65535,65535,65535,65535
2026-07-31 09:58:17.951,85.39,65534,28827,28827,65535,65535,65535,65535,65535,65535
2026-07-31 09:58:18.012,85.45,65534,28827,28827,65535,65535,65535,65535,65535,65535
2026-07-31 09:58:18.050,85.49,65534,28827,28827,65535,65535,65535,65535,65535,65535
2026-07-31 09:58:18.090,85.53,65534,28827,28827,65535,65535,65535,65535,65535,65535
2026-07-31 09:58:18.136,85.57,65534,28827,28827,65535,65535,65535,65535,65535,65535
2026-07-31 09:58:18.182,85.62,65534,28827,28827,65535,65535,65535,65535,65535,65535
2026-07-31 09:58:18.236,85.67,65534,28827,28827,65535,65535,65535,65535,65535,65535
2026-07-31 09:58:18.286,85.72,65534,28827,28827,65535,65535,65535,65535,65535,65535
2026-07-31 09:58:18.334,85.77,65534,28827,28827,65535,65535,65535,65535,65535,65535
2026-07-31 09:58:18.381,85.82,65534,28827,33929,65535,65535,65535,65535,65535,65535
2026-07-31 09:58:18.428,85.87,62615,33533,33929,65535,65535,65535,65535,65535,65535
2026-07-31 09:58:18.485,85.92,62615,33533,33929,65535,65535,65535,65535,65535,65535
2026-07-31 09:58:18.535,85.97,62615,33533,33929,65535,65535,65535,65535,65535,65535
2026-07-31 09:58:18.570,86.01,62615,33533,33929,65535,65535,65535,65535,65535,65535
2026-07-31 09:58:18.617,86.06,62615,33533,33929,65535,65535,65535,65535,65535,65535
2026-07-31 09:58:18.678,86.12,62615,33533,33929,65535,65535,65535,65535,65535,65535
2026-07-31 09:58:18.724,86.16,62615,33533,33929,65535,65535,65535,65535,65535,65535
2026-07-31 09:58:18.782,86.22,62615,33533,33929,65535,65535,65535,65535,65535,65535
2026-07-31 09:58:18.835,86.27,62615,33533,33929,65535,65535,65535,65535,65535,65535
2026-07-31 09:58:18.887,86.32,62615,33533,33929,65535,65535,65535,65535,65535,65535
2026-07-31 09:58:18.935,86.37,62615,33533,33929,65535,65535,65535,65535,65535,65535
2026-07-31 09:58:18.985,86.42,63060,33533,33929,65535,65535,65535,65535,65535,65535
2026-07-31 09:58:19.022,86.46,63060,33533,33929,65535,65535,65535,65535,65535,65535
2026-07-31 09:58:19.058,86.5,63060,33533,33929,65535,65535,65535,65535,65535,65535
2026-07-31 09:58:19.106,86.54,63060,33533,33929,65535,65535,65535,65535,65535,65535
2026-07-31 09:58:19.155,86.59,63060,33533,33929,65535,65535,65535,65535,65535,65535
2026-07-31 09:58:19.200,86.64,63060,33533,33929,65535,65535,65535,65535,65535,65535
2026-07-31 09:58:19.248,86.69,63060,33533,33929,65535,65535,65535,65535,65535,65535
2026-07-31 09:58:19.298,86.74,63060,33533,33929,65535,65535,65535,65535,65535,65535
2026-07-31 09:58:19.350,86.79,63060,33533,33929,65535,65535,65535,65535,65535,65535
2026-07-31 09:58:19.402,86.84,63060,33533,33929,65535,65535,65535,65535,65535,65535
2026-07-31 09:58:19.459,86.9,63060,33533,33929,65535,65535,65535,65535,65535,65535
2026-07-31 09:58:19.509,86.95,63060,33533,33929,65535,65535,65535,65535,65535,65535
2026-07-31 09:58:19.546,86.98,50211,33929,33929,65535,65535,65535,65535,65535,65535
2026-07-31 09:58:19.596,87.03,50211,33929,33929,65535,65535,65535,65535,65535,65535
2026-07-31 09:58:19.648,87.09,50211,33929,33929,65535,65535,65535,65535,65535,65535
2026-07-31 09:58:19.695,87.13,50211,33929,33929,65535,65535,65535,65535,65535,65535
2026-07-31 09:58:19.744,87.18,50211,33929,33929,65535,65535,65535,65535,65535,65535
2026-07-31 09:58:19.794,87.23,50211,33929,33929,65535,65535,65535,65535,65535,65535
2026-07-31 09:58:19.843,87.28,50211,33929,33929,65535,65535,65535,65535,65535,65535
2026-07-31 09:58:19.890,87.33,50211,33929,33929,65535,65535,65535,65535,65535,65535
2026-07-31 09:58:19.939,87.38,50211,33929,33929,65535,65535,65535,65535,65535,65535
2026-07-31 09:58:19.994,87.43,50211,33929,33929,65535,65535,65535,65535,65535,65535
2026-07-31 09:58:20.029,87.47,50211,33929,33929,65535,65535,65535,65535,65535,65535
2026-07-31 09:58:20.074,87.51,50211,33929,33929,65535,65535,65535,65535,65535,65535
2026-07-31 09:58:20.122,87.56,62763,33830,33929,65535,65535,65535,65535,65535,65535
2026-07-31 09:58:20.174,87.61,62763,33830,33929,65535,65535,65535,65535,65535,65535
2026-07-31 09:58:20.234,87.67,62763,33830,33929,65535,65535,65535,65535,65535,65535
2026-07-31 09:58:20.286,87.72,62763,33830,33929,65535,65535,65535,65535,65535,65535
2026-07-31 09:58:20.339,87.78,62763,33830,33929,65535,65535,65535,65535,65535,65535
2026-07-31 09:58:20.403,87.84,62763,33830,33929,65535,65535,65535,65535,65535,65535
2026-07-31 09:58:20.453,87.89,62763,33830,33929,65535,65535,65535,65535,65535,65535
2026-07-31 09:58:20.497,87.94,62763,33830,33929,65535,65535,65535,65535,65535,65535
2026-07-31 09:58:20.537,87.97,62763,33830,33929,65535,65535,65535,65535,65535,65535
2026-07-31 09:58:20.586,88.02,62763,33830,33929,65535,65535,65535,65535,65535,65535
2026-07-31 09:58:20.637,88.08,62763,33830,40596,65535,65535,65535,65535,65535,65535
2026-07-31 09:58:20.683,88.12,50211,33533,40596,65535,65535,65535,65535,65535,65535
2026-07-31 09:58:20.729,88.17,50211,33533,40596,65535,65535,65535,65535,65535,65535
2026-07-31 09:58:20.778,88.22,50211,33533,40596,65535,65535,65535,65535,65535,65535
2026-07-31 09:58:20.828,88.27,50211,33533,40596,65535,65535,65535,65535,65535,65535
2026-07-31 09:58:20.879,88.32,50211,33533,40596,65535,65535,65535,65535,65535,65535
2026-07-31 09:58:20.923,88.36,50211,33533,40596,65535,65535,65535,65535,65535,65535
2026-07-31 09:58:20.972,88.41,50211,33533,40596,65535,65535,65535,65535,65535,65535
2026-07-31 09:58:21.033,88.47,50211,33533,40596,65535,65535,65535,65535,65535,65535
2026-07-31 09:58:21.069,88.51,50211,33533,40596,65535,65535,65535,65535,65535,65535
2026-07-31 09:58:21.134,88.57,50211,33533,40596,65535,65535,65535,65535,65535,65535
2026-07-31 09:58:21.182,88.62,50211,33533,40596,65535,65535,65535,65535,65535,65535
2026-07-31 09:58:21.237,88.68,62763,33533,33929,65535,65535,65535,65535,65535,65535
2026-07-31 09:58:21.290,88.73,62763,33533,33929,65535,65535,65535,65535,65535,65535
2026-07-31 09:58:21.339,88.78,62763,33533,33929,65535,65535,65535,65535,65535,65535
2026-07-31 09:58:21.388,88.83,62763,33533,33929,65535,65535,65535,65535,65535,65535
2026-07-31 09:58:21.436,88.87,62763,33533,33929,65535,65535,65535,65535,65535,65535
2026-07-31 09:58:21.480,88.92,62763,33533,33929,65535,65535,65535,65535,65535,65535
2026-07-31 09:58:21.520,88.96,62763,33533,33929,65535,65535,65535,65535,65535,65535
2026-07-31 09:58:21.559,89.0,62763,33533,33929,65535,65535,65535,65535,65535,65535
2026-07-31 09:58:21.598,89.04,62763,33533,33929,65535,65535,65535,65535,65535,65535
2026-07-31 09:58:21.645,89.08,62763,33533,33929,65535,65535,65535,65535,65535,65535
2026-07-31 09:58:21.693,89.13,62763,33533,33929,65535,65535,65535,65535,65535,65535
2026-07-31 09:58:21.742,89.18,62763,33533,33929,65535,65535,65535,65535,65535,65535
2026-07-31 09:58:21.800,89.24,50092,33533,33929,65535,65535,65535,65535,65535,65535
2026-07-31 09:58:21.849,89.29,50092,33533,33929,65535,65535,65535,65535,65535,65535
2026-07-31 09:58:21.909,89.35,50092,33533,33929,65535,65535,65535,65535,65535,65535
2026-07-31 09:58:21.968,89.41,50092,33533,33929,65535,65535,65535,65535,65535,65535
2026-07-31 09:58:22.017,89.45,50092,33533,33929,65535,65535,65535,65535,65535,65535
2026-07-31 09:58:22.055,89.49,50092,33533,33929,65535,65535,65535,65535,65535,65535
2026-07-31 09:58:22.104,89.54,50092,33533,33929,65535,65535,65535,65535,65535,65535
2026-07-31 09:58:22.155,89.59,50092,33533,33929,65535,65535,65535,65535,65535,65535
2026-07-31 09:58:22.202,89.64,50092,33533,33929,65535,65535,65535,65535,65535,65535
2026-07-31 09:58:22.249,89.69,50092,33533,33929,65535,65535,65535,65535,65535,65535
2026-07-31 09:58:22.296,89.73,50092,33533,33929,65535,65535,65535,65535,65535,65535
2026-07-31 09:58:22.373,89.81,63060,28742,33830,65535,65535,65535,65535,65535,65535
2026-07-31 09:58:22.420,89.86,63060,28742,33830,65535,65535,65535,65535,65535,65535
2026-07-31 09:58:22.467,89.91,63060,28742,33830,65535,65535,65535,65535,65535,65535
2026-07-31 09:58:22.516,89.95,63060,28742,33830,65535,65535,65535,65535,65535,65535
2026-07-31 09:58:22.553,89.99,63060,28742,33830,65535,65535,65535,65535,65535,65535
2026-07-31 09:58:22.612,90.05,63060,28742,33830,65535,65535,65535,65535,65535,65535
2026-07-31 09:58:22.659,90.1,63060,28742,33830,65535,65535,65535,65535,65535,65535
2026-07-31 09:58:22.717,90.16,63060,28742,33830,65535,65535,65535,65535,65535,65535
2026-07-31 09:58:22.780,90.22,63060,28742,33830,65535,65535,65535,65535,65535,65535
2026-07-31 09:58:22.835,90.27,63060,28742,33830,65535,65535,65535,65535,65535,65535
2026-07-31 09:58:22.888,90.33,63060,28742,40714,65535,65535,65535,65535,65535,65535
2026-07-31 09:58:22.937,90.38,50211,28827,40714,65535,65535,65535,65535,65535,65535
2026-07-31 09:58:22.986,90.42,50211,28827,40714,65535,65535,65535,65535,65535,65535
2026-07-31 09:58:23.021,90.46,50211,28827,40714,65535,65535,65535,65535,65535,65535
2026-07-31 09:58:23.067,90.5,50211,28827,40714,65535,65535,65535,65535,65535,65535
2026-07-31 09:58:23.113,90.55,50211,28827,40714,65535,65535,65535,65535,65535,65535
2026-07-31 09:58:23.167,90.6,50211,28827,40714,65535,65535,65535,65535,65535,65535
2026-07-31 09:58:23.232,90.67,50211,28827,40714,65535,65535,65535,65535,65535,65535
2026-07-31 09:58:23.284,90.72,50211,28827,40714,65535,65535,65535,65535,65535,65535
2026-07-31 09:58:23.328,90.77,50211,28827,40714,65535,65535,65535,65535,65535,65535
2026-07-31 09:58:23.380,90.82,50211,28827,40714,65535,65535,65535,65535,65535,65535
2026-07-31 09:58:23.437,90.88,50211,28827,40714,65535,65535,65535,65535,65535,65535
2026-07-31 09:58:23.485,90.92,50448,28827,33929,65535,65535,65535,65535,65535,65535
2026-07-31 09:58:23.521,90.96,50448,28742,33929,65535,65535,65535,65535,65535,65535
2026-07-31 09:58:23.557,91.0,50448,28742,33929,65535,65535,65535,65535,65535,65535
2026-07-31 09:58:23.605,91.04,50448,28742,33929,65535,65535,65535,65535,65535,65535
2026-07-31 09:58:23.654,91.09,50448,28742,33929,65535,65535,65535,65535,65535,65535
2026-07-31 09:58:23.703,91.14,50448,28742,33929,65535,65535,65535,65535,65535,65535
2026-07-31 09:58:23.751,91.19,50448,28742,33929,65535,65535,65535,65535,65535,65535
2026-07-31 09:58:23.801,91.24,50448,28742,33929,65535,65535,65535,65535,65535,65535
2026-07-31 09:58:23.855,91.29,50448,28742,33929,65535,65535,65535,65535,65535,65535
2026-07-31 09:58:23.898,91.34,50448,28742,33929,65535,65535,65535,65535,65535,65535
2026-07-31 09:58:23.946,91.38,50448,28742,33929,65535,65535,65535,65535,65535,65535
2026-07-31 09:58:24.000,91.44,50448,28742,33929,65535,65535,65535,65535,65535,65535
2026-07-31 09:58:24.038,91.48,62615,28742,33929,65535,65535,65535,65535,65535,65535
2026-07-31 09:58:24.086,91.52,62615,28742,33929,65535,65535,65535,65535,65535,65535
2026-07-31 09:58:24.130,91.57,62615,28742,33929,65535,65535,65535,65535,65535,65535
2026-07-31 09:58:24.190,91.63,62615,28742,33929,65535,65535,65535,65535,65535,65535
2026-07-31 09:58:24.239,91.68,62615,28742,33929,65535,65535,65535,65535,65535,65535
2026-07-31 09:58:24.301,91.74,62615,28742,33929,65535,65535,65535,65535,65535,65535
2026-07-31 09:58:24.356,91.79,62615,28742,33929,65535,65535,65535,65535,65535,65535
2026-07-31 09:58:24.410,91.85,62615,28742,33929,65535,65535,65535,65535,65535,65535
2026-07-31 09:58:24.471,91.91,62615,28742,33929,65535,65535,65535,65535,65535,65535
2026-07-31 09:58:24.518,91.96,62615,28742,33929,65535,65535,65535,65535,65535,65535
2026-07-31 09:58:24.553,91.99,62615,28742,33929,65535,65535,65535,65535,65535,65535
2026-07-31 09:58:24.602,92.04,62615,28742,40714,65535,65535,65535,65535,65535,65535
2026-07-31 09:58:24.647,92.09,62615,28742,40714,65535,65535,65535,65535,65535,65535
2026-07-31 09:58:24.697,92.14,62615,28742,40714,65535,65535,65535,65535,65535,65535
2026-07-31 09:58:24.745,92.18,62615,28742,40714,65535,65535,65535,65535,65535,65535
2026-07-31 09:58:24.794,92.23,62615,28742,40714,65535,65535,65535,65535,65535,65535
2026-07-31 09:58:24.838,92.28,62615,28742,40714,65535,65535,65535,65535,65535,65535
2026-07-31 09:58:24.887,92.32,62615,28742,40714,65535,65535,65535,65535,65535,65535
2026-07-31 09:58:24.936,92.37,62615,28742,40714,65535,65535,65535,65535,65535,65535
2026-07-31 09:58:24.995,92.43,62615,28742,40714,65535,65535,65535,65535,65535,65535
2026-07-31 09:58:25.034,92.47,62615,28742,40714,65535,65535,65535,65535,65535,65535
2026-07-31 09:58:25.071,92.51,62615,28742,40714,65535,65535,65535,65535,65535,65535
2026-07-31 09:58:25.133,92.57,62615,28742,40596,65535,65535,65535,65535,65535,65535
2026-07-31 09:58:25.184,92.62,62912,33533,40596,65535,65535,65535,65535,65535,65535
2026-07-31 09:58:25.237,92.67,62912,33533,40596,65535,65535,65535,65535,65535,65535
2026-07-31 09:58:25.287,92.73,62912,33533,40596,65535,65535,65535,65535,65535,65535
2026-07-31 09:58:25.340,92.78,62912,33533,40596,65535,65535,65535,65535,65535,65535
2026-07-31 09:58:25.390,92.83,62912,33533,40596,65535,65535,65535,65535,65535,65535
2026-07-31 09:58:25.450,92.89,62912,33533,40596,65535,65535,65535,65535,65535,65535
2026-07-31 09:58:25.502,92.94,62912,33533,40596,65535,65535,65535,65535,65535,65535
2026-07-31 09:58:25.541,92.98,62912,33533,40596,65535,65535,65535,65535,65535,65535
2026-07-31 09:58:25.590,93.03,62912,33533,40596,65535,65535,65535,65535,65535,65535
2026-07-31 09:58:25.644,93.08,62912,33533,40596,65535,65535,65535,65535,65535,65535
2026-07-31 09:58:25.695,93.13,62912,33533,33929,65535,65535,65535,65535,65535,65535
2026-07-31 09:58:25.745,93.18,50211,33533,33929,65535,65535,65535,65535,65535,65535
2026-07-31 09:58:25.804,93.24,50211,33533,33929,65535,65535,65535,65535,65535,65535
2026-07-31 09:58:25.849,93.29,50211,33533,33929,65535,65535,65535,65535,65535,65535
2026-07-31 09:58:25.907,93.34,50211,33533,33929,65535,65535,65535,65535,65535,65535
2026-07-31 09:58:25.974,93.41,50211,33533,33929,65535,65535,65535,65535,65535,65535
2026-07-31 09:58:26.022,93.46,50211,33533,33929,65535,65535,65535,65535,65535,65535
2026-07-31 09:58:26.057,93.49,50211,33533,33929,65535,65535,65535,65535,65535,65535
2026-07-31 09:58:26.106,93.54,50211,33533,33929,65535,65535,65535,65535,65535,65535
2026-07-31 09:58:26.151,93.59,50211,33533,33929,65535,65535,65535,65535,65535,65535
2026-07-31 09:58:26.202,93.64,50211,33533,33929,65535,65535,65535,65535,65535,65535
2026-07-31 09:58:26.255,93.69,50211,33533,40714,65535,65535,65535,65535,65535,65535
2026-07-31 09:58:26.300,93.74,62912,28742,40714,65535,65535,65535,65535,65535,65535
2026-07-31 09:58:26.354,93.79,62912,28742,40714,65535,65535,65535,65535,65535,65535
2026-07-31 09:58:26.402,93.84,62912,28742,40714,65535,65535,65535,65535,65535,65535
2026-07-31 09:58:26.452,93.89,62912,28742,40714,65535,65535,65535,65535,65535,65535
2026-07-31 09:58:26.498,93.94,62912,28742,40714,65535,65535,65535,65535,65535,65535
2026-07-31 09:58:26.535,93.97,62912,28742,40714,65535,65535,65535,65535,65535,65535
2026-07-31 09:58:26.571,94.01,62912,28742,40714,65535,65535,65535,65535,65535,65535
2026-07-31 09:58:26.618,94.06,62912,28742,40714,65535,65535,65535,65535,65535,65535
2026-07-31 09:58:26.679,94.12,62912,28742,40714,65535,65535,65535,65535,65535,65535
2026-07-31 09:58:26.742,94.18,62912,28742,40714,65535,65535,65535,65535,65535,65535
2026-07-31 09:58:26.794,94.23,62912,28742,40714,65535,65535,65535,65535,65535,65535
2026-07-31 09:58:26.846,94.28,62467,28742,33929,65535,65535,65535,65535,65535,65535
2026-07-31 09:58:26.893,94.33,62467,28742,33929,65535,65535,65535,65535,65535,65535
2026-07-31 09:58:26.945,94.38,62467,28742,33929,65535,65535,65535,65535,65535,65535
2026-07-31 09:58:26.997,94.44,62467,28742,33929,65535,65535,65535,65535,65535,65535
2026-07-31 09:58:27.033,94.47,62467,28742,33929,65535,65535,65535,65535,65535,65535
2026-07-31 09:58:27.069,94.51,62467,28742,33929,65535,65535,65535,65535,65535,65535
2026-07-31 09:58:27.127,94.56,62467,28742,33929,65535,65535,65535,65535,65535,65535
2026-07-31 09:58:27.174,94.61,62467,28742,33929,65535,65535,65535,65535,65535,65535
2026-07-31 09:58:27.225,94.66,62467,28742,33929,65535,65535,65535,65535,65535,65535
2026-07-31 09:58:27.269,94.71,62467,28742,33929,65535,65535,65535,65535,65535,65535
2026-07-31 09:58:27.318,94.76,62467,28742,33929,65535,65535,65535,65535,65535,65535
2026-07-31 09:58:27.373,94.81,62467,28742,33929,65535,65535,65535,65535,65535,65535
2026-07-31 09:58:27.420,94.86,62170,28742,33929,65535,65535,65535,65535,65535,65535
2026-07-31 09:58:27.483,94.92,62170,33533,33929,65535,65535,65535,65535,65535,65535
2026-07-31 09:58:27.544,94.98,62170,33533,33929,65535,65535,65535,65535,65535,65535
2026-07-31 09:58:27.583,95.02,62170,33533,33929,65535,65535,65535,65535,65535,65535
2026-07-31 09:58:27.636,95.07,62170,33533,33929,65535,65535,65535,65535,65535,65535
2026-07-31 09:58:27.687,95.13,62170,33533,33929,65535,65535,65535,65535,65535,65535
2026-07-31 09:58:27.737,95.18,62170,33533,33929,65535,65535,65535,65535,65535,65535
2026-07-31 09:58:27.783,95.22,62170,33533,33929,65535,65535,65535,65535,65535,65535
2026-07-31 09:58:27.830,95.27,62170,33533,33929,65535,65535,65535,65535,65535,65535
2026-07-31 09:58:27.880,95.32,62170,33533,33929,65535,65535,65535,65535,65535,65535
2026-07-31 09:58:27.958,95.4,62170,33533,33929,65535,65535,65535,65535,65535,65535
2026-07-31 09:58:28.009,95.45,62763,28827,33929,65535,65535,65535,65535,65535,65535
2026-07-31 09:58:28.054,95.49,62763,28827,33929,65535,65535,65535,65535,65535,65535
2026-07-31 09:58:28.092,95.53,62763,28827,33929,65535,65535,65535,65535,65535,65535
2026-07-31 09:58:28.135,95.57,62763,28827,33929,65535,65535,65535,65535,65535,65535
2026-07-31 09:58:28.197,95.63,62763,28827,33929,65535,65535,65535,65535,65535,65535
2026-07-31 09:58:28.248,95.69,62763,28827,33929,65535,65535,65535,65535,65535,65535
2026-07-31 09:58:28.314,95.75,62763,28827,33929,65535,65535,65535,65535,65535,65535
2026-07-31 09:58:28.381,95.82,62763,28827,33929,65535,65535,65535,65535,65535,65535
2026-07-31 09:58:28.432,95.87,62763,28827,33929,65535,65535,65535,65535,65535,65535
2026-07-31 09:58:28.482,95.92,62763,28827,33929,65535,65535,65535,65535,65535,65535
2026-07-31 09:58:28.531,95.97,62763,28827,40714,65535,65535,65535,65535,65535,65535
2026-07-31 09:58:28.570,96.01,62763,33533,40714,65535,65535,65535,65535,65535,65535
2026-07-31 09:58:28.606,96.04,62763,33533,40714,65535,65535,65535,65535,65535,65535
2026-07-31 09:58:28.655,96.09,62763,33533,40714,65535,65535,65535,65535,65535,65535
2026-07-31 09:58:28.705,96.14,62763,33533,40714,65535,65535,65535,65535,65535,65535
2026-07-31 09:58:28.781,96.22,62763,33533,40714,65535,65535,65535,65535,65535,65535
2026-07-31 09:58:28.828,96.27,62763,33533,40714,65535,65535,65535,65535,65535,65535
2026-07-31 09:58:28.878,96.32,62763,33533,40714,65535,65535,65535,65535,65535,65535
2026-07-31 09:58:28.929,96.37,62763,33533,40714,65535,65535,65535,65535,65535,65535
2026-07-31 09:58:28.975,96.41,62763,33533,40714,65535,65535,65535,65535,65535,65535
2026-07-31 09:58:29.031,96.47,62763,33533,40714,65535,65535,65535,65535,65535,65535
2026-07-31 09:58:29.071,96.51,62763,33533,33929,65535,65535,65535,65535,65535,65535
2026-07-31 09:58:29.106,96.54,62615,33533,33929,65535,65535,65535,65535,65535,65535
2026-07-31 09:58:29.158,96.6,62615,28742,33929,65535,65535,65535,65535,65535,65535
2026-07-31 09:58:29.207,96.65,62615,28742,33929,65535,65535,65535,65535,65535,65535
2026-07-31 09:58:29.256,96.69,62615,28742,33929,65535,65535,65535,65535,65535,65535
2026-07-31 09:58:29.303,96.74,62615,28742,33929,65535,65535,65535,65535,65535,65535
2026-07-31 09:58:29.353,96.79,62615,28742,33929,65535,65535,65535,65535,65535,65535
2026-07-31 09:58:29.403,96.84,62615,28742,33929,65535,65535,65535,65535,65535,65535
2026-07-31 09:58:29.447,96.89,62615,28742,33929,65535,65535,65535,65535,65535,65535
2026-07-31 09:58:29.495,96.93,62615,28742,33929,65535,65535,65535,65535,65535,65535
2026-07-31 09:58:29.543,96.98,62615,28742,33929,65535,65535,65535,65535,65535,65535
2026-07-31 09:58:29.578,97.02,62615,28742,33929,65535,65535,65535,65535,65535,65535
2026-07-31 09:58:29.625,97.06,62615,28742,33929,65535,65535,65535,65535,65535,65535
2026-07-31 09:58:29.672,97.11,65534,28742,40714,65535,65535,65535,65535,65535,65535
2026-07-31 09:58:29.718,97.16,65534,28742,40714,65535,65535,65535,65535,65535,65535
2026-07-31 09:58:29.778,97.22,65534,28742,40714,65535,65535,65535,65535,65535,65535
2026-07-31 09:58:29.826,97.26,65534,28742,40714,65535,65535,65535,65535,65535,65535
2026-07-31 09:58:29.886,97.32,65534,28742,40714,65535,65535,65535,65535,65535,65535
2026-07-31 09:58:29.944,97.38,65534,28742,40714,65535,65535,65535,65535,65535,65535
2026-07-31 09:58:29.998,97.44,65534,28742,40714,65535,65535,65535,65535,65535,65535
2026-07-31 09:58:30.053,97.49,65534,28742,40714,65535,65535,65535,65535,65535,65535
2026-07-31 09:58:30.089,97.53,65534,28742,40714,65535,65535,65535,65535,65535,65535
2026-07-31 09:58:30.138,97.58,65534,28742,40714,65535,65535,65535,65535,65535,65535
2026-07-31 09:58:30.185,97.62,65534,28742,40714,65535,65535,65535,65535,65535,65535
2026-07-31 09:58:30.233,97.67,62170,28742,33929,65535,65535,65535,65535,65535,65535
2026-07-31 09:58:30.278,97.72,62170,33533,33929,65535,65535,65535,65535,65535,65535
2026-07-31 09:58:30.329,97.77,62170,33533,33929,65535,65535,65535,65535,65535,65535
2026-07-31 09:58:30.374,97.81,62170,33533,33929,65535,65535,65535,65535,65535,65535
2026-07-31 09:58:30.426,97.86,62170,33533,33929,65535,65535,65535,65535,65535,65535
2026-07-31 09:58:30.475,97.91,62170,33533,33929,65535,65535,65535,65535,65535,65535
2026-07-31 09:58:30.523,97.96,62170,33533,33929,65535,65535,65535,65535,65535,65535
2026-07-31 09:58:30.565,98.0,62170,33533,33929,65535,65535,65535,65535,65535,65535
2026-07-31 09:58:30.600,98.04,62170,33533,33929,65535,65535,65535,65535,65535,65535
2026-07-31 09:58:30.662,98.1,62170,33533,33929,65535,65535,65535,65535,65535,65535
2026-07-31 09:58:30.717,98.15,62170,33533,33929,65535,65535,65535,65535,65535,65535
2026-07-31 09:58:30.764,98.2,62170,33533,33731,65535,65535,65535,65535,65535,65535
2026-07-31 09:58:30.814,98.25,62615,28742,33731,65535,65535,65535,65535,65535,65535
2026-07-31 09:58:30.865,98.3,62615,28742,33731,65535,65535,65535,65535,65535,65535
2026-07-31 09:58:30.916,98.35,62615,28742,33731,65535,65535,65535,65535,65535,65535
2026-07-31 09:58:30.966,98.4,62615,28742,33731,65535,65535,65535,65535,65535,65535
2026-07-31 09:58:31.015,98.45,62615,28742,33731,65535,65535,65535,65535,65535,65535
2026-07-31 09:58:31.062,98.5,62615,28742,33731,65535,65535,65535,65535,65535,65535
2026-07-31 09:58:31.098,98.54,62615,28742,33731,65535,65535,65535,65535,65535,65535
2026-07-31 09:58:31.150,98.59,62615,28742,33731,65535,65535,65535,65535,65535,65535
2026-07-31 09:58:31.198,98.64,62615,28742,33731,65535,65535,65535,65535,65535,65535
2026-07-31 09:58:31.242,98.68,62615,28742,33731,65535,65535,65535,65535,65535,65535
2026-07-31 09:58:31.293,98.73,62615,28742,33731,65535,65535,65535,65535,65535,65535
2026-07-31 09:58:31.350,98.79,62467,28742,33929,65535,65535,65535,65535,65535,65535
2026-07-31 09:58:31.398,98.84,62467,33533,33929,65535,65535,65535,65535,65535,65535
2026-07-31 09:58:31.459,98.9,62467,33533,33929,65535,65535,65535,65535,65535,65535
2026-07-31 09:58:31.516,98.95,62467,33533,33929,65535,65535,65535,65535,65535,65535
2026-07-31 09:58:31.564,99.0,62467,33533,33929,65535,65535,65535,65535,65535,65535
2026-07-31 09:58:31.599,99.04,62467,33533,33929,65535,65535,65535,65535,65535,65535
2026-07-31 09:58:31.647,99.09,62467,33533,33929,65535,65535,65535,65535,65535,65535
2026-07-31 09:58:31.718,99.16,62467,33533,33929,65535,65535,65535,65535,65535,65535
2026-07-31 09:58:31.765,99.2,62467,33533,33929,65535,65535,65535,65535,65535,65535
2026-07-31 09:58:31.810,99.25,62467,33533,33929,65535,65535,65535,65535,65535,65535
2026-07-31 09:58:31.859,99.3,62467,33533,33929,65535,65535,65535,65535,65535,65535
2026-07-31 09:58:31.907,99.34,62615,33533,33929,65535,65535,65535,65535,65535,65535
2026-07-31 09:58:31.954,99.39,62615,16816,33929,65535,65535,65535,65535,65535,65535
2026-07-31 09:58:32.004,99.44,62615,16816,33929,65535,65535,65535,65535,65535,65535
2026-07-31 09:58:32.056,99.49,62615,16816,33929,65535,65535,65535,65535,65535,65535
2026-07-31 09:58:32.095,99.53,62615,16816,33929,65535,65535,65535,65535,65535,65535
2026-07-31 09:58:32.134,99.57,62615,16816,33929,65535,65535,65535,65535,65535,65535
2026-07-31 09:58:32.181,99.62,62615,16816,33929,65535,65535,65535,65535,65535,65535
2026-07-31 09:58:32.239,99.68,62615,16816,33929,65535,65535,65535,65535,65535,65535
2026-07-31 09:58:32.299,99.74,62615,16816,33929,65535,65535,65535,65535,65535,65535
2026-07-31 09:58:32.351,99.79,62615,16816,33929,65535,65535,65535,65535,65535,65535
2026-07-31 09:58:32.407,99.84,62615,16816,33929,65535,65535,65535,65535,65535,65535
2026-07-31 09:58:32.454,99.89,62615,16816,33929,65535,65535,65535,65535,65535,65535
2026-07-31 09:58:32.514,99.95,50092,28742,33929,65535,65535,65535,65535,65535,65535
2026-07-31 09:58:32.565,100.0,50092,28742,33929,65535,65535,65535,65535,65535,65535
2026-07-31 09:58:32.606,100.04,50092,28742,33929,65535,65535,65535,65535,65535,65535
2026-07-31 09:58:32.641,100.08,50092,28742,33929,65535,65535,65535,65535,65535,65535
2026-07-31 09:58:32.687,100.12,50092,28742,33929,65535,65535,65535,65535,65535,65535
2026-07-31 09:58:32.732,100.17,50092,28742,33929,65535,65535,65535,65535,65535,65535
2026-07-31 09:58:32.783,100.22,50092,28742,33929,65535,65535,65535,65535,65535,65535
2026-07-31 09:58:32.827,100.27,50092,28742,33929,65535,65535,65535,65535,65535,65535
2026-07-31 09:58:32.876,100.31,50092,28742,33929,65535,65535,65535,65535,65535,65535
2026-07-31 09:58:32.934,100.37,50092,28742,33929,65535,65535,65535,65535,65535,65535
2026-07-31 09:58:32.986,100.42,50092,28742,33929,65535,65535,65535,65535,65535,65535
2026-07-31 09:58:33.046,100.48,62615,28742,40714,65535,65535,65535,65535,65535,65535
2026-07-31 09:58:33.101,100.54,62615,28742,40714,65535,65535,65535,65535,65535,65535
2026-07-31 09:58:33.139,100.58,62615,28742,40714,65535,65535,65535,65535,65535,65535
2026-07-31 09:58:33.191,100.63,62615,28742,40714,65535,65535,65535,65535,65535,65535
2026-07-31 09:58:33.241,100.68,62615,28742,40714,65535,65535,65535,65535,65535,65535
2026-07-31 09:58:33.299,100.74,62615,28742,40714,65535,65535,65535,65535,65535,65535
2026-07-31 09:58:33.347,100.79,62615,28742,40714,65535,65535,65535,65535,65535,65535
2026-07-31 09:58:33.396,100.83,62615,28742,40714,65535,65535,65535,65535,65535,65535
2026-07-31 09:58:33.446,100.88,62615,28742,40714,65535,65535,65535,65535,65535,65535
2026-07-31 09:58:33.497,100.93,62615,28742,40714,65535,65535,65535,65535,65535,65535
2026-07-31 09:58:33.543,100.98,62615,28742,40714,65535,65535,65535,65535,65535,65535
2026-07-31 09:58:33.593,101.03,62615,28742,40714,65535,65535,65535,65535,65535,65535
2026-07-31 09:58:33.628,101.07,50211,33533,40714,65535,65535,65535,65535,65535,65535
2026-07-31 09:58:33.675,101.11,50211,33533,40714,65535,65535,65535,65535,65535,65535
2026-07-31 09:58:33.733,101.17,50211,33533,40714,65535,65535,65535,65535,65535,65535
2026-07-31 09:58:33.780,101.22,50211,33533,40714,65535,65535,65535,65535,65535,65535
2026-07-31 09:58:33.843,101.28,50211,33533,40714,65535,65535,65535,65535,65535,65535
2026-07-31 09:58:33.906,101.34,50211,33533,40714,65535,65535,65535,65535,65535,65535
2026-07-31 09:58:33.951,101.39,50211,33533,40714,65535,65535,65535,65535,65535,65535
2026-07-31 09:58:34.001,101.44,50211,33533,40714,65535,65535,65535,65535,65535,65535
2026-07-31 09:58:34.057,101.49,50211,33533,40714,65535,65535,65535,65535,65535,65535
2026-07-31 09:58:34.113,101.55,50211,33533,40714,65535,65535,65535,65535,65535,65535
2026-07-31 09:58:34.148,101.59,50211,33533,40596,65535,65535,65535,65535,65535,65535
2026-07-31 09:58:34.195,101.63,50092,22553,40596,65535,65535,65535,65535,65535,65535
2026-07-31 09:58:34.244,101.68,50092,22553,40596,65535,65535,65535,65535,65535,65535
2026-07-31 09:58:34.293,101.73,50092,22553,40596,65535,65535,65535,65535,65535,65535
2026-07-31 09:58:34.338,101.78,50092,22553,40596,65535,65535,65535,65535,65535,65535
2026-07-31 09:58:34.385,101.82,50092,22553,40596,65535,65535,65535,65535,65535,65535
2026-07-31 09:58:34.432,101.87,50092,22553,40596,65535,65535,65535,65535,65535,65535
2026-07-31 09:58:34.479,101.92,50092,22553,40596,65535,65535,65535,65535,65535,65535
2026-07-31 09:58:34.540,101.98,50092,22553,40596,65535,65535,65535,65535,65535,65535
2026-07-31 09:58:34.589,102.03,50092,22553,40596,65535,65535,65535,65535,65535,65535
2026-07-31 09:58:34.623,102.06,50092,22553,40596,65535,65535,65535,65535,65535,65535
2026-07-31 09:58:34.658,102.1,50092,22553,40596,65535,65535,65535,65535,65535,65535
2026-07-31 09:58:34.709,102.15,50092,22553,40714,65535,65535,65535,65535,65535,65535
2026-07-31 09:58:34.764,102.2,50092,16816,40714,65535,65535,65535,65535,65535,65535
2026-07-31 09:58:34.812,102.25,50092,16816,40714,65535,65535,65535,65535,65535,65535
2026-07-31 09:58:34.872,102.31,50092,16816,40714,65535,65535,65535,65535,65535,65535
2026-07-31 09:58:34.923,102.36,50092,16816,40714,65535,65535,65535,65535,65535,65535
2026-07-31 09:58:34.974,102.41,50092,16816,40714,65535,65535,65535,65535,65535,65535
2026-07-31 09:58:35.021,102.46,50092,16816,40714,65535,65535,65535,65535,65535,65535
2026-07-31 09:58:35.070,102.51,50092,16816,40714,65535,65535,65535,65535,65535,65535
2026-07-31 09:58:35.105,102.54,50092,16816,40714,65535,65535,65535,65535,65535,65535
2026-07-31 09:58:35.140,102.58,50092,16816,40714,65535,65535,65535,65535,65535,65535
2026-07-31 09:58:35.189,102.63,50092,16816,40714,65535,65535,65535,65535,65535,65535
2026-07-31 09:58:35.235,102.67,50092,16816,40714,65535,65535,65535,65535,65535,65535
2026-07-31 09:58:35.299,102.74,62912,16816,33929,65535,65535,65535,65535,65535,65535
2026-07-31 09:58:35.350,102.79,62912,28742,33929,65535,65535,65535,65535,65535,65535
2026-07-31 09:58:35.414,102.85,62912,28742,33929,65535,65535,65535,65535,65535,65535
2026-07-31 09:58:35.469,102.91,62912,28742,33929,65535,65535,65535,65535,65535,65535
2026-07-31 09:58:35.518,102.96,62912,28742,33929,65535,65535,65535,65535,65535,65535
2026-07-31 09:58:35.567,103.01,62912,28742,33929,65535,65535,65535,65535,65535,65535
2026-07-31 09:58:35.621,103.06,62912,28742,33929,65535,65535,65535,65535,65535,65535
2026-07-31 09:58:35.660,103.1,62912,28742,33929,65535,65535,65535,65535,65535,65535
2026-07-31 09:58:35.706,103.14,62912,28742,33929,65535,65535,65535,65535,65535,65535
2026-07-31 09:58:35.756,103.19,62912,28742,33929,65535,65535,65535,65535,65535,65535
2026-07-31 09:58:35.804,103.24,62912,28742,33929,65535,65535,65535,65535,65535,65535
2026-07-31 09:58:35.852,103.29,50092,28742,33929,65535,65535,65535,65535,65535,65535
2026-07-31 09:58:35.905,103.34,50092,20238,33929,65535,65535,65535,65535,65535,65535
2026-07-31 09:58:35.953,103.39,50092,20238,33929,65535,65535,65535,65535,65535,65535
2026-07-31 09:58:36.000,103.44,50092,20238,33929,65535,65535,65535,65535,65535,65535
2026-07-31 09:58:36.050,103.49,50092,20238,33929,65535,65535,65535,65535,65535,65535
2026-07-31 09:58:36.117,103.55,50092,20238,33929,65535,65535,65535,65535,65535,65535
2026-07-31 09:58:36.155,103.59,50092,20238,33929,65535,65535,65535,65535,65535,65535
2026-07-31 09:58:36.220,103.66,50092,20238,33929,65535,65535,65535,65535,65535,65535
2026-07-31 09:58:36.275,103.71,50092,20238,33929,65535,65535,65535,65535,65535,65535
2026-07-31 09:58:36.327,103.76,50092,20238,33929,65535,65535,65535,65535,65535,65535
2026-07-31 09:58:36.378,103.82,50092,20238,33929,65535,65535,65535,65535,65535,65535
2026-07-31 09:58:36.431,103.87,56977,20238,33929,65535,65535,65535,65535,65535,65535
2026-07-31 09:58:36.490,103.93,56977,28742,33929,65535,65535,65535,65535,65535,65535
2026-07-31 09:58:36.534,103.97,56977,28742,33929,65535,65535,65535,65535,65535,65535
2026-07-31 09:58:36.583,104.02,56977,28742,33929,65535,65535,65535,65535,65535,65535
2026-07-31 09:58:36.627,104.07,56977,28742,33929,65535,65535,65535,65535,65535,65535
2026-07-31 09:58:36.672,104.11,56977,28742,33929,65535,65535,65535,65535,65535,65535
2026-07-31 09:58:36.721,104.16,56977,28742,33929,65535,65535,65535,65535,65535,65535
2026-07-31 09:58:36.770,104.21,56977,28742,33929,65535,65535,65535,65535,65535,65535
2026-07-31 09:58:36.819,104.26,56977,28742,33929,65535,65535,65535,65535,65535,65535
2026-07-31 09:58:36.865,104.3,56977,28742,33929,65535,65535,65535,65535,65535,65535
2026-07-31 09:58:36.925,104.36,56977,28742,33929,65535,65535,65535,65535,65535,65535
2026-07-31 09:58:36.972,104.41,56977,28742,33929,65535,65535,65535,65535,65535,65535
2026-07-31 09:58:37.032,104.47,50211,28742,33929,65535,65535,65535,65535,65535,65535
2026-07-31 09:58:37.087,104.52,50211,28742,33929,65535,65535,65535,65535,65535,65535
2026-07-31 09:58:37.129,104.57,50211,28742,33929,65535,65535,65535,65535,65535,65535
2026-07-31 09:58:37.165,104.6,50211,28742,33929,65535,65535,65535,65535,65535,65535
2026-07-31 09:58:37.212,104.65,50211,28742,33929,65535,65535,65535,65535,65535,65535
2026-07-31 09:58:37.273,104.71,50211,28742,33929,65535,65535,65535,65535,65535,65535
2026-07-31 09:58:37.321,104.76,50211,28742,33929,65535,65535,65535,65535,65535,65535
2026-07-31 09:58:37.370,104.81,50211,28742,33929,65535,65535,65535,65535,65535,65535
2026-07-31 09:58:37.421,104.86,50211,28742,33929,65535,65535,65535,65535,65535,65535
2026-07-31 09:58:37.469,104.91,50211,28742,33929,65535,65535,65535,65535,65535,65535
2026-07-31 09:58:37.516,104.95,50211,28742,33929,65535,65535,65535,65535,65535,65535
2026-07-31 09:58:37.562,105.0,50211,28742,40714,65535,65535,65535,65535,65535,65535
2026-07-31 09:58:37.611,105.05,50211,28742,40714,65535,65535,65535,65535,65535,65535
2026-07-31 09:58:37.647,105.09,50211,28742,40714,65535,65535,65535,65535,65535,65535
2026-07-31 09:58:37.706,105.14,50211,28742,40714,65535,65535,65535,65535,65535,65535
2026-07-31 09:58:37.754,105.19,50211,28742,40714,65535,65535,65535,65535,65535,65535
2026-07-31 09:58:37.816,105.25,50211,28742,40714,65535,65535,65535,65535,65535,65535
2026-07-31 09:58:37.880,105.32,50211,28742,40714,65535,65535,65535,65535,65535,65535
2026-07-31 09:58:37.928,105.37,50211,28742,40714,65535,65535,65535,65535,65535,65535
2026-07-31 09:58:37.979,105.42,50211,28742,40714,65535,65535,65535,65535,65535,65535
2026-07-31 09:58:38.027,105.47,50211,28742,40714,65535,65535,65535,65535,65535,65535
2026-07-31 09:58:38.076,105.51,50211,28742,40714,65535,65535,65535,65535,65535,65535
2026-07-31 09:58:38.124,105.56,62022,28742,33929,65535,65535,65535,65535,65535,65535
2026-07-31 09:58:38.164,105.6,62022,28827,33929,65535,65535,65535,65535,65535,65535
2026-07-31 09:58:38.210,105.65,62022,28827,33929,65535,65535,65535,65535,65535,65535
2026-07-31 09:58:38.258,105.7,62022,28827,33929,65535,65535,65535,65535,65535,65535
2026-07-31 09:58:38.309,105.75,62022,28827,33929,65535,65535,65535,65535,65535,65535
2026-07-31 09:58:38.362,105.8,62022,28827,33929,65535,65535,65535,65535,65535,65535
2026-07-31 09:58:38.407,105.85,62022,28827,33929,65535,65535,65535,65535,65535,65535
2026-07-31 09:58:38.453,105.89,62022,28827,33929,65535,65535,65535,65535,65535,65535
2026-07-31 09:58:38.514,105.95,62022,28827,33929,65535,65535,65535,65535,65535,65535
2026-07-31 09:58:38.563,106.0,62022,28827,33929,65535,65535,65535,65535,65535,65535
2026-07-31 09:58:38.628,106.07,62022,28827,33929,65535,65535,65535,65535,65535,65535
2026-07-31 09:58:38.663,106.1,62022,28827,40596,65535,65535,65535,65535,65535,65535
2026-07-31 09:58:38.714,106.15,62763,28742,40596,65535,65535,65535,65535,65535,65535
2026-07-31 09:58:38.767,106.2,62763,28742,40596,65535,65535,65535,65535,65535,65535
2026-07-31 09:58:38.818,106.26,62763,28742,40596,65535,65535,65535,65535,65535,65535
2026-07-31 09:58:38.879,106.32,62763,28742,40596,65535,65535,65535,65535,65535,65535
2026-07-31 09:58:38.931,106.37,62763,28742,40596,65535,65535,65535,65535,65535,65535
2026-07-31 09:58:38.985,106.42,62763,28742,40596,65535,65535,65535,65535,65535,65535
2026-07-31 09:58:39.031,106.47,62763,28742,40596,65535,65535,65535,65535,65535,65535
2026-07-31 09:58:39.081,106.52,62763,28742,40596,65535,65535,65535,65535,65535,65535
2026-07-31 09:58:39.123,106.56,62763,28742,40596,65535,65535,65535,65535,65535,65535
2026-07-31 09:58:39.163,106.6,62763,28742,40596,65535,65535,65535,65535,65535,65535
2026-07-31 09:58:39.211,106.65,62763,28742,33929,65535,65535,65535,65535,65535,65535
2026-07-31 09:58:39.263,106.7,49736,28742,33929,65535,65535,65535,65535,65535,65535
2026-07-31 09:58:39.319,106.76,49736,28742,33929,65535,65535,65535,65535,65535,65535
2026-07-31 09:58:39.370,106.81,49736,28742,33929,65535,65535,65535,65535,65535,65535
2026-07-31 09:58:39.431,106.87,49736,28742,33929,65535,65535,65535,65535,65535,65535
2026-07-31 09:58:39.491,106.93,49736,28742,33929,65535,65535,65535,65535,65535,65535
2026-07-31 09:58:39.539,106.98,49736,28742,33929,65535,65535,65535,65535,65535,65535
2026-07-31 09:58:39.592,107.03,49736,28742,33929,65535,65535,65535,65535,65535,65535
2026-07-31 09:58:39.636,107.07,49736,28742,33929,65535,65535,65535,65535,65535,65535
2026-07-31 09:58:39.673,107.11,49736,28742,33929,65535,65535,65535,65535,65535,65535
2026-07-31 09:58:39.717,107.16,49736,28742,33929,65535,65535,65535,65535,65535,65535
2026-07-31 09:58:39.775,107.21,49736,28742,33929,65535,65535,65535,65535,65535,65535
2026-07-31 09:58:39.823,107.26,50092,28742,33830,65535,65535,65535,65535,65535,65535
2026-07-31 09:58:39.872,107.31,50092,28742,33830,65535,65535,65535,65535,65535,65535
2026-07-31 09:58:39.918,107.36,50092,28742,33830,65535,65535,65535,65535,65535,65535
2026-07-31 09:58:39.970,107.41,50092,28742,33830,65535,65535,65535,65535,65535,65535
2026-07-31 09:58:40.020,107.46,50092,28742,33830,65535,65535,65535,65535,65535,65535
2026-07-31 09:58:40.072,107.51,50092,28742,33830,65535,65535,65535,65535,65535,65535
2026-07-31 09:58:40.136,107.57,50092,28742,33830,65535,65535,65535,65535,65535,65535
2026-07-31 09:58:40.171,107.61,50092,28742,33830,65535,65535,65535,65535,65535,65535
2026-07-31 09:58:40.233,107.67,50092,28742,33830,65535,65535,65535,65535,65535,65535
2026-07-31 09:58:40.302,107.74,50092,28742,33830,65535,65535,65535,65535,65535,65535
2026-07-31 09:58:40.349,107.79,50092,28742,40596,65535,65535,65535,65535,65535,65535
2026-07-31 09:58:40.402,107.84,62318,33731,40596,65535,65535,65535,65535,65535,65535
2026-07-31 09:58:40.454,107.89,62318,33731,40596,65535,65535,65535,65535,65535,65535
2026-07-31 09:58:40.519,107.96,62318,33731,40596,65535,65535,65535,65535,65535,65535
2026-07-31 09:58:40.565,108.0,62318,33731,40596,65535,65535,65535,65535,65535,65535
2026-07-31 09:58:40.616,108.05,62318,33731,40596,65535,65535,65535,65535,65535,65535
2026-07-31 09:58:40.650,108.09,62318,33731,40596,65535,65535,65535,65535,65535,65535
2026-07-31 09:58:40.686,108.12,62318,33731,40596,65535,65535,65535,65535,65535,65535
2026-07-31 09:58:40.731,108.17,62318,33731,40596,65535,65535,65535,65535,65535,65535
2026-07-31 09:58:40.779,108.22,62318,33731,40596,65535,65535,65535,65535,65535,65535
2026-07-31 09:58:40.832,108.27,62318,33731,40596,65535,65535,65535,65535,65535,65535
2026-07-31 09:58:40.879,108.32,62318,33731,40596,65535,65535,65535,65535,65535,65535
2026-07-31 09:58:40.943,108.38,62763,33731,33830,65535,65535,65535,65535,65535,65535
2026-07-31 09:58:40.993,108.43,62763,33533,33830,65535,65535,65535,65535,65535,65535
2026-07-31 09:58:41.055,108.49,62763,33533,33830,65535,65535,65535,65535,65535,65535
2026-07-31 09:58:41.102,108.54,62763,33533,33830,65535,65535,65535,65535,65535,65535
2026-07-31 09:58:41.141,108.58,62763,33533,33830,65535,65535,65535,65535,65535,65535
2026-07-31 09:58:41.177,108.62,62763,33533,33830,65535,65535,65535,65535,65535,65535
2026-07-31 09:58:41.223,108.66,62763,33533,33830,65535,65535,65535,65535,65535,65535
2026-07-31 09:58:41.284,108.72,62763,33533,33830,65535,65535,65535,65535,65535,65535
2026-07-31 09:58:41.334,108.77,62763,33533,33830,65535,65535,65535,65535,65535,65535
2026-07-31 09:58:41.403,108.84,62763,33533,33830,65535,65535,65535,65535,65535,65535
2026-07-31 09:58:41.447,108.89,62763,33533,33830,65535,65535,65535,65535,65535,65535
2026-07-31 09:58:41.496,108.93,62615,33533,33929,65535,65535,65535,65535,65535,65535
2026-07-31 09:58:41.546,108.98,62615,33533,33929,65535,65535,65535,65535,65535,65535
2026-07-31 09:58:41.593,109.03,62615,33533,33929,65535,65535,65535,65535,65535,65535
2026-07-31 09:58:41.635,109.07,62615,33533,33929,65535,65535,65535,65535,65535,65535
2026-07-31 09:58:41.675,109.11,62615,33533,33929,65535,65535,65535,65535,65535,65535
2026-07-31 09:58:41.733,109.17,62615,33533,33929,65535,65535,65535,65535,65535,65535
2026-07-31 09:58:41.783,109.22,62615,33533,33929,65535,65535,65535,65535,65535,65535
2026-07-31 09:58:41.842,109.28,62615,33533,33929,65535,65535,65535,65535,65535,65535
2026-07-31 09:58:41.894,109.33,62615,33533,33929,65535,65535,65535,65535,65535,65535
2026-07-31 09:58:41.941,109.38,62615,33533,33929,65535,65535,65535,65535,65535,65535
2026-07-31 09:58:41.993,109.43,62615,33533,33929,65535,65535,65535,65535,65535,65535
2026-07-31 09:58:42.039,109.48,62615,33533,33929,65535,65535,65535,65535,65535,65535
2026-07-31 09:58:42.103,109.54,50092,33533,33929,65535,65535,65535,65535,65535,65535
2026-07-31 09:58:42.138,109.58,50092,33533,33929,65535,65535,65535,65535,65535,65535
2026-07-31 09:58:42.175,109.61,50092,33533,33929,65535,65535,65535,65535,65535,65535
2026-07-31 09:58:42.221,109.66,50092,33533,33929,65535,65535,65535,65535,65535,65535
2026-07-31 09:58:42.282,109.72,50092,33533,33929,65535,65535,65535,65535,65535,65535
2026-07-31 09:58:42.327,109.77,50092,33533,33929,65535,65535,65535,65535,65535,65535
2026-07-31 09:58:42.375,109.81,50092,33533,33929,65535,65535,65535,65535,65535,65535
2026-07-31 09:58:42.427,109.86,50092,33533,33929,65535,65535,65535,65535,65535,65535
2026-07-31 09:58:42.472,109.91,50092,33533,33929,65535,65535,65535,65535,65535,65535
2026-07-31 09:58:42.529,109.97,50092,33533,33929,65535,65535,65535,65535,65535,65535
2026-07-31 09:58:42.581,110.02,50092,33533,33929,65535,65535,65535,65535,65535,65535
2026-07-31 09:58:42.648,110.09,50448,33533,33929,65535,65535,65535,65535,65535,65535
2026-07-31 09:58:42.686,110.12,50448,33533,33929,65535,65535,65535,65535,65535,65535
2026-07-31 09:58:42.736,110.17,50448,33533,33929,65535,65535,65535,65535,65535,65535
2026-07-31 09:58:42.778,110.22,50448,33533,33929,65535,65535,65535,65535,65535,65535
2026-07-31 09:58:42.832,110.27,50448,33533,33929,65535,65535,65535,65535,65535,65535
2026-07-31 09:58:42.924,110.36,50448,33533,33929,65535,65535,65535,65535,65535,65535
2026-07-31 09:58:42.972,110.41,50448,33533,33929,65535,65535,65535,65535,65535,65535
2026-07-31 09:58:43.030,110.47,50448,33533,33929,65535,65535,65535,65535,65535,65535
2026-07-31 09:58:43.080,110.52,50448,33533,33929,65535,65535,65535,65535,65535,65535
2026-07-31 09:58:43.152,110.59,50448,33533,33929,65535,65535,65535,65535,65535,65535
2026-07-31 09:58:43.186,110.62,62912,33533,33929,65535,65535,65535,65535,65535,65535
2026-07-31 09:58:43.233,110.67,62912,28742,33929,65535,65535,65535,65535,65535,65535
2026-07-31 09:58:43.279,110.72,62912,28742,33929,65535,65535,65535,65535,65535,65535
2026-07-31 09:58:43.328,110.77,62912,28742,33929,65535,65535,65535,65535,65535,65535
2026-07-31 09:58:43.389,110.83,62912,28742,33929,65535,65535,65535,65535,65535,65535
2026-07-31 09:58:43.440,110.88,62912,28742,33929,65535,65535,65535,65535,65535,65535
2026-07-31 09:58:43.504,110.94,62912,28742,33929,65535,65535,65535,65535,65535,65535
2026-07-31 09:58:43.555,110.99,62912,28742,33929,65535,65535,65535,65535,65535,65535
2026-07-31 09:58:43.607,111.05,62912,28742,33929,65535,65535,65535,65535,65535,65535
2026-07-31 09:58:43.647,111.08,62912,28742,33929,65535,65535,65535,65535,65535,65535
2026-07-31 09:58:43.683,111.12,62912,28742,33929,65535,65535,65535,65535,65535,65535
2026-07-31 09:58:43.745,111.18,50092,28742,33830,65535,65535,65535,65535,65535,65535
2026-07-31 09:58:43.797,111.24,50092,33533,33830,65535,65535,65535,65535,65535,65535
2026-07-31 09:58:43.851,111.29,50092,33533,33830,65535,65535,65535,65535,65535,65535
2026-07-31 09:58:43.899,111.34,50092,33533,33830,65535,65535,65535,65535,65535,65535
2026-07-31 09:58:43.950,111.39,50092,33533,33830,65535,65535,65535,65535,65535,65535
2026-07-31 09:58:43.996,111.43,50092,33533,33830,65535,65535,65535,65535,65535,65535
2026-07-31 09:58:44.043,111.48,50092,33533,33830,65535,65535,65535,65535,65535,65535
2026-07-31 09:58:44.090,111.53,50092,33533,33830,65535,65535,65535,65535,65535,65535
2026-07-31 09:58:44.141,111.58,50092,33533,33830,65535,65535,65535,65535,65535,65535
2026-07-31 09:58:44.180,111.62,50092,33533,33830,65535,65535,65535,65535,65535,65535
2026-07-31 09:58:44.228,111.67,50092,33533,33830,65535,65535,65535,65535,65535,65535
2026-07-31 09:58:44.285,111.72,50092,33533,40714,65535,65535,65535,65535,65535,65535
2026-07-31 09:58:44.334,111.77,62763,33533,40714,65535,65535,65535,65535,65535,65535
2026-07-31 09:58:44.385,111.82,62763,33533,40714,65535,65535,65535,65535,65535,65535
2026-07-31 09:58:44.434,111.87,62763,33533,40714,65535,65535,65535,65535,65535,65535
2026-07-31 09:58:44.485,111.92,62763,33533,40714,65535,65535,65535,65535,65535,65535
2026-07-31 09:58:44.555,111.99,62763,33533,40714,65535,65535,65535,65535,65535,65535
2026-07-31 09:58:44.606,112.04,62763,33533,40714,65535,65535,65535,65535,65535,65535
2026-07-31 09:58:44.645,112.08,62763,33533,40714,65535,65535,65535,65535,65535,65535
2026-07-31 09:58:44.691,112.13,62763,33533,40714,65535,65535,65535,65535,65535,65535
2026-07-31 09:58:44.757,112.2,62763,33533,40714,65535,65535,65535,65535,65535,65535
2026-07-31 09:58:44.807,112.25,62763,33533,40714,65535,65535,65535,65535,65535,65535
2026-07-31 09:58:44.853,112.29,62763,33533,33929,65535,65535,65535,65535,65535,65535
2026-07-31 09:58:44.901,112.34,62615,28742,33929,65535,65535,65535,65535,65535,65535
2026-07-31 09:58:44.949,112.39,62615,28742,33929,65535,65535,65535,65535,65535,65535
2026-07-31 09:58:45.009,112.45,62615,28742,33929,65535,65535,65535,65535,65535,65535
2026-07-31 09:58:45.057,112.5,62615,28742,33929,65535,65535,65535,65535,65535,65535
2026-07-31 09:58:45.116,112.55,62615,28742,33929,65535,65535,65535,65535,65535,65535
2026-07-31 09:58:45.153,112.59,62615,28742,33929,65535,65535,65535,65535,65535,65535
2026-07-31 09:58:45.189,112.63,62615,28742,33929,65535,65535,65535,65535,65535,65535
2026-07-31 09:58:45.238,112.68,62615,28742,33929,65535,65535,65535,65535,65535,65535
2026-07-31 09:58:45.290,112.73,62615,28742,33929,65535,65535,65535,65535,65535,65535
2026-07-31 09:58:45.355,112.79,62615,28742,33929,65535,65535,65535,65535,65535,65535
2026-07-31 09:58:45.406,112.84,62615,28742,33929,65535,65535,65535,65535,65535,65535
2026-07-31 09:58:45.469,112.91,62912,33533,33929,65535,65535,65535,65535,65535,65535
2026-07-31 09:58:45.520,112.96,62912,33533,33929,65535,65535,65535,65535,65535,65535
2026-07-31 09:58:45.585,113.02,62912,33533,33929,65535,65535,65535,65535,65535,65535
2026-07-31 09:58:45.634,113.07,62912,33533,33929,65535,65535,65535,65535,65535,65535
2026-07-31 09:58:45.670,113.11,62912,33533,33929,65535,65535,65535,65535,65535,65535
2026-07-31 09:58:45.716,113.15,62912,33533,33929,65535,65535,65535,65535,65535,65535
2026-07-31 09:58:45.762,113.2,62912,33533,33929,65535,65535,65535,65535,65535,65535
2026-07-31 09:58:45.821,113.26,62912,33533,33929,65535,65535,65535,65535,65535,65535
2026-07-31 09:58:45.874,113.31,62912,33533,33929,65535,65535,65535,65535,65535,65535
2026-07-31 09:58:45.939,113.38,62912,33533,33929,65535,65535,65535,65535,65535,65535
2026-07-31 09:58:45.991,113.43,62912,33533,40714,65535,65535,65535,65535,65535,65535
2026-07-31 09:58:46.037,113.48,62912,28742,40714,65535,65535,65535,65535,65535,65535
2026-07-31 09:58:46.089,113.53,62912,28742,40714,65535,65535,65535,65535,65535,65535
2026-07-31 09:58:46.141,113.58,62912,28742,40714,65535,65535,65535,65535,65535,65535
2026-07-31 09:58:46.175,113.61,62912,28742,40714,65535,65535,65535,65535,65535,65535
2026-07-31 09:58:46.226,113.66,62912,28742,40714,65535,65535,65535,65535,65535,65535
2026-07-31 09:58:46.283,113.72,62912,28742,40714,65535,65535,65535,65535,65535,65535
2026-07-31 09:58:46.330,113.77,62912,28742,40714,65535,65535,65535,65535,65535,65535
2026-07-31 09:58:46.378,113.82,62912,28742,40714,65535,65535,65535,65535,65535,65535
2026-07-31 09:58:46.427,113.87,62912,28742,40714,65535,65535,65535,65535,65535,65535
2026-07-31 09:58:46.477,113.92,62912,28742,40714,65535,65535,65535,65535,65535,65535
2026-07-31 09:58:46.527,113.97,62912,28742,40714,65535,65535,65535,65535,65535,65535
2026-07-31 09:58:46.576,114.01,50329,28742,40714,65535,65535,65535,65535,65535,65535
2026-07-31 09:58:46.631,114.07,50329,28742,40714,65535,65535,65535,65535,65535,65535
2026-07-31 09:58:46.671,114.11,50329,28742,40714,65535,65535,65535,65535,65535,65535
2026-07-31 09:58:46.729,114.17,50329,28742,40714,65535,65535,65535,65535,65535,65535
2026-07-31 09:58:46.779,114.22,50329,28742,40714,65535,65535,65535,65535,65535,65535
2026-07-31 09:58:46.831,114.27,50329,28742,40714,65535,65535,65535,65535,65535,65535
2026-07-31 09:58:46.875,114.31,50329,28742,40714,65535,65535,65535,65535,65535,65535
2026-07-31 09:58:46.929,114.37,50329,28742,40714,65535,65535,65535,65535,65535,65535
2026-07-31 09:58:46.990,114.43,50329,28742,40714,65535,65535,65535,65535,65535,65535
2026-07-31 09:58:47.034,114.47,50329,28742,40714,65535,65535,65535,65535,65535,65535
2026-07-31 09:58:47.123,114.56,50211,28742,33929,65535,65535,65535,65535,65535,65535
2026-07-31 09:58:47.163,114.6,50211,28827,33929,65535,65535,65535,65535,65535,65535
2026-07-31 09:58:47.212,114.65,50211,28827,33929,65535,65535,65535,65535,65535,65535
2026-07-31 09:58:47.263,114.7,50211,28827,33929,65535,65535,65535,65535,65535,65535
2026-07-31 09:58:47.309,114.75,50211,28827,33929,65535,65535,65535,65535,65535,65535
2026-07-31 09:58:47.359,114.8,50211,28827,33929,65535,65535,65535,65535,65535,65535
2026-07-31 09:58:47.407,114.84,50211,28827,33929,65535,65535,65535,65535,65535,65535
2026-07-31 09:58:47.465,114.9,50211,28827,33929,65535,65535,65535,65535,65535,65535
2026-07-31 09:58:47.514,114.95,50211,28827,33929,65535,65535,65535,65535,65535,65535
2026-07-31 09:58:47.573,115.01,50211,28827,33929,65535,65535,65535,65535,65535,65535
2026-07-31 09:58:47.622,115.06,50211,28827,33929,65535,65535,65535,65535,65535,65535
2026-07-31 09:58:47.662,115.1,50211,28827,40714,65535,65535,65535,65535,65535,65535
2026-07-31 09:58:47.708,115.15,50092,16816,40714,65535,65535,65535,65535,65535,65535
2026-07-31 09:58:47.757,115.19,50092,16816,40714,65535,65535,65535,65535,65535,65535
2026-07-31 09:58:47.820,115.26,50092,16816,40714,65535,65535,65535,65535,65535,65535
2026-07-31 09:58:47.870,115.31,50092,16816,40714,65535,65535,65535,65535,65535,65535
2026-07-31 09:58:47.920,115.36,50092,16816,40714,65535,65535,65535,65535,65535,65535
2026-07-31 09:58:47.970,115.41,50092,16816,40714,65535,65535,65535,65535,65535,65535
2026-07-31 09:58:48.020,115.46,50092,16816,40714,65535,65535,65535,65535,65535,65535
2026-07-31 09:58:48.074,115.51,50092,16816,40714,65535,65535,65535,65535,65535,65535
2026-07-31 09:58:48.117,115.55,50092,16816,40714,65535,65535,65535,65535,65535,65535
2026-07-31 09:58:48.156,115.59,50092,16816,40714,65535,65535,65535,65535,65535,65535
2026-07-31 09:58:48.204,115.64,50092,16816,40714,65535,65535,65535,65535,65535,65535
2026-07-31 09:58:48.272,115.71,62467,33533,40714,65535,65535,65535,65535,65535,65535
2026-07-31 09:58:48.321,115.76,62467,33533,40714,65535,65535,65535,65535,65535,65535
2026-07-31 09:58:48.379,115.82,62467,33533,40714,65535,65535,65535,65535,65535,65535
2026-07-31 09:58:48.429,115.87,62467,33533,40714,65535,65535,65535,65535,65535,65535
2026-07-31 09:58:48.478,115.92,62467,33533,40714,65535,65535,65535,65535,65535,65535
2026-07-31 09:58:48.526,115.96,62467,33533,40714,65535,65535,65535,65535,65535,65535
2026-07-31 09:58:48.578,116.02,62467,33533,40714,65535,65535,65535,65535,65535,65535
2026-07-31 09:58:48.631,116.07,62467,33533,40714,65535,65535,65535,65535,65535,65535
2026-07-31 09:58:48.665,116.1,62467,33533,40714,65535,65535,65535,65535,65535,65535
2026-07-31 09:58:48.713,116.15,62467,33533,40714,65535,65535,65535,65535,65535,65535
2026-07-31 09:58:48.760,116.2,62467,33533,40714,65535,65535,65535,65535,65535,65535
2026-07-31 09:58:48.803,116.24,62912,33533,33929,65535,65535,65535,65535,65535,65535
2026-07-31 09:58:48.856,116.29,62912,33533,33929,65535,65535,65535,65535,65535,65535
2026-07-31 09:58:48.906,116.34,62912,33533,33929,65535,65535,65535,65535,65535,65535
2026-07-31 09:58:48.955,116.39,62912,33533,33929,65535,65535,65535,65535,65535,65535
2026-07-31 09:58:49.003,116.44,62912,33533,33929,65535,65535,65535,65535,65535,65535
2026-07-31 09:58:49.060,116.5,62912,33533,33929,65535,65535,65535,65535,65535,65535
2026-07-31 09:58:49.111,116.55,62912,33533,33929,65535,65535,65535,65535,65535,65535
2026-07-31 09:58:49.158,116.6,62912,33533,33929,65535,65535,65535,65535,65535,65535
2026-07-31 09:58:49.194,116.63,62912,33533,33929,65535,65535,65535,65535,65535,65535
2026-07-31 09:58:49.240,116.68,62912,33533,33929,65535,65535,65535,65535,65535,65535
2026-07-31 09:58:49.290,116.73,62912,33533,33929,65535,65535,65535,65535,65535,65535
2026-07-31 09:58:49.335,116.77,62912,33533,33929,65535,65535,65535,65535,65535,65535
2026-07-31 09:58:49.389,116.83,50211,28742,40714,65535,65535,65535,65535,65535,65535
2026-07-31 09:58:49.454,116.89,50211,28742,40714,65535,65535,65535,65535,65535,65535
2026-07-31 09:58:49.506,116.94,50211,28742,40714,65535,65535,65535,65535,65535,65535
2026-07-31 09:58:49.557,117.0,50211,28742,40714,65535,65535,65535,65535,65535,65535
2026-07-31 09:58:49.609,117.05,50211,28742,40714,65535,65535,65535,65535,65535,65535
2026-07-31 09:58:49.644,117.08,50211,28742,40714,65535,65535,65535,65535,65535,65535
2026-07-31 09:58:49.680,117.12,50211,28742,40714,65535,65535,65535,65535,65535,65535
2026-07-31 09:58:49.727,117.17,50211,28742,40714,65535,65535,65535,65535,65535,65535
2026-07-31 09:58:49.774,117.21,50211,28742,40714,65535,65535,65535,65535,65535,65535
2026-07-31 09:58:49.832,117.27,50211,28742,40714,65535,65535,65535,65535,65535,65535
2026-07-31 09:58:49.884,117.32,50211,28742,40714,65535,65535,65535,65535,65535,65535
2026-07-31 09:58:49.942,117.38,62912,28742,33929,65535,65535,65535,65535,65535,65535
2026-07-31 09:58:49.992,117.43,62912,33533,33929,65535,65535,65535,65535,65535,65535
2026-07-31 09:58:50.044,117.48,62912,33533,33929,65535,65535,65535,65535,65535,65535
2026-07-31 09:58:50.092,117.53,62912,33533,33929,65535,65535,65535,65535,65535,65535
2026-07-31 09:58:50.135,117.57,62912,33533,33929,65535,65535,65535,65535,65535,65535
2026-07-31 09:58:50.175,117.61,62912,33533,33929,65535,65535,65535,65535,65535,65535
2026-07-31 09:58:50.227,117.67,62912,33533,33929,65535,65535,65535,65535,65535,65535
2026-07-31 09:58:50.276,117.71,62912,33533,33929,65535,65535,65535,65535,65535,65535
2026-07-31 09:58:50.323,117.76,62912,33533,33929,65535,65535,65535,65535,65535,65535
2026-07-31 09:58:50.378,117.82,62912,33533,33929,65535,65535,65535,65535,65535,65535
2026-07-31 09:58:50.428,117.87,62912,33533,33929,65535,65535,65535,65535,65535,65535
2026-07-31 09:58:50.477,117.91,62912,33533,40596,65535,65535,65535,65535,65535,65535
2026-07-31 09:58:50.523,117.96,50092,33632,40596,65535,65535,65535,65535,65535,65535
2026-07-31 09:58:50.573,118.01,50092,33632,40596,65535,65535,65535,65535,65535,65535
2026-07-31 09:58:50.637,118.07,50092,33632,40596,65535,65535,65535,65535,65535,65535
2026-07-31 09:58:50.674,118.11,50092,33632,40596,65535,65535,65535,65535,65535,65535
2026-07-31 09:58:50.736,118.17,50092,33632,40596,65535,65535,65535,65535,65535,65535
2026-07-31 09:58:50.788,118.23,50092,33632,40596,65535,65535,65535,65535,65535,65535
2026-07-31 09:58:50.836,118.27,50092,33632,40596,65535,65535,65535,65535,65535,65535
2026-07-31 09:58:50.883,118.32,50092,33632,40596,65535,65535,65535,65535,65535,65535
2026-07-31 09:58:50.933,118.37,50092,33632,40596,65535,65535,65535,65535,65535,65535
2026-07-31 09:58:50.982,118.42,50092,33632,40596,65535,65535,65535,65535,65535,65535
2026-07-31 09:58:51.035,118.47,50092,33632,33929,65535,65535,65535,65535,65535,65535
2026-07-31 09:58:51.090,118.53,49973,28742,33929,65535,65535,65535,65535,65535,65535
2026-07-31 09:58:51.139,118.58,49973,28742,33929,65535,65535,65535,65535,65535,65535
2026-07-31 09:58:51.177,118.62,49973,28742,33929,65535,65535,65535,65535,65535,65535
2026-07-31 09:58:51.222,118.66,49973,28742,33929,65535,65535,65535,65535,65535,65535
2026-07-31 09:58:51.278,118.72,49973,28742,33929,65535,65535,65535,65535,65535,65535
2026-07-31 09:58:51.324,118.76,49973,28742,33929,65535,65535,65535,65535,65535,65535
2026-07-31 09:58:51.375,118.81,49973,28742,33929,65535,65535,65535,65535,65535,65535
2026-07-31 09:58:51.440,118.88,49973,28742,33929,65535,65535,65535,65535,65535,65535
2026-07-31 09:58:51.496,118.93,49973,28742,33929,65535,65535,65535,65535,65535,65535
2026-07-31 09:58:51.560,119.0,49973,28742,33929,65535,65535,65535,65535,65535,65535
2026-07-31 09:58:51.610,119.05,49973,28742,33929,65535,65535,65535,65535,65535,65535
2026-07-31 09:58:51.646,119.08,49973,28742,33929,65535,65535,65535,65535,65535,65535
2026-07-31 09:58:51.693,119.13,49973,28742,33929,65535,65535,65535,65535,65535,65535
2026-07-31 09:58:51.746,119.18,49973,28742,33929,65535,65535,65535,65535,65535,65535
2026-07-31 09:58:51.797,119.24,49973,28742,33929,65535,65535,65535,65535,65535,65535
2026-07-31 09:58:51.847,119.28,49973,28742,33929,65535,65535,65535,65535,65535,65535
2026-07-31 09:58:51.900,119.34,49973,28742,33929,65535,65535,65535,65535,65535,65535
2026-07-31 09:58:51.952,119.39,49973,28742,33929,65535,65535,65535,65535,65535,65535
2026-07-31 09:58:51.998,119.44,49973,28742,33929,65535,65535,65535,65535,65535,65535
2026-07-31 09:58:52.047,119.48,49973,28742,33929,65535,65535,65535,65535,65535,65535
2026-07-31 09:58:52.092,119.53,49973,28742,33929,65535,65535,65535,65535,65535,65535
2026-07-31 09:58:52.136,119.57,49973,28742,33929,65535,65535,65535,65535,65535,65535
2026-07-31 09:58:52.171,119.61,49973,28742,40714,65535,65535,65535,65535,65535,65535
2026-07-31 09:58:52.227,119.66,50092,28827,40714,65535,65535,65535,65535,65535,65535
2026-07-31 09:58:52.277,119.71,50092,28827,40714,65535,65535,65535,65535,65535,65535
2026-07-31 09:58:52.341,119.78,50092,28827,40714,65535,65535,65535,65535,65535,65535
2026-07-31 09:58:52.393,119.83,50092,28827,40714,65535,65535,65535,65535,65535,65535
2026-07-31 09:58:52.441,119.88,50092,28827,40714,65535,65535,65535,65535,65535,65535
2026-07-31 09:58:52.493,119.93,50092,28827,40714,65535,65535,65535,65535,65535,65535
2026-07-31 09:58:52.548,119.99,50092,28827,40714,65535,65535,65535,65535,65535,65535
2026-07-31 09:58:52.599,120.04,50092,28827,40714,65535,65535,65535,65535,65535,65535
2026-07-31 09:58:52.635,120.07,50092,28827,40714,65535,65535,65535,65535,65535,65535
2026-07-31 09:58:52.671,120.11,50092,28827,40714,65535,65535,65535,65535,65535,65535
2026-07-31 09:58:52.716,120.15,50092,28827,40714,65535,65535,65535,65535,65535,65535
2026-07-31 09:58:52.773,120.21,62763,33533,33929,65535,65535,65535,65535,65535,65535
2026-07-31 09:58:52.826,120.26,62763,33533,33929,65535,65535,65535,65535,65535,65535
2026-07-31 09:58:52.874,120.31,62763,33533,33929,65535,65535,65535,65535,65535,65535
2026-07-31 09:58:52.928,120.37,62763,33533,33929,65535,65535,65535,65535,65535,65535
2026-07-31 09:58:52.981,120.42,62763,33533,33929,65535,65535,65535,65535,65535,65535
2026-07-31 09:58:53.043,120.48,62763,33533,33929,65535,65535,65535,65535,65535,65535
2026-07-31 09:58:53.089,120.53,62763,33533,33929,65535,65535,65535,65535,65535,65535
2026-07-31 09:58:53.154,120.59,62763,33533,33929,65535,65535,65535,65535,65535,65535
2026-07-31 09:58:53.194,120.63,62763,33533,33929,65535,65535,65535,65535,65535,65535
2026-07-31 09:58:53.242,120.68,62763,33533,33929,65535,65535,65535,65535,65535,65535
2026-07-31 09:58:53.291,120.73,62763,33533,33929,65535,65535,65535,65535,65535,65535
2026-07-31 09:58:53.340,120.78,50092,33929,33929,65535,65535,65535,65535,65535,65535
2026-07-31 09:58:53.391,120.83,50092,33929,33929,65535,65535,65535,65535,65535,65535
2026-07-31 09:58:53.439,120.88,50092,33929,33929,65535,65535,65535,65535,65535,65535
2026-07-31 09:58:53.490,120.93,50092,33929,33929,65535,65535,65535,65535,65535,65535
2026-07-31 09:58:53.536,120.97,50092,33929,33929,65535,65535,65535,65535,65535,65535
2026-07-31 09:58:53.587,121.02,50092,33929,33929,65535,65535,65535,65535,65535,65535
2026-07-31 09:58:53.640,121.08,50092,33929,33929,65535,65535,65535,65535,65535,65535
2026-07-31 09:58:53.678,121.12,50092,33929,33929,65535,65535,65535,65535,65535,65535
2026-07-31 09:58:53.724,121.16,50092,33929,33929,65535,65535,65535,65535,65535,65535
2026-07-31 09:58:53.772,121.21,50092,33929,33929,65535,65535,65535,65535,65535,65535
2026-07-31 09:58:53.831,121.27,50092,33929,33929,65535,65535,65535,65535,65535,65535
2026-07-31 09:58:53.876,121.31,62763,33929,33929,65535,65535,65535,65535,65535,65535
2026-07-31 09:58:53.937,121.37,62763,33533,33929,65535,65535,65535,65535,65535,65535
2026-07-31 09:58:53.985,121.42,62763,33533,33929,65535,65535,65535,65535,65535,65535
2026-07-31 09:58:54.036,121.47,62763,33533,33929,65535,65535,65535,65535,65535,65535
2026-07-31 09:58:54.086,121.52,62763,33533,33929,65535,65535,65535,65535,65535,65535
2026-07-31 09:58:54.142,121.58,62763,33533,33929,65535,65535,65535,65535,65535,65535
2026-07-31 09:58:54.178,121.62,62763,33533,33929,65535,65535,65535,65535,65535,65535
2026-07-31 09:58:54.225,121.66,62763,33533,33929,65535,65535,65535,65535,65535,65535
2026-07-31 09:58:54.274,121.71,62763,33533,33929,65535,65535,65535,65535,65535,65535
2026-07-31 09:58:54.330,121.77,62763,33533,33929,65535,65535,65535,65535,65535,65535
2026-07-31 09:58:54.381,121.82,62763,33533,33929,65535,65535,65535,65535,65535,65535
2026-07-31 09:58:54.431,121.87,62763,33533,33632,65535,65535,65535,65535,65535,65535
2026-07-31 09:58:54.484,121.92,62763,33533,33632,65535,65535,65535,65535,65535,65535
2026-07-31 09:58:54.535,121.97,62763,33533,33632,65535,65535,65535,65535,65535,65535
2026-07-31 09:58:54.585,122.02,62763,33533,33632,65535,65535,65535,65535,65535,65535
2026-07-31 09:58:54.650,122.09,62763,33533,33632,65535,65535,65535,65535,65535,65535
2026-07-31 09:58:54.684,122.12,62763,33533,33632,65535,65535,65535,65535,65535,65535
2026-07-31 09:58:54.744,122.18,62763,33533,33632,65535,65535,65535,65535,65535,65535
2026-07-31 09:58:54.795,122.23,62763,33533,33632,65535,65535,65535,65535,65535,65535
2026-07-31 09:58:54.845,122.28,62763,33533,33632,65535,65535,65535,65535,65535,65535
2026-07-31 09:58:54.893,122.33,62763,33533,33632,65535,65535,65535,65535,65535,65535
2026-07-31 09:58:54.949,122.39,62763,33533,33632,65535,65535,65535,65535,65535,65535
2026-07-31 09:58:54.999,122.44,62615,33533,40714,65535,65535,65535,65535,65535,65535
2026-07-31 09:58:55.047,122.48,62615,33533,40714,65535,65535,65535,65535,65535,65535
2026-07-31 09:58:55.095,122.53,62615,33533,40714,65535,65535,65535,65535,65535,65535
2026-07-31 09:58:55.142,122.58,62615,33533,40714,65535,65535,65535,65535,65535,65535
2026-07-31 09:58:55.183,122.62,62615,33533,40714,65535,65535,65535,65535,65535,65535
2026-07-31 09:58:55.233,122.67,62615,33533,40714,65535,65535,65535,65535,65535,65535
2026-07-31 09:58:55.283,122.72,62615,33533,40714,65535,65535,65535,65535,65535,65535
2026-07-31 09:58:55.330,122.77,62615,33533,40714,65535,65535,65535,65535,65535,65535
2026-07-31 09:58:55.378,122.82,62615,33533,40714,65535,65535,65535,65535,65535,65535
2026-07-31 09:58:55.441,122.88,62615,33533,40714,65535,65535,65535,65535,65535,65535
2026-07-31 09:58:55.487,122.92,62615,33533,40714,65535,65535,65535,65535,65535,65535
2026-07-31 09:58:55.551,122.99,62615,33533,33533,65535,65535,65535,65535,65535,65535
2026-07-31 09:58:55.606,123.04,62615,28742,33533,65535,65535,65535,65535,65535,65535
2026-07-31 09:58:55.642,123.08,62615,28742,33533,65535,65535,65535,65535,65535,65535
2026-07-31 09:58:55.679,123.12,62615,28742,33533,65535,65535,65535,65535,65535,65535
2026-07-31 09:58:55.729,123.17,62615,28742,33533,65535,65535,65535,65535,65535,65535
2026-07-31 09:58:55.781,123.22,62615,28742,33533,65535,65535,65535,65535,65535,65535
2026-07-31 09:58:55.829,123.27,62615,28742,33533,65535,65535,65535,65535,65535,65535
2026-07-31 09:58:55.882,123.32,62615,28742,33533,65535,65535,65535,65535,65535,65535
2026-07-31 09:58:55.934,123.37,62615,28742,33533,65535,65535,65535,65535,65535,65535
2026-07-31 09:58:55.996,123.43,62615,28742,33533,65535,65535,65535,65535,65535,65535
2026-07-31 09:58:56.046,123.48,62615,28742,33533,65535,65535,65535,65535,65535,65535
2026-07-31 09:58:56.095,123.53,62615,28742,33533,65535,65535,65535,65535,65535,65535
2026-07-31 09:58:56.135,123.57,50092,28742,40596,65535,65535,65535,65535,65535,65535
2026-07-31 09:58:56.176,123.61,50092,28742,40596,65535,65535,65535,65535,65535,65535
2026-07-31 09:58:56.237,123.68,50092,28742,40596,65535,65535,65535,65535,65535,65535
2026-07-31 09:58:56.288,123.73,50092,28742,40596,65535,65535,65535,65535,65535,65535
2026-07-31 09:58:56.352,123.79,50092,28742,40596,65535,65535,65535,65535,65535,65535
2026-07-31 09:58:56.404,123.84,50092,28742,40596,65535,65535,65535,65535,65535,65535
2026-07-31 09:58:56.452,123.89,50092,28742,40596,65535,65535,65535,65535,65535,65535
2026-07-31 09:58:56.502,123.94,50092,28742,40596,65535,65535,65535,65535,65535,65535
2026-07-31 09:58:56.554,123.99,50092,28742,40596,65535,65535,65535,65535,65535,65535
2026-07-31 09:58:56.606,124.04,50092,28742,40596,65535,65535,65535,65535,65535,65535
2026-07-31 09:58:56.656,124.09,50092,28742,40596,65535,65535,65535,65535,65535,65535
2026-07-31 09:58:56.692,124.13,50211,28742,33929,65535,65535,65535,65535,65535,65535
2026-07-31 09:58:56.739,124.18,50211,33533,33929,65535,65535,65535,65535,65535,65535
2026-07-31 09:58:56.786,124.22,50211,33533,33929,65535,65535,65535,65535,65535,65535
2026-07-31 09:58:56.835,124.27,50211,33533,33929,65535,65535,65535,65535,65535,65535
2026-07-31 09:58:56.881,124.32,50211,33533,33929,65535,65535,65535,65535,65535,65535
2026-07-31 09:58:56.927,124.37,50211,33533,33929,65535,65535,65535,65535,65535,65535
2026-07-31 09:58:56.978,124.42,50211,33533,33929,65535,65535,65535,65535,65535,65535
2026-07-31 09:58:57.036,124.47,50211,33533,33929,65535,65535,65535,65535,65535,65535
2026-07-31 09:58:57.085,124.52,50211,33533,33929,65535,65535,65535,65535,65535,65535
2026-07-31 09:58:57.146,124.58,50211,33533,33929,65535,65535,65535,65535,65535,65535
2026-07-31 09:58:57.182,124.62,50211,33533,33929,65535,65535,65535,65535,65535,65535
2026-07-31 09:58:57.227,124.67,50211,33533,33929,65535,65535,65535,65535,65535,65535
2026-07-31 09:58:57.275,124.71,62763,16816,33929,65535,65535,65535,65535,65535,65535
2026-07-31 09:58:57.324,124.76,62763,16816,33929,65535,65535,65535,65535,65535,65535
2026-07-31 09:58:57.372,124.81,62763,16816,33929,65535,65535,65535,65535,65535,65535
2026-07-31 09:58:57.421,124.86,62763,16816,33929,65535,65535,65535,65535,65535,65535
2026-07-31 09:58:57.475,124.91,62763,16816,33929,65535,65535,65535,65535,65535,65535
2026-07-31 09:58:57.521,124.96,62763,16816,33929,65535,65535,65535,65535,65535,65535
2026-07-31 09:58:57.569,125.01,62763,16816,33929,65535,65535,65535,65535,65535,65535
2026-07-31 09:58:57.617,125.05,62763,16816,33929,65535,65535,65535,65535,65535,65535
2026-07-31 09:58:57.653,125.09,62763,16816,33929,65535,65535,65535,65535,65535,65535
2026-07-31 09:58:57.700,125.14,62763,16816,33929,65535,65535,65535,65535,65535,65535
2026-07-31 09:58:57.749,125.19,62763,16816,33929,65535,65535,65535,65535,65535,65535
2026-07-31 09:58:57.816,125.25,62615,16816,33929,65535,65535,65535,65535,65535,65535
2026-07-31 09:58:57.867,125.3,62615,33533,33929,65535,65535,65535,65535,65535,65535
2026-07-31 09:58:57.927,125.37,62615,33533,33929,65535,65535,65535,65535,65535,65535
2026-07-31 09:58:57.972,125.41,62615,33533,33929,65535,65535,65535,65535,65535,65535
2026-07-31 09:58:58.021,125.46,62615,33533,33929,65535,65535,65535,65535,65535,65535
2026-07-31 09:58:58.071,125.51,62615,33533,33929,65535,65535,65535,65535,65535,65535
2026-07-31 09:58:58.121,125.56,62615,33533,33929,65535,65535,65535,65535,65535,65535
2026-07-31 09:58:58.160,125.6,62615,33533,33929,65535,65535,65535,65535,65535,65535
2026-07-31 09:58:58.207,125.65,62615,33533,33929,65535,65535,65535,65535,65535,65535
2026-07-31 09:58:58.253,125.69,62615,33533,33929,65535,65535,65535,65535,65535,65535
2026-07-31 09:58:58.305,125.74,62615,33533,33929,65535,65535,65535,65535,65535,65535
2026-07-31 09:58:58.363,125.8,62615,33533,40714,65535,65535,65535,65535,65535,65535
2026-07-31 09:58:58.409,125.85,50092,28742,40714,65535,65535,65535,65535,65535,65535
2026-07-31 09:58:58.458,125.9,50092,28742,40714,65535,65535,65535,65535,65535,65535
2026-07-31 09:58:58.505,125.94,50092,28742,40714,65535,65535,65535,65535,65535,65535
2026-07-31 09:58:58.557,125.99,50092,28742,40714,65535,65535,65535,65535,65535,65535
2026-07-31 09:58:58.623,126.06,50092,28742,40714,65535,65535,65535,65535,65535,65535
2026-07-31 09:58:58.663,126.1,50092,28742,40714,65535,65535,65535,65535,65535,65535
2026-07-31 09:58:58.723,126.16,50092,28742,40714,65535,65535,65535,65535,65535,65535
2026-07-31 09:58:58.775,126.21,50092,28742,40714,65535,65535,65535,65535,65535,65535
2026-07-31 09:58:58.823,126.26,50092,28742,40714,65535,65535,65535,65535,65535,65535
2026-07-31 09:58:58.869,126.31,50092,28742,40714,65535,65535,65535,65535,65535,65535
2026-07-31 09:58:58.919,126.36,50092,28742,33929,65535,65535,65535,65535,65535,65535
2026-07-31 09:58:58.973,126.41,50092,25150,33929,65535,65535,65535,65535,65535,65535
2026-07-31 09:58:59.024,126.46,50092,25150,33929,65535,65535,65535,65535,65535,65535
2026-07-31 09:58:59.073,126.51,50092,25150,33929,65535,65535,65535,65535,65535,65535
2026-07-31 09:58:59.117,126.56,50092,25150,33929,65535,65535,65535,65535,65535,65535
2026-07-31 09:58:59.162,126.6,50092,25150,33929,65535,65535,65535,65535,65535,65535
2026-07-31 09:58:59.198,126.64,50092,25150,33929,65535,65535,65535,65535,65535,65535
2026-07-31 09:58:59.242,126.68,50092,25150,33929,65535,65535,65535,65535,65535,65535
2026-07-31 09:58:59.293,126.73,50092,25150,33929,65535,65535,65535,65535,65535,65535
2026-07-31 09:58:59.339,126.78,50092,25150,33929,65535,65535,65535,65535,65535,65535
2026-07-31 09:58:59.400,126.84,50092,25150,33929,65535,65535,65535,65535,65535,65535
2026-07-31 09:58:59.446,126.88,50092,25150,33929,65535,65535,65535,65535,65535,65535
2026-07-31 09:58:59.504,126.94,49855,25150,33929,65535,65535,65535,65535,65535,65535
2026-07-31 09:58:59.554,126.99,49855,28742,33929,65535,65535,65535,65535,65535,65535
2026-07-31 09:58:59.606,127.04,49855,28742,33929,65535,65535,65535,65535,65535,65535
2026-07-31 09:58:59.653,127.09,49855,28742,33929,65535,65535,65535,65535,65535,65535
2026-07-31 09:58:59.688,127.13,49855,28742,33929,65535,65535,65535,65535,65535,65535
2026-07-31 09:58:59.738,127.18,49855,28742,33929,65535,65535,65535,65535,65535,65535
2026-07-31 09:58:59.792,127.23,49855,28742,33929,65535,65535,65535,65535,65535,65535
2026-07-31 09:58:59.846,127.28,49855,28742,33929,65535,65535,65535,65535,65535,65535
2026-07-31 09:58:59.890,127.33,49855,28742,33929,65535,65535,65535,65535,65535,65535
2026-07-31 09:58:59.940,127.38,49855,28742,33929,65535,65535,65535,65535,65535,65535
2026-07-31 09:58:59.986,127.42,49855,28742,33929,65535,65535,65535,65535,65535,65535
2026-07-31 09:59:00.037,127.47,49855,28742,33830,65535,65535,65535,65535,65535,65535
2026-07-31 09:59:00.088,127.53,50092,28742,33830,65535,65535,65535,65535,65535,65535
2026-07-31 09:59:00.136,127.57,50092,28742,33830,65535,65535,65535,65535,65535,65535
2026-07-31 09:59:00.171,127.61,50092,28742,33830,65535,65535,65535,65535,65535,65535
2026-07-31 09:59:00.207,127.65,50092,28742,33830,65535,65535,65535,65535,65535,65535
2026-07-31 09:59:00.272,127.71,50092,28742,33830,65535,65535,65535,65535,65535,65535
2026-07-31 09:59:00.319,127.76,50092,28742,33830,65535,65535,65535,65535,65535,65535
2026-07-31 09:59:00.367,127.8,50092,28742,33830,65535,65535,65535,65535,65535,65535
2026-07-31 09:59:00.418,127.86,50092,28742,33830,65535,65535,65535,65535,65535,65535
2026-07-31 09:59:00.468,127.91,50092,28742,33830,65535,65535,65535,65535,65535,65535
2026-07-31 09:59:00.513,127.95,50092,28742,33830,65535,65535,65535,65535,65535,65535
2026-07-31 09:59:00.563,128.0,50092,28742,33830,65535,65535,65535,65535,65535,65535
2026-07-31 09:59:00.614,128.05,50092,28742,40596,65535,65535,65535,65535,65535,65535
2026-07-31 09:59:00.658,128.1,50092,28742,40596,65535,65535,65535,65535,65535,65535
2026-07-31 09:59:00.694,128.13,50092,28742,40596,65535,65535,65535,65535,65535,65535
2026-07-31 09:59:00.730,128.17,50092,28742,40596,65535,65535,65535,65535,65535,65535
2026-07-31 09:59:00.777,128.22,50092,28742,40596,65535,65535,65535,65535,65535,65535
2026-07-31 09:59:00.823,128.26,50092,28742,40596,65535,65535,65535,65535,65535,65535
2026-07-31 09:59:00.874,128.31,50092,28742,40596,65535,65535,65535,65535,65535,65535
2026-07-31 09:59:00.932,128.37,50092,28742,40596,65535,65535,65535,65535,65535,65535
2026-07-31 09:59:00.978,128.42,50092,28742,40596,65535,65535,65535,65535,65535,65535
2026-07-31 09:59:01.044,128.48,50092,28742,40596,65535,65535,65535,65535,65535,65535
2026-07-31 09:59:01.095,128.53,50092,28742,40596,65535,65535,65535,65535,65535,65535
2026-07-31 09:59:01.131,128.57,50092,28742,40596,65535,65535,65535,65535,65535,65535
2026-07-31 09:59:01.180,128.62,50092,28742,40714,65535,65535,65535,65535,65535,65535
2026-07-31 09:59:01.233,128.67,62318,28742,40714,65535,65535,65535,65535,65535,65535
2026-07-31 09:59:01.282,128.72,62318,28742,40714,65535,65535,65535,65535,65535,65535
2026-07-31 09:59:01.332,128.77,62318,28742,40714,65535,65535,65535,65535,65535,65535
2026-07-31 09:59:01.378,128.82,62318,28742,40714,65535,65535,65535,65535,65535,65535
2026-07-31 09:59:01.425,128.86,62318,28742,40714,65535,65535,65535,65535,65535,65535
2026-07-31 09:59:01.489,128.93,62318,28742,40714,65535,65535,65535,65535,65535,65535
2026-07-31 09:59:01.542,128.98,62318,28742,40714,65535,65535,65535,65535,65535,65535
2026-07-31 09:59:01.594,129.03,62318,28742,40714,65535,65535,65535,65535,65535,65535
2026-07-31 09:59:01.639,129.08,62318,28742,40714,65535,65535,65535,65535,65535,65535
2026-07-31 09:59:01.676,129.11,62318,28742,40714,65535,65535,65535,65535,65535,65535
2026-07-31 09:59:01.726,129.16,62318,28742,40714,65535,65535,65535,65535,65535,65535
2026-07-31 09:59:01.775,129.21,62615,28742,33929,65535,65535,65535,65535,65535,65535
2026-07-31 09:59:01.835,129.27,62615,28742,33929,65535,65535,65535,65535,65535,65535
2026-07-31 09:59:01.885,129.32,62615,28742,33929,65535,65535,65535,65535,65535,65535
2026-07-31 09:59:01.934,129.37,62615,28742,33929,65535,65535,65535,65535,65535,65535
2026-07-31 09:59:01.986,129.42,62615,28742,33929,65535,65535,65535,65535,65535,65535
2026-07-31 09:59:02.036,129.47,62615,28742,33929,65535,65535,65535,65535,65535,65535
2026-07-31 09:59:02.086,129.52,62615,28742,33929,65535,65535,65535,65535,65535,65535
2026-07-31 09:59:02.135,129.57,62615,28742,33929,65535,65535,65535,65535,65535,65535
2026-07-31 09:59:02.178,129.62,62615,28742,33929,65535,65535,65535,65535,65535,65535
2026-07-31 09:59:02.224,129.66,62615,28742,33929,65535,65535,65535,65535,65535,65535
2026-07-31 09:59:02.301,129.74,62615,28742,33929,65535,65535,65535,65535,65535,65535
2026-07-31 09:59:02.349,129.79,50092,33830,33929,65535,65535,65535,65535,65535,65535
2026-07-31 09:59:02.396,129.83,50092,33830,33929,65535,65535,65535,65535,65535,65535
2026-07-31 09:59:02.442,129.88,50092,33830,33929,65535,65535,65535,65535,65535,65535
2026-07-31 09:59:02.490,129.93,50092,33830,33929,65535,65535,65535,65535,65535,65535
2026-07-31 09:59:02.554,129.99,50092,33830,33929,65535,65535,65535,65535,65535,65535
2026-07-31 09:59:02.602,130.04,50092,33830,33929,65535,65535,65535,65535,65535,65535
2026-07-31 09:59:02.669,130.11,50092,33830,33929,65535,65535,65535,65535,65535,65535
2026-07-31 09:59:02.707,130.15,50092,33830,33929,65535,65535,65535,65535,65535,65535
2026-07-31 09:59:02.757,130.19,50092,33830,33929,65535,65535,65535,65535,65535,65535
2026-07-31 09:59:02.812,130.25,50092,33830,33929,65535,65535,65535,65535,65535,65535
2026-07-31 09:59:02.862,130.3,50092,33830,40714,65535,65535,65535,65535,65535,65535
2026-07-31 09:59:02.909,130.35,50092,28742,40714,65535,65535,65535,65535,65535,65535
2026-07-31 09:59:02.955,130.39,50092,28742,40714,65535,65535,65535,65535,65535,65535
2026-07-31 09:59:03.004,130.44,50092,28742,40714,65535,65535,65535,65535,65535,65535
2026-07-31 09:59:03.050,130.49,50092,28742,40714,65535,65535,65535,65535,65535,65535
2026-07-31 09:59:03.100,130.54,50092,28742,40714,65535,65535,65535,65535,65535,65535
2026-07-31 09:59:03.152,130.59,50092,28742,40714,65535,65535,65535,65535,65535,65535
2026-07-31 09:59:03.188,130.63,50092,28742,40714,65535,65535,65535,65535,65535,65535
2026-07-31 09:59:03.233,130.67,50092,28742,40714,65535,65535,65535,65535,65535,65535
2026-07-31 09:59:03.283,130.72,50092,28742,40714,65535,65535,65535,65535,65535,65535
2026-07-31 09:59:03.342,130.78,50092,28742,40714,65535,65535,65535,65535,65535,65535
2026-07-31 09:59:03.391,130.83,50092,28742,40714,65535,65535,65535,65535,65535,65535
2026-07-31 09:59:03.448,130.89,50329,28742,40714,65535,65535,65535,65535,65535,65535
2026-07-31 09:59:03.497,130.93,50329,28742,40714,65535,65535,65535,65535,65535,65535
2026-07-31 09:59:03.549,130.99,50329,28742,40714,65535,65535,65535,65535,65535,65535
2026-07-31 09:59:03.603,131.04,50329,28742,40714,65535,65535,65535,65535,65535,65535
2026-07-31 09:59:03.653,131.09,50329,28742,40714,65535,65535,65535,65535,65535,65535
2026-07-31 09:59:03.693,131.13,50329,28742,40714,65535,65535,65535,65535,65535,65535
2026-07-31 09:59:03.742,131.18,50329,28742,40714,65535,65535,65535,65535,65535,65535
2026-07-31 09:59:03.796,131.23,50329,28742,40714,65535,65535,65535,65535,65535,65535
2026-07-31 09:59:03.855,131.29,50329,28742,40714,65535,65535,65535,65535,65535,65535
2026-07-31 09:59:03.912,131.35,50329,28742,40714,65535,65535,65535,65535,65535,65535
2026-07-31 09:59:03.963,131.4,50329,28742,40714,65535,65535,65535,65535,65535,65535
2026-07-31 09:59:04.016,131.45,49973,28742,40714,65535,65535,65535,65535,65535,65535
2026-07-31 09:59:04.066,131.5,49973,33533,40714,65535,65535,65535,65535,65535,65535
2026-07-31 09:59:04.118,131.56,49973,33533,40714,65535,65535,65535,65535,65535,65535
2026-07-31 09:59:04.158,131.6,49973,33533,40714,65535,65535,65535,65535,65535,65535
2026-07-31 09:59:04.195,131.63,49973,33533,40714,65535,65535,65535,65535,65535,65535
2026-07-31 09:59:04.263,131.7,49973,33533,40714,65535,65535,65535,65535,65535,65535
2026-07-31 09:59:04.313,131.75,49973,33533,40714,65535,65535,65535,65535,65535,65535
2026-07-31 09:59:04.367,131.81,49973,33533,40714,65535,65535,65535,65535,65535,65535
2026-07-31 09:59:04.407,131.84,49973,33533,40714,65535,65535,65535,65535,65535,65535
2026-07-31 09:59:04.448,131.89,49973,33533,40714,65535,65535,65535,65535,65535,65535
2026-07-31 09:59:04.502,131.94,49973,33533,40714,65535,65535,65535,65535,65535,65535
2026-07-31 09:59:04.557,132.0,49973,33533,33632,65535,65535,65535,65535,65535,65535
2026-07-31 09:59:04.609,132.05,50092,33929,33632,65535,65535,65535,65535,65535,65535
2026-07-31 09:59:04.665,132.1,50092,33929,33632,65535,65535,65535,65535,65535,65535
2026-07-31 09:59:04.734,132.17,50092,33929,33632,65535,65535,65535,65535,65535,65535
2026-07-31 09:59:04.785,132.22,50092,33929,33632,65535,65535,65535,65535,65535,65535
2026-07-31 09:59:04.833,132.27,50092,33929,33632,65535,65535,65535,65535,65535,65535
2026-07-31 09:59:04.868,132.31,50092,33929,33632,65535,65535,65535,65535,65535,65535
2026-07-31 09:59:04.904,132.34,50092,33929,33632,65535,65535,65535,65535,65535,65535
2026-07-31 09:59:04.962,132.4,50092,33929,33632,65535,65535,65535,65535,65535,65535
2026-07-31 09:59:05.013,132.45,50092,33929,33632,65535,65535,65535,65535,65535,65535
2026-07-31 09:59:05.072,132.51,50092,33929,33632,65535,65535,65535,65535,65535,65535
2026-07-31 09:59:05.120,132.56,50092,33929,40714,65535,65535,65535,65535,65535,65535
2026-07-31 09:59:05.170,132.61,50211,33929,40714,65535,65535,65535,65535,65535,65535
2026-07-31 09:59:05.224,132.66,50211,33929,40714,65535,65535,65535,65535,65535,65535
2026-07-31 09:59:05.276,132.71,50211,33929,40714,65535,65535,65535,65535,65535,65535
2026-07-31 09:59:05.329,132.77,50211,33929,40714,65535,65535,65535,65535,65535,65535
2026-07-31 09:59:05.367,132.81,50211,33929,40714,65535,65535,65535,65535,65535,65535
2026-07-31 09:59:05.416,132.85,50211,33929,40714,65535,65535,65535,65535,65535,65535
2026-07-31 09:59:05.465,132.9,50211,33929,40714,65535,65535,65535,65535,65535,65535
2026-07-31 09:59:05.517,132.96,50211,33929,40714,65535,65535,65535,65535,65535,65535
2026-07-31 09:59:05.569,133.01,50211,33929,40714,65535,65535,65535,65535,65535,65535
2026-07-31 09:59:05.623,133.06,50211,33929,40714,65535,65535,65535,65535,65535,65535
2026-07-31 09:59:05.672,133.11,50211,33929,33929,65535,65535,65535,65535,65535,65535
2026-07-31 09:59:05.720,133.16,50092,28742,33929,65535,65535,65535,65535,65535,65535
2026-07-31 09:59:05.783,133.22,50092,28742,33929,65535,65535,65535,65535,65535,65535
2026-07-31 09:59:05.834,133.27,50092,28742,33929,65535,65535,65535,65535,65535,65535
2026-07-31 09:59:05.871,133.31,50092,28742,33929,65535,65535,65535,65535,65535,65535
2026-07-31 09:59:05.906,133.34,50092,28742,33929,65535,65535,65535,65535,65535,65535
2026-07-31 09:59:05.956,133.39,50092,28742,33929,65535,65535,65535,65535,65535,65535
2026-07-31 09:59:06.012,133.45,50092,28742,33929,65535,65535,65535,65535,65535,65535
2026-07-31 09:59:06.063,133.5,50092,28742,33929,65535,65535,65535,65535,65535,65535
2026-07-31 09:59:06.118,133.56,50092,28742,33929,65535,65535,65535,65535,65535,65535
2026-07-31 09:59:06.170,133.61,50092,28742,33929,65535,65535,65535,65535,65535,65535
2026-07-31 09:59:06.228,133.67,50092,28742,33929,65535,65535,65535,65535,65535,65535
2026-07-31 09:59:06.276,133.71,50448,28742,33929,65535,65535,65535,65535,65535,65535
2026-07-31 09:59:06.323,133.76,50448,28742,33929,65535,65535,65535,65535,65535,65535
2026-07-31 09:59:06.367,133.81,50448,28742,33929,65535,65535,65535,65535,65535,65535
2026-07-31 09:59:06.403,133.84,50448,28742,33929,65535,65535,65535,65535,65535,65535
2026-07-31 09:59:06.455,133.89,50448,28742,33929,65535,65535,65535,65535,65535,65535
2026-07-31 09:59:06.504,133.94,50448,28742,33929,65535,65535,65535,65535,65535,65535
2026-07-31 09:59:06.569,134.01,50448,28742,33929,65535,65535,65535,65535,65535,65535
2026-07-31 09:59:06.622,134.06,50448,28742,33929,65535,65535,65535,65535,65535,65535
2026-07-31 09:59:06.686,134.12,50448,28742,33929,65535,65535,65535,65535,65535,65535
2026-07-31 09:59:06.735,134.17,50448,28742,33929,65535,65535,65535,65535,65535,65535
2026-07-31 09:59:06.784,134.22,50448,28742,33929,65535,65535,65535,65535,65535,65535
2026-07-31 09:59:06.844,134.28,50211,28742,40714,65535,65535,65535,65535,65535,65535
2026-07-31 09:59:06.884,134.32,50211,28742,40714,65535,65535,65535,65535,65535,65535
2026-07-31 09:59:06.933,134.37,50211,28742,40714,65535,65535,65535,65535,65535,65535
2026-07-31 09:59:06.981,134.42,50211,28742,40714,65535,65535,65535,65535,65535,65535
2026-07-31 09:59:07.025,134.46,50211,28742,40714,65535,65535,65535,65535,65535,65535
2026-07-31 09:59:07.074,134.51,50211,28742,40714,65535,65535,65535,65535,65535,65535
2026-07-31 09:59:07.125,134.56,50211,28742,40714,65535,65535,65535,65535,65535,65535
2026-07-31 09:59:07.175,134.61,50211,28742,40714,65535,65535,65535,65535,65535,65535
2026-07-31 09:59:07.227,134.67,50211,28742,40714,65535,65535,65535,65535,65535,65535
2026-07-31 09:59:07.280,134.72,50211,28742,40714,65535,65535,65535,65535,65535,65535
2026-07-31 09:59:07.332,134.77,50211,28742,40714,65535,65535,65535,65535,65535,65535
2026-07-31 09:59:07.384,134.82,50092,28742,33929,65535,65535,65535,65535,65535,65535
2026-07-31 09:59:07.423,134.86,50092,28742,33929,65535,65535,65535,65535,65535,65535
2026-07-31 09:59:07.483,134.92,50092,28742,33929,65535,65535,65535,65535,65535,65535
2026-07-31 09:59:07.531,134.97,50092,28742,33929,65535,65535,65535,65535,65535,65535
2026-07-31 09:59:07.586,135.02,50092,28742,33929,65535,65535,65535,65535,65535,65535
2026-07-31 09:59:07.637,135.07,50092,28742,33929,65535,65535,65535,65535,65535,65535
2026-07-31 09:59:07.698,135.14,50092,28742,33929,65535,65535,65535,65535,65535,65535
2026-07-31 09:59:07.753,135.19,50092,28742,33929,65535,65535,65535,65535,65535,65535
2026-07-31 09:59:07.806,135.24,50092,28742,33929,65535,65535,65535,65535,65535,65535
2026-07-31 09:59:07.870,135.31,50092,28742,33929,65535,65535,65535,65535,65535,65535
2026-07-31 09:59:07.905,135.34,50092,28742,33929,65535,65535,65535,65535,65535,65535
2026-07-31 09:59:07.952,135.39,65534,28742,40596,65535,65535,65535,65535,65535,65535
2026-07-31 09:59:08.000,135.44,65534,33632,40596,65535,65535,65535,65535,65535,65535
2026-07-31 09:59:08.049,135.49,65534,33632,40596,65535,65535,65535,65535,65535,65535
2026-07-31 09:59:08.094,135.53,65534,33632,40596,65535,65535,65535,65535,65535,65535
2026-07-31 09:59:08.143,135.58,65534,33632,40596,65535,65535,65535,65535,65535,65535
2026-07-31 09:59:08.201,135.64,65534,33632,40596,65535,65535,65535,65535,65535,65535
2026-07-31 09:59:08.251,135.69,65534,33632,40596,65535,65535,65535,65535,65535,65535
2026-07-31 09:59:08.313,135.75,65534,33632,40596,65535,65535,65535,65535,65535,65535
2026-07-31 09:59:08.368,135.81,65534,33632,40596,65535,65535,65535,65535,65535,65535
2026-07-31 09:59:08.406,135.84,65534,33632,40596,65535,65535,65535,65535,65535,65535
2026-07-31 09:59:08.456,135.89,65534,33632,40596,65535,65535,65535,65535,65535,65535
2026-07-31 09:59:08.506,135.94,49855,33632,33830,65535,65535,65535,65535,65535,65535
2026-07-31 09:59:08.558,136.0,49855,33632,33830,65535,65535,65535,65535,65535,65535
2026-07-31 09:59:08.606,136.04,49855,33632,33830,65535,65535,65535,65535,65535,65535
2026-07-31 09:59:08.661,136.1,49855,33632,33830,65535,65535,65535,65535,65535,65535
2026-07-31 09:59:08.710,136.15,49855,33632,33830,65535,65535,65535,65535,65535,65535
2026-07-31 09:59:08.762,136.2,49855,33632,33830,65535,65535,65535,65535,65535,65535
2026-07-31 09:59:08.813,136.25,49855,33632,33830,65535,65535,65535,65535,65535,65535
2026-07-31 09:59:08.865,136.3,49855,33632,33830,65535,65535,65535,65535,65535,65535
2026-07-31 09:59:08.902,136.34,49855,33632,33830,65535,65535,65535,65535,65535,65535
2026-07-31 09:59:08.954,136.39,49855,33632,33830,65535,65535,65535,65535,65535,65535
2026-07-31 09:59:09.022,136.46,49855,33632,33830,65535,65535,65535,65535,65535,65535
2026-07-31 09:59:09.069,136.51,62467,33632,33632,65535,65535,65535,65535,65535,65535
2026-07-31 09:59:09.131,136.57,62467,33533,33632,65535,65535,65535,65535,65535,65535
2026-07-31 09:59:09.195,136.63,62467,33533,33632,65535,65535,65535,65535,65535,65535
2026-07-31 09:59:09.245,136.68,62467,33533,33632,65535,65535,65535,65535,65535,65535
2026-07-31 09:59:09.298,136.74,62467,33533,33632,65535,65535,65535,65535,65535,65535
2026-07-31 09:59:09.349,136.79,62467,33533,33632,65535,65535,65535,65535,65535,65535
2026-07-31 09:59:09.383,136.82,62467,33533,33632,65535,65535,65535,65535,65535,65535
2026-07-31 09:59:09.419,136.86,62467,33533,33632,65535,65535,65535,65535,65535,65535
2026-07-31 09:59:09.561,137.0,62467,33533,33632,65535,65535,65535,65535,65535,65535
2026-07-31 09:59:09.607,137.05,62467,33533,40714,65535,65535,65535,65535,65535,65535
2026-07-31 09:59:09.659,137.1,62912,33830,40714,65535,65535,65535,65535,65535,65535
2026-07-31 09:59:09.705,137.14,62912,33830,40714,65535,65535,65535,65535,65535,65535
2026-07-31 09:59:09.759,137.2,62912,33830,40714,65535,65535,65535,65535,65535,65535
2026-07-31 09:59:09.809,137.25,62912,33830,40714,65535,65535,65535,65535,65535,65535
2026-07-31 09:59:09.859,137.3,62912,33830,40714,65535,65535,65535,65535,65535,65535
2026-07-31 09:59:09.893,137.33,62912,33830,40714,65535,65535,65535,65535,65535,65535
2026-07-31 09:59:09.941,137.38,62912,33830,40714,65535,65535,65535,65535,65535,65535
2026-07-31 09:59:09.999,137.44,62912,33830,40714,65535,65535,65535,65535,65535,65535
2026-07-31 09:59:10.059,137.5,62912,33830,40714,65535,65535,65535,65535,65535,65535
2026-07-31 09:59:10.106,137.54,62912,33830,40714,65535,65535,65535,65535,65535,65535
2026-07-31 09:59:10.153,137.59,62912,33830,40714,65535,65535,65535,65535,65535,65535
2026-07-31 09:59:10.202,137.64,49973,33830,29082,65535,65535,65535,65535,65535,65535
2026-07-31 09:59:10.254,137.69,49973,28742,29082,65535,65535,65535,65535,65535,65535
2026-07-31 09:59:10.302,137.74,49973,28742,29082,65535,65535,65535,65535,65535,65535
2026-07-31 09:59:10.371,137.81,49973,28742,29082,65535,65535,65535,65535,65535,65535
2026-07-31 09:59:10.411,137.85,49973,28742,29082,65535,65535,65535,65535,65535,65535
2026-07-31 09:59:10.459,137.9,49973,28742,29082,65535,65535,65535,65535,65535,65535
2026-07-31 09:59:10.507,137.95,49973,28742,29082,65535,65535,65535,65535,65535,65535
2026-07-31 09:59:10.553,137.99,49973,28742,29082,65535,65535,65535,65535,65535,65535
2026-07-31 09:59:10.602,138.04,49973,28742,29082,65535,65535,65535,65535,65535,65535
2026-07-31 09:59:10.648,138.09,49973,28742,29082,65535,65535,65535,65535,65535,65535
2026-07-31 09:59:10.706,138.14,49973,28742,29082,65535,65535,65535,65535,65535,65535
2026-07-31 09:59:10.755,138.19,62763,28742,33929,65535,65535,65535,65535,65535,65535
2026-07-31 09:59:10.814,138.25,62763,28742,33929,65535,65535,65535,65535,65535,65535
2026-07-31 09:59:10.879,138.32,62763,28742,33929,65535,65535,65535,65535,65535,65535
2026-07-31 09:59:10.916,138.35,62763,28742,33929,65535,65535,65535,65535,65535,65535
2026-07-31 09:59:10.965,138.4,62763,28742,33929,65535,65535,65535,65535,65535,65535
2026-07-31 09:59:11.010,138.45,62763,28742,33929,65535,65535,65535,65535,65535,65535
2026-07-31 09:59:11.061,138.5,62763,28742,33929,65535,65535,65535,65535,65535,65535
2026-07-31 09:59:11.113,138.55,62763,28742,33929,65535,65535,65535,65535,65535,65535
2026-07-31 09:59:11.162,138.6,62763,28742,33929,65535,65535,65535,65535,65535,65535
2026-07-31 09:59:11.207,138.64,62763,28742,33929,65535,65535,65535,65535,65535,65535
2026-07-31 09:59:11.256,138.69,62763,28742,33929,65535,65535,65535,65535,65535,65535
2026-07-31 09:59:11.304,138.74,50092,28742,33731,65535,65535,65535,65535,65535,65535
2026-07-31 09:59:11.348,138.79,50092,33533,33731,65535,65535,65535,65535,65535,65535
2026-07-31 09:59:11.386,138.82,50092,33533,33731,65535,65535,65535,65535,65535,65535
2026-07-31 09:59:11.423,138.86,50092,33533,33731,65535,65535,65535,65535,65535,65535
2026-07-31 09:59:11.480,138.92,50092,33533,33731,65535,65535,65535,65535,65535,65535
2026-07-31 09:59:11.529,138.97,50092,33533,33731,65535,65535,65535,65535,65535,65535
2026-07-31 09:59:11.590,139.03,50092,33533,33731,65535,65535,65535,65535,65535,65535
2026-07-31 09:59:11.653,139.09,50092,33533,33731,65535,65535,65535,65535,65535,65535
2026-07-31 09:59:11.704,139.14,50092,33533,33731,65535,65535,65535,65535,65535,65535
2026-07-31 09:59:11.752,139.19,50092,33533,33731,65535,65535,65535,65535,65535,65535
2026-07-31 09:59:11.802,139.24,50092,33533,33731,65535,65535,65535,65535,65535,65535
2026-07-31 09:59:11.853,139.29,50092,33533,33929,65535,65535,65535,65535,65535,65535
2026-07-31 09:59:11.890,139.33,50092,28742,33929,65535,65535,65535,65535,65535,65535
2026-07-31 09:59:11.946,139.38,50092,28742,33929,65535,65535,65535,65535,65535,65535
2026-07-31 09:59:11.995,139.43,50092,28742,33929,65535,65535,65535,65535,65535,65535
2026-07-31 09:59:12.044,139.48,50092,28742,33929,65535,65535,65535,65535,65535,65535
2026-07-31 09:59:12.092,139.53,50092,28742,33929,65535,65535,65535,65535,65535,65535
2026-07-31 09:59:12.140,139.58,50092,28742,33929,65535,65535,65535,65535,65535,65535
2026-07-31 09:59:12.185,139.62,50092,28742,33929,65535,65535,65535,65535,65535,65535
2026-07-31 09:59:12.234,139.67,50092,28742,33929,65535,65535,65535,65535,65535,65535
2026-07-31 09:59:12.290,139.73,50092,28742,33929,65535,65535,65535,65535,65535,65535
2026-07-31 09:59:12.343,139.78,50092,28742,33929,65535,65535,65535,65535,65535,65535
2026-07-31 09:59:12.385,139.82,50092,28742,33929,65535,65535,65535,65535,65535,65535
2026-07-31 09:59:12.425,139.86,50092,28742,33929,65535,65535,65535,65535,65535,65535
2026-07-31 09:59:12.471,139.91,62615,20120,33929,65535,65535,65535,65535,65535,65535
2026-07-31 09:59:12.519,139.96,62615,20120,33929,65535,65535,65535,65535,65535,65535
2026-07-31 09:59:12.566,140.0,62615,20120,33929,65535,65535,65535,65535,65535,65535
2026-07-31 09:59:12.617,140.05,62615,20120,33929,65535,65535,65535,65535,65535,65535
2026-07-31 09:59:12.669,140.11,62615,20120,33929,65535,65535,65535,65535,65535,65535
2026-07-31 09:59:12.723,140.16,62615,20120,33929,65535,65535,65535,65535,65535,65535
2026-07-31 09:59:12.771,140.21,62615,20120,33929,65535,65535,65535,65535,65535,65535
2026-07-31 09:59:12.824,140.26,62615,20120,33929,65535,65535,65535,65535,65535,65535
2026-07-31 09:59:12.874,140.31,62615,20120,33929,65535,65535,65535,65535,65535,65535
2026-07-31 09:59:12.928,140.37,62615,20120,33929,65535,65535,65535,65535,65535,65535
2026-07-31 09:59:12.982,140.42,62615,20120,33929,65535,65535,65535,65535,65535,65535
2026-07-31 09:59:13.031,140.47,62912,28997,33929,65535,65535,65535,65535,65535,65535
2026-07-31 09:59:13.096,140.53,62912,28997,33929,65535,65535,65535,65535,65535,65535
2026-07-31 09:59:13.148,140.59,62912,28997,33929,65535,65535,65535,65535,65535,65535
2026-07-31 09:59:13.213,140.65,62912,28997,33929,65535,65535,65535,65535,65535,65535
2026-07-31 09:59:13.286,140.72,62912,28997,33929,65535,65535,65535,65535,65535,65535
2026-07-31 09:59:13.342,140.78,62912,28997,33929,65535,65535,65535,65535,65535,65535
2026-07-31 09:59:13.390,140.83,62912,28997,33929,65535,65535,65535,65535,65535,65535
2026-07-31 09:59:13.437,140.88,62912,28997,33929,65535,65535,65535,65535,65535,65535
2026-07-31 09:59:13.487,140.93,62912,28997,33929,65535,65535,65535,65535,65535,65535
2026-07-31 09:59:13.536,140.97,62912,28997,40714,65535,65535,65535,65535,65535,65535
2026-07-31 09:59:13.589,141.03,50329,33533,40714,65535,65535,65535,65535,65535,65535
2026-07-31 09:59:13.638,141.08,50329,33533,40714,65535,65535,65535,65535,65535,65535
2026-07-31 09:59:13.696,141.13,50329,33533,40714,65535,65535,65535,65535,65535,65535
2026-07-31 09:59:13.748,141.19,50329,33533,40714,65535,65535,65535,65535,65535,65535
2026-07-31 09:59:13.796,141.23,50329,33533,40714,65535,65535,65535,65535,65535,65535
2026-07-31 09:59:13.840,141.28,50329,33533,40714,65535,65535,65535,65535,65535,65535
2026-07-31 09:59:13.891,141.33,50329,33533,40714,65535,65535,65535,65535,65535,65535
2026-07-31 09:59:13.946,141.38,50329,33533,40714,65535,65535,65535,65535,65535,65535
2026-07-31 09:59:13.997,141.43,50329,33533,40714,65535,65535,65535,65535,65535,65535
2026-07-31 09:59:14.059,141.5,50329,33533,40714,65535,65535,65535,65535,65535,65535
2026-07-31 09:59:14.125,141.56,50211,33533,33929,65535,65535,65535,65535,65535,65535
2026-07-31 09:59:14.179,141.62,50211,28742,33929,65535,65535,65535,65535,65535,65535
2026-07-31 09:59:14.232,141.67,50211,28742,33929,65535,65535,65535,65535,65535,65535
2026-07-31 09:59:14.277,141.72,50211,28742,33929,65535,65535,65535,65535,65535,65535
2026-07-31 09:59:14.327,141.77,50211,28742,33929,65535,65535,65535,65535,65535,65535
2026-07-31 09:59:14.367,141.81,50211,28742,33929,65535,65535,65535,65535,65535,65535
2026-07-31 09:59:14.416,141.85,50211,28742,33929,65535,65535,65535,65535,65535,65535
2026-07-31 09:59:14.461,141.9,50211,28742,33929,65535,65535,65535,65535,65535,65535
2026-07-31 09:59:14.527,141.97,50211,28742,33929,65535,65535,65535,65535,65535,65535
2026-07-31 09:59:14.579,142.02,50211,28742,33929,65535,65535,65535,65535,65535,65535
2026-07-31 09:59:14.630,142.07,50211,28742,33929,65535,65535,65535,65535,65535,65535
2026-07-31 09:59:14.675,142.11,62467,28742,40714,65535,65535,65535,65535,65535,65535
2026-07-31 09:59:14.724,142.16,62467,28742,40714,65535,65535,65535,65535,65535,65535
2026-07-31 09:59:14.781,142.22,62467,28742,40714,65535,65535,65535,65535,65535,65535
2026-07-31 09:59:14.833,142.27,62467,28742,40714,65535,65535,65535,65535,65535,65535
2026-07-31 09:59:14.872,142.31,62467,28742,40714,65535,65535,65535,65535,65535,65535
2026-07-31 09:59:14.932,142.37,62467,28742,40714,65535,65535,65535,65535,65535,65535
2026-07-31 09:59:14.981,142.42,62467,28742,40714,65535,65535,65535,65535,65535,65535
2026-07-31 09:59:15.031,142.47,62467,28742,40714,65535,65535,65535,65535,65535,65535
2026-07-31 09:59:15.079,142.52,62467,28742,40714,65535,65535,65535,65535,65535,65535
2026-07-31 09:59:15.129,142.57,62467,28742,40714,65535,65535,65535,65535,65535,65535
2026-07-31 09:59:15.177,142.62,62467,28742,40714,65535,65535,65535,65535,65535,65535
2026-07-31 09:59:15.234,142.67,62467,28742,33929,65535,65535,65535,65535,65535,65535
2026-07-31 09:59:15.284,142.72,50211,33533,33929,65535,65535,65535,65535,65535,65535
2026-07-31 09:59:15.338,142.78,50211,33533,33929,65535,65535,65535,65535,65535,65535
2026-07-31 09:59:15.377,142.81,50211,33533,33929,65535,65535,65535,65535,65535,65535
2026-07-31 09:59:15.427,142.87,50211,33533,33929,65535,65535,65535,65535,65535,65535
2026-07-31 09:59:15.478,142.92,50211,33533,33929,65535,65535,65535,65535,65535,65535
2026-07-31 09:59:15.527,142.97,50211,33533,33929,65535,65535,65535,65535,65535,65535
2026-07-31 09:59:15.595,143.03,50211,33533,33929,65535,65535,65535,65535,65535,65535
2026-07-31 09:59:15.646,143.08,50211,33533,33929,65535,65535,65535,65535,65535,65535
2026-07-31 09:59:15.714,143.15,50211,33533,33929,65535,65535,65535,65535,65535,65535
2026-07-31 09:59:15.784,143.22,50211,33533,40714,65535,65535,65535,65535,65535,65535
2026-07-31 09:59:15.836,143.27,50211,28997,40714,65535,65535,65535,65535,65535,65535
2026-07-31 09:59:15.874,143.31,50211,28997,40714,65535,65535,65535,65535,65535,65535
2026-07-31 09:59:15.909,143.35,50211,28997,40714,65535,65535,65535,65535,65535,65535
2026-07-31 09:59:15.958,143.4,50211,28997,40714,65535,65535,65535,65535,65535,65535
2026-07-31 09:59:16.001,143.44,50211,28997,40714,65535,65535,65535,65535,65535,65535
2026-07-31 09:59:16.056,143.49,50211,28997,40714,65535,65535,65535,65535,65535,65535
2026-07-31 09:59:16.102,143.54,50211,28997,40714,65535,65535,65535,65535,65535,65535
2026-07-31 09:59:16.175,143.61,50211,28997,40714,65535,65535,65535,65535,65535,65535
2026-07-31 09:59:16.222,143.66,50211,28997,40714,65535,65535,65535,65535,65535,65535
2026-07-31 09:59:16.273,143.71,50211,28997,40714,65535,65535,65535,65535,65535,65535
2026-07-31 09:59:16.326,143.76,50211,28997,40714,65535,65535,65535,65535,65535,65535
2026-07-31 09:59:16.366,143.8,50092,28997,33929,65535,65535,65535,65535,65535,65535
2026-07-31 09:59:16.430,143.87,50092,28742,33929,65535,65535,65535,65535,65535,65535
2026-07-31 09:59:16.481,143.92,50092,28742,33929,65535,65535,65535,65535,65535,65535
2026-07-31 09:59:16.543,143.98,50092,28742,33929,65535,65535,65535,65535,65535,65535
2026-07-31 09:59:16.607,144.05,50092,28742,33929,65535,65535,65535,65535,65535,65535
2026-07-31 09:59:16.653,144.09,50092,28742,33929,65535,65535,65535,65535,65535,65535
2026-07-31 09:59:16.704,144.14,50092,28742,33929,65535,65535,65535,65535,65535,65535
2026-07-31 09:59:16.747,144.19,50092,28742,33929,65535,65535,65535,65535,65535,65535
2026-07-31 09:59:16.799,144.24,50092,28742,33929,65535,65535,65535,65535,65535,65535
2026-07-31 09:59:16.849,144.29,50092,28742,33929,65535,65535,65535,65535,65535,65535
2026-07-31 09:59:16.886,144.32,50092,28742,33929,65535,65535,65535,65535,65535,65535
2026-07-31 09:59:16.934,144.37,65534,28742,33632,65535,65535,65535,65535,65535,65535
2026-07-31 09:59:16.995,144.43,65534,28742,33632,65535,65535,65535,65535,65535,65535
2026-07-31 09:59:17.044,144.48,65534,28742,33632,65535,65535,65535,65535,65535,65535
2026-07-31 09:59:17.087,144.53,65534,28742,33632,65535,65535,65535,65535,65535,65535
2026-07-31 09:59:17.140,144.58,65534,28742,33632,65535,65535,65535,65535,65535,65535
2026-07-31 09:59:17.195,144.63,65534,28742,33632,65535,65535,65535,65535,65535,65535
2026-07-31 09:59:17.254,144.69,65534,28742,33632,65535,65535,65535,65535,65535,65535
2026-07-31 09:59:17.302,144.74,65534,28742,33632,65535,65535,65535,65535,65535,65535
2026-07-31 09:59:17.365,144.8,65534,28742,33632,65535,65535,65535,65535,65535,65535
2026-07-31 09:59:17.401,144.84,65534,28742,33632,65535,65535,65535,65535,65535,65535
2026-07-31 09:59:17.437,144.88,65534,28742,33632,65535,65535,65535,65535,65535,65535
2026-07-31 09:59:17.484,144.92,49973,28742,29082,65535,65535,65535,65535,65535,65535
2026-07-31 09:59:17.533,144.97,49973,33533,29082,65535,65535,65535,65535,65535,65535
2026-07-31 09:59:17.580,145.02,49973,33533,29082,65535,65535,65535,65535,65535,65535
2026-07-31 09:59:17.629,145.07,49973,33533,29082,65535,65535,65535,65535,65535,65535
2026-07-31 09:59:17.675,145.11,49973,33533,29082,65535,65535,65535,65535,65535,65535
2026-07-31 09:59:17.725,145.16,49973,33533,29082,65535,65535,65535,65535,65535,65535
2026-07-31 09:59:17.770,145.21,49973,33533,29082,65535,65535,65535,65535,65535,65535
2026-07-31 09:59:17.820,145.26,49973,33533,29082,65535,65535,65535,65535,65535,65535
2026-07-31 09:59:17.865,145.3,49973,33533,29082,65535,65535,65535,65535,65535,65535
2026-07-31 09:59:17.903,145.34,49973,33533,29082,65535,65535,65535,65535,65535,65535
2026-07-31 09:59:17.951,145.39,49973,33533,29082,65535,65535,65535,65535,65535,65535
2026-07-31 09:59:18.012,145.45,49973,33533,29082,65535,65535,65535,65535,65535,65535
2026-07-31 09:59:18.057,145.49,50329,33533,50893,65535,65535,65535,65535,65535,65535
2026-07-31 09:59:18.119,145.56,50329,28742,50893,65535,65535,65535,65535,65535,65535
2026-07-31 09:59:18.182,145.62,50329,28742,50893,65535,65535,65535,65535,65535,65535
2026-07-31 09:59:18.232,145.67,50329,28742,50893,65535,65535,65535,65535,65535,65535
2026-07-31 09:59:18.282,145.72,50329,28742,50893,65535,65535,65535,65535,65535,65535
2026-07-31 09:59:18.327,145.77,50329,28742,50893,65535,65535,65535,65535,65535,65535
2026-07-31 09:59:18.368,145.81,50329,28742,50893,65535,65535,65535,65535,65535,65535
2026-07-31 09:59:18.406,145.84,50329,28742,50893,65535,65535,65535,65535,65535,65535
2026-07-31 09:59:18.456,145.89,50329,28742,50893,65535,65535,65535,65535,65535,65535
2026-07-31 09:59:18.506,145.94,50329,28742,50893,65535,65535,65535,65535,65535,65535
2026-07-31 09:59:18.557,145.99,50329,28742,50893,65535,65535,65535,65535,65535,65535
2026-07-31 09:59:18.605,146.04,50329,28742,40714,65535,65535,65535,65535,65535,65535
2026-07-31 09:59:18.655,146.09,62763,33533,40714,65535,65535,65535,65535,65535,65535
2026-07-31 09:59:18.703,146.14,62763,33533,40714,65535,65535,65535,65535,65535,65535
2026-07-31 09:59:18.759,146.2,62763,33533,40714,65535,65535,65535,65535,65535,65535
2026-07-31 09:59:18.823,146.26,62763,33533,40714,65535,65535,65535,65535,65535,65535
2026-07-31 09:59:18.878,146.32,62763,33533,40714,65535,65535,65535,65535,65535,65535
2026-07-31 09:59:18.915,146.35,62763,33533,40714,65535,65535,65535,65535,65535,65535
2026-07-31 09:59:18.963,146.4,62763,33533,40714,65535,65535,65535,65535,65535,65535
2026-07-31 09:59:19.009,146.45,62763,33533,40714,65535,65535,65535,65535,65535,65535
2026-07-31 09:59:19.061,146.5,62763,33533,40714,65535,65535,65535,65535,65535,65535
2026-07-31 09:59:19.112,146.55,62763,33533,40714,65535,65535,65535,65535,65535,65535
2026-07-31 09:59:19.160,146.6,62763,33533,40714,65535,65535,65535,65535,65535,65535
2026-07-31 09:59:19.212,146.65,50211,33632,40714,65535,65535,65535,65535,65535,65535
2026-07-31 09:59:19.273,146.71,50211,33632,40714,65535,65535,65535,65535,65535,65535
2026-07-31 09:59:19.339,146.78,50211,33632,40714,65535,65535,65535,65535,65535,65535
2026-07-31 09:59:19.442,146.88,50211,33632,40714,65535,65535,65535,65535,65535,65535
2026-07-31 09:59:19.487,146.93,50211,33632,40714,65535,65535,65535,65535,65535,65535
2026-07-31 09:59:19.543,146.98,50211,33632,40714,65535,65535,65535,65535,65535,65535
2026-07-31 09:59:19.612,147.05,50211,33632,40714,65535,65535,65535,65535,65535,65535
2026-07-31 09:59:19.675,147.11,50211,33632,40714,65535,65535,65535,65535,65535,65535
2026-07-31 09:59:19.856,147.29,50211,28742,33929,65535,65535,65535,65535,65535,65535
2026-07-31 09:59:19.894,147.33,50211,28742,33929,65535,65535,65535,65535,65535,65535
2026-07-31 09:59:19.962,147.4,50211,28742,33929,65535,65535,65535,65535,65535,65535
2026-07-31 09:59:20.010,147.45,50211,28742,33929,65535,65535,65535,65535,65535,65535
2026-07-31 09:59:20.059,147.5,50211,28742,33929,65535,65535,65535,65535,65535,65535
2026-07-31 09:59:20.112,147.55,50211,28742,33929,65535,65535,65535,65535,65535,65535
2026-07-31 09:59:20.167,147.61,50211,28742,33929,65535,65535,65535,65535,65535,65535
2026-07-31 09:59:20.221,147.66,50211,28742,33929,65535,65535,65535,65535,65535,65535
2026-07-31 09:59:20.271,147.71,50211,28742,33929,65535,65535,65535,65535,65535,65535
2026-07-31 09:59:20.318,147.76,62763,28742,33929,65535,65535,65535,65535,65535,65535
2026-07-31 09:59:20.366,147.8,62763,28742,33929,65535,65535,65535,65535,65535,65535
2026-07-31 09:59:20.402,147.84,62763,28742,33929,65535,65535,65535,65535,65535,65535
2026-07-31 09:59:20.451,147.89,62763,28742,33929,65535,65535,65535,65535,65535,65535
2026-07-31 09:59:20.496,147.93,62763,28742,33929,65535,65535,65535,65535,65535,65535
2026-07-31 09:59:20.546,147.98,62763,28742,33929,65535,65535,65535,65535,65535,65535
2026-07-31 09:59:20.599,148.04,62763,28742,33929,65535,65535,65535,65535,65535,65535
2026-07-31 09:59:20.658,148.1,62763,28742,33929,65535,65535,65535,65535,65535,65535
2026-07-31 09:59:20.707,148.15,62763,28742,33929,65535,65535,65535,65535,65535,65535
2026-07-31 09:59:20.768,148.21,62763,28742,33929,65535,65535,65535,65535,65535,65535
2026-07-31 09:59:20.819,148.26,62763,28742,33929,65535,65535,65535,65535,65535,65535
2026-07-31 09:59:20.868,148.31,50329,28742,33929,65535,65535,65535,65535,65535,65535
2026-07-31 09:59:20.902,148.34,50329,28742,33929,65535,65535,65535,65535,65535,65535
2026-07-31 09:59:20.947,148.39,50329,28742,33929,65535,65535,65535,65535,65535,65535
2026-07-31 09:59:20.999,148.44,50329,28742,33929,65535,65535,65535,65535,65535,65535
2026-07-31 09:59:21.049,148.49,50329,28742,33929,65535,65535,65535,65535,65535,65535
2026-07-31 09:59:21.098,148.54,50329,28742,33929,65535,65535,65535,65535,65535,65535
2026-07-31 09:59:21.145,148.58,50329,28742,33929,65535,65535,65535,65535,65535,65535
2026-07-31 09:59:21.193,148.63,50329,28742,33929,65535,65535,65535,65535,65535,65535
2026-07-31 09:59:21.238,148.68,50329,28742,33929,65535,65535,65535,65535,65535,65535
2026-07-31 09:59:21.285,148.72,50329,28742,33929,65535,65535,65535,65535,65535,65535
2026-07-31 09:59:21.335,148.77,50329,28742,33929,65535,65535,65535,65535,65535,65535
2026-07-31 09:59:21.380,148.82,50329,28742,33929,65535,65535,65535,65535,65535,65535
2026-07-31 09:59:21.416,148.85,63060,28742,33929,65535,65535,65535,65535,65535,65535
2026-07-31 09:59:21.462,148.9,63060,15522,33929,65535,65535,65535,65535,65535,65535
2026-07-31 09:59:21.522,148.96,63060,15522,33929,65535,65535,65535,65535,65535,65535
2026-07-31 09:59:21.571,149.01,63060,15522,33929,65535,65535,65535,65535,65535,65535
2026-07-31 09:59:21.623,149.06,63060,15522,33929,65535,65535,65535,65535,65535,65535
2026-07-31 09:59:21.670,149.11,63060,15522,33929,65535,65535,65535,65535,65535,65535
2026-07-31 09:59:21.716,149.15,63060,15522,33929,65535,65535,65535,65535,65535,65535
2026-07-31 09:59:21.765,149.2,63060,15522,33929,65535,65535,65535,65535,65535,65535
2026-07-31 09:59:21.812,149.25,63060,15522,33929,65535,65535,65535,65535,65535,65535
2026-07-31 09:59:21.861,149.3,63060,15522,33929,65535,65535,65535,65535,65535,65535
2026-07-31 09:59:21.897,149.33,63060,15522,33929,65535,65535,65535,65535,65535,65535
2026-07-31 09:59:21.942,149.38,63060,15522,33929,65535,65535,65535,65535,65535,65535
2026-07-31 09:59:21.992,149.43,63060,33533,33830,65535,65535,65535,65535,65535,65535
2026-07-31 09:59:22.036,149.47,63060,33533,33830,65535,65535,65535,65535,65535,65535
2026-07-31 09:59:22.088,149.53,63060,33533,33830,65535,65535,65535,65535,65535,65535
2026-07-31 09:59:22.142,149.58,63060,33533,33830,65535,65535,65535,65535,65535,65535
2026-07-31 09:59:22.195,149.63,63060,33533,33830,65535,65535,65535,65535,65535,65535
2026-07-31 09:59:22.245,149.68,63060,33533,33830,65535,65535,65535,65535,65535,65535
2026-07-31 09:59:22.308,149.75,63060,33533,33830,65535,65535,65535,65535,65535,65535
2026-07-31 09:59:22.356,149.79,63060,33533,33830,65535,65535,65535,65535,65535,65535
2026-07-31 09:59:22.391,149.83,63060,33533,33830,65535,65535,65535,65535,65535,65535
2026-07-31 09:59:22.439,149.88,63060,33533,33830,65535,65535,65535,65535,65535,65535
2026-07-31 09:59:22.489,149.93,63060,33533,33830,65535,65535,65535,65535,65535,65535
2026-07-31 09:59:22.541,149.98,49973,33533,33929,65535,65535,65535,65535,65535,65535
2026-07-31 09:59:22.589,150.03,49973,33533,33929,65535,65535,65535,65535,65535,65535
2026-07-31 09:59:22.636,150.07,49973,33533,33929,65535,65535,65535,65535,65535,65535
2026-07-31 09:59:22.680,150.12,49973,33533,33929,65535,65535,65535,65535,65535,65535
2026-07-31 09:59:22.732,150.17,49973,33533,33929,65535,65535,65535,65535,65535,65535
2026-07-31 09:59:22.783,150.22,49973,33533,33929,65535,65535,65535,65535,65535,65535
2026-07-31 09:59:22.831,150.27,49973,33533,33929,65535,65535,65535,65535,65535,65535
2026-07-31 09:59:22.875,150.31,49973,33533,33929,65535,65535,65535,65535,65535,65535
2026-07-31 09:59:22.910,150.35,49973,33533,33929,65535,65535,65535,65535,65535,65535
2026-07-31 09:59:22.968,150.41,49973,33533,33929,65535,65535,65535,65535,65535,65535
2026-07-31 09:59:23.017,150.45,49973,33533,33929,65535,65535,65535,65535,65535,65535
2026-07-31 09:59:23.076,150.51,49973,33533,33830,65535,65535,65535,65535,65535,65535
2026-07-31 09:59:23.121,150.56,50211,28742,33830,65535,65535,65535,65535,65535,65535
2026-07-31 09:59:23.173,150.61,50211,28742,33830,65535,65535,65535,65535,65535,65535
2026-07-31 09:59:23.226,150.66,50211,28742,33830,65535,65535,65535,65535,65535,65535
2026-07-31 09:59:23.272,150.71,50211,28742,33830,65535,65535,65535,65535,65535,65535
2026-07-31 09:59:23.322,150.76,50211,28742,33830,65535,65535,65535,65535,65535,65535
2026-07-31 09:59:23.362,150.8,50211,28742,33830,65535,65535,65535,65535,65535,65535
2026-07-31 09:59:23.397,150.84,50211,28742,33830,65535,65535,65535,65535,65535,65535
2026-07-31 09:59:23.445,150.88,50211,28742,33830,65535,65535,65535,65535,65535,65535
2026-07-31 09:59:23.502,150.94,50211,28742,33830,65535,65535,65535,65535,65535,65535
2026-07-31 09:59:23.553,150.99,50211,28742,33830,65535,65535,65535,65535,65535,65535
2026-07-31 09:59:23.605,151.04,50211,28742,33830,65535,65535,65535,65535,65535,65535
2026-07-31 09:59:23.654,151.09,63060,28742,33929,65535,65535,65535,65535,65535,65535
2026-07-31 09:59:23.707,151.15,63060,28742,33929,65535,65535,65535,65535,65535,65535
2026-07-31 09:59:23.770,151.21,63060,28742,33929,65535,65535,65535,65535,65535,65535
2026-07-31 09:59:23.817,151.26,63060,28742,33929,65535,65535,65535,65535,65535,65535
2026-07-31 09:59:23.875,151.31,63060,28742,33929,65535,65535,65535,65535,65535,65535
2026-07-31 09:59:23.913,151.35,63060,28742,33929,65535,65535,65535,65535,65535,65535
2026-07-31 09:59:23.965,151.4,63060,28742,33929,65535,65535,65535,65535,65535,65535
2026-07-31 09:59:24.017,151.46,63060,28742,33929,65535,65535,65535,65535,65535,65535
2026-07-31 09:59:24.067,151.5,63060,28742,33929,65535,65535,65535,65535,65535,65535
2026-07-31 09:59:24.113,151.55,63060,28742,33929,65535,65535,65535,65535,65535,65535
2026-07-31 09:59:24.164,151.6,63060,28742,33929,65535,65535,65535,65535,65535,65535
2026-07-31 09:59:24.216,151.65,62763,28742,33929,65535,65535,65535,65535,65535,65535
2026-07-31 09:59:24.261,151.7,62763,28742,33929,65535,65535,65535,65535,65535,65535
2026-07-31 09:59:24.315,151.75,62763,28742,33929,65535,65535,65535,65535,65535,65535
2026-07-31 09:59:24.357,151.8,62763,28742,33929,65535,65535,65535,65535,65535,65535
2026-07-31 09:59:24.393,151.83,62763,28742,33929,65535,65535,65535,65535,65535,65535
2026-07-31 09:59:24.442,151.88,62763,28742,33929,65535,65535,65535,65535,65535,65535
2026-07-31 09:59:24.487,151.93,62763,28742,33929,65535,65535,65535,65535,65535,65535
2026-07-31 09:59:24.545,151.98,62763,28742,33929,65535,65535,65535,65535,65535,65535
2026-07-31 09:59:24.597,152.03,62763,28742,33929,65535,65535,65535,65535,65535,65535
2026-07-31 09:59:24.655,152.09,62763,28742,33929,65535,65535,65535,65535,65535,65535
2026-07-31 09:59:24.703,152.14,62763,28742,33929,65535,65535,65535,65535,65535,65535
2026-07-31 09:59:24.753,152.19,62763,28742,40714,65535,65535,65535,65535,65535,65535
2026-07-31 09:59:24.806,152.24,62763,28742,40714,65535,65535,65535,65535,65535,65535
2026-07-31 09:59:24.853,152.29,62763,28742,40714,65535,65535,65535,65535,65535,65535
2026-07-31 09:59:24.888,152.33,62763,28742,40714,65535,65535,65535,65535,65535,65535
2026-07-31 09:59:24.939,152.38,62763,28742,40714,65535,65535,65535,65535,65535,65535
2026-07-31 09:59:24.986,152.42,62763,28742,40714,65535,65535,65535,65535,65535,65535
2026-07-31 09:59:25.036,152.47,62763,28742,40714,65535,65535,65535,65535,65535,65535
2026-07-31 09:59:25.086,152.52,62763,28742,40714,65535,65535,65535,65535,65535,65535
2026-07-31 09:59:25.136,152.57,62763,28742,40714,65535,65535,65535,65535,65535,65535
2026-07-31 09:59:25.188,152.63,62763,28742,40714,65535,65535,65535,65535,65535,65535
2026-07-31 09:59:25.239,152.68,62763,28742,40714,65535,65535,65535,65535,65535,65535
2026-07-31 09:59:25.290,152.73,62763,28742,40714,65535,65535,65535,65535,65535,65535
2026-07-31 09:59:25.354,152.79,62763,28742,33929,65535,65535,65535,65535,65535,65535
2026-07-31 09:59:25.394,152.83,62763,40240,33929,65535,65535,65535,65535,65535,65535
2026-07-31 09:59:25.453,152.89,62763,40240,33929,65535,65535,65535,65535,65535,65535
2026-07-31 09:59:25.502,152.94,62763,40240,33929,65535,65535,65535,65535,65535,65535
2026-07-31 09:59:25.553,152.99,62763,40240,33929,65535,65535,65535,65535,65535,65535
2026-07-31 09:59:25.603,153.04,62763,40240,33929,65535,65535,65535,65535,65535,65535
2026-07-31 09:59:25.655,153.09,62763,40240,33929,65535,65535,65535,65535,65535,65535
2026-07-31 09:59:25.698,153.14,62763,40240,33929,65535,65535,65535,65535,65535,65535
2026-07-31 09:59:25.748,153.19,62763,40240,33929,65535,65535,65535,65535,65535,65535
2026-07-31 09:59:25.792,153.23,62763,40240,33929,65535,65535,65535,65535,65535,65535
2026-07-31 09:59:25.842,153.28,62763,40240,33929,65535,65535,65535,65535,65535,65535
2026-07-31 09:59:25.877,153.31,62763,40240,33929,65535,65535,65535,65535,65535,65535
2026-07-31 09:59:25.912,153.35,49973,40240,40714,65535,65535,65535,65535,65535,65535
2026-07-31 09:59:25.961,153.4,49973,33533,40714,65535,65535,65535,65535,65535,65535
2026-07-31 09:59:26.012,153.45,49973,33533,40714,65535,65535,65535,65535,65535,65535
2026-07-31 09:59:26.066,153.5,49973,33533,40714,65535,65535,65535,65535,65535,65535
2026-07-31 09:59:26.126,153.56,49973,33533,40714,65535,65535,65535,65535,65535,65535
2026-07-31 09:59:26.173,153.61,49973,33533,40714,65535,65535,65535,65535,65535,65535
2026-07-31 09:59:26.239,153.68,49973,33533,40714,65535,65535,65535,65535,65535,65535
2026-07-31 09:59:26.288,153.73,49973,33533,40714,65535,65535,65535,65535,65535,65535
2026-07-31 09:59:26.337,153.78,49973,33533,40714,65535,65535,65535,65535,65535,65535
2026-07-31 09:59:26.392,153.83,49973,33533,40714,65535,65535,65535,65535,65535,65535
2026-07-31 09:59:26.430,153.87,49973,33533,40714,65535,65535,65535,65535,65535,65535
2026-07-31 09:59:26.479,153.92,62763,33533,33929,65535,65535,65535,65535,65535,65535
2026-07-31 09:59:26.525,153.96,62763,28742,33929,65535,65535,65535,65535,65535,65535
2026-07-31 09:59:26.570,154.01,62763,28742,33929,65535,65535,65535,65535,65535,65535
2026-07-31 09:59:26.620,154.06,62763,28742,33929,65535,65535,65535,65535,65535,65535
2026-07-31 09:59:26.671,154.11,62763,28742,33929,65535,65535,65535,65535,65535,65535
2026-07-31 09:59:26.722,154.16,62763,28742,33929,65535,65535,65535,65535,65535,65535
2026-07-31 09:59:26.776,154.21,62763,28742,33929,65535,65535,65535,65535,65535,65535
2026-07-31 09:59:26.826,154.26,62763,28742,33929,65535,65535,65535,65535,65535,65535
2026-07-31 09:59:26.877,154.32,62763,28742,33929,65535,65535,65535,65535,65535,65535
2026-07-31 09:59:26.916,154.35,62763,28742,33929,65535,65535,65535,65535,65535,65535
2026-07-31 09:59:26.964,154.4,62763,28742,33929,65535,65535,65535,65535,65535,65535
2026-07-31 09:59:27.028,154.47,62763,28742,40714,65535,65535,65535,65535,65535,65535
2026-07-31 09:59:27.082,154.52,50211,28742,40714,65535,65535,65535,65535,65535,65535
2026-07-31 09:59:27.132,154.57,50211,28742,40714,65535,65535,65535,65535,65535,65535
2026-07-31 09:59:27.185,154.62,50211,28742,40714,65535,65535,65535,65535,65535,65535
2026-07-31 09:59:27.239,154.68,50211,28742,40714,65535,65535,65535,65535,65535,65535
2026-07-31 09:59:27.293,154.73,50211,28742,40714,65535,65535,65535,65535,65535,65535
2026-07-31 09:59:27.342,154.78,50211,28742,40714,65535,65535,65535,65535,65535,65535
2026-07-31 09:59:27.376,154.81,50211,28742,40714,65535,65535,65535,65535,65535,65535
2026-07-31 09:59:27.413,154.85,50211,28742,40714,65535,65535,65535,65535,65535,65535
2026-07-31 09:59:27.464,154.9,50211,28742,40714,65535,65535,65535,65535,65535,65535
2026-07-31 09:59:27.517,154.96,50211,28742,40714,65535,65535,65535,65535,65535,65535
2026-07-31 09:59:27.571,155.01,50211,28742,40714,65535,65535,65535,65535,65535,65535
2026-07-31 09:59:27.624,155.06,50211,28742,40714,65535,65535,65535,65535,65535,65535
2026-07-31 09:59:27.677,155.12,50211,28742,40714,65535,65535,65535,65535,65535,65535
2026-07-31 09:59:27.817,155.26,50211,28742,40714,65535,65535,65535,65535,65535,65535
2026-07-31 09:59:27.994,155.43,50211,28742,40714,65535,65535,65535,65535,65535,65535
2026-07-31 09:59:28.152,155.59,62912,28742,33830,65535,65535,65535,65535,65535,65535
2026-07-31 09:59:28.245,155.68,62912,28742,33830,65535,65535,65535,65535,65535,65535
2026-07-31 09:59:28.283,155.72,62912,28742,33830,65535,65535,65535,65535,65535,65535
2026-07-31 09:59:28.341,155.78,62912,28742,33830,65535,65535,65535,65535,65535,65535
2026-07-31 09:59:28.389,155.83,62912,28742,33830,65535,65535,65535,65535,65535,65535
2026-07-31 09:59:28.429,155.87,62912,28742,33830,65535,65535,65535,65535,65535,65535
2026-07-31 09:59:28.481,155.92,62912,28742,33830,65535,65535,65535,65535,65535,65535
2026-07-31 09:59:28.533,155.97,62912,28742,33830,65535,65535,65535,65535,65535,65535
2026-07-31 09:59:28.585,156.02,62912,28742,33830,65535,65535,65535,65535,65535,65535
2026-07-31 09:59:28.665,156.1,62912,28742,33830,65535,65535,65535,65535,65535,65535
2026-07-31 09:59:28.721,156.16,62763,33533,33929,65535,65535,65535,65535,65535,65535
2026-07-31 09:59:28.774,156.21,62763,33533,33929,65535,65535,65535,65535,65535,65535
2026-07-31 09:59:28.826,156.26,62763,33533,33929,65535,65535,65535,65535,65535,65535
2026-07-31 09:59:28.883,156.32,62763,33533,33929,65535,65535,65535,65535,65535,65535
2026-07-31 09:59:28.945,156.38,62763,33533,33929,65535,65535,65535,65535,65535,65535
2026-07-31 09:59:28.985,156.42,62763,33533,33929,65535,65535,65535,65535,65535,65535
2026-07-31 09:59:29.051,156.49,62763,33533,33929,65535,65535,65535,65535,65535,65535
2026-07-31 09:59:29.102,156.54,62763,33533,33929,65535,65535,65535,65535,65535,65535
2026-07-31 09:59:29.155,156.59,62763,33533,33929,65535,65535,65535,65535,65535,65535
2026-07-31 09:59:29.211,156.65,62763,33533,33929,65535,65535,65535,65535,65535,65535
2026-07-31 09:59:29.262,156.7,62615,33533,40714,65535,65535,65535,65535,65535,65535
2026-07-31 09:59:29.313,156.75,62615,33632,40714,65535,65535,65535,65535,65535,65535
2026-07-31 09:59:29.353,156.79,62615,33632,40714,65535,65535,65535,65535,65535,65535
2026-07-31 09:59:29.401,156.84,62615,33632,40714,65535,65535,65535,65535,65535,65535
2026-07-31 09:59:29.450,156.89,62615,33632,40714,65535,65535,65535,65535,65535,65535
2026-07-31 09:59:29.502,156.94,62615,33632,40714,65535,65535,65535,65535,65535,65535
2026-07-31 09:59:29.550,156.99,62615,33632,40714,65535,65535,65535,65535,65535,65535
2026-07-31 09:59:29.598,157.04,62615,33632,40714,65535,65535,65535,65535,65535,65535
2026-07-31 09:59:29.650,157.09,62615,33632,40714,65535,65535,65535,65535,65535,65535
2026-07-31 09:59:29.698,157.14,62615,33632,40714,65535,65535,65535,65535,65535,65535
2026-07-31 09:59:29.755,157.19,62615,33632,40714,65535,65535,65535,65535,65535,65535
2026-07-31 09:59:29.805,157.24,62615,33632,33929,65535,65535,65535,65535,65535,65535
2026-07-31 09:59:29.871,157.31,50092,28742,33929,65535,65535,65535,65535,65535,65535
2026-07-31 09:59:29.906,157.34,50092,28742,33929,65535,65535,65535,65535,65535,65535
2026-07-31 09:59:29.953,157.39,50092,28742,33929,65535,65535,65535,65535,65535,65535
2026-07-31 09:59:30.003,157.44,50092,28742,33929,65535,65535,65535,65535,65535,65535
2026-07-31 09:59:30.047,157.48,50092,28742,33929,65535,65535,65535,65535,65535,65535
2026-07-31 09:59:30.084,157.52,50092,28742,33929,65535,65535,65535,65535,65535,65535
2026-07-31 09:59:30.129,157.57,50092,28742,33929,65535,65535,65535,65535,65535,65535
2026-07-31 09:59:30.176,157.61,50092,28742,33929,65535,65535,65535,65535,65535,65535
2026-07-31 09:59:30.229,157.67,50092,28742,33929,65535,65535,65535,65535,65535,65535
2026-07-31 09:59:30.281,157.72,50092,28742,33929,65535,65535,65535,65535,65535,65535
2026-07-31 09:59:30.335,157.77,50092,28742,33929,65535,65535,65535,65535,65535,65535
2026-07-31 09:59:30.384,157.82,50329,28742,33929,65535,65535,65535,65535,65535,65535
2026-07-31 09:59:30.421,157.86,50329,28742,33929,65535,65535,65535,65535,65535,65535
2026-07-31 09:59:30.473,157.91,50329,28742,33929,65535,65535,65535,65535,65535,65535
2026-07-31 09:59:30.530,157.97,50329,28742,33929,65535,65535,65535,65535,65535,65535
2026-07-31 09:59:30.569,158.01,50329,28742,33929,65535,65535,65535,65535,65535,65535
2026-07-31 09:59:30.629,158.07,50329,28742,33929,65535,65535,65535,65535,65535,65535
2026-07-31 09:59:30.676,158.11,50329,28742,33929,65535,65535,65535,65535,65535,65535
2026-07-31 09:59:30.727,158.17,50329,28742,33929,65535,65535,65535,65535,65535,65535
2026-07-31 09:59:30.782,158.22,50329,28742,33929,65535,65535,65535,65535,65535,65535
2026-07-31 09:59:30.819,158.26,50329,28742,33929,65535,65535,65535,65535,65535,65535
2026-07-31 09:59:30.870,158.31,50329,28742,33929,65535,65535,65535,65535,65535,65535
2026-07-31 09:59:30.910,158.35,50329,28742,33929,65535,65535,65535,65535,65535,65535
2026-07-31 09:59:30.959,158.4,62318,28742,33929,65535,65535,65535,65535,65535,65535
2026-07-31 09:59:30.999,158.44,62318,33632,33929,65535,65535,65535,65535,65535,65535
2026-07-31 09:59:31.045,158.48,62318,33632,33929,65535,65535,65535,65535,65535,65535
2026-07-31 09:59:31.094,158.53,62318,33632,33929,65535,65535,65535,65535,65535,65535
2026-07-31 09:59:31.145,158.58,62318,33632,33929,65535,65535,65535,65535,65535,65535
2026-07-31 09:59:31.186,158.62,62318,33632,33929,65535,65535,65535,65535,65535,65535
2026-07-31 09:59:31.225,158.66,62318,33632,33929,65535,65535,65535,65535,65535,65535
2026-07-31 09:59:31.280,158.72,62318,33632,33929,65535,65535,65535,65535,65535,65535
2026-07-31 09:59:31.330,158.77,62318,33632,33929,65535,65535,65535,65535,65535,65535
2026-07-31 09:59:31.398,158.84,62318,33632,33929,65535,65535,65535,65535,65535,65535
2026-07-31 09:59:31.433,158.87,62318,33632,33929,65535,65535,65535,65535,65535,65535
2026-07-31 09:59:31.483,158.92,62318,33632,33929,65535,65535,65535,65535,65535,65535
2026-07-31 09:59:31.528,158.97,50092,28742,33929,65535,65535,65535,65535,65535,65535
2026-07-31 09:59:31.582,159.02,50092,28742,33929,65535,65535,65535,65535,65535,65535
2026-07-31 09:59:31.630,159.07,50092,28742,33929,65535,65535,65535,65535,65535,65535
2026-07-31 09:59:31.678,159.12,50092,28742,33929,65535,65535,65535,65535,65535,65535
2026-07-31 09:59:31.726,159.16,50092,28742,33929,65535,65535,65535,65535,65535,65535
2026-07-31 09:59:31.775,159.21,50092,28742,33929,65535,65535,65535,65535,65535,65535
2026-07-31 09:59:31.842,159.28,50092,28742,33929,65535,65535,65535,65535,65535,65535
2026-07-31 09:59:31.880,159.32,50092,28742,33929,65535,65535,65535,65535,65535,65535
2026-07-31 09:59:31.927,159.36,50092,28742,33929,65535,65535,65535,65535,65535,65535
2026-07-31 09:59:31.974,159.41,50092,28742,33929,65535,65535,65535,65535,65535,65535
2026-07-31 09:59:32.027,159.47,50092,28742,33929,65535,65535,65535,65535,65535,65535
2026-07-31 09:59:32.089,159.53,50211,33533,33830,65535,65535,65535,65535,65535,65535
2026-07-31 09:59:32.133,159.57,50211,33533,33830,65535,65535,65535,65535,65535,65535
2026-07-31 09:59:32.195,159.63,50211,33533,33830,65535,65535,65535,65535,65535,65535
2026-07-31 09:59:32.244,159.68,50211,33533,33830,65535,65535,65535,65535,65535,65535
2026-07-31 09:59:32.293,159.73,50211,33533,33830,65535,65535,65535,65535,65535,65535
2026-07-31 09:59:32.347,159.79,50211,33533,33830,65535,65535,65535,65535,65535,65535
2026-07-31 09:59:32.389,159.83,50211,33533,33830,65535,65535,65535,65535,65535,65535
2026-07-31 09:59:32.428,159.87,50211,33533,33830,65535,65535,65535,65535,65535,65535
2026-07-31 09:59:32.475,159.91,50211,33533,33830,65535,65535,65535,65535,65535,65535
2026-07-31 09:59:32.524,159.96,50211,33533,33830,65535,65535,65535,65535,65535,65535
2026-07-31 09:59:32.575,160.01,50211,33533,33830,65535,65535,65535,65535,65535,65535
2026-07-31 09:59:32.625,160.06,50211,33533,33929,65535,65535,65535,65535,65535,65535
2026-07-31 09:59:32.679,160.12,62763,28742,33929,65535,65535,65535,65535,65535,65535
2026-07-31 09:59:32.727,160.17,62763,28742,33929,65535,65535,65535,65535,65535,65535
2026-07-31 09:59:32.774,160.21,62763,28742,33929,65535,65535,65535,65535,65535,65535
2026-07-31 09:59:32.828,160.27,62763,28742,33929,65535,65535,65535,65535,65535,65535
2026-07-31 09:59:32.894,160.33,62763,28742,33929,65535,65535,65535,65535,65535,65535
2026-07-31 09:59:32.932,160.37,62763,28742,33929,65535,65535,65535,65535,65535,65535
2026-07-31 09:59:32.994,160.43,62763,28742,33929,65535,65535,65535,65535,65535,65535
2026-07-31 09:59:33.047,160.48,62763,28742,33929,65535,65535,65535,65535,65535,65535
2026-07-31 09:59:33.098,160.54,62763,28742,33929,65535,65535,65535,65535,65535,65535
2026-07-31 09:59:33.149,160.59,62763,28742,33929,65535,65535,65535,65535,65535,65535
2026-07-31 09:59:33.197,160.64,62763,28742,33929,65535,65535,65535,65535,65535,65535
2026-07-31 09:59:33.247,160.69,62763,25150,33929,65535,65535,65535,65535,65535,65535
2026-07-31 09:59:33.302,160.74,62763,25150,33929,65535,65535,65535,65535,65535,65535
2026-07-31 09:59:33.351,160.79,62763,25150,33929,65535,65535,65535,65535,65535,65535
2026-07-31 09:59:33.401,160.84,62763,25150,33929,65535,65535,65535,65535,65535,65535
2026-07-31 09:59:33.440,160.88,62763,25150,33929,65535,65535,65535,65535,65535,65535
2026-07-31 09:59:33.489,160.93,62763,25150,33929,65535,65535,65535,65535,65535,65535
2026-07-31 09:59:33.541,160.98,62763,25150,33929,65535,65535,65535,65535,65535,65535
2026-07-31 09:59:33.587,161.02,62763,25150,33929,65535,65535,65535,65535,65535,65535
2026-07-31 09:59:33.637,161.07,62763,25150,33929,65535,65535,65535,65535,65535,65535
2026-07-31 09:59:33.699,161.14,62763,25150,33929,65535,65535,65535,65535,65535,65535
2026-07-31 09:59:33.747,161.18,62763,25150,40714,65535,65535,65535,65535,65535,65535
2026-07-31 09:59:33.809,161.25,62318,18344,40714,65535,65535,65535,65535,65535,65535
2026-07-31 09:59:33.853,161.29,62318,18344,40714,65535,65535,65535,65535,65535,65535
2026-07-31 09:59:33.890,161.33,62318,18344,40714,65535,65535,65535,65535,65535,65535
2026-07-31 09:59:33.927,161.36,62318,18344,40714,65535,65535,65535,65535,65535,65535
2026-07-31 09:59:33.974,161.41,62318,18344,40714,65535,65535,65535,65535,65535,65535
2026-07-31 09:59:34.022,161.46,62318,18344,40714,65535,65535,65535,65535,65535,65535
2026-07-31 09:59:34.068,161.51,62318,18344,40714,65535,65535,65535,65535,65535,65535
2026-07-31 09:59:34.118,161.56,62318,18344,40714,65535,65535,65535,65535,65535,65535
2026-07-31 09:59:34.173,161.61,62318,18344,40714,65535,65535,65535,65535,65535,65535
2026-07-31 09:59:34.222,161.66,62318,18344,40714,65535,65535,65535,65535,65535,65535
2026-07-31 09:59:34.271,161.71,62318,18344,40714,65535,65535,65535,65535,65535,65535
2026-07-31 09:59:34.319,161.76,62318,18344,40714,65535,65535,65535,65535,65535,65535
2026-07-31 09:59:34.368,161.81,62763,28742,40714,65535,65535,65535,65535,65535,65535
2026-07-31 09:59:34.408,161.85,62763,28742,40714,65535,65535,65535,65535,65535,65535
2026-07-31 09:59:34.444,161.88,62763,28742,40714,65535,65535,65535,65535,65535,65535
2026-07-31 09:59:34.490,161.93,62763,28742,40714,65535,65535,65535,65535,65535,65535
2026-07-31 09:59:34.553,161.99,62763,28742,40714,65535,65535,65535,65535,65535,65535
2026-07-31 09:59:34.605,162.04,62763,28742,40714,65535,65535,65535,65535,65535,65535
2026-07-31 09:59:34.650,162.09,62763,28742,40714,65535,65535,65535,65535,65535,65535
2026-07-31 09:59:34.702,162.14,62763,28742,40714,65535,65535,65535,65535,65535,65535
2026-07-31 09:59:34.754,162.19,62763,28742,40714,65535,65535,65535,65535,65535,65535
2026-07-31 09:59:34.805,162.24,62763,28742,40714,65535,65535,65535,65535,65535,65535
2026-07-31 09:59:34.853,162.29,62763,28742,40714,65535,65535,65535,65535,65535,65535
2026-07-31 09:59:34.888,162.33,62467,28742,33929,65535,65535,65535,65535,65535,65535
2026-07-31 09:59:34.923,162.36,62467,33533,33929,65535,65535,65535,65535,65535,65535
2026-07-31 09:59:34.973,162.41,62467,33533,33929,65535,65535,65535,65535,65535,65535
2026-07-31 09:59:35.027,162.46,62467,33533,33929,65535,65535,65535,65535,65535,65535
2026-07-31 09:59:35.077,162.52,62467,33533,33929,65535,65535,65535,65535,65535,65535
2026-07-31 09:59:35.124,162.56,62467,33533,33929,65535,65535,65535,65535,65535,65535
2026-07-31 09:59:35.177,162.62,62467,33533,33929,65535,65535,65535,65535,65535,65535
2026-07-31 09:59:35.239,162.68,62467,33533,33929,65535,65535,65535,65535,65535,65535
2026-07-31 09:59:35.291,162.73,62467,33533,33929,65535,65535,65535,65535,65535,65535
2026-07-31 09:59:35.357,162.79,62467,33533,33929,65535,65535,65535,65535,65535,65535
2026-07-31 09:59:35.393,162.83,62467,33533,33929,65535,65535,65535,65535,65535,65535
2026-07-31 09:59:35.445,162.88,62763,33533,40714,65535,65535,65535,65535,65535,65535
2026-07-31 09:59:35.497,162.94,62763,28742,40714,65535,65535,65535,65535,65535,65535
2026-07-31 09:59:35.547,162.99,62763,28742,40714,65535,65535,65535,65535,65535,65535
2026-07-31 09:59:35.597,163.04,62763,28742,40714,65535,65535,65535,65535,65535,65535
2026-07-31 09:59:35.644,163.08,62763,28742,40714,65535,65535,65535,65535,65535,65535
2026-07-31 09:59:35.691,163.13,62763,28742,40714,65535,65535,65535,65535,65535,65535
2026-07-31 09:59:35.738,163.18,62763,28742,40714,65535,65535,65535,65535,65535,65535
2026-07-31 09:59:35.820,163.26,62763,28742,40714,65535,65535,65535,65535,65535,65535
2026-07-31 09:59:35.868,163.31,62763,28742,40714,65535,65535,65535,65535,65535,65535
2026-07-31 09:59:35.906,163.34,62763,28742,40714,65535,65535,65535,65535,65535,65535
2026-07-31 09:59:35.952,163.39,62763,28742,40714,65535,65535,65535,65535,65535,65535
2026-07-31 09:59:36.002,163.44,62763,28742,40714,65535,65535,65535,65535,65535,65535
2026-07-31 09:59:36.058,163.5,62912,16816,40714,65535,65535,65535,65535,65535,65535
2026-07-31 09:59:36.110,163.55,62912,16816,40714,65535,65535,65535,65535,65535,65535
2026-07-31 09:59:36.172,163.61,62912,16816,40714,65535,65535,65535,65535,65535,65535
2026-07-31 09:59:36.223,163.66,62912,16816,40714,65535,65535,65535,65535,65535,65535
2026-07-31 09:59:36.275,163.71,62912,16816,40714,65535,65535,65535,65535,65535,65535
2026-07-31 09:59:36.329,163.77,62912,16816,40714,65535,65535,65535,65535,65535,65535
2026-07-31 09:59:36.372,163.81,62912,16816,40714,65535,65535,65535,65535,65535,65535
2026-07-31 09:59:36.407,163.85,62912,16816,40714,65535,65535,65535,65535,65535,65535
2026-07-31 09:59:36.457,163.9,62912,16816,40714,65535,65535,65535,65535,65535,65535
2026-07-31 09:59:36.506,163.94,62912,16816,40714,65535,65535,65535,65535,65535,65535
2026-07-31 09:59:36.558,164.0,62912,16816,33929,65535,65535,65535,65535,65535,65535
2026-07-31 09:59:36.613,164.05,62763,29082,33929,65535,65535,65535,65535,65535,65535
2026-07-31 09:59:36.662,164.1,62763,29082,33929,65535,65535,65535,65535,65535,65535
2026-07-31 09:59:36.708,164.15,62763,29082,33929,65535,65535,65535,65535,65535,65535
2026-07-31 09:59:36.759,164.2,62763,29082,33929,65535,65535,65535,65535,65535,65535
2026-07-31 09:59:36.807,164.25,62763,29082,33929,65535,65535,65535,65535,65535,65535
2026-07-31 09:59:36.869,164.31,62763,29082,33929,65535,65535,65535,65535,65535,65535
2026-07-31 09:59:36.909,164.35,62763,29082,33929,65535,65535,65535,65535,65535,65535
2026-07-31 09:59:36.973,164.41,62763,29082,33929,65535,65535,65535,65535,65535,65535
2026-07-31 09:59:37.024,164.46,62763,29082,33929,65535,65535,65535,65535,65535,65535
2026-07-31 09:59:37.069,164.51,62763,29082,33929,65535,65535,65535,65535,65535,65535
2026-07-31 09:59:37.121,164.56,62763,29082,29082,65535,65535,65535,65535,65535,65535
2026-07-31 09:59:37.172,164.61,63209,28742,29082,65535,65535,65535,65535,65535,65535
2026-07-31 09:59:37.223,164.66,63209,28742,29082,65535,65535,65535,65535,65535,65535
2026-07-31 09:59:37.271,164.71,63209,28742,29082,65535,65535,65535,65535,65535,65535
2026-07-31 09:59:37.318,164.76,63209,28742,29082,65535,65535,65535,65535,65535,65535
2026-07-31 09:59:37.365,164.8,63209,28742,29082,65535,65535,65535,65535,65535,65535
2026-07-31 09:59:37.400,164.84,63209,28742,29082,65535,65535,65535,65535,65535,65535
2026-07-31 09:59:37.448,164.89,63209,28742,29082,65535,65535,65535,65535,65535,65535
2026-07-31 09:59:37.493,164.93,63209,28742,29082,65535,65535,65535,65535,65535,65535
2026-07-31 09:59:37.540,164.98,63209,28742,29082,65535,65535,65535,65535,65535,65535
2026-07-31 09:59:37.589,165.03,63209,28742,29082,65535,65535,65535,65535,65535,65535
2026-07-31 09:59:37.637,165.07,63209,28742,29082,65535,65535,65535,65535,65535,65535
2026-07-31 09:59:37.683,165.12,63209,28742,29082,65535,65535,65535,65535,65535,65535
2026-07-31 09:59:37.730,165.17,62763,28742,33929,65535,65535,65535,65535,65535,65535
2026-07-31 09:59:37.777,165.22,62763,33533,33929,65535,65535,65535,65535,65535,65535
2026-07-31 09:59:37.829,165.27,62763,33533,33929,65535,65535,65535,65535,65535,65535
2026-07-31 09:59:37.875,165.31,62763,33533,33929,65535,65535,65535,65535,65535,65535
2026-07-31 09:59:37.912,165.35,62763,33533,33929,65535,65535,65535,65535,65535,65535
2026-07-31 09:59:37.956,165.39,62763,33533,33929,65535,65535,65535,65535,65535,65535
2026-07-31 09:59:38.005,165.44,62763,33533,33929,65535,65535,65535,65535,65535,65535
2026-07-31 09:59:38.054,165.49,62763,33533,33929,65535,65535,65535,65535,65535,65535
2026-07-31 09:59:38.098,165.54,62763,33533,33929,65535,65535,65535,65535,65535,65535
2026-07-31 09:59:38.147,165.59,62763,33533,33929,65535,65535,65535,65535,65535,65535
2026-07-31 09:59:38.198,165.64,62763,33533,33929,65535,65535,65535,65535,65535,65535
2026-07-31 09:59:38.245,165.68,62763,33533,33929,65535,65535,65535,65535,65535,65535
2026-07-31 09:59:38.293,165.73,65534,33533,40714,65535,65535,65535,65535,65535,65535
2026-07-31 09:59:38.337,165.78,65534,28827,40714,65535,65535,65535,65535,65535,65535
2026-07-31 09:59:38.386,165.82,65534,28827,40714,65535,65535,65535,65535,65535,65535
2026-07-31 09:59:38.424,165.86,65534,28827,40714,65535,65535,65535,65535,65535,65535
2026-07-31 09:59:38.471,165.91,65534,28827,40714,65535,65535,65535,65535,65535,65535
2026-07-31 09:59:38.519,165.96,65534,28827,40714,65535,65535,65535,65535,65535,65535
2026-07-31 09:59:38.568,166.01,65534,28827,40714,65535,65535,65535,65535,65535,65535
2026-07-31 09:59:38.615,166.05,65534,28827,40714,65535,65535,65535,65535,65535,65535
2026-07-31 09:59:38.664,166.1,65534,28827,40714,65535,65535,65535,65535,65535,65535
2026-07-31 09:59:38.709,166.15,65534,28827,40714,65535,65535,65535,65535,65535,65535
2026-07-31 09:59:38.757,166.2,65534,28827,40714,65535,65535,65535,65535,65535,65535
2026-07-31 09:59:38.802,166.24,65534,28827,40714,65535,65535,65535,65535,65535,65535
2026-07-31 09:59:38.855,166.29,49973,28827,40714,65535,65535,65535,65535,65535,65535
2026-07-31 09:59:38.895,166.33,49973,33632,40714,65535,65535,65535,65535,65535,65535
2026-07-31 09:59:38.943,166.38,49973,33632,40714,65535,65535,65535,65535,65535,65535
2026-07-31 09:59:38.986,166.42,49973,33632,40714,65535,65535,65535,65535,65535,65535
2026-07-31 09:59:39.031,166.47,49973,33632,40714,65535,65535,65535,65535,65535,65535
2026-07-31 09:59:39.079,166.52,49973,33632,40714,65535,65535,65535,65535,65535,65535
2026-07-31 09:59:39.128,166.57,49973,33632,40714,65535,65535,65535,65535,65535,65535
2026-07-31 09:59:39.173,166.61,49973,33632,40714,65535,65535,65535,65535,65535,65535
2026-07-31 09:59:39.224,166.66,49973,33632,40714,65535,65535,65535,65535,65535,65535
2026-07-31 09:59:39.269,166.71,49973,33632,40714,65535,65535,65535,65535,65535,65535
2026-07-31 09:59:39.321,166.76,49973,33632,40714,65535,65535,65535,65535,65535,65535
2026-07-31 09:59:39.367,166.8,49973,33632,40714,65535,65535,65535,65535,65535,65535
2026-07-31 09:59:39.404,166.84,49973,33632,40714,65535,65535,65535,65535,65535,65535
2026-07-31 09:59:39.448,166.89,62763,28742,40714,65535,65535,65535,65535,65535,65535
2026-07-31 09:59:39.497,166.94,62763,28742,40714,65535,65535,65535,65535,65535,65535
2026-07-31 09:59:39.544,166.98,62763,28742,40714,65535,65535,65535,65535,65535,65535
2026-07-31 09:59:39.591,167.03,62763,28742,40714,65535,65535,65535,65535,65535,65535
2026-07-31 09:59:39.641,167.08,62763,28742,40714,65535,65535,65535,65535,65535,65535
2026-07-31 09:59:39.693,167.13,62763,28742,40714,65535,65535,65535,65535,65535,65535
2026-07-31 09:59:39.739,167.18,62763,28742,40714,65535,65535,65535,65535,65535,65535
2026-07-31 09:59:39.789,167.23,62763,28742,40714,65535,65535,65535,65535,65535,65535
2026-07-31 09:59:39.835,167.27,62763,28742,40714,65535,65535,65535,65535,65535,65535
2026-07-31 09:59:39.874,167.31,62763,28742,40714,65535,65535,65535,65535,65535,65535
2026-07-31 09:59:39.910,167.35,62763,28742,40714,65535,65535,65535,65535,65535,65535
2026-07-31 09:59:39.954,167.39,62763,28742,33929,65535,65535,65535,65535,65535,65535
2026-07-31 09:59:40.006,167.44,49855,28742,33929,65535,65535,65535,65535,65535,65535
2026-07-31 09:59:40.050,167.49,49855,28742,33929,65535,65535,65535,65535,65535,65535
2026-07-31 09:59:40.100,167.54,49855,28742,33929,65535,65535,65535,65535,65535,65535
2026-07-31 09:59:40.148,167.59,49855,28742,33929,65535,65535,65535,65535,65535,65535
2026-07-31 09:59:40.194,167.63,49855,28742,33929,65535,65535,65535,65535,65535,65535
2026-07-31 09:59:40.244,167.68,49855,28742,33929,65535,65535,65535,65535,65535,65535
2026-07-31 09:59:40.288,167.73,49855,28742,33929,65535,65535,65535,65535,65535,65535
2026-07-31 09:59:40.341,167.78,49855,28742,33929,65535,65535,65535,65535,65535,65535
2026-07-31 09:59:40.386,167.82,49855,28742,33929,65535,65535,65535,65535,65535,65535
2026-07-31 09:59:40.424,167.86,49855,28742,33929,65535,65535,65535,65535,65535,65535
2026-07-31 09:59:40.469,167.91,49855,28742,33929,65535,65535,65535,65535,65535,65535
2026-07-31 09:59:40.517,167.96,49855,28742,33929,65535,65535,65535,65535,65535,65535
2026-07-31 09:59:40.565,168.0,62615,33533,33929,65535,65535,65535,65535,65535,65535
2026-07-31 09:59:40.616,168.05,62615,33533,33929,65535,65535,65535,65535,65535,65535
2026-07-31 09:59:40.665,168.1,62615,33533,33929,65535,65535,65535,65535,65535,65535
2026-07-31 09:59:40.715,168.15,62615,33533,33929,65535,65535,65535,65535,65535,65535
2026-07-31 09:59:40.764,168.2,62615,33533,33929,65535,65535,65535,65535,65535,65535
2026-07-31 09:59:40.811,168.25,62615,33533,33929,65535,65535,65535,65535,65535,65535
2026-07-31 09:59:40.861,168.3,62615,33533,33929,65535,65535,65535,65535,65535,65535
2026-07-31 09:59:40.897,168.34,62615,33533,33929,65535,65535,65535,65535,65535,65535
2026-07-31 09:59:40.940,168.38,62615,33533,33929,65535,65535,65535,65535,65535,65535
2026-07-31 09:59:40.988,168.43,62615,33533,33929,65535,65535,65535,65535,65535,65535
2026-07-31 09:59:41.032,168.47,62615,33533,33929,65535,65535,65535,65535,65535,65535
2026-07-31 09:59:41.081,168.52,62615,33533,33929,65535,65535,65535,65535,65535,65535
2026-07-31 09:59:41.126,168.56,50211,28742,33929,65535,65535,65535,65535,65535,65535
2026-07-31 09:59:41.176,168.61,50211,28742,33929,65535,65535,65535,65535,65535,65535
2026-07-31 09:59:41.221,168.66,50211,28742,33929,65535,65535,65535,65535,65535,65535
2026-07-31 09:59:41.273,168.71,50211,28742,33929,65535,65535,65535,65535,65535,65535
2026-07-31 09:59:41.314,168.75,50211,28742,33929,65535,65535,65535,65535,65535,65535
2026-07-31 09:59:41.368,168.81,50211,28742,33929,65535,65535,65535,65535,65535,65535
2026-07-31 09:59:41.408,168.85,50211,28742,33929,65535,65535,65535,65535,65535,65535
2026-07-31 09:59:41.457,168.9,50211,28742,33929,65535,65535,65535,65535,65535,65535
2026-07-31 09:59:41.503,168.94,50211,28742,33929,65535,65535,65535,65535,65535,65535
2026-07-31 09:59:41.551,168.99,50211,28742,33929,65535,65535,65535,65535,65535,65535
2026-07-31 09:59:41.594,169.03,50211,28742,33929,65535,65535,65535,65535,65535,65535
2026-07-31 09:59:41.646,169.08,50211,28742,33929,65535,65535,65535,65535,65535,65535
2026-07-31 09:59:41.690,169.13,50092,33533,33929,65535,65535,65535,65535,65535,65535
2026-07-31 09:59:41.741,169.18,50092,33533,33929,65535,65535,65535,65535,65535,65535
2026-07-31 09:59:41.787,169.23,50092,33533,33929,65535,65535,65535,65535,65535,65535
2026-07-31 09:59:41.834,169.27,50092,33533,33929,65535,65535,65535,65535,65535,65535
2026-07-31 09:59:41.884,169.32,50092,33533,33929,65535,65535,65535,65535,65535,65535
2026-07-31 09:59:41.920,169.36,50092,33533,33929,65535,65535,65535,65535,65535,65535
2026-07-31 09:59:41.962,169.4,50092,33533,33929,65535,65535,65535,65535,65535,65535
2026-07-31 09:59:42.014,169.45,50092,33533,33929,65535,65535,65535,65535,65535,65535
2026-07-31 09:59:42.062,169.5,50092,33533,33929,65535,65535,65535,65535,65535,65535
2026-07-31 09:59:42.110,169.55,50092,33533,33929,65535,65535,65535,65535,65535,65535
2026-07-31 09:59:42.151,169.59,50092,33533,33929,65535,65535,65535,65535,65535,65535
2026-07-31 09:59:42.196,169.63,50092,33533,33929,65535,65535,65535,65535,65535,65535
2026-07-31 09:59:42.241,169.68,62912,33533,33929,65535,65535,65535,65535,65535,65535
2026-07-31 09:59:42.292,169.73,62912,28827,33929,65535,65535,65535,65535,65535,65535
2026-07-31 09:59:42.336,169.77,62912,28827,33929,65535,65535,65535,65535,65535,65535
2026-07-31 09:59:42.386,169.82,62912,28827,33929,65535,65535,65535,65535,65535,65535
2026-07-31 09:59:42.424,169.86,62912,28827,33929,65535,65535,65535,65535,65535,65535
2026-07-31 09:59:42.470,169.91,62912,28827,33929,65535,65535,65535,65535,65535,65535
2026-07-31 09:59:42.542,169.98,62912,28827,33929,65535,65535,65535,65535,65535,65535
2026-07-31 09:59:42.589,170.03,62912,28827,33929,65535,65535,65535,65535,65535,65535
2026-07-31 09:59:42.636,170.07,62912,28827,33929,65535,65535,65535,65535,65535,65535
2026-07-31 09:59:42.679,170.12,62912,28827,33929,65535,65535,65535,65535,65535,65535
2026-07-31 09:59:42.732,170.17,62912,28827,33929,65535,65535,65535,65535,65535,65535
2026-07-31 09:59:42.785,170.22,62912,28827,40714,65535,65535,65535,65535,65535,65535
2026-07-31 09:59:42.831,170.27,49973,33632,40714,65535,65535,65535,65535,65535,65535
2026-07-31 09:59:42.877,170.31,49973,33632,40714,65535,65535,65535,65535,65535,65535
2026-07-31 09:59:42.916,170.35,49973,33632,40714,65535,65535,65535,65535,65535,65535
2026-07-31 09:59:42.959,170.4,49973,33632,40714,65535,65535,65535,65535,65535,65535
2026-07-31 09:59:43.012,170.45,49973,33632,40714,65535,65535,65535,65535,65535,65535
2026-07-31 09:59:43.056,170.49,49973,33632,40714,65535,65535,65535,65535,65535,65535
2026-07-31 09:59:43.106,170.54,49973,33632,40714,65535,65535,65535,65535,65535,65535
2026-07-31 09:59:43.155,170.59,49973,33632,40714,65535,65535,65535,65535,65535,65535
2026-07-31 09:59:43.202,170.64,49973,33632,40714,65535,65535,65535,65535,65535,65535
2026-07-31 09:59:43.251,170.69,49973,33632,40714,65535,65535,65535,65535,65535,65535
2026-07-31 09:59:43.294,170.73,49973,33632,40714,65535,65535,65535,65535,65535,65535
2026-07-31 09:59:43.347,170.79,49973,33632,40714,65535,65535,65535,65535,65535,65535
2026-07-31 09:59:43.385,170.82,41842,33533,40714,65535,65535,65535,65535,65535,65535
2026-07-31 09:59:43.422,170.86,41842,33533,40714,65535,65535,65535,65535,65535,65535
2026-07-31 09:59:43.459,170.9,41842,33533,40714,65535,65535,65535,65535,65535,65535
2026-07-31 09:59:43.514,170.95,41842,33533,40714,65535,65535,65535,65535,65535,65535
2026-07-31 09:59:43.568,171.01,41842,33533,40714,65535,65535,65535,65535,65535,65535
2026-07-31 09:59:43.623,171.06,41842,33533,40714,65535,65535,65535,65535,65535,65535
2026-07-31 09:59:43.679,171.12,41842,33533,40714,65535,65535,65535,65535,65535,65535
2026-07-31 09:59:43.726,171.16,41842,33533,40714,65535,65535,65535,65535,65535,65535
2026-07-31 09:59:43.775,171.21,41842,33533,40714,65535,65535,65535,65535,65535,65535
2026-07-31 09:59:43.837,171.28,41842,33533,40714,65535,65535,65535,65535,65535,65535
2026-07-31 09:59:43.944,171.38,50211,33533,33929,65535,65535,65535,65535,65535,65535
2026-07-31 09:59:44.054,171.49,50211,33533,33929,65535,65535,65535,65535,65535,65535
2026-07-31 09:59:44.329,171.77,50211,33533,33929,65535,65535,65535,65535,65535,65535
2026-07-31 09:59:44.447,171.88,50211,33533,33929,65535,65535,65535,65535,65535,65535
2026-07-31 09:59:44.487,171.93,62615,28827,33929,65535,65535,65535,65535,65535,65535
2026-07-31 09:59:44.536,171.97,62615,28827,33929,65535,65535,65535,65535,65535,65535
2026-07-31 09:59:44.594,172.03,62615,28827,33929,65535,65535,65535,65535,65535,65535
2026-07-31 09:59:44.651,172.09,62615,28827,33929,65535,65535,65535,65535,65535,65535
2026-07-31 09:59:44.702,172.14,62615,28827,33929,65535,65535,65535,65535,65535,65535
2026-07-31 09:59:44.748,172.19,62615,28827,33929,65535,65535,65535,65535,65535,65535
2026-07-31 09:59:44.799,172.24,62615,28827,33929,65535,65535,65535,65535,65535,65535
2026-07-31 09:59:44.852,172.29,62615,28827,33929,65535,65535,65535,65535,65535,65535
2026-07-31 09:59:44.890,172.33,62615,28827,33929,65535,65535,65535,65535,65535,65535
2026-07-31 09:59:44.929,172.37,62615,28827,33929,65535,65535,65535,65535,65535,65535
2026-07-31 09:59:44.978,172.42,62615,28827,33929,65535,65535,65535,65535,65535,65535
2026-07-31 09:59:45.030,172.47,62615,28827,40714,65535,65535,65535,65535,65535,65535
2026-07-31 09:59:45.078,172.52,62615,28742,40714,65535,65535,65535,65535,65535,65535
2026-07-31 09:59:45.125,172.56,62615,28742,40714,65535,65535,65535,65535,65535,65535
2026-07-31 09:59:45.172,172.61,62615,28742,40714,65535,65535,65535,65535,65535,65535
2026-07-31 09:59:45.221,172.66,62615,28742,40714,65535,65535,65535,65535,65535,65535
2026-07-31 09:59:45.277,172.71,62615,28742,40714,65535,65535,65535,65535,65535,65535
2026-07-31 09:59:45.329,172.77,62615,28742,40714,65535,65535,65535,65535,65535,65535
2026-07-31 09:59:45.378,172.82,62615,28742,40714,65535,65535,65535,65535,65535,65535
2026-07-31 09:59:45.413,172.85,62615,28742,40714,65535,65535,65535,65535,65535,65535
2026-07-31 09:59:45.461,172.9,62615,28742,40714,65535,65535,65535,65535,65535,65535
2026-07-31 09:59:45.509,172.95,62615,28742,40714,65535,65535,65535,65535,65535,65535
2026-07-31 09:59:45.556,172.99,62615,28742,40714,65535,65535,65535,65535,65535,65535
2026-07-31 09:59:45.604,173.04,62318,33533,33830,65535,65535,65535,65535,65535,65535
2026-07-31 09:59:45.652,173.09,62318,33533,33830,65535,65535,65535,65535,65535,65535
2026-07-31 09:59:45.699,173.14,62318,33533,33830,65535,65535,65535,65535,65535,65535
2026-07-31 09:59:45.742,173.18,62318,33533,33830,65535,65535,65535,65535,65535,65535
2026-07-31 09:59:45.790,173.23,62318,33533,33830,65535,65535,65535,65535,65535,65535
2026-07-31 09:59:45.840,173.28,62318,33533,33830,65535,65535,65535,65535,65535,65535
2026-07-31 09:59:45.889,173.33,62318,33533,33830,65535,65535,65535,65535,65535,65535
2026-07-31 09:59:45.926,173.36,62318,33533,33830,65535,65535,65535,65535,65535,65535
2026-07-31 09:59:45.974,173.41,62318,33533,33830,65535,65535,65535,65535,65535,65535
2026-07-31 09:59:46.020,173.46,62318,33533,33830,65535,65535,65535,65535,65535,65535
2026-07-31 09:59:46.068,173.51,62318,33533,33830,65535,65535,65535,65535,65535,65535
2026-07-31 09:59:46.161,173.6,50092,33533,40714,65535,65535,65535,65535,65535,65535
2026-07-31 09:59:46.216,173.65,50092,28742,40714,65535,65535,65535,65535,65535,65535
2026-07-31 09:59:46.265,173.7,50092,28742,40714,65535,65535,65535,65535,65535,65535
2026-07-31 09:59:46.315,173.75,50092,28742,40714,65535,65535,65535,65535,65535,65535
2026-07-31 09:59:46.364,173.8,50092,28742,40714,65535,65535,65535,65535,65535,65535
2026-07-31 09:59:46.415,173.85,50092,28742,40714,65535,65535,65535,65535,65535,65535
2026-07-31 09:59:46.462,173.9,50092,28742,40714,65535,65535,65535,65535,65535,65535
2026-07-31 09:59:46.510,173.95,50092,28742,40714,65535,65535,65535,65535,65535,65535
2026-07-31 09:59:46.557,173.99,50092,28742,40714,65535,65535,65535,65535,65535,65535
2026-07-31 09:59:46.604,174.04,50092,28742,40714,65535,65535,65535,65535,65535,65535
2026-07-31 09:59:46.648,174.09,50092,28742,40714,65535,65535,65535,65535,65535,65535
2026-07-31 09:59:46.699,174.14,50092,28742,33929,65535,65535,65535,65535,65535,65535
2026-07-31 09:59:46.743,174.18,62763,33632,33929,65535,65535,65535,65535,65535,65535
2026-07-31 09:59:46.789,174.23,62763,33632,33929,65535,65535,65535,65535,65535,65535
2026-07-31 09:59:46.838,174.28,62763,33632,33929,65535,65535,65535,65535,65535,65535
2026-07-31 09:59:46.889,174.33,62763,33632,33929,65535,65535,65535,65535,65535,65535
2026-07-31 09:59:46.934,174.37,62763,33632,33929,65535,65535,65535,65535,65535,65535
2026-07-31 09:59:46.984,174.42,62763,33632,33929,65535,65535,65535,65535,65535,65535
2026-07-31 09:59:47.029,174.47,62763,33632,33929,65535,65535,65535,65535,65535,65535
2026-07-31 09:59:47.078,174.52,62763,33632,33929,65535,65535,65535,65535,65535,65535
2026-07-31 09:59:47.115,174.55,62763,33632,33929,65535,65535,65535,65535,65535,65535
2026-07-31 09:59:47.164,174.6,62763,33632,33929,65535,65535,65535,65535,65535,65535
2026-07-31 09:59:47.212,174.65,62763,33632,33929,65535,65535,65535,65535,65535,65535
2026-07-31 09:59:47.256,174.69,62763,33632,33929,65535,65535,65535,65535,65535,65535
2026-07-31 09:59:47.304,174.74,62467,28742,33929,65535,65535,65535,65535,65535,65535
2026-07-31 09:59:47.355,174.79,62467,28742,33929,65535,65535,65535,65535,65535,65535
2026-07-31 09:59:47.403,174.84,62467,28742,33929,65535,65535,65535,65535,65535,65535
2026-07-31 09:59:47.447,174.89,62467,28742,33929,65535,65535,65535,65535,65535,65535
2026-07-31 09:59:47.498,174.94,62467,28742,33929,65535,65535,65535,65535,65535,65535
2026-07-31 09:59:47.543,174.98,62467,28742,33929,65535,65535,65535,65535,65535,65535
2026-07-31 09:59:47.592,175.03,62467,28742,33929,65535,65535,65535,65535,65535,65535
2026-07-31 09:59:47.644,175.08,62467,28742,33929,65535,65535,65535,65535,65535,65535
2026-07-31 09:59:47.692,175.13,62467,28742,33929,65535,65535,65535,65535,65535,65535
2026-07-31 09:59:47.737,175.17,62467,28742,33929,65535,65535,65535,65535,65535,65535
2026-07-31 09:59:47.788,175.23,62467,28742,33929,65535,65535,65535,65535,65535,65535
2026-07-31 09:59:47.841,175.28,62615,28742,33929,65535,65535,65535,65535,65535,65535
2026-07-31 09:59:47.894,175.33,62615,28742,33929,65535,65535,65535,65535,65535,65535
2026-07-31 09:59:47.943,175.38,62615,28742,33929,65535,65535,65535,65535,65535,65535
2026-07-31 09:59:47.993,175.43,62615,28742,33929,65535,65535,65535,65535,65535,65535
2026-07-31 09:59:48.043,175.48,62615,28742,33929,65535,65535,65535,65535,65535,65535
2026-07-31 09:59:48.091,175.53,62615,28742,33929,65535,65535,65535,65535,65535,65535
2026-07-31 09:59:48.138,175.58,62615,28742,33929,65535,65535,65535,65535,65535,65535
2026-07-31 09:59:48.174,175.61,62615,28742,33929,65535,65535,65535,65535,65535,65535
2026-07-31 09:59:48.220,175.66,62615,28742,33929,65535,65535,65535,65535,65535,65535
2026-07-31 09:59:48.265,175.7,62615,28742,33929,65535,65535,65535,65535,65535,65535
2026-07-31 09:59:48.313,175.75,62615,28742,33929,65535,65535,65535,65535,65535,65535
2026-07-31 09:59:48.359,175.8,62615,28742,33929,65535,65535,65535,65535,65535,65535
2026-07-31 09:59:48.411,175.85,62615,28742,33929,65535,65535,65535,65535,65535,65535
2026-07-31 09:59:48.458,175.9,62615,28742,33929,65535,65535,65535,65535,65535,65535
2026-07-31 09:59:48.504,175.94,62615,28742,33929,65535,65535,65535,65535,65535,65535
2026-07-31 09:59:48.550,175.99,62615,28742,33929,65535,65535,65535,65535,65535,65535
2026-07-31 09:59:48.601,176.04,62615,28742,33929,65535,65535,65535,65535,65535,65535
2026-07-31 09:59:48.640,176.08,62615,28742,33929,65535,65535,65535,65535,65535,65535
2026-07-31 09:59:48.686,176.12,62615,28742,33929,65535,65535,65535,65535,65535,65535
2026-07-31 09:59:48.735,176.17,62615,28742,33929,65535,65535,65535,65535,65535,65535
2026-07-31 09:59:48.780,176.22,62615,28742,33929,65535,65535,65535,65535,65535,65535
2026-07-31 09:59:48.829,176.27,62615,28742,33929,65535,65535,65535,65535,65535,65535
2026-07-31 09:59:48.877,176.31,62615,28742,33929,65535,65535,65535,65535,65535,65535
2026-07-31 09:59:48.923,176.36,62615,28742,33929,65535,65535,65535,65535,65535,65535
2026-07-31 09:59:48.973,176.41,62912,28742,33830,65535,65535,65535,65535,65535,65535
2026-07-31 09:59:49.021,176.46,62912,28742,33830,65535,65535,65535,65535,65535,65535
2026-07-31 09:59:49.066,176.5,62912,28742,33830,65535,65535,65535,65535,65535,65535
2026-07-31 09:59:49.115,176.55,62912,28742,33830,65535,65535,65535,65535,65535,65535
2026-07-31 09:59:49.150,176.59,62912,28742,33830,65535,65535,65535,65535,65535,65535
2026-07-31 09:59:49.195,176.63,62912,28742,33830,65535,65535,65535,65535,65535,65535
2026-07-31 09:59:49.243,176.68,62912,28742,33830,65535,65535,65535,65535,65535,65535
2026-07-31 09:59:49.291,176.73,62912,28742,33830,65535,65535,65535,65535,65535,65535
2026-07-31 09:59:49.339,176.78,62912,28742,33830,65535,65535,65535,65535,65535,65535
2026-07-31 09:59:49.384,176.82,62912,28742,33830,65535,65535,65535,65535,65535,65535
2026-07-31 09:59:49.433,176.87,62912,28742,33830,65535,65535,65535,65535,65535,65535
2026-07-31 09:59:49.482,176.92,62912,28742,33830,65535,65535,65535,65535,65535,65535
2026-07-31 09:59:49.530,176.97,62912,28742,33929,65535,65535,65535,65535,65535,65535
2026-07-31 09:59:49.577,177.01,49973,18398,33929,65535,65535,65535,65535,65535,65535
2026-07-31 09:59:49.613,177.05,49973,18398,33929,65535,65535,65535,65535,65535,65535
2026-07-31 09:59:49.647,177.09,49973,18398,33929,65535,65535,65535,65535,65535,65535
2026-07-31 09:59:49.696,177.13,49973,18398,33929,65535,65535,65535,65535,65535,65535
2026-07-31 09:59:49.744,177.18,49973,18398,33929,65535,65535,65535,65535,65535,65535
2026-07-31 09:59:49.792,177.23,49973,18398,33929,65535,65535,65535,65535,65535,65535
2026-07-31 09:59:49.834,177.27,49973,18398,33929,65535,65535,65535,65535,65535,65535
2026-07-31 09:59:49.879,177.32,49973,18398,33929,65535,65535,65535,65535,65535,65535
2026-07-31 09:59:49.927,177.37,49973,18398,33929,65535,65535,65535,65535,65535,65535
2026-07-31 09:59:49.974,177.41,49973,18398,33929,65535,65535,65535,65535,65535,65535
2026-07-31 09:59:50.020,177.46,49973,18398,33929,65535,65535,65535,65535,65535,65535
2026-07-31 09:59:50.066,177.5,49973,18398,33929,65535,65535,65535,65535,65535,65535
2026-07-31 09:59:50.103,177.54,49973,18398,33929,65535,65535,65535,65535,65535,65535
2026-07-31 09:59:50.148,177.59,50092,33533,33929,65535,65535,65535,65535,65535,65535
2026-07-31 09:59:50.194,177.63,50092,33533,33929,65535,65535,65535,65535,65535,65535
2026-07-31 09:59:50.241,177.68,50092,33533,33929,65535,65535,65535,65535,65535,65535
2026-07-31 09:59:50.290,177.73,50092,33533,33929,65535,65535,65535,65535,65535,65535
2026-07-31 09:59:50.341,177.78,50092,33533,33929,65535,65535,65535,65535,65535,65535
2026-07-31 09:59:50.389,177.83,50092,33533,33929,65535,65535,65535,65535,65535,65535
2026-07-31 09:59:50.434,177.87,50092,33533,33929,65535,65535,65535,65535,65535,65535
2026-07-31 09:59:50.481,177.92,50092,33533,33929,65535,65535,65535,65535,65535,65535
2026-07-31 09:59:50.533,177.97,50092,33533,33929,65535,65535,65535,65535,65535,65535
2026-07-31 09:59:50.580,178.02,50092,33533,33929,65535,65535,65535,65535,65535,65535
2026-07-31 09:59:50.617,178.05,50092,33533,33929,65535,65535,65535,65535,65535,65535
2026-07-31 09:59:50.661,178.1,50092,33533,33830,65535,65535,65535,65535,65535,65535
2026-07-31 09:59:50.707,178.14,50092,28742,33830,65535,65535,65535,65535,65535,65535
2026-07-31 09:59:50.757,178.2,50092,28742,33830,65535,65535,65535,65535,65535,65535
2026-07-31 09:59:50.803,178.24,50092,28742,33830,65535,65535,65535,65535,65535,65535
2026-07-31 09:59:50.850,178.29,50092,28742,33830,65535,65535,65535,65535,65535,65535
2026-07-31 09:59:50.897,178.34,50092,28742,33830,65535,65535,65535,65535,65535,65535
2026-07-31 09:59:50.944,178.38,50092,28742,33830,65535,65535,65535,65535,65535,65535
2026-07-31 09:59:50.993,178.43,50092,28742,33830,65535,65535,65535,65535,65535,65535
2026-07-31 09:59:51.040,178.48,50092,28742,33830,65535,65535,65535,65535,65535,65535
2026-07-31 09:59:51.089,178.53,50092,28742,33830,65535,65535,65535,65535,65535,65535
2026-07-31 09:59:51.124,178.56,50092,28742,33830,65535,65535,65535,65535,65535,65535
2026-07-31 09:59:51.174,178.61,50092,28742,33830,65535,65535,65535,65535,65535,65535
2026-07-31 09:59:51.222,178.66,50092,28742,40714,65535,65535,65535,65535,65535,65535
2026-07-31 09:59:51.267,178.71,62467,33533,40714,65535,65535,65535,65535,65535,65535
2026-07-31 09:59:51.313,178.75,62467,33533,40714,65535,65535,65535,65535,65535,65535
2026-07-31 09:59:51.364,178.8,62467,33533,40714,65535,65535,65535,65535,65535,65535
2026-07-31 09:59:51.410,178.85,62467,33533,40714,65535,65535,65535,65535,65535,65535
2026-07-31 09:59:51.459,178.9,62467,33533,40714,65535,65535,65535,65535,65535,65535
2026-07-31 09:59:51.503,178.94,62467,33533,40714,65535,65535,65535,65535,65535,65535
2026-07-31 09:59:51.553,178.99,62467,33533,40714,65535,65535,65535,65535,65535,65535
2026-07-31 09:59:51.590,179.03,62467,33533,40714,65535,65535,65535,65535,65535,65535
2026-07-31 09:59:51.628,179.07,62467,33533,40714,65535,65535,65535,65535,65535,65535
2026-07-31 09:59:51.676,179.11,62467,33533,40714,65535,65535,65535,65535,65535,65535
2026-07-31 09:59:51.720,179.16,62467,33533,40714,65535,65535,65535,65535,65535,65535
2026-07-31 09:59:51.767,179.21,62467,33533,40714,65535,65535,65535,65535,65535,65535
2026-07-31 09:59:51.816,179.25,50092,33533,33929,65535,65535,65535,65535,65535,65535
2026-07-31 09:59:51.866,179.3,50092,28742,33929,65535,65535,65535,65535,65535,65535
2026-07-31 09:59:51.910,179.35,50092,28742,33929,65535,65535,65535,65535,65535,65535
2026-07-31 09:59:51.954,179.39,50092,28742,33929,65535,65535,65535,65535,65535,65535
2026-07-31 09:59:52.002,179.44,50092,28742,33929,65535,65535,65535,65535,65535,65535
2026-07-31 09:59:52.053,179.49,50092,28742,33929,65535,65535,65535,65535,65535,65535
2026-07-31 09:59:52.093,179.53,50092,28742,33929,65535,65535,65535,65535,65535,65535
2026-07-31 09:59:52.129,179.57,50092,28742,33929,65535,65535,65535,65535,65535,65535
2026-07-31 09:59:52.176,179.61,50092,28742,33929,65535,65535,65535,65535,65535,65535
2026-07-31 09:59:52.219,179.66,50092,28742,33929,65535,65535,65535,65535,65535,65535
2026-07-31 09:59:52.272,179.71,50092,28742,33929,65535,65535,65535,65535,65535,65535
2026-07-31 09:59:52.316,179.75,50092,28742,33929,65535,65535,65535,65535,65535,65535
2026-07-31 09:59:52.365,179.8,50092,28742,40714,65535,65535,65535,65535,65535,65535
2026-07-31 09:59:52.409,179.85,49973,33731,40714,65535,65535,65535,65535,65535,65535
2026-07-31 09:59:52.455,179.89,49973,33731,40714,65535,65535,65535,65535,65535,65535
2026-07-31 09:59:52.501,179.94,49973,33731,40714,65535,65535,65535,65535,65535,65535
2026-07-31 09:59:52.551,179.99,49973,33731,40714,65535,65535,65535,65535,65535,65535
2026-07-31 09:59:52.586,180.02,49973,33731,40714,65535,65535,65535,65535,65535,65535
2026-07-31 09:59:52.621,180.06,49973,33731,40714,65535,65535,65535,65535,65535,65535
2026-07-31 09:59:52.668,180.11,49973,33731,40714,65535,65535,65535,65535,65535,65535
2026-07-31 09:59:52.718,180.16,49973,33731,40714,65535,65535,65535,65535,65535,65535
2026-07-31 09:59:52.769,180.21,49973,33731,40714,65535,65535,65535,65535,65535,65535
2026-07-31 09:59:52.813,180.25,49973,33731,40714,65535,65535,65535,65535,65535,65535
2026-07-31 09:59:52.863,180.3,49973,33731,40714,65535,65535,65535,65535,65535,65535
2026-07-31 09:59:52.907,180.34,49973,33731,40714,65535,65535,65535,65535,65535,65535
2026-07-31 09:59:52.959,180.4,56977,33731,40714,65535,65535,65535,65535,65535,65535
2026-07-31 09:59:53.002,180.44,56977,28742,40714,65535,65535,65535,65535,65535,65535
2026-07-31 09:59:53.053,180.49,56977,28742,40714,65535,65535,65535,65535,65535,65535
2026-07-31 09:59:53.090,180.53,56977,28742,40714,65535,65535,65535,65535,65535,65535
2026-07-31 09:59:53.125,180.56,56977,28742,40714,65535,65535,65535,65535,65535,65535
2026-07-31 09:59:53.172,180.61,56977,28742,40714,65535,65535,65535,65535,65535,65535
2026-07-31 09:59:53.220,180.66,56977,28742,40714,65535,65535,65535,65535,65535,65535
2026-07-31 09:59:53.265,180.7,56977,28742,40714,65535,65535,65535,65535,65535,65535
2026-07-31 09:59:53.313,180.75,56977,28742,40714,65535,65535,65535,65535,65535,65535
2026-07-31 09:59:53.364,180.8,56977,28742,40714,65535,65535,65535,65535,65535,65535
2026-07-31 09:59:53.408,180.85,56977,28742,40714,65535,65535,65535,65535,65535,65535
2026-07-31 09:59:53.455,180.89,56977,28742,40714,65535,65535,65535,65535,65535,65535
2026-07-31 09:59:53.505,180.94,56977,28742,50893,65535,65535,65535,65535,65535,65535
2026-07-31 09:59:53.553,180.99,50092,33632,50893,65535,65535,65535,65535,65535,65535
2026-07-31 09:59:53.593,181.03,50092,33632,50893,65535,65535,65535,65535,65535,65535
2026-07-31 09:59:53.631,181.07,50092,33632,50893,65535,65535,65535,65535,65535,65535
2026-07-31 09:59:53.678,181.12,50092,33632,50893,65535,65535,65535,65535,65535,65535
2026-07-31 09:59:53.723,181.16,50092,33632,50893,65535,65535,65535,65535,65535,65535
2026-07-31 09:59:53.771,181.21,50092,33632,50893,65535,65535,65535,65535,65535,65535
2026-07-31 09:59:53.821,181.26,50092,33632,50893,65535,65535,65535,65535,65535,65535
2026-07-31 09:59:53.864,181.3,50092,33632,50893,65535,65535,65535,65535,65535,65535
2026-07-31 09:59:53.913,181.35,50092,33632,50893,65535,65535,65535,65535,65535,65535
2026-07-31 09:59:53.962,181.4,50092,33632,50893,65535,65535,65535,65535,65535,65535
2026-07-31 09:59:54.008,181.45,50092,33632,50893,65535,65535,65535,65535,65535,65535
2026-07-31 09:59:54.055,181.49,50092,33632,40596,65535,65535,65535,65535,65535,65535
2026-07-31 09:59:54.094,181.53,50092,33632,40596,65535,65535,65535,65535,65535,65535
2026-07-31 09:59:54.140,181.58,50092,28742,40596,65535,65535,65535,65535,65535,65535
2026-07-31 09:59:54.190,181.63,50092,28742,40596,65535,65535,65535,65535,65535,65535
2026-07-31 09:59:54.236,181.67,50092,28742,40596,65535,65535,65535,65535,65535,65535
2026-07-31 09:59:54.285,181.72,50092,28742,40596,65535,65535,65535,65535,65535,65535
2026-07-31 09:59:54.331,181.77,50092,28742,40596,65535,65535,65535,65535,65535,65535
2026-07-31 09:59:54.382,181.82,50092,28742,40596,65535,65535,65535,65535,65535,65535
2026-07-31 09:59:54.428,181.87,50092,28742,40596,65535,65535,65535,65535,65535,65535
2026-07-31 09:59:54.476,181.91,50092,28742,40596,65535,65535,65535,65535,65535,65535
2026-07-31 09:59:54.522,181.96,50092,28742,40596,65535,65535,65535,65535,65535,65535
2026-07-31 09:59:54.574,182.01,50092,28742,40596,65535,65535,65535,65535,65535,65535
2026-07-31 09:59:54.608,182.05,50092,28742,40596,65535,65535,65535,65535,65535,65535
2026-07-31 09:59:54.656,182.09,62615,28742,33929,65535,65535,65535,65535,65535,65535
2026-07-31 09:59:54.704,182.14,62615,33533,33929,65535,65535,65535,65535,65535,65535
2026-07-31 09:59:54.752,182.19,62615,33533,33929,65535,65535,65535,65535,65535,65535
2026-07-31 09:59:54.798,182.24,62615,33533,33929,65535,65535,65535,65535,65535,65535
2026-07-31 09:59:54.849,182.29,62615,33533,33929,65535,65535,65535,65535,65535,65535
2026-07-31 09:59:54.897,182.34,62615,33533,33929,65535,65535,65535,65535,65535,65535
2026-07-31 09:59:54.944,182.38,62615,33533,33929,65535,65535,65535,65535,65535,65535
2026-07-31 09:59:54.988,182.43,62615,33533,33929,65535,65535,65535,65535,65535,65535
2026-07-31 09:59:55.038,182.48,62615,33533,33929,65535,65535,65535,65535,65535,65535
2026-07-31 09:59:55.083,182.52,62615,33533,33929,65535,65535,65535,65535,65535,65535
2026-07-31 09:59:55.131,182.57,62615,33533,33929,65535,65535,65535,65535,65535,65535
2026-07-31 09:59:55.179,182.62,62615,33533,33929,65535,65535,65535,65535,65535,65535
2026-07-31 09:59:55.227,182.66,49973,28742,40714,65535,65535,65535,65535,65535,65535
2026-07-31 09:59:55.275,182.71,49973,28742,40714,65535,65535,65535,65535,65535,65535
2026-07-31 09:59:55.322,182.76,49973,28742,40714,65535,65535,65535,65535,65535,65535
2026-07-31 09:59:55.369,182.81,49973,28742,40714,65535,65535,65535,65535,65535,65535
2026-07-31 09:59:55.419,182.86,49973,28742,40714,65535,65535,65535,65535,65535,65535
2026-07-31 09:59:55.467,182.9,49973,28742,40714,65535,65535,65535,65535,65535,65535
2026-07-31 09:59:55.518,182.96,49973,28742,40714,65535,65535,65535,65535,65535,65535
2026-07-31 09:59:55.563,183.0,49973,28742,40714,65535,65535,65535,65535,65535,65535
2026-07-31 09:59:55.610,183.05,49973,28742,40714,65535,65535,65535,65535,65535,65535
2026-07-31 09:59:55.661,183.1,49973,28742,40714,65535,65535,65535,65535,65535,65535
2026-07-31 09:59:55.707,183.15,49973,28742,40714,65535,65535,65535,65535,65535,65535
2026-07-31 09:59:55.755,183.19,49973,28742,33929,65535,65535,65535,65535,65535,65535
2026-07-31 09:59:55.802,183.24,62763,33533,33929,65535,65535,65535,65535,65535,65535
2026-07-31 09:59:55.847,183.29,62763,33533,33929,65535,65535,65535,65535,65535,65535
2026-07-31 09:59:55.898,183.34,62763,33533,33929,65535,65535,65535,65535,65535,65535
2026-07-31 09:59:55.943,183.38,62763,33533,33929,65535,65535,65535,65535,65535,65535
2026-07-31 09:59:55.990,183.43,62763,33533,33929,65535,65535,65535,65535,65535,65535
2026-07-31 09:59:56.041,183.48,62763,33533,33929,65535,65535,65535,65535,65535,65535
2026-07-31 09:59:56.087,183.53,62763,33533,33929,65535,65535,65535,65535,65535,65535
2026-07-31 09:59:56.137,183.57,62763,33533,33929,65535,65535,65535,65535,65535,65535
2026-07-31 09:59:56.184,183.62,62763,33533,33929,65535,65535,65535,65535,65535,65535
2026-07-31 09:59:56.232,183.67,62763,33533,33929,65535,65535,65535,65535,65535,65535
2026-07-31 09:59:56.276,183.71,62763,33533,33929,65535,65535,65535,65535,65535,65535
2026-07-31 09:59:56.327,183.76,62763,33533,40714,65535,65535,65535,65535,65535,65535
2026-07-31 09:59:56.370,183.81,62763,16865,40714,65535,65535,65535,65535,65535,65535
2026-07-31 09:59:56.419,183.86,62763,16865,40714,65535,65535,65535,65535,65535,65535
2026-07-31 09:59:56.467,183.91,62763,16865,40714,65535,65535,65535,65535,65535,65535
2026-07-31 09:59:56.515,183.95,62763,16865,40714,65535,65535,65535,65535,65535,65535
2026-07-31 09:59:56.564,184.0,62763,16865,40714,65535,65535,65535,65535,65535,65535
2026-07-31 09:59:56.608,184.05,62763,16865,40714,65535,65535,65535,65535,65535,65535
2026-07-31 09:59:56.657,184.09,62763,16865,40714,65535,65535,65535,65535,65535,65535
2026-07-31 09:59:56.705,184.14,62763,16865,40714,65535,65535,65535,65535,65535,65535
2026-07-31 09:59:56.753,184.19,62763,16865,40714,65535,65535,65535,65535,65535,65535
2026-07-31 09:59:56.801,184.24,62763,16865,40714,65535,65535,65535,65535,65535,65535
2026-07-31 09:59:56.844,184.28,62763,16865,40714,65535,65535,65535,65535,65535,65535
2026-07-31 09:59:56.895,184.33,62763,16865,33929,65535,65535,65535,65535,65535,65535
2026-07-31 09:59:56.944,184.38,62615,33533,33929,65535,65535,65535,65535,65535,65535
2026-07-31 09:59:56.992,184.43,62615,33533,33929,65535,65535,65535,65535,65535,65535
2026-07-31 09:59:57.035,184.47,62615,33533,33929,65535,65535,65535,65535,65535,65535
2026-07-31 09:59:57.085,184.52,62615,33533,33929,65535,65535,65535,65535,65535,65535
2026-07-31 09:59:57.129,184.57,62615,33533,33929,65535,65535,65535,65535,65535,65535
2026-07-31 09:59:57.182,184.62,62615,33533,33929,65535,65535,65535,65535,65535,65535
2026-07-31 09:59:57.248,184.69,62615,33533,33929,65535,65535,65535,65535,65535,65535
2026-07-31 09:59:57.295,184.73,62615,33533,33929,65535,65535,65535,65535,65535,65535
2026-07-31 09:59:57.344,184.78,62615,33533,33929,65535,65535,65535,65535,65535,65535
2026-07-31 09:59:57.394,184.83,62615,33533,33929,65535,65535,65535,65535,65535,65535
2026-07-31 09:59:57.442,184.88,62615,33533,33929,65535,65535,65535,65535,65535,65535
2026-07-31 09:59:57.496,184.93,62912,33533,33929,65535,65535,65535,65535,65535,65535
2026-07-31 09:59:57.544,184.98,62912,33533,33929,65535,65535,65535,65535,65535,65535
2026-07-31 09:59:57.591,185.03,62912,33533,33929,65535,65535,65535,65535,65535,65535
2026-07-31 09:59:57.642,185.08,62912,33533,33929,65535,65535,65535,65535,65535,65535
2026-07-31 09:59:57.688,185.13,62912,33533,33929,65535,65535,65535,65535,65535,65535
2026-07-31 09:59:57.734,185.17,62912,33533,33929,65535,65535,65535,65535,65535,65535
2026-07-31 09:59:57.783,185.22,62912,33533,33929,65535,65535,65535,65535,65535,65535
2026-07-31 09:59:57.830,185.27,62912,33533,33929,65535,65535,65535,65535,65535,65535
2026-07-31 09:59:57.877,185.32,62912,33533,33929,65535,65535,65535,65535,65535,65535
2026-07-31 09:59:57.924,185.36,62912,33533,33929,65535,65535,65535,65535,65535,65535
2026-07-31 09:59:57.970,185.41,62912,33533,33929,65535,65535,65535,65535,65535,65535
2026-07-31 09:59:58.021,185.46,62912,33533,40714,65535,65535,65535,65535,65535,65535
2026-07-31 09:59:58.076,185.51,63209,33533,40714,65535,65535,65535,65535,65535,65535
2026-07-31 09:59:58.127,185.56,63209,33533,40714,65535,65535,65535,65535,65535,65535
2026-07-31 09:59:58.171,185.61,63209,33533,40714,65535,65535,65535,65535,65535,65535
2026-07-31 09:59:58.222,185.66,63209,33533,40714,65535,65535,65535,65535,65535,65535
2026-07-31 09:59:58.269,185.71,63209,33533,40714,65535,65535,65535,65535,65535,65535
2026-07-31 09:59:58.316,185.75,63209,33533,40714,65535,65535,65535,65535,65535,65535
2026-07-31 09:59:58.363,185.8,63209,33533,40714,65535,65535,65535,65535,65535,65535
2026-07-31 09:59:58.410,185.85,63209,33533,40714,65535,65535,65535,65535,65535,65535
2026-07-31 09:59:58.462,185.9,63209,33533,40714,65535,65535,65535,65535,65535,65535
2026-07-31 09:59:58.512,185.95,63209,33533,40714,65535,65535,65535,65535,65535,65535
2026-07-31 09:59:58.550,185.99,63209,33533,40714,65535,65535,65535,65535,65535,65535
2026-07-31 09:59:58.597,186.03,62615,33533,40714,65535,65535,65535,65535,65535,65535
2026-07-31 09:59:58.645,186.08,62615,28742,40714,65535,65535,65535,65535,65535,65535
2026-07-31 09:59:58.692,186.13,62615,28742,40714,65535,65535,65535,65535,65535,65535
2026-07-31 09:59:58.740,186.18,62615,28742,40714,65535,65535,65535,65535,65535,65535
2026-07-31 09:59:58.789,186.23,62615,28742,40714,65535,65535,65535,65535,65535,65535
2026-07-31 09:59:58.841,186.28,62615,28742,40714,65535,65535,65535,65535,65535,65535
2026-07-31 09:59:58.894,186.33,62615,28742,40714,65535,65535,65535,65535,65535,65535
2026-07-31 09:59:58.937,186.37,62615,28742,40714,65535,65535,65535,65535,65535,65535
2026-07-31 09:59:58.987,186.43,62615,28742,40714,65535,65535,65535,65535,65535,65535
2026-07-31 09:59:59.032,186.47,62615,28742,40714,65535,65535,65535,65535,65535,65535
2026-07-31 09:59:59.083,186.52,62615,28742,40714,65535,65535,65535,65535,65535,65535
2026-07-31 09:59:59.130,186.57,62615,28742,40714,65535,65535,65535,65535,65535,65535
2026-07-31 09:59:59.181,186.62,50092,28742,40596,65535,65535,65535,65535,65535,65535
2026-07-31 09:59:59.246,186.68,50092,28742,40596,65535,65535,65535,65535,65535,65535
2026-07-31 09:59:59.301,186.74,50092,28742,40596,65535,65535,65535,65535,65535,65535
2026-07-31 09:59:59.355,186.79,50092,28742,40596,65535,65535,65535,65535,65535,65535
2026-07-31 09:59:59.416,186.85,50092,28742,40596,65535,65535,65535,65535,65535,65535
2026-07-31 09:59:59.518,186.96,50092,28742,40596,65535,65535,65535,65535,65535,65535
2026-07-31 09:59:59.697,187.14,50092,28742,33830,65535,65535,65535,65535,65535,65535
2026-07-31 09:59:59.784,187.22,62763,28742,33830,65535,65535,65535,65535,65535,65535
2026-07-31 09:59:59.930,187.37,62763,28742,33830,65535,65535,65535,65535,65535,65535
2026-07-31 09:59:59.990,187.43,62763,28742,33830,65535,65535,65535,65535,65535,65535
2026-07-31 10:00:00.043,187.48,62763,28742,33830,65535,65535,65535,65535,65535,65535
2026-07-31 10:00:00.097,187.53,62763,28742,33830,65535,65535,65535,65535,65535,65535
2026-07-31 10:00:00.145,187.58,62763,28742,33830,65535,65535,65535,65535,65535,65535
2026-07-31 10:00:00.193,187.63,62763,28742,33830,65535,65535,65535,65535,65535,65535
2026-07-31 10:00:00.241,187.68,62763,28742,40714,65535,65535,65535,65535,65535,65535
2026-07-31 10:00:00.295,187.73,50092,22553,40714,65535,65535,65535,65535,65535,65535
2026-07-31 10:00:00.354,187.79,50092,22553,40714,65535,65535,65535,65535,65535,65535
2026-07-31 10:00:00.421,187.86,50092,22553,40714,65535,65535,65535,65535,65535,65535
2026-07-31 10:00:00.480,187.92,50092,22553,40714,65535,65535,65535,65535,65535,65535
2026-07-31 10:00:00.528,187.97,50092,22553,40714,65535,65535,65535,65535,65535,65535
2026-07-31 10:00:00.576,188.01,50092,22553,40714,65535,65535,65535,65535,65535,65535
2026-07-31 10:00:00.625,188.06,50092,22553,40714,65535,65535,65535,65535,65535,65535
2026-07-31 10:00:00.679,188.12,50092,22553,40714,65535,65535,65535,65535,65535,65535
2026-07-31 10:00:00.733,188.17,50092,22553,40714,65535,65535,65535,65535,65535,65535
2026-07-31 10:00:00.783,188.22,50092,22553,40714,65535,65535,65535,65535,65535,65535
2026-07-31 10:00:00.833,188.27,55434,22553,33830,65535,65535,65535,65535,65535,65535
2026-07-31 10:00:00.882,188.32,55434,28742,33830,65535,65535,65535,65535,65535,65535
2026-07-31 10:00:00.929,188.37,55434,28742,33830,65535,65535,65535,65535,65535,65535
2026-07-31 10:00:00.977,188.42,55434,28742,33830,65535,65535,65535,65535,65535,65535
2026-07-31 10:00:01.024,188.46,55434,28742,33830,65535,65535,65535,65535,65535,65535
2026-07-31 10:00:01.072,188.51,55434,28742,33830,65535,65535,65535,65535,65535,65535
2026-07-31 10:00:01.118,188.56,55434,28742,33830,65535,65535,65535,65535,65535,65535
2026-07-31 10:00:01.167,188.6,55434,28742,33830,65535,65535,65535,65535,65535,65535
2026-07-31 10:00:01.214,188.65,55434,28742,33830,65535,65535,65535,65535,65535,65535
2026-07-31 10:00:01.262,188.7,55434,28742,33830,65535,65535,65535,65535,65535,65535
2026-07-31 10:00:01.312,188.75,55434,28742,33830,65535,65535,65535,65535,65535,65535
2026-07-31 10:00:01.359,188.8,55434,28742,40714,65535,65535,65535,65535,65535,65535
2026-07-31 10:00:01.408,188.85,62763,33533,40714,65535,65535,65535,65535,65535,65535
2026-07-31 10:00:01.460,188.9,62763,33533,40714,65535,65535,65535,65535,65535,65535
2026-07-31 10:00:01.508,188.95,62763,33533,40714,65535,65535,65535,65535,65535,65535
2026-07-31 10:00:01.558,189.0,62763,33533,40714,65535,65535,65535,65535,65535,65535
2026-07-31 10:00:01.604,189.04,62763,33533,40714,65535,65535,65535,65535,65535,65535
2026-07-31 10:00:01.663,189.1,62763,33533,40714,65535,65535,65535,65535,65535,65535
2026-07-31 10:00:01.712,189.15,62763,33533,40714,65535,65535,65535,65535,65535,65535
2026-07-31 10:00:01.761,189.2,62763,33533,40714,65535,65535,65535,65535,65535,65535
2026-07-31 10:00:01.809,189.25,62763,33533,40714,65535,65535,65535,65535,65535,65535
2026-07-31 10:00:01.852,189.29,62763,33533,40714,65535,65535,65535,65535,65535,65535
2026-07-31 10:00:01.903,189.34,62763,33533,40714,65535,65535,65535,65535,65535,65535
2026-07-31 10:00:01.953,189.39,63060,33533,33929,65535,65535,65535,65535,65535,65535
2026-07-31 10:00:02.007,189.45,63060,33533,33929,65535,65535,65535,65535,65535,65535
2026-07-31 10:00:02.061,189.5,63060,33533,33929,65535,65535,65535,65535,65535,65535
2026-07-31 10:00:02.107,189.55,63060,33533,33929,65535,65535,65535,65535,65535,65535
2026-07-31 10:00:02.155,189.59,63060,33533,33929,65535,65535,65535,65535,65535,65535
2026-07-31 10:00:02.203,189.64,63060,33533,33929,65535,65535,65535,65535,65535,65535
2026-07-31 10:00:02.254,189.69,63060,33533,33929,65535,65535,65535,65535,65535,65535
2026-07-31 10:00:02.303,189.74,63060,33533,33929,65535,65535,65535,65535,65535,65535
2026-07-31 10:00:02.349,189.79,63060,33533,33929,65535,65535,65535,65535,65535,65535
2026-07-31 10:00:02.398,189.84,63060,33533,33929,65535,65535,65535,65535,65535,65535
2026-07-31 10:00:02.450,189.89,63060,33533,33929,65535,65535,65535,65535,65535,65535
2026-07-31 10:00:02.499,189.94,62615,33533,40714,65535,65535,65535,65535,65535,65535
2026-07-31 10:00:02.545,189.98,62615,28742,40714,65535,65535,65535,65535,65535,65535
2026-07-31 10:00:02.594,190.03,62615,28742,40714,65535,65535,65535,65535,65535,65535
2026-07-31 10:00:02.640,190.08,62615,28742,40714,65535,65535,65535,65535,65535,65535
2026-07-31 10:00:02.685,190.12,62615,28742,40714,65535,65535,65535,65535,65535,65535
2026-07-31 10:00:02.731,190.17,62615,28742,40714,65535,65535,65535,65535,65535,65535
2026-07-31 10:00:02.780,190.22,62615,28742,40714,65535,65535,65535,65535,65535,65535
2026-07-31 10:00:02.825,190.26,62615,28742,40714,65535,65535,65535,65535,65535,65535
2026-07-31 10:00:02.875,190.31,62615,28742,40714,65535,65535,65535,65535,65535,65535
2026-07-31 10:00:02.922,190.36,62615,28742,40714,65535,65535,65535,65535,65535,65535
2026-07-31 10:00:02.967,190.4,62615,28742,40714,65535,65535,65535,65535,65535,65535
2026-07-31 10:00:03.018,190.46,62615,28742,40714,65535,65535,65535,65535,65535,65535
2026-07-31 10:00:03.063,190.5,62615,28742,33929,65535,65535,65535,65535,65535,65535
2026-07-31 10:00:03.110,190.55,50092,28742,33929,65535,65535,65535,65535,65535,65535
2026-07-31 10:00:03.158,190.6,50092,28742,33929,65535,65535,65535,65535,65535,65535
2026-07-31 10:00:03.209,190.65,50092,28742,33929,65535,65535,65535,65535,65535,65535
2026-07-31 10:00:03.257,190.7,50092,28742,33929,65535,65535,65535,65535,65535,65535
2026-07-31 10:00:03.304,190.74,50092,28742,33929,65535,65535,65535,65535,65535,65535
2026-07-31 10:00:03.352,190.79,50092,28742,33929,65535,65535,65535,65535,65535,65535
2026-07-31 10:00:03.402,190.84,50092,28742,33929,65535,65535,65535,65535,65535,65535
2026-07-31 10:00:03.450,190.89,50092,28742,33929,65535,65535,65535,65535,65535,65535
2026-07-31 10:00:03.501,190.94,50092,28742,33929,65535,65535,65535,65535,65535,65535
2026-07-31 10:00:03.546,190.98,50092,28742,33929,65535,65535,65535,65535,65535,65535
2026-07-31 10:00:03.595,191.03,50092,28742,33929,65535,65535,65535,65535,65535,65535
2026-07-31 10:00:03.641,191.08,50329,28742,33929,65535,65535,65535,65535,65535,65535
2026-07-31 10:00:03.689,191.13,50329,28742,33929,65535,65535,65535,65535,65535,65535
2026-07-31 10:00:03.740,191.18,50329,28742,33929,65535,65535,65535,65535,65535,65535
2026-07-31 10:00:03.786,191.22,50329,28742,33929,65535,65535,65535,65535,65535,65535
2026-07-31 10:00:03.831,191.27,50329,28742,33929,65535,65535,65535,65535,65535,65535
2026-07-31 10:00:03.877,191.32,50329,28742,33929,65535,65535,65535,65535,65535,65535
2026-07-31 10:00:03.929,191.37,50329,28742,33929,65535,65535,65535,65535,65535,65535
2026-07-31 10:00:03.972,191.41,50329,28742,33929,65535,65535,65535,65535,65535,65535
2026-07-31 10:00:04.022,191.46,50329,28742,33929,65535,65535,65535,65535,65535,65535
2026-07-31 10:00:04.066,191.5,50329,28742,33929,65535,65535,65535,65535,65535,65535
2026-07-31 10:00:04.118,191.56,50329,28742,33929,65535,65535,65535,65535,65535,65535
2026-07-31 10:00:04.161,191.6,50329,28742,33929,65535,65535,65535,65535,65535,65535
2026-07-31 10:00:04.210,191.65,62318,28742,40714,65535,65535,65535,65535,65535,65535
2026-07-31 10:00:04.254,191.69,62318,33533,40714,65535,65535,65535,65535,65535,65535
2026-07-31 10:00:04.304,191.74,62318,33533,40714,65535,65535,65535,65535,65535,65535
2026-07-31 10:00:04.354,191.79,62318,33533,40714,65535,65535,65535,65535,65535,65535
2026-07-31 10:00:04.399,191.84,62318,33533,40714,65535,65535,65535,65535,65535,65535
2026-07-31 10:00:04.443,191.88,62318,33533,40714,65535,65535,65535,65535,65535,65535
2026-07-31 10:00:04.493,191.93,62318,33533,40714,65535,65535,65535,65535,65535,65535
2026-07-31 10:00:04.540,191.98,62318,33533,40714,65535,65535,65535,65535,65535,65535
2026-07-31 10:00:04.590,192.03,62318,33533,40714,65535,65535,65535,65535,65535,65535
2026-07-31 10:00:04.636,192.07,62318,33533,40714,65535,65535,65535,65535,65535,65535
2026-07-31 10:00:04.681,192.12,62318,33533,40714,65535,65535,65535,65535,65535,65535
2026-07-31 10:00:04.733,192.17,62318,33533,40714,65535,65535,65535,65535,65535,65535
2026-07-31 10:00:04.783,192.22,50211,28742,33731,65535,65535,65535,65535,65535,65535
2026-07-31 10:00:04.836,192.27,50211,28742,33731,65535,65535,65535,65535,65535,65535
2026-07-31 10:00:04.885,192.32,50211,28742,33731,65535,65535,65535,65535,65535,65535
2026-07-31 10:00:04.932,192.37,50211,28742,33731,65535,65535,65535,65535,65535,65535
2026-07-31 10:00:04.980,192.42,50211,28742,33731,65535,65535,65535,65535,65535,65535
2026-07-31 10:00:05.031,192.47,50211,28742,33731,65535,65535,65535,65535,65535,65535
2026-07-31 10:00:05.079,192.52,50211,28742,33731,65535,65535,65535,65535,65535,65535
2026-07-31 10:00:05.128,192.57,50211,28742,33731,65535,65535,65535,65535,65535,65535
2026-07-31 10:00:05.209,192.65,50211,28742,33731,65535,65535,65535,65535,65535,65535
2026-07-31 10:00:05.259,192.7,50211,28742,33731,65535,65535,65535,65535,65535,65535
2026-07-31 10:00:05.307,192.75,50211,28742,40714,65535,65535,65535,65535,65535,65535
2026-07-31 10:00:05.360,192.8,50567,28742,40714,65535,65535,65535,65535,65535,65535
2026-07-31 10:00:05.410,192.85,50567,28742,40714,65535,65535,65535,65535,65535,65535
2026-07-31 10:00:05.455,192.89,50567,28742,40714,65535,65535,65535,65535,65535,65535
2026-07-31 10:00:05.502,192.94,50567,28742,40714,65535,65535,65535,65535,65535,65535
2026-07-31 10:00:05.551,192.99,50567,28742,40714,65535,65535,65535,65535,65535,65535
2026-07-31 10:00:05.598,193.04,50567,28742,40714,65535,65535,65535,65535,65535,65535
2026-07-31 10:00:05.650,193.09,50567,28742,40714,65535,65535,65535,65535,65535,65535
2026-07-31 10:00:05.699,193.14,50567,28742,40714,65535,65535,65535,65535,65535,65535
2026-07-31 10:00:05.747,193.18,50567,28742,40714,65535,65535,65535,65535,65535,65535
2026-07-31 10:00:05.797,193.24,50567,28742,40714,65535,65535,65535,65535,65535,65535
2026-07-31 10:00:05.845,193.28,50567,28742,40714,65535,65535,65535,65535,65535,65535
2026-07-31 10:00:05.892,193.33,50329,28742,33929,65535,65535,65535,65535,65535,65535
2026-07-31 10:00:05.937,193.38,50329,28742,33929,65535,65535,65535,65535,65535,65535
2026-07-31 10:00:05.989,193.43,50329,28742,33929,65535,65535,65535,65535,65535,65535
2026-07-31 10:00:06.036,193.47,50329,28742,33929,65535,65535,65535,65535,65535,65535
2026-07-31 10:00:06.083,193.52,50329,28742,33929,65535,65535,65535,65535,65535,65535
2026-07-31 10:00:06.129,193.57,50329,28742,33929,65535,65535,65535,65535,65535,65535
2026-07-31 10:00:06.176,193.61,50329,28742,33929,65535,65535,65535,65535,65535,65535
2026-07-31 10:00:06.228,193.67,50329,28742,33929,65535,65535,65535,65535,65535,65535
2026-07-31 10:00:06.282,193.72,50329,28742,33929,65535,65535,65535,65535,65535,65535
2026-07-31 10:00:06.334,193.77,50329,28742,33929,65535,65535,65535,65535,65535,65535
2026-07-31 10:00:06.442,193.88,50448,28742,33830,65535,65535,65535,65535,65535,65535
2026-07-31 10:00:06.508,193.95,50448,28742,33830,65535,65535,65535,65535,65535,65535
2026-07-31 10:00:06.561,194.0,50448,28742,33830,65535,65535,65535,65535,65535,65535
2026-07-31 10:00:06.613,194.05,50448,28742,33830,65535,65535,65535,65535,65535,65535
2026-07-31 10:00:06.658,194.1,50448,28742,33830,65535,65535,65535,65535,65535,65535
2026-07-31 10:00:06.708,194.15,50448,28742,33830,65535,65535,65535,65535,65535,65535
2026-07-31 10:00:06.755,194.19,50448,28742,33830,65535,65535,65535,65535,65535,65535
2026-07-31 10:00:06.804,194.24,50448,28742,33830,65535,65535,65535,65535,65535,65535
2026-07-31 10:00:06.848,194.29,50448,28742,33830,65535,65535,65535,65535,65535,65535
2026-07-31 10:00:06.898,194.34,50448,28742,33830,65535,65535,65535,65535,65535,65535
2026-07-31 10:00:06.947,194.39,50448,28742,33830,65535,65535,65535,65535,65535,65535
2026-07-31 10:00:06.991,194.43,50448,28742,40714,65535,65535,65535,65535,65535,65535
2026-07-31 10:00:07.040,194.48,50329,25150,40714,65535,65535,65535,65535,65535,65535
2026-07-31 10:00:07.085,194.52,50329,25150,40714,65535,65535,65535,65535,65535,65535
2026-07-31 10:00:07.137,194.58,50329,25150,40714,65535,65535,65535,65535,65535,65535
2026-07-31 10:00:07.185,194.62,50329,25150,40714,65535,65535,65535,65535,65535,65535
2026-07-31 10:00:07.233,194.67,50329,25150,40714,65535,65535,65535,65535,65535,65535
2026-07-31 10:00:07.280,194.72,50329,25150,40714,65535,65535,65535,65535,65535,65535
2026-07-31 10:00:07.330,194.77,50329,25150,40714,65535,65535,65535,65535,65535,65535
2026-07-31 10:00:07.377,194.82,50329,25150,40714,65535,65535,65535,65535,65535,65535
2026-07-31 10:00:07.418,194.86,50329,25150,40714,65535,65535,65535,65535,65535,65535
2026-07-31 10:00:07.454,194.89,50329,25150,40714,65535,65535,65535,65535,65535,65535
2026-07-31 10:00:07.501,194.94,50329,25150,40714,65535,65535,65535,65535,65535,65535
2026-07-31 10:00:07.546,194.98,50329,25150,40714,65535,65535,65535,65535,65535,65535
2026-07-31 10:00:07.599,195.04,62763,33533,40714,65535,65535,65535,65535,65535,65535
2026-07-31 10:00:07.650,195.09,62763,33533,40714,65535,65535,65535,65535,65535,65535
2026-07-31 10:00:07.696,195.13,62763,33533,40714,65535,65535,65535,65535,65535,65535
2026-07-31 10:00:07.746,195.18,62763,33533,40714,65535,65535,65535,65535,65535,65535
2026-07-31 10:00:07.793,195.23,62763,33533,40714,65535,65535,65535,65535,65535,65535
2026-07-31 10:00:07.843,195.28,62763,33533,40714,65535,65535,65535,65535,65535,65535
2026-07-31 10:00:07.887,195.33,62763,33533,40714,65535,65535,65535,65535,65535,65535
2026-07-31 10:00:07.926,195.36,62763,33533,40714,65535,65535,65535,65535,65535,65535
2026-07-31 10:00:07.962,195.4,62763,33533,40714,65535,65535,65535,65535,65535,65535
2026-07-31 10:00:08.010,195.45,62763,33533,40714,65535,65535,65535,65535,65535,65535
2026-07-31 10:00:08.059,195.5,62763,33533,40714,65535,65535,65535,65535,65535,65535
2026-07-31 10:00:08.107,195.55,62763,33533,40714,65535,65535,65535,65535,65535,65535
2026-07-31 10:00:08.158,195.6,62615,33533,33929,65535,65535,65535,65535,65535,65535
2026-07-31 10:00:08.205,195.64,62615,33533,33929,65535,65535,65535,65535,65535,65535
2026-07-31 10:00:08.254,195.69,62615,33533,33929,65535,65535,65535,65535,65535,65535
2026-07-31 10:00:08.302,195.74,62615,33533,33929,65535,65535,65535,65535,65535,65535
2026-07-31 10:00:08.359,195.8,62615,33533,33929,65535,65535,65535,65535,65535,65535
2026-07-31 10:00:08.405,195.84,62615,33533,33929,65535,65535,65535,65535,65535,65535
2026-07-31 10:00:08.444,195.88,62615,33533,33929,65535,65535,65535,65535,65535,65535
2026-07-31 10:00:08.492,195.93,62615,33533,33929,65535,65535,65535,65535,65535,65535
2026-07-31 10:00:08.536,195.97,62615,33533,33929,65535,65535,65535,65535,65535,65535
2026-07-31 10:00:08.587,196.02,62615,33533,33929,65535,65535,65535,65535,65535,65535
2026-07-31 10:00:08.631,196.07,62615,33533,33929,65535,65535,65535,65535,65535,65535
2026-07-31 10:00:08.683,196.12,62615,33533,33830,65535,65535,65535,65535,65535,65535
2026-07-31 10:00:08.726,196.16,50329,28742,33830,65535,65535,65535,65535,65535,65535
2026-07-31 10:00:08.776,196.21,50329,28742,33830,65535,65535,65535,65535,65535,65535
2026-07-31 10:00:08.822,196.26,50329,28742,33830,65535,65535,65535,65535,65535,65535
2026-07-31 10:00:08.872,196.31,50329,28742,33830,65535,65535,65535,65535,65535,65535
2026-07-31 10:00:08.919,196.36,50329,28742,33830,65535,65535,65535,65535,65535,65535
2026-07-31 10:00:08.956,196.39,50329,28742,33830,65535,65535,65535,65535,65535,65535
2026-07-31 10:00:09.001,196.44,50329,28742,33830,65535,65535,65535,65535,65535,65535
2026-07-31 10:00:09.053,196.49,50329,28742,33830,65535,65535,65535,65535,65535,65535
2026-07-31 10:00:09.097,196.54,50329,28742,33830,65535,65535,65535,65535,65535,65535
2026-07-31 10:00:09.147,196.59,50329,28742,33830,65535,65535,65535,65535,65535,65535
2026-07-31 10:00:09.191,196.63,50329,28742,33830,65535,65535,65535,65535,65535,65535
2026-07-31 10:00:09.240,196.68,50329,28742,33830,65535,65535,65535,65535,65535,65535
2026-07-31 10:00:09.290,196.73,63060,28742,40714,65535,65535,65535,65535,65535,65535
2026-07-31 10:00:09.340,196.78,63060,28742,40714,65535,65535,65535,65535,65535,65535
2026-07-31 10:00:09.386,196.82,63060,28742,40714,65535,65535,65535,65535,65535,65535
2026-07-31 10:00:09.422,196.86,63060,28742,40714,65535,65535,65535,65535,65535,65535
2026-07-31 10:00:09.468,196.91,63060,28742,40714,65535,65535,65535,65535,65535,65535
2026-07-31 10:00:09.519,196.96,63060,28742,40714,65535,65535,65535,65535,65535,65535
2026-07-31 10:00:09.562,197.0,63060,28742,40714,65535,65535,65535,65535,65535,65535
2026-07-31 10:00:09.613,197.05,63060,28742,40714,65535,65535,65535,65535,65535,65535
2026-07-31 10:00:09.657,197.1,63060,28742,40714,65535,65535,65535,65535,65535,65535
2026-07-31 10:00:09.708,197.15,63060,28742,40714,65535,65535,65535,65535,65535,65535
2026-07-31 10:00:09.754,197.19,63060,28742,40714,65535,65535,65535,65535,65535,65535
2026-07-31 10:00:09.805,197.24,63060,28742,40714,65535,65535,65535,65535,65535,65535
2026-07-31 10:00:09.851,197.29,50448,33533,40714,65535,65535,65535,65535,65535,65535
2026-07-31 10:00:09.900,197.34,50448,33533,40714,65535,65535,65535,65535,65535,65535
2026-07-31 10:00:09.935,197.37,50448,33533,40714,65535,65535,65535,65535,65535,65535
2026-07-31 10:00:09.970,197.41,50448,33533,40714,65535,65535,65535,65535,65535,65535
2026-07-31 10:00:10.017,197.46,50448,33533,40714,65535,65535,65535,65535,65535,65535
2026-07-31 10:00:10.064,197.5,50448,33533,40714,65535,65535,65535,65535,65535,65535
2026-07-31 10:00:10.113,197.55,50448,33533,40714,65535,65535,65535,65535,65535,65535
2026-07-31 10:00:10.161,197.6,50448,33533,40714,65535,65535,65535,65535,65535,65535
2026-07-31 10:00:10.209,197.65,50448,33533,40714,65535,65535,65535,65535,65535,65535
2026-07-31 10:00:10.255,197.69,50448,33533,40714,65535,65535,65535,65535,65535,65535
2026-07-31 10:00:10.302,197.74,50448,33533,40714,65535,65535,65535,65535,65535,65535
2026-07-31 10:00:10.352,197.79,50448,33533,40714,65535,65535,65535,65535,65535,65535
2026-07-31 10:00:10.400,197.84,50448,33533,40714,65535,65535,65535,65535,65535,65535
2026-07-31 10:00:10.438,197.88,50092,28742,40714,65535,65535,65535,65535,65535,65535
2026-07-31 10:00:10.477,197.91,50092,28742,40714,65535,65535,65535,65535,65535,65535
2026-07-31 10:00:10.523,197.96,50092,28742,40714,65535,65535,65535,65535,65535,65535
2026-07-31 10:00:10.573,198.01,50092,28742,40714,65535,65535,65535,65535,65535,65535
2026-07-31 10:00:10.616,198.05,50092,28742,40714,65535,65535,65535,65535,65535,65535
2026-07-31 10:00:10.660,198.1,50092,28742,40714,65535,65535,65535,65535,65535,65535
2026-07-31 10:00:10.705,198.14,50092,28742,40714,65535,65535,65535,65535,65535,65535
2026-07-31 10:00:10.757,198.19,50092,28742,40714,65535,65535,65535,65535,65535,65535
2026-07-31 10:00:10.804,198.24,50092,28742,40714,65535,65535,65535,65535,65535,65535
2026-07-31 10:00:10.852,198.29,50092,28742,40714,65535,65535,65535,65535,65535,65535
2026-07-31 10:00:10.897,198.34,50092,28742,40714,65535,65535,65535,65535,65535,65535
2026-07-31 10:00:10.936,198.37,50092,28742,40714,65535,65535,65535,65535,65535,65535
2026-07-31 10:00:10.972,198.41,50092,28742,33830,65535,65535,65535,65535,65535,65535
2026-07-31 10:00:11.019,198.46,62763,33533,33830,65535,65535,65535,65535,65535,65535
2026-07-31 10:00:11.067,198.5,62763,33533,33830,65535,65535,65535,65535,65535,65535
2026-07-31 10:00:11.111,198.55,62763,33533,33830,65535,65535,65535,65535,65535,65535
2026-07-31 10:00:11.155,198.59,62763,33533,33830,65535,65535,65535,65535,65535,65535
2026-07-31 10:00:11.203,198.64,62763,33533,33830,65535,65535,65535,65535,65535,65535
2026-07-31 10:00:11.251,198.69,62763,33533,33830,65535,65535,65535,65535,65535,65535
2026-07-31 10:00:11.297,198.74,62763,33533,33830,65535,65535,65535,65535,65535,65535
2026-07-31 10:00:11.347,198.79,62763,33533,33830,65535,65535,65535,65535,65535,65535
2026-07-31 10:00:11.391,198.83,62763,33533,33830,65535,65535,65535,65535,65535,65535
2026-07-31 10:00:11.446,198.88,62763,33533,33830,65535,65535,65535,65535,65535,65535
2026-07-31 10:00:11.484,198.92,62763,33533,33830,65535,65535,65535,65535,65535,65535
2026-07-31 10:00:11.530,198.97,62763,33533,33830,65535,65535,65535,65535,65535,65535
2026-07-31 10:00:11.577,199.01,50329,33731,33830,65535,65535,65535,65535,65535,65535
2026-07-31 10:00:11.627,199.07,50329,33731,33830,65535,65535,65535,65535,65535,65535
2026-07-31 10:00:11.674,199.11,50329,33731,33830,65535,65535,65535,65535,65535,65535
2026-07-31 10:00:11.722,199.16,50329,33731,33830,65535,65535,65535,65535,65535,65535
2026-07-31 10:00:11.769,199.21,50329,33731,33830,65535,65535,65535,65535,65535,65535
2026-07-31 10:00:11.817,199.26,50329,33731,33830,65535,65535,65535,65535,65535,65535
2026-07-31 10:00:11.864,199.3,50329,33731,33830,65535,65535,65535,65535,65535,65535
2026-07-31 10:00:11.910,199.35,50329,33731,33830,65535,65535,65535,65535,65535,65535
2026-07-31 10:00:11.952,199.39,50329,33731,33830,65535,65535,65535,65535,65535,65535
2026-07-31 10:00:11.990,199.43,50329,33731,33830,65535,65535,65535,65535,65535,65535
2026-07-31 10:00:12.038,199.48,50329,33731,33830,65535,65535,65535,65535,65535,65535
2026-07-31 10:00:12.084,199.52,50329,33731,40714,65535,65535,65535,65535,65535,65535
2026-07-31 10:00:12.130,199.57,50329,16816,40714,65535,65535,65535,65535,65535,65535
2026-07-31 10:00:12.180,199.62,50329,16816,40714,65535,65535,65535,65535,65535,65535
2026-07-31 10:00:12.229,199.67,50329,16816,40714,65535,65535,65535,65535,65535,65535
2026-07-31 10:00:12.281,199.72,50329,16816,40714,65535,65535,65535,65535,65535,65535
2026-07-31 10:00:12.327,199.77,50329,16816,40714,65535,65535,65535,65535,65535,65535
2026-07-31 10:00:12.374,199.81,50329,16816,40714,65535,65535,65535,65535,65535,65535
2026-07-31 10:00:12.422,199.86,50329,16816,40714,65535,65535,65535,65535,65535,65535
2026-07-31 10:00:12.460,199.9,50329,16816,40714,65535,65535,65535,65535,65535,65535
2026-07-31 10:00:12.495,199.93,50329,16816,40714,65535,65535,65535,65535,65535,65535
2026-07-31 10:00:12.546,199.98,50329,16816,40714,65535,65535,65535,65535,65535,65535
2026-07-31 10:00:12.592,200.03,50329,16816,40714,65535,65535,65535,65535,65535,65535
2026-07-31 10:00:12.641,200.08,50329,16816,40714,65535,65535,65535,65535,65535,65535
2026-07-31 10:00:12.687,200.13,50211,16816,33929,65535,65535,65535,65535,65535,65535
2026-07-31 10:00:12.735,200.17,50211,28742,33929,65535,65535,65535,65535,65535,65535
2026-07-31 10:00:12.781,200.22,50211,28742,33929,65535,65535,65535,65535,65535,65535
2026-07-31 10:00:12.834,200.27,50211,28742,33929,65535,65535,65535,65535,65535,65535
2026-07-31 10:00:12.878,200.32,50211,28742,33929,65535,65535,65535,65535,65535,65535
2026-07-31 10:00:12.928,200.37,50211,28742,33929,65535,65535,65535,65535,65535,65535
2026-07-31 10:00:12.964,200.4,50211,28742,33929,65535,65535,65535,65535,65535,65535
2026-07-31 10:00:13.010,200.45,50211,28742,33929,65535,65535,65535,65535,65535,65535
2026-07-31 10:00:13.061,200.5,50211,28742,33929,65535,65535,65535,65535,65535,65535
2026-07-31 10:00:13.108,200.55,50211,28742,33929,65535,65535,65535,65535,65535,65535
2026-07-31 10:00:13.157,200.59,50211,28742,33929,65535,65535,65535,65535,65535,65535
2026-07-31 10:00:13.201,200.64,50211,28742,33929,65535,65535,65535,65535,65535,65535
2026-07-31 10:00:13.248,200.69,62022,28742,40714,65535,65535,65535,65535,65535,65535
2026-07-31 10:00:13.299,200.74,62022,33632,40714,65535,65535,65535,65535,65535,65535
2026-07-31 10:00:13.343,200.78,62022,33632,40714,65535,65535,65535,65535,65535,65535
2026-07-31 10:00:13.395,200.83,62022,33632,40714,65535,65535,65535,65535,65535,65535
2026-07-31 10:00:13.438,200.88,62022,33632,40714,65535,65535,65535,65535,65535,65535
2026-07-31 10:00:13.473,200.91,62022,33632,40714,65535,65535,65535,65535,65535,65535
2026-07-31 10:00:13.521,200.96,62022,33632,40714,65535,65535,65535,65535,65535,65535
2026-07-31 10:00:13.567,201.0,62022,33632,40714,65535,65535,65535,65535,65535,65535
2026-07-31 10:00:13.633,201.07,62022,33632,40714,65535,65535,65535,65535,65535,65535
2026-07-31 10:00:13.684,201.12,62022,33632,40714,65535,65535,65535,65535,65535,65535
2026-07-31 10:00:13.736,201.17,62022,33632,40714,65535,65535,65535,65535,65535,65535
2026-07-31 10:00:13.776,201.21,62022,33632,40714,65535,65535,65535,65535,65535,65535
2026-07-31 10:00:13.829,201.27,50211,28827,40714,65535,65535,65535,65535,65535,65535
2026-07-31 10:00:13.879,201.32,50211,28827,40714,65535,65535,65535,65535,65535,65535
2026-07-31 10:00:13.919,201.36,50211,28827,40714,65535,65535,65535,65535,65535,65535
2026-07-31 10:00:13.996,201.43,50211,28827,40714,65535,65535,65535,65535,65535,65535
2026-07-31 10:00:14.033,201.47,50211,28827,40714,65535,65535,65535,65535,65535,65535
2026-07-31 10:00:14.094,201.53,50211,28827,40714,65535,65535,65535,65535,65535,65535
2026-07-31 10:00:14.157,201.6,50211,28827,40714,65535,65535,65535,65535,65535,65535
2026-07-31 10:00:14.212,201.65,50211,28827,40714,65535,65535,65535,65535,65535,65535
2026-07-31 10:00:14.273,201.71,50211,28827,40714,65535,65535,65535,65535,65535,65535
2026-07-31 10:00:14.322,201.76,50211,28827,40714,65535,65535,65535,65535,65535,65535
2026-07-31 10:00:14.379,201.82,62170,28827,40714,65535,65535,65535,65535,65535,65535
2026-07-31 10:00:14.457,201.9,62170,28827,40714,65535,65535,65535,65535,65535,65535
2026-07-31 10:00:14.558,202.0,62170,28827,40714,65535,65535,65535,65535,65535,65535
2026-07-31 10:00:14.652,202.09,62170,28827,40714,65535,65535,65535,65535,65535,65535
2026-07-31 10:00:14.766,202.2,62170,28827,40714,65535,65535,65535,65535,65535,65535
2026-07-31 10:00:14.822,202.26,62170,28827,40714,65535,65535,65535,65535,65535,65535
2026-07-31 10:00:14.901,202.34,62170,28827,40714,65535,65535,65535,65535,65535,65535
2026-07-31 10:00:14.958,202.4,62615,22355,40714,65535,65535,65535,65535,65535,65535
2026-07-31 10:00:15.028,202.47,62615,22355,40714,65535,65535,65535,65535,65535,65535
2026-07-31 10:00:15.083,202.52,62615,22355,40714,65535,65535,65535,65535,65535,65535
2026-07-31 10:00:15.153,202.59,62615,22355,40714,65535,65535,65535,65535,65535,65535
2026-07-31 10:00:15.208,202.65,62615,22355,40714,65535,65535,65535,65535,65535,65535
2026-07-31 10:00:15.260,202.7,62615,22355,40714,65535,65535,65535,65535,65535,65535
2026-07-31 10:00:15.312,202.75,62615,22355,40714,65535,65535,65535,65535,65535,65535
2026-07-31 10:00:15.365,202.8,62615,22355,40714,65535,65535,65535,65535,65535,65535
2026-07-31 10:00:15.420,202.86,62615,22355,40714,65535,65535,65535,65535,65535,65535
2026-07-31 10:00:15.473,202.91,63060,22355,40596,65535,65535,65535,65535,65535,65535
2026-07-31 10:00:15.511,202.95,63060,28742,40596,65535,65535,65535,65535,65535,65535
2026-07-31 10:00:15.567,203.01,63060,28742,40596,65535,65535,65535,65535,65535,65535
2026-07-31 10:00:15.629,203.07,63060,28742,40596,65535,65535,65535,65535,65535,65535
2026-07-31 10:00:15.689,203.13,63060,28742,40596,65535,65535,65535,65535,65535,65535
2026-07-31 10:00:15.740,203.18,63060,28742,40596,65535,65535,65535,65535,65535,65535
2026-07-31 10:00:15.797,203.24,63060,28742,40596,65535,65535,65535,65535,65535,65535
2026-07-31 10:00:15.847,203.28,63060,28742,40596,65535,65535,65535,65535,65535,65535
2026-07-31 10:00:15.897,203.34,63060,28742,40596,65535,65535,65535,65535,65535,65535
2026-07-31 10:00:15.949,203.39,63060,28742,40596,65535,65535,65535,65535,65535,65535
2026-07-31 10:00:15.993,203.43,63060,28742,40596,65535,65535,65535,65535,65535,65535
2026-07-31 10:00:16.046,203.48,50329,28742,29082,65535,65535,65535,65535,65535,65535
2026-07-31 10:00:16.096,203.53,50329,28742,29082,65535,65535,65535,65535,65535,65535
2026-07-31 10:00:16.142,203.58,50329,28742,29082,65535,65535,65535,65535,65535,65535
2026-07-31 10:00:16.192,203.63,50329,28742,29082,65535,65535,65535,65535,65535,65535
2026-07-31 10:00:16.242,203.68,50329,28742,29082,65535,65535,65535,65535,65535,65535
2026-07-31 10:00:16.292,203.73,50329,28742,29082,65535,65535,65535,65535,65535,65535
2026-07-31 10:00:16.342,203.78,50329,28742,29082,65535,65535,65535,65535,65535,65535
2026-07-31 10:00:16.387,203.82,50329,28742,29082,65535,65535,65535,65535,65535,65535
2026-07-31 10:00:16.439,203.88,50329,28742,29082,65535,65535,65535,65535,65535,65535
2026-07-31 10:00:16.478,203.92,50329,28742,29082,65535,65535,65535,65535,65535,65535
2026-07-31 10:00:16.525,203.96,50329,28742,29082,65535,65535,65535,65535,65535,65535
2026-07-31 10:00:16.575,204.01,50329,28742,33929,65535,65535,65535,65535,65535,65535
2026-07-31 10:00:16.623,204.06,62763,28742,33929,65535,65535,65535,65535,65535,65535
2026-07-31 10:00:16.667,204.1,62763,28742,33929,65535,65535,65535,65535,65535,65535
2026-07-31 10:00:16.717,204.15,62763,28742,33929,65535,65535,65535,65535,65535,65535
2026-07-31 10:00:16.766,204.2,62763,28742,33929,65535,65535,65535,65535,65535,65535
2026-07-31 10:00:16.813,204.25,62763,28742,33929,65535,65535,65535,65535,65535,65535
2026-07-31 10:00:16.860,204.3,62763,28742,33929,65535,65535,65535,65535,65535,65535
2026-07-31 10:00:16.907,204.35,62763,28742,33929,65535,65535,65535,65535,65535,65535
2026-07-31 10:00:16.955,204.39,62763,28742,33929,65535,65535,65535,65535,65535,65535
2026-07-31 10:00:16.993,204.43,62763,28742,33929,65535,65535,65535,65535,65535,65535
2026-07-31 10:00:17.039,204.48,62763,28742,33929,65535,65535,65535,65535,65535,65535
2026-07-31 10:00:17.085,204.52,62763,28742,33929,65535,65535,65535,65535,65535,65535
2026-07-31 10:00:17.133,204.57,62763,28742,33929,65535,65535,65535,65535,65535,65535
2026-07-31 10:00:17.180,204.62,62763,33533,33929,65535,65535,65535,65535,65535,65535
2026-07-31 10:00:17.232,204.67,62763,33533,33929,65535,65535,65535,65535,65535,65535
2026-07-31 10:00:17.277,204.72,62763,33533,33929,65535,65535,65535,65535,65535,65535
2026-07-31 10:00:17.325,204.76,62763,33533,33929,65535,65535,65535,65535,65535,65535
2026-07-31 10:00:17.372,204.81,62763,33533,33929,65535,65535,65535,65535,65535,65535
2026-07-31 10:00:17.421,204.86,62763,33533,33929,65535,65535,65535,65535,65535,65535
2026-07-31 10:00:17.473,204.91,62763,33533,33929,65535,65535,65535,65535,65535,65535
2026-07-31 10:00:17.512,204.95,62763,33533,33929,65535,65535,65535,65535,65535,65535
2026-07-31 10:00:17.557,205.0,62763,33533,33929,65535,65535,65535,65535,65535,65535
2026-07-31 10:00:17.604,205.04,62763,33533,33929,65535,65535,65535,65535,65535,65535
2026-07-31 10:00:17.652,205.09,62763,33533,33929,65535,65535,65535,65535,65535,65535
2026-07-31 10:00:17.703,205.14,62763,33533,40596,65535,65535,65535,65535,65535,65535
2026-07-31 10:00:17.746,205.18,50448,33533,40596,65535,65535,65535,65535,65535,65535
2026-07-31 10:00:17.789,205.23,50448,33533,40596,65535,65535,65535,65535,65535,65535
2026-07-31 10:00:17.836,205.27,50448,33533,40596,65535,65535,65535,65535,65535,65535
2026-07-31 10:00:17.888,205.33,50448,33533,40596,65535,65535,65535,65535,65535,65535
2026-07-31 10:00:17.935,205.37,50448,33533,40596,65535,65535,65535,65535,65535,65535
2026-07-31 10:00:17.972,205.41,50448,33533,40596,65535,65535,65535,65535,65535,65535
2026-07-31 10:00:18.006,205.44,50448,33533,40596,65535,65535,65535,65535,65535,65535
2026-07-31 10:00:18.054,205.49,50448,33533,40596,65535,65535,65535,65535,65535,65535
2026-07-31 10:00:18.102,205.54,50448,33533,40596,65535,65535,65535,65535,65535,65535
2026-07-31 10:00:18.150,205.59,50448,33533,40596,65535,65535,65535,65535,65535,65535
2026-07-31 10:00:18.194,205.63,50448,33533,40596,65535,65535,65535,65535,65535,65535
2026-07-31 10:00:18.244,205.68,50448,33533,40596,65535,65535,65535,65535,65535,65535
2026-07-31 10:00:18.291,205.73,50329,33533,33929,65535,65535,65535,65535,65535,65535
2026-07-31 10:00:18.340,205.78,50329,28742,33929,65535,65535,65535,65535,65535,65535
2026-07-31 10:00:18.387,205.82,50329,28742,33929,65535,65535,65535,65535,65535,65535
2026-07-31 10:00:18.434,205.87,50329,28742,33929,65535,65535,65535,65535,65535,65535
2026-07-31 10:00:18.474,205.91,50329,28742,33929,65535,65535,65535,65535,65535,65535
2026-07-31 10:00:18.510,205.95,50329,28742,33929,65535,65535,65535,65535,65535,65535
2026-07-31 10:00:18.560,206.0,50329,28742,33929,65535,65535,65535,65535,65535,65535
2026-07-31 10:00:18.607,206.04,50329,28742,33929,65535,65535,65535,65535,65535,65535
2026-07-31 10:00:18.658,206.1,50329,28742,33929,65535,65535,65535,65535,65535,65535
2026-07-31 10:00:18.704,206.14,50329,28742,33929,65535,65535,65535,65535,65535,65535
2026-07-31 10:00:18.752,206.19,50329,28742,33929,65535,65535,65535,65535,65535,65535
2026-07-31 10:00:18.801,206.24,50329,28742,33929,65535,65535,65535,65535,65535,65535
2026-07-31 10:00:18.845,206.28,50329,28742,33830,65535,65535,65535,65535,65535,65535
2026-07-31 10:00:18.892,206.33,62763,18344,33830,65535,65535,65535,65535,65535,65535
2026-07-31 10:00:18.941,206.38,62763,18344,33830,65535,65535,65535,65535,65535,65535
2026-07-31 10:00:18.978,206.42,62763,18344,33830,65535,65535,65535,65535,65535,65535
2026-07-31 10:00:19.024,206.46,62763,18344,33830,65535,65535,65535,65535,65535,65535
2026-07-31 10:00:19.070,206.51,62763,18344,33830,65535,65535,65535,65535,65535,65535
2026-07-31 10:00:19.117,206.56,62763,18344,33830,65535,65535,65535,65535,65535,65535
2026-07-31 10:00:19.167,206.6,62763,18344,33830,65535,65535,65535,65535,65535,65535
2026-07-31 10:00:19.212,206.65,62763,18344,33830,65535,65535,65535,65535,65535,65535
2026-07-31 10:00:19.259,206.7,62763,18344,33830,65535,65535,65535,65535,65535,65535
2026-07-31 10:00:19.310,206.75,62763,18344,33830,65535,65535,65535,65535,65535,65535
2026-07-31 10:00:19.358,206.8,62763,18344,33830,65535,65535,65535,65535,65535,65535
2026-07-31 10:00:19.406,206.84,62763,18344,33929,65535,65535,65535,65535,65535,65535
2026-07-31 10:00:19.459,206.9,62615,33533,33929,65535,65535,65535,65535,65535,65535
2026-07-31 10:00:19.496,206.93,62615,33533,33929,65535,65535,65535,65535,65535,65535
2026-07-31 10:00:19.541,206.98,62615,33533,33929,65535,65535,65535,65535,65535,65535
2026-07-31 10:00:19.592,207.03,62615,33533,33929,65535,65535,65535,65535,65535,65535
2026-07-31 10:00:19.639,207.08,62615,33533,33929,65535,65535,65535,65535,65535,65535
2026-07-31 10:00:19.687,207.12,62615,33533,33929,65535,65535,65535,65535,65535,65535
2026-07-31 10:00:19.733,207.17,62615,33533,33929,65535,65535,65535,65535,65535,65535
2026-07-31 10:00:19.784,207.22,62615,33533,33929,65535,65535,65535,65535,65535,65535
2026-07-31 10:00:19.827,207.27,62615,33533,33929,65535,65535,65535,65535,65535,65535
2026-07-31 10:00:19.878,207.32,62615,33533,33929,65535,65535,65535,65535,65535,65535
2026-07-31 10:00:19.924,207.36,62615,33533,33929,65535,65535,65535,65535,65535,65535
2026-07-31 10:00:19.963,207.4,62615,33533,40714,65535,65535,65535,65535,65535,65535
2026-07-31 10:00:19.998,207.44,62763,33533,40714,65535,65535,65535,65535,65535,65535
2026-07-31 10:00:20.043,207.48,62763,33533,40714,65535,65535,65535,65535,65535,65535
2026-07-31 10:00:20.093,207.53,62763,33533,40714,65535,65535,65535,65535,65535,65535
2026-07-31 10:00:20.137,207.58,62763,33533,40714,65535,65535,65535,65535,65535,65535
2026-07-31 10:00:20.186,207.62,62763,33533,40714,65535,65535,65535,65535,65535,65535
2026-07-31 10:00:20.237,207.68,62763,33533,40714,65535,65535,65535,65535,65535,65535
2026-07-31 10:00:20.289,207.73,62763,33533,40714,65535,65535,65535,65535,65535,65535
2026-07-31 10:00:20.336,207.77,62763,33533,40714,65535,65535,65535,65535,65535,65535
2026-07-31 10:00:20.384,207.82,62763,33533,40714,65535,65535,65535,65535,65535,65535
2026-07-31 10:00:20.432,207.87,62763,33533,40714,65535,65535,65535,65535,65535,65535
2026-07-31 10:00:20.474,207.91,62763,33533,40714,65535,65535,65535,65535,65535,65535
2026-07-31 10:00:20.510,207.95,62763,33533,40714,65535,65535,65535,65535,65535,65535
2026-07-31 10:00:20.556,207.99,63060,33533,28827,65535,65535,65535,65535,65535,65535
2026-07-31 10:00:20.605,208.04,63060,28742,28827,65535,65535,65535,65535,65535,65535
2026-07-31 10:00:20.653,208.09,63060,28742,28827,65535,65535,65535,65535,65535,65535
2026-07-31 10:00:20.700,208.14,63060,28742,28827,65535,65535,65535,65535,65535,65535
2026-07-31 10:00:20.747,208.18,63060,28742,28827,65535,65535,65535,65535,65535,65535
2026-07-31 10:00:20.795,208.23,63060,28742,28827,65535,65535,65535,65535,65535,65535
2026-07-31 10:00:20.843,208.28,63060,28742,28827,65535,65535,65535,65535,65535,65535
2026-07-31 10:00:20.890,208.33,63060,28742,28827,65535,65535,65535,65535,65535,65535
2026-07-31 10:00:20.939,208.38,63060,28742,28827,65535,65535,65535,65535,65535,65535
2026-07-31 10:00:20.975,208.41,63060,28742,28827,65535,65535,65535,65535,65535,65535
2026-07-31 10:00:21.020,208.46,63060,28742,28827,65535,65535,65535,65535,65535,65535
2026-07-31 10:00:21.070,208.51,63060,28742,28827,65535,65535,65535,65535,65535,65535
2026-07-31 10:00:21.118,208.56,62615,28742,33929,65535,65535,65535,65535,65535,65535
2026-07-31 10:00:21.165,208.6,62615,20298,33929,65535,65535,65535,65535,65535,65535
2026-07-31 10:00:21.213,208.65,62615,20298,33929,65535,65535,65535,65535,65535,65535
2026-07-31 10:00:21.262,208.7,62615,20298,33929,65535,65535,65535,65535,65535,65535
2026-07-31 10:00:21.311,208.75,62615,20298,33929,65535,65535,65535,65535,65535,65535
2026-07-31 10:00:21.357,208.8,62615,20298,33929,65535,65535,65535,65535,65535,65535
2026-07-31 10:00:21.404,208.84,62615,20298,33929,65535,65535,65535,65535,65535,65535
2026-07-31 10:00:21.450,208.89,62615,20298,33929,65535,65535,65535,65535,65535,65535
2026-07-31 10:00:21.485,208.92,62615,20298,33929,65535,65535,65535,65535,65535,65535
2026-07-31 10:00:21.526,208.96,62615,20298,33929,65535,65535,65535,65535,65535,65535
2026-07-31 10:00:21.573,209.01,62615,20298,33929,65535,65535,65535,65535,65535,65535
2026-07-31 10:00:21.616,209.05,62615,20298,33929,65535,65535,65535,65535,65535,65535
2026-07-31 10:00:21.665,209.1,62615,20298,33929,65535,65535,65535,65535,65535,65535
2026-07-31 10:00:21.721,209.16,50329,28742,33929,65535,65535,65535,65535,65535,65535
2026-07-31 10:00:21.768,209.21,50329,28742,33929,65535,65535,65535,65535,65535,65535
2026-07-31 10:00:21.816,209.25,50329,28742,33929,65535,65535,65535,65535,65535,65535
2026-07-31 10:00:21.862,209.3,50329,28742,33929,65535,65535,65535,65535,65535,65535
2026-07-31 10:00:21.913,209.35,50329,28742,33929,65535,65535,65535,65535,65535,65535
2026-07-31 10:00:21.960,209.4,50329,28742,33929,65535,65535,65535,65535,65535,65535
2026-07-31 10:00:21.997,209.43,50329,28742,33929,65535,65535,65535,65535,65535,65535
2026-07-31 10:00:22.041,209.48,50329,28742,33929,65535,65535,65535,65535,65535,65535
2026-07-31 10:00:22.088,209.53,50329,28742,33929,65535,65535,65535,65535,65535,65535
2026-07-31 10:00:22.141,209.58,50329,28742,33929,65535,65535,65535,65535,65535,65535
2026-07-31 10:00:22.185,209.62,50329,28742,33929,65535,65535,65535,65535,65535,65535
2026-07-31 10:00:22.233,209.67,50329,28742,33929,65535,65535,65535,65535,65535,65535
2026-07-31 10:00:22.278,209.72,50211,28742,33929,65535,65535,65535,65535,65535,65535
2026-07-31 10:00:22.327,209.77,50211,28742,33929,65535,65535,65535,65535,65535,65535
2026-07-31 10:00:22.377,209.82,50211,28742,33929,65535,65535,65535,65535,65535,65535
2026-07-31 10:00:22.423,209.86,50211,28742,33929,65535,65535,65535,65535,65535,65535
2026-07-31 10:00:22.471,209.91,50211,28742,33929,65535,65535,65535,65535,65535,65535
2026-07-31 10:00:22.507,209.95,50211,28742,33929,65535,65535,65535,65535,65535,65535
2026-07-31 10:00:22.556,209.99,50211,28742,33929,65535,65535,65535,65535,65535,65535
2026-07-31 10:00:22.607,210.04,50211,28742,33929,65535,65535,65535,65535,65535,65535
2026-07-31 10:00:22.653,210.09,50211,28742,33929,65535,65535,65535,65535,65535,65535
2026-07-31 10:00:22.702,210.14,50211,28742,33929,65535,65535,65535,65535,65535,65535
2026-07-31 10:00:22.747,210.19,50211,28742,33929,65535,65535,65535,65535,65535,65535
2026-07-31 10:00:22.796,210.23,50211,28742,40714,65535,65535,65535,65535,65535,65535
2026-07-31 10:00:22.843,210.28,62467,18398,40714,65535,65535,65535,65535,65535,65535
2026-07-31 10:00:22.892,210.33,62467,18398,40714,65535,65535,65535,65535,65535,65535
2026-07-31 10:00:22.937,210.37,62467,18398,40714,65535,65535,65535,65535,65535,65535
2026-07-31 10:00:22.981,210.42,62467,18398,40714,65535,65535,65535,65535,65535,65535
2026-07-31 10:00:23.017,210.46,62467,18398,40714,65535,65535,65535,65535,65535,65535
2026-07-31 10:00:23.062,210.5,62467,18398,40714,65535,65535,65535,65535,65535,65535
2026-07-31 10:00:23.110,210.55,62467,18398,40714,65535,65535,65535,65535,65535,65535
2026-07-31 10:00:23.179,210.62,62467,18398,40714,65535,65535,65535,65535,65535,65535
2026-07-31 10:00:23.226,210.66,62467,18398,40714,65535,65535,65535,65535,65535,65535
2026-07-31 10:00:23.272,210.71,62467,18398,40714,65535,65535,65535,65535,65535,65535
2026-07-31 10:00:23.320,210.76,62467,18398,40714,65535,65535,65535,65535,65535,65535
2026-07-31 10:00:23.366,210.8,62467,18398,33929,65535,65535,65535,65535,65535,65535
2026-07-31 10:00:23.416,210.85,50092,28912,33929,65535,65535,65535,65535,65535,65535
2026-07-31 10:00:23.466,210.9,50092,28912,33929,65535,65535,65535,65535,65535,65535
2026-07-31 10:00:23.500,210.94,50092,28912,33929,65535,65535,65535,65535,65535,65535
2026-07-31 10:00:23.545,210.98,50092,28912,33929,65535,65535,65535,65535,65535,65535
2026-07-31 10:00:23.594,211.03,50092,28912,33929,65535,65535,65535,65535,65535,65535
2026-07-31 10:00:23.643,211.08,50092,28912,33929,65535,65535,65535,65535,65535,65535
2026-07-31 10:00:23.692,211.13,50092,28912,33929,65535,65535,65535,65535,65535,65535
2026-07-31 10:00:23.736,211.17,50092,28912,33929,65535,65535,65535,65535,65535,65535
2026-07-31 10:00:23.781,211.22,50092,28912,33929,65535,65535,65535,65535,65535,65535
2026-07-31 10:00:23.832,211.27,50092,28912,33929,65535,65535,65535,65535,65535,65535
2026-07-31 10:00:23.877,211.32,50092,28912,33929,65535,65535,65535,65535,65535,65535
2026-07-31 10:00:23.926,211.36,50092,28912,33830,65535,65535,65535,65535,65535,65535
2026-07-31 10:00:23.973,211.41,50211,33533,33830,65535,65535,65535,65535,65535,65535
2026-07-31 10:00:24.012,211.45,50211,33533,33830,65535,65535,65535,65535,65535,65535
2026-07-31 10:00:24.060,211.5,50211,33533,33830,65535,65535,65535,65535,65535,65535
2026-07-31 10:00:24.105,211.54,50211,33533,33830,65535,65535,65535,65535,65535,65535
2026-07-31 10:00:24.151,211.59,50211,33533,33830,65535,65535,65535,65535,65535,65535
2026-07-31 10:00:24.203,211.64,50211,33533,33830,65535,65535,65535,65535,65535,65535
2026-07-31 10:00:24.248,211.69,50211,33533,33830,65535,65535,65535,65535,65535,65535
2026-07-31 10:00:24.295,211.73,50211,33533,33830,65535,65535,65535,65535,65535,65535
2026-07-31 10:00:24.342,211.78,50211,33533,33830,65535,65535,65535,65535,65535,65535
2026-07-31 10:00:24.389,211.83,50211,33533,33830,65535,65535,65535,65535,65535,65535
2026-07-31 10:00:24.438,211.88,50211,33533,33830,65535,65535,65535,65535,65535,65535
2026-07-31 10:00:24.487,211.93,50211,33533,33830,65535,65535,65535,65535,65535,65535
2026-07-31 10:00:24.524,211.96,62467,33533,33929,65535,65535,65535,65535,65535,65535
2026-07-31 10:00:24.569,212.01,62467,33533,33929,65535,65535,65535,65535,65535,65535
2026-07-31 10:00:24.618,212.06,62467,33533,33929,65535,65535,65535,65535,65535,65535
2026-07-31 10:00:24.663,212.1,62467,33533,33929,65535,65535,65535,65535,65535,65535
2026-07-31 10:00:24.713,212.15,62467,33533,33929,65535,65535,65535,65535,65535,65535
2026-07-31 10:00:24.761,212.2,62467,33533,33929,65535,65535,65535,65535,65535,65535
2026-07-31 10:00:24.806,212.24,62467,33533,33929,65535,65535,65535,65535,65535,65535
2026-07-31 10:00:24.856,212.29,62467,33533,33929,65535,65535,65535,65535,65535,65535
2026-07-31 10:00:24.904,212.34,62467,33533,33929,65535,65535,65535,65535,65535,65535
2026-07-31 10:00:24.952,212.39,62467,33533,33929,65535,65535,65535,65535,65535,65535
2026-07-31 10:00:24.988,212.43,62467,33533,33929,65535,65535,65535,65535,65535,65535
2026-07-31 10:00:25.024,212.46,62467,33533,33929,65535,65535,65535,65535,65535,65535
2026-07-31 10:00:25.069,212.51,62467,33533,40714,65535,65535,65535,65535,65535,65535
2026-07-31 10:00:25.119,212.56,50329,28997,40714,65535,65535,65535,65535,65535,65535
2026-07-31 10:00:25.163,212.6,50329,28997,40714,65535,65535,65535,65535,65535,65535
2026-07-31 10:00:25.211,212.65,50329,28997,40714,65535,65535,65535,65535,65535,65535
2026-07-31 10:00:25.260,212.7,50329,28997,40714,65535,65535,65535,65535,65535,65535
2026-07-31 10:00:25.305,212.74,50329,28997,40714,65535,65535,65535,65535,65535,65535
2026-07-31 10:00:25.357,212.79,50329,28997,40714,65535,65535,65535,65535,65535,65535
2026-07-31 10:00:25.406,212.84,50329,28997,40714,65535,65535,65535,65535,65535,65535
2026-07-31 10:00:25.454,212.89,50329,28997,40714,65535,65535,65535,65535,65535,65535
2026-07-31 10:00:25.492,212.93,50329,28997,40714,65535,65535,65535,65535,65535,65535
2026-07-31 10:00:25.529,212.97,50329,28997,40714,65535,65535,65535,65535,65535,65535
2026-07-31 10:00:25.576,213.01,50329,28997,40714,65535,65535,65535,65535,65535,65535
2026-07-31 10:00:25.620,213.06,50329,28997,40714,65535,65535,65535,65535,65535,65535
2026-07-31 10:00:25.668,213.11,62615,28742,40714,65535,65535,65535,65535,65535,65535
2026-07-31 10:00:25.716,213.15,62615,28742,40714,65535,65535,65535,65535,65535,65535
2026-07-31 10:00:25.763,213.2,62615,28742,40714,65535,65535,65535,65535,65535,65535
2026-07-31 10:00:25.811,213.25,62615,28742,40714,65535,65535,65535,65535,65535,65535
2026-07-31 10:00:25.860,213.3,62615,28742,40714,65535,65535,65535,65535,65535,65535
2026-07-31 10:00:25.906,213.34,62615,28742,40714,65535,65535,65535,65535,65535,65535
2026-07-31 10:00:25.956,213.39,62615,28742,40714,65535,65535,65535,65535,65535,65535
2026-07-31 10:00:25.993,213.43,62615,28742,40714,65535,65535,65535,65535,65535,65535
2026-07-31 10:00:26.040,213.48,62615,28742,40714,65535,65535,65535,65535,65535,65535
2026-07-31 10:00:26.084,213.52,62615,28742,40714,65535,65535,65535,65535,65535,65535
2026-07-31 10:00:26.133,213.57,62615,28742,40714,65535,65535,65535,65535,65535,65535
2026-07-31 10:00:26.183,213.62,62615,28742,40714,65535,65535,65535,65535,65535,65535
2026-07-31 10:00:26.231,213.67,62763,28742,40714,65535,65535,65535,65535,65535,65535
2026-07-31 10:00:26.279,213.72,62763,28742,40714,65535,65535,65535,65535,65535,65535
2026-07-31 10:00:26.325,213.76,62763,28742,40714,65535,65535,65535,65535,65535,65535
2026-07-31 10:00:26.374,213.81,62763,28742,40714,65535,65535,65535,65535,65535,65535
2026-07-31 10:00:26.423,213.86,62763,28742,40714,65535,65535,65535,65535,65535,65535
2026-07-31 10:00:26.472,213.91,62763,28742,40714,65535,65535,65535,65535,65535,65535
2026-07-31 10:00:26.506,213.94,62763,28742,40714,65535,65535,65535,65535,65535,65535
2026-07-31 10:00:26.552,213.99,62763,28742,40714,65535,65535,65535,65535,65535,65535
2026-07-31 10:00:26.602,214.04,62763,28742,40714,65535,65535,65535,65535,65535,65535
2026-07-31 10:00:26.652,214.09,62763,28742,40714,65535,65535,65535,65535,65535,65535
2026-07-31 10:00:26.701,214.14,62763,28742,40714,65535,65535,65535,65535,65535,65535
2026-07-31 10:00:26.747,214.18,62763,28742,40714,65535,65535,65535,65535,65535,65535
2026-07-31 10:00:26.798,214.24,50092,28742,33929,65535,65535,65535,65535,65535,65535
2026-07-31 10:00:26.845,214.28,50092,28742,33929,65535,65535,65535,65535,65535,65535
2026-07-31 10:00:26.893,214.33,50092,28742,33929,65535,65535,65535,65535,65535,65535
2026-07-31 10:00:26.941,214.38,50092,28742,33929,65535,65535,65535,65535,65535,65535
2026-07-31 10:00:26.988,214.43,50092,28742,33929,65535,65535,65535,65535,65535,65535
2026-07-31 10:00:27.025,214.46,50092,28742,33929,65535,65535,65535,65535,65535,65535
2026-07-31 10:00:27.073,214.51,50092,28742,33929,65535,65535,65535,65535,65535,65535
2026-07-31 10:00:27.117,214.56,50092,28742,33929,65535,65535,65535,65535,65535,65535
2026-07-31 10:00:27.165,214.6,50092,28742,33929,65535,65535,65535,65535,65535,65535
2026-07-31 10:00:27.207,214.65,50092,28742,33929,65535,65535,65535,65535,65535,65535
2026-07-31 10:00:27.252,214.69,50092,28742,33929,65535,65535,65535,65535,65535,65535
2026-07-31 10:00:27.297,214.74,50092,28742,33929,65535,65535,65535,65535,65535,65535
2026-07-31 10:00:27.347,214.79,62763,28742,33929,65535,65535,65535,65535,65535,65535
2026-07-31 10:00:27.394,214.83,62763,18398,33929,65535,65535,65535,65535,65535,65535
2026-07-31 10:00:27.442,214.88,62763,18398,33929,65535,65535,65535,65535,65535,65535
2026-07-31 10:00:27.481,214.92,62763,18398,33929,65535,65535,65535,65535,65535,65535
2026-07-31 10:00:27.516,214.95,62763,18398,33929,65535,65535,65535,65535,65535,65535
2026-07-31 10:00:27.561,215.0,62763,18398,33929,65535,65535,65535,65535,65535,65535
2026-07-31 10:00:27.606,215.04,62763,18398,33929,65535,65535,65535,65535,65535,65535
2026-07-31 10:00:27.658,215.1,62763,18398,33929,65535,65535,65535,65535,65535,65535
2026-07-31 10:00:27.710,215.15,62763,18398,33929,65535,65535,65535,65535,65535,65535
2026-07-31 10:00:27.757,215.2,62763,18398,33929,65535,65535,65535,65535,65535,65535
2026-07-31 10:00:27.802,215.24,62763,18398,33929,65535,65535,65535,65535,65535,65535
2026-07-31 10:00:27.852,215.29,62763,18398,33929,65535,65535,65535,65535,65535,65535
2026-07-31 10:00:27.900,215.34,62763,18398,40358,65535,65535,65535,65535,65535,65535
2026-07-31 10:00:27.950,215.39,62763,28742,40358,65535,65535,65535,65535,65535,65535
2026-07-31 10:00:27.985,215.42,62763,28742,40358,65535,65535,65535,65535,65535,65535
2026-07-31 10:00:28.031,215.47,62763,28742,40358,65535,65535,65535,65535,65535,65535
2026-07-31 10:00:28.078,215.52,62763,28742,40358,65535,65535,65535,65535,65535,65535
2026-07-31 10:00:28.129,215.57,62763,28742,40358,65535,65535,65535,65535,65535,65535
2026-07-31 10:00:28.172,215.61,62763,28742,40358,65535,65535,65535,65535,65535,65535
2026-07-31 10:00:28.221,215.66,62763,28742,40358,65535,65535,65535,65535,65535,65535
2026-07-31 10:00:28.271,215.71,62763,28742,40358,65535,65535,65535,65535,65535,65535
2026-07-31 10:00:28.320,215.76,62763,28742,40358,65535,65535,65535,65535,65535,65535
2026-07-31 10:00:28.368,215.81,62763,28742,40358,65535,65535,65535,65535,65535,65535
2026-07-31 10:00:28.413,215.85,62763,28742,40358,65535,65535,65535,65535,65535,65535
2026-07-31 10:00:28.461,215.9,62763,28742,40714,65535,65535,65535,65535,65535,65535
2026-07-31 10:00:28.497,215.94,50567,29082,40714,65535,65535,65535,65535,65535,65535
2026-07-31 10:00:28.536,215.97,50567,29082,40714,65535,65535,65535,65535,65535,65535
2026-07-31 10:00:28.583,216.02,50567,29082,40714,65535,65535,65535,65535,65535,65535
2026-07-31 10:00:28.628,216.07,50567,29082,40714,65535,65535,65535,65535,65535,65535
2026-07-31 10:00:28.664,216.1,50567,29082,40714,65535,65535,65535,65535,65535,65535
2026-07-31 10:00:28.714,216.15,50567,29082,40714,65535,65535,65535,65535,65535,65535
2026-07-31 10:00:28.758,216.2,50567,29082,40714,65535,65535,65535,65535,65535,65535
2026-07-31 10:00:28.808,216.25,50567,29082,40714,65535,65535,65535,65535,65535,65535
2026-07-31 10:00:28.855,216.29,50567,29082,40714,65535,65535,65535,65535,65535,65535
2026-07-31 10:00:28.904,216.34,50567,29082,40714,65535,65535,65535,65535,65535,65535
2026-07-31 10:00:28.949,216.39,50567,29082,40714,65535,65535,65535,65535,65535,65535
2026-07-31 10:00:29.014,216.45,50567,29082,50893,65535,65535,65535,65535,65535,65535
2026-07-31 10:00:29.069,216.51,62763,28742,50893,65535,65535,65535,65535,65535,65535
2026-07-31 10:00:29.121,216.56,62763,28742,50893,65535,65535,65535,65535,65535,65535
2026-07-31 10:00:29.176,216.61,62763,28742,50893,65535,65535,65535,65535,65535,65535
2026-07-31 10:00:29.277,216.72,62763,28742,50893,65535,65535,65535,65535,65535,65535
2026-07-31 10:00:29.337,216.77,62763,28742,50893,65535,65535,65535,65535,65535,65535
2026-07-31 10:00:29.399,216.84,62763,28742,50893,65535,65535,65535,65535,65535,65535
2026-07-31 10:00:29.459,216.9,62763,28742,50893,65535,65535,65535,65535,65535,65535
2026-07-31 10:00:29.502,216.94,62763,28742,50893,65535,65535,65535,65535,65535,65535
2026-07-31 10:00:29.541,216.98,62763,28742,50893,65535,65535,65535,65535,65535,65535
2026-07-31 10:00:29.609,217.05,62912,28742,33830,65535,65535,65535,65535,65535,65535
2026-07-31 10:00:29.659,217.1,62912,28742,33830,65535,65535,65535,65535,65535,65535
2026-07-31 10:00:29.727,217.17,62912,28742,33830,65535,65535,65535,65535,65535,65535
2026-07-31 10:00:29.780,217.22,62912,28742,33830,65535,65535,65535,65535,65535,65535
2026-07-31 10:00:29.831,217.27,62912,28742,33830,65535,65535,65535,65535,65535,65535
2026-07-31 10:00:29.881,217.32,62912,28742,33830,65535,65535,65535,65535,65535,65535
2026-07-31 10:00:29.930,217.37,62912,28742,33830,65535,65535,65535,65535,65535,65535
2026-07-31 10:00:29.982,217.42,62912,28742,33830,65535,65535,65535,65535,65535,65535
2026-07-31 10:00:30.019,217.46,62912,28742,33830,65535,65535,65535,65535,65535,65535
2026-07-31 10:00:30.058,217.5,62912,28742,33830,65535,65535,65535,65535,65535,65535
2026-07-31 10:00:30.106,217.54,62912,28742,33830,65535,65535,65535,65535,65535,65535
2026-07-31 10:00:30.159,217.6,62763,28742,40596,65535,65535,65535,65535,65535,65535
2026-07-31 10:00:30.221,217.66,62763,33533,40596,65535,65535,65535,65535,65535,65535
2026-07-31 10:00:30.272,217.71,62763,33533,40596,65535,65535,65535,65535,65535,65535
2026-07-31 10:00:30.322,217.76,62763,33533,40596,65535,65535,65535,65535,65535,65535
2026-07-31 10:00:30.375,217.81,62763,33533,40596,65535,65535,65535,65535,65535,65535
2026-07-31 10:00:30.427,217.86,62763,33533,40596,65535,65535,65535,65535,65535,65535
2026-07-31 10:00:30.474,217.91,62763,33533,40596,65535,65535,65535,65535,65535,65535
2026-07-31 10:00:30.511,217.95,62763,33533,40596,65535,65535,65535,65535,65535,65535
2026-07-31 10:00:30.547,217.98,62763,33533,40596,65535,65535,65535,65535,65535,65535
2026-07-31 10:00:30.581,218.02,62763,33533,40596,65535,65535,65535,65535,65535,65535
2026-07-31 10:00:30.629,218.07,62763,33533,40596,65535,65535,65535,65535,65535,65535
2026-07-31 10:00:30.692,218.13,62763,33533,40596,65535,65535,65535,65535,65535,65535
2026-07-31 10:00:30.743,218.18,50211,28827,40714,65535,65535,65535,65535,65535,65535
2026-07-31 10:00:30.795,218.23,50211,28827,40714,65535,65535,65535,65535,65535,65535
2026-07-31 10:00:30.847,218.28,50211,28827,40714,65535,65535,65535,65535,65535,65535
2026-07-31 10:00:30.894,218.33,50211,28827,40714,65535,65535,65535,65535,65535,65535
2026-07-31 10:00:30.948,218.39,50211,28827,40714,65535,65535,65535,65535,65535,65535
2026-07-31 10:00:31.002,218.44,50211,28827,40714,65535,65535,65535,65535,65535,65535
2026-07-31 10:00:31.042,218.48,50211,28827,40714,65535,65535,65535,65535,65535,65535
2026-07-31 10:00:31.088,218.53,50211,28827,40714,65535,65535,65535,65535,65535,65535
2026-07-31 10:00:31.134,218.57,50211,28827,40714,65535,65535,65535,65535,65535,65535
2026-07-31 10:00:31.184,218.62,50211,28827,40714,65535,65535,65535,65535,65535,65535
2026-07-31 10:00:31.232,218.67,50211,28827,40714,65535,65535,65535,65535,65535,65535
2026-07-31 10:00:31.278,218.72,50211,28827,33830,65535,65535,65535,65535,65535,65535
2026-07-31 10:00:31.327,218.77,62763,28742,33830,65535,65535,65535,65535,65535,65535
2026-07-31 10:00:31.373,218.81,62763,28742,33830,65535,65535,65535,65535,65535,65535
2026-07-31 10:00:31.424,218.86,62763,28742,33830,65535,65535,65535,65535,65535,65535
2026-07-31 10:00:31.470,218.91,62763,28742,33830,65535,65535,65535,65535,65535,65535
2026-07-31 10:00:31.508,218.95,62763,28742,33830,65535,65535,65535,65535,65535,65535
2026-07-31 10:00:31.554,218.99,62763,28742,33830,65535,65535,65535,65535,65535,65535
2026-07-31 10:00:31.601,219.04,62763,28742,33830,65535,65535,65535,65535,65535,65535
2026-07-31 10:00:31.650,219.09,62763,28742,33830,65535,65535,65535,65535,65535,65535
2026-07-31 10:00:31.698,219.14,62763,28742,33830,65535,65535,65535,65535,65535,65535
2026-07-31 10:00:31.745,219.18,62763,28742,33830,65535,65535,65535,65535,65535,65535
2026-07-31 10:00:31.793,219.23,62763,28742,33830,65535,65535,65535,65535,65535,65535
2026-07-31 10:00:31.839,219.28,62763,28742,33929,65535,65535,65535,65535,65535,65535
2026-07-31 10:00:31.889,219.33,62912,28742,33929,65535,65535,65535,65535,65535,65535
2026-07-31 10:00:31.938,219.38,62912,28742,33929,65535,65535,65535,65535,65535,65535
2026-07-31 10:00:31.985,219.42,62912,28742,33929,65535,65535,65535,65535,65535,65535
2026-07-31 10:00:32.022,219.46,62912,28742,33929,65535,65535,65535,65535,65535,65535
2026-07-31 10:00:32.070,219.51,62912,28742,33929,65535,65535,65535,65535,65535,65535
2026-07-31 10:00:32.115,219.55,62912,28742,33929,65535,65535,65535,65535,65535,65535
2026-07-31 10:00:32.163,219.6,62912,28742,33929,65535,65535,65535,65535,65535,65535
2026-07-31 10:00:32.210,219.65,62912,28742,33929,65535,65535,65535,65535,65535,65535
2026-07-31 10:00:32.261,219.7,62912,28742,33929,65535,65535,65535,65535,65535,65535
2026-07-31 10:00:32.309,219.75,62912,28742,33929,65535,65535,65535,65535,65535,65535
2026-07-31 10:00:32.354,219.79,62912,28742,33929,65535,65535,65535,65535,65535,65535
2026-07-31 10:00:32.402,219.84,62912,28742,33830,65535,65535,65535,65535,65535,65535
2026-07-31 10:00:32.454,219.89,50448,28912,33830,65535,65535,65535,65535,65535,65535
2026-07-31 10:00:32.501,219.94,50448,28912,33830,65535,65535,65535,65535,65535,65535
2026-07-31 10:00:32.536,219.97,50448,28912,33830,65535,65535,65535,65535,65535,65535
2026-07-31 10:00:32.582,220.02,50448,28912,33830,65535,65535,65535,65535,65535,65535
2026-07-31 10:00:32.629,220.07,50448,28912,33830,65535,65535,65535,65535,65535,65535
2026-07-31 10:00:32.678,220.12,50448,28912,33830,65535,65535,65535,65535,65535,65535
2026-07-31 10:00:32.729,220.17,50448,28912,33830,65535,65535,65535,65535,65535,65535
2026-07-31 10:00:32.771,220.21,50448,28912,33830,65535,65535,65535,65535,65535,65535
2026-07-31 10:00:32.816,220.25,50448,28912,33830,65535,65535,65535,65535,65535,65535
2026-07-31 10:00:32.860,220.3,50448,28912,33830,65535,65535,65535,65535,65535,65535
2026-07-31 10:00:32.912,220.35,50448,28912,33830,65535,65535,65535,65535,65535,65535
2026-07-31 10:00:32.956,220.39,50448,28912,33830,65535,65535,65535,65535,65535,65535
2026-07-31 10:00:32.996,220.43,62763,28912,33929,65535,65535,65535,65535,65535,65535
2026-07-31 10:00:33.031,220.47,62763,28742,33929,65535,65535,65535,65535,65535,65535
2026-07-31 10:00:33.074,220.51,62763,28742,33929,65535,65535,65535,65535,65535,65535
2026-07-31 10:00:33.127,220.57,62763,28742,33929,65535,65535,65535,65535,65535,65535
2026-07-31 10:00:33.174,220.61,62763,28742,33929,65535,65535,65535,65535,65535,65535
2026-07-31 10:00:33.219,220.66,62763,28742,33929,65535,65535,65535,65535,65535,65535
2026-07-31 10:00:33.265,220.7,62763,28742,33929,65535,65535,65535,65535,65535,65535
2026-07-31 10:00:33.318,220.76,62763,28742,33929,65535,65535,65535,65535,65535,65535
2026-07-31 10:00:33.362,220.8,62763,28742,33929,65535,65535,65535,65535,65535,65535
2026-07-31 10:00:33.412,220.85,62763,28742,33929,65535,65535,65535,65535,65535,65535
2026-07-31 10:00:33.459,220.9,62763,28742,33929,65535,65535,65535,65535,65535,65535
2026-07-31 10:00:33.495,220.93,62763,28742,33929,65535,65535,65535,65535,65535,65535
2026-07-31 10:00:33.532,220.97,62763,28742,33929,65535,65535,65535,65535,65535,65535
2026-07-31 10:00:33.579,221.02,62763,28742,33929,65535,65535,65535,65535,65535,65535
2026-07-31 10:00:33.626,221.06,62763,28742,33929,65535,65535,65535,65535,65535,65535
2026-07-31 10:00:33.672,221.11,62763,28742,33929,65535,65535,65535,65535,65535,65535
2026-07-31 10:00:33.722,221.16,62763,28742,33929,65535,65535,65535,65535,65535,65535
2026-07-31 10:00:33.772,221.21,62763,28742,33929,65535,65535,65535,65535,65535,65535
2026-07-31 10:00:33.829,221.27,62763,28742,33929,65535,65535,65535,65535,65535,65535
2026-07-31 10:00:33.876,221.31,62763,28742,33929,65535,65535,65535,65535,65535,65535
2026-07-31 10:00:33.924,221.36,62763,28742,33929,65535,65535,65535,65535,65535,65535
2026-07-31 10:00:33.974,221.41,62763,28742,33929,65535,65535,65535,65535,65535,65535
2026-07-31 10:00:34.009,221.45,62763,28742,33929,65535,65535,65535,65535,65535,65535
2026-07-31 10:00:34.046,221.48,62763,28742,33929,65535,65535,65535,65535,65535,65535
2026-07-31 10:00:34.092,221.53,62763,28742,33929,65535,65535,65535,65535,65535,65535
2026-07-31 10:00:34.137,221.58,62467,33533,33929,65535,65535,65535,65535,65535,65535
2026-07-31 10:00:34.188,221.63,62467,33533,33929,65535,65535,65535,65535,65535,65535
2026-07-31 10:00:34.234,221.67,62467,33533,33929,65535,65535,65535,65535,65535,65535
2026-07-31 10:00:34.282,221.72,62467,33533,33929,65535,65535,65535,65535,65535,65535
2026-07-31 10:00:34.330,221.77,62467,33533,33929,65535,65535,65535,65535,65535,65535
2026-07-31 10:00:34.378,221.82,62467,33533,33929,65535,65535,65535,65535,65535,65535
2026-07-31 10:00:34.428,221.87,62467,33533,33929,65535,65535,65535,65535,65535,65535
2026-07-31 10:00:34.473,221.91,62467,33533,33929,65535,65535,65535,65535,65535,65535
2026-07-31 10:00:34.511,221.95,62467,33533,33929,65535,65535,65535,65535,65535,65535
2026-07-31 10:00:34.557,221.99,62467,33533,33929,65535,65535,65535,65535,65535,65535
2026-07-31 10:00:34.605,222.04,62467,33533,33929,65535,65535,65535,65535,65535,65535
2026-07-31 10:00:34.655,222.09,62467,33533,33929,65535,65535,65535,65535,65535,65535
2026-07-31 10:00:34.706,222.14,50211,28742,33929,65535,65535,65535,65535,65535,65535
2026-07-31 10:00:34.751,222.19,50211,28742,33929,65535,65535,65535,65535,65535,65535
2026-07-31 10:00:34.802,222.24,50211,28742,33929,65535,65535,65535,65535,65535,65535
2026-07-31 10:00:34.847,222.29,50211,28742,33929,65535,65535,65535,65535,65535,65535
2026-07-31 10:00:34.895,222.33,50211,28742,33929,65535,65535,65535,65535,65535,65535
2026-07-31 10:00:34.939,222.38,50211,28742,33929,65535,65535,65535,65535,65535,65535
2026-07-31 10:00:34.985,222.42,50211,28742,33929,65535,65535,65535,65535,65535,65535
2026-07-31 10:00:35.022,222.46,50211,28742,33929,65535,65535,65535,65535,65535,65535
2026-07-31 10:00:35.067,222.5,50211,28742,33929,65535,65535,65535,65535,65535,65535
2026-07-31 10:00:35.115,222.55,50211,28742,33929,65535,65535,65535,65535,65535,65535
2026-07-31 10:00:35.159,222.6,50211,28742,33929,65535,65535,65535,65535,65535,65535
2026-07-31 10:00:35.211,222.65,50211,28742,33929,65535,65535,65535,65535,65535,65535
2026-07-31 10:00:35.264,222.7,50211,28742,40714,65535,65535,65535,65535,65535,65535
2026-07-31 10:00:35.311,222.75,50211,33533,40714,65535,65535,65535,65535,65535,65535
2026-07-31 10:00:35.359,222.8,50211,33533,40714,65535,65535,65535,65535,65535,65535
2026-07-31 10:00:35.404,222.84,50211,33533,40714,65535,65535,65535,65535,65535,65535
2026-07-31 10:00:35.455,222.89,50211,33533,40714,65535,65535,65535,65535,65535,65535
2026-07-31 10:00:35.495,222.93,50211,33533,40714,65535,65535,65535,65535,65535,65535
2026-07-31 10:00:35.533,222.97,50211,33533,40714,65535,65535,65535,65535,65535,65535
2026-07-31 10:00:35.579,223.02,50211,33533,40714,65535,65535,65535,65535,65535,65535
2026-07-31 10:00:35.624,223.06,50211,33533,40714,65535,65535,65535,65535,65535,65535
2026-07-31 10:00:35.672,223.11,50211,33533,40714,65535,65535,65535,65535,65535,65535
2026-07-31 10:00:35.722,223.16,50211,33533,40714,65535,65535,65535,65535,65535,65535
2026-07-31 10:00:35.768,223.21,50211,33533,40714,65535,65535,65535,65535,65535,65535
2026-07-31 10:00:35.821,223.26,50329,33533,33929,65535,65535,65535,65535,65535,65535
2026-07-31 10:00:35.871,223.31,50329,28742,33929,65535,65535,65535,65535,65535,65535
2026-07-31 10:00:35.918,223.36,50329,28742,33929,65535,65535,65535,65535,65535,65535
2026-07-31 10:00:35.966,223.4,50329,28742,33929,65535,65535,65535,65535,65535,65535
2026-07-31 10:00:36.009,223.45,50329,28742,33929,65535,65535,65535,65535,65535,65535
2026-07-31 10:00:36.043,223.48,50329,28742,33929,65535,65535,65535,65535,65535,65535
2026-07-31 10:00:36.091,223.53,50329,28742,33929,65535,65535,65535,65535,65535,65535
2026-07-31 10:00:36.138,223.58,50329,28742,33929,65535,65535,65535,65535,65535,65535
2026-07-31 10:00:36.187,223.63,50329,28742,33929,65535,65535,65535,65535,65535,65535
2026-07-31 10:00:36.234,223.67,50329,28742,33929,65535,65535,65535,65535,65535,65535
2026-07-31 10:00:36.283,223.72,50329,28742,33929,65535,65535,65535,65535,65535,65535
2026-07-31 10:00:36.331,223.77,50329,28742,33929,65535,65535,65535,65535,65535,65535
2026-07-31 10:00:36.379,223.82,50329,28742,33929,65535,65535,65535,65535,65535,65535
2026-07-31 10:00:36.425,223.86,62763,28742,33929,65535,65535,65535,65535,65535,65535
2026-07-31 10:00:36.472,223.91,62763,28742,33929,65535,65535,65535,65535,65535,65535
2026-07-31 10:00:36.519,223.96,62763,28742,33929,65535,65535,65535,65535,65535,65535
2026-07-31 10:00:36.558,224.0,62763,28742,33929,65535,65535,65535,65535,65535,65535
2026-07-31 10:00:36.603,224.04,62763,28742,33929,65535,65535,65535,65535,65535,65535
2026-07-31 10:00:36.651,224.09,62763,28742,33929,65535,65535,65535,65535,65535,65535
2026-07-31 10:00:36.699,224.14,62763,28742,33929,65535,65535,65535,65535,65535,65535
2026-07-31 10:00:36.749,224.19,62763,28742,33929,65535,65535,65535,65535,65535,65535
2026-07-31 10:00:36.796,224.23,62763,28742,33929,65535,65535,65535,65535,65535,65535
2026-07-31 10:00:36.842,224.28,62763,28742,33929,65535,65535,65535,65535,65535,65535
2026-07-31 10:00:36.889,224.33,62763,28742,33929,65535,65535,65535,65535,65535,65535
2026-07-31 10:00:36.939,224.38,62763,28742,33929,65535,65535,65535,65535,65535,65535
2026-07-31 10:00:36.988,224.43,49973,28742,33929,65535,65535,65535,65535,65535,65535
2026-07-31 10:00:37.023,224.46,49973,28742,33929,65535,65535,65535,65535,65535,65535
2026-07-31 10:00:37.059,224.5,49973,28742,33929,65535,65535,65535,65535,65535,65535
2026-07-31 10:00:37.103,224.54,49973,28742,33929,65535,65535,65535,65535,65535,65535
2026-07-31 10:00:37.154,224.59,49973,28742,33929,65535,65535,65535,65535,65535,65535
2026-07-31 10:00:37.202,224.64,49973,28742,33929,65535,65535,65535,65535,65535,65535
2026-07-31 10:00:37.247,224.69,49973,28742,33929,65535,65535,65535,65535,65535,65535
2026-07-31 10:00:37.295,224.73,49973,28742,33929,65535,65535,65535,65535,65535,65535
2026-07-31 10:00:37.343,224.78,49973,28742,33929,65535,65535,65535,65535,65535,65535
2026-07-31 10:00:37.391,224.83,49973,28742,33929,65535,65535,65535,65535,65535,65535
2026-07-31 10:00:37.439,224.88,49973,28742,33929,65535,65535,65535,65535,65535,65535
2026-07-31 10:00:37.485,224.92,49973,28742,33929,65535,65535,65535,65535,65535,65535
2026-07-31 10:00:37.523,224.96,62763,28742,33929,65535,65535,65535,65535,65535,65535
2026-07-31 10:00:37.567,225.01,62763,28742,33929,65535,65535,65535,65535,65535,65535
2026-07-31 10:00:37.617,225.06,62763,28742,33929,65535,65535,65535,65535,65535,65535
2026-07-31 10:00:37.664,225.1,62763,28742,33929,65535,65535,65535,65535,65535,65535
2026-07-31 10:00:37.710,225.15,62763,28742,33929,65535,65535,65535,65535,65535,65535
2026-07-31 10:00:37.758,225.2,62763,28742,33929,65535,65535,65535,65535,65535,65535
2026-07-31 10:00:37.805,225.24,62763,28742,33929,65535,65535,65535,65535,65535,65535
2026-07-31 10:00:37.853,225.29,62763,28742,33929,65535,65535,65535,65535,65535,65535
2026-07-31 10:00:37.904,225.34,62763,28742,33929,65535,65535,65535,65535,65535,65535
2026-07-31 10:00:37.953,225.39,62763,28742,33929,65535,65535,65535,65535,65535,65535
2026-07-31 10:00:38.003,225.44,62763,28742,33929,65535,65535,65535,65535,65535,65535
2026-07-31 10:00:38.039,225.48,62763,28742,33929,65535,65535,65535,65535,65535,65535
2026-07-31 10:00:38.087,225.52,50211,28742,40714,65535,65535,65535,65535,65535,65535
2026-07-31 10:00:38.134,225.57,50211,33533,40714,65535,65535,65535,65535,65535,65535
2026-07-31 10:00:38.180,225.62,50211,33533,40714,65535,65535,65535,65535,65535,65535
2026-07-31 10:00:38.226,225.66,50211,33533,40714,65535,65535,65535,65535,65535,65535
2026-07-31 10:00:38.276,225.71,50211,33533,40714,65535,65535,65535,65535,65535,65535
2026-07-31 10:00:38.323,225.76,50211,33533,40714,65535,65535,65535,65535,65535,65535
2026-07-31 10:00:38.372,225.81,50211,33533,40714,65535,65535,65535,65535,65535,65535
2026-07-31 10:00:38.417,225.86,50211,33533,40714,65535,65535,65535,65535,65535,65535
2026-07-31 10:00:38.467,225.91,50211,33533,40714,65535,65535,65535,65535,65535,65535
2026-07-31 10:00:38.516,225.95,50211,33533,40714,65535,65535,65535,65535,65535,65535
2026-07-31 10:00:38.551,225.99,50211,33533,40714,65535,65535,65535,65535,65535,65535
2026-07-31 10:00:38.596,226.03,50211,33533,40714,65535,65535,65535,65535,65535,65535
2026-07-31 10:00:38.643,226.08,50448,33533,33830,65535,65535,65535,65535,65535,65535
2026-07-31 10:00:38.692,226.13,50448,28742,33830,65535,65535,65535,65535,65535,65535
2026-07-31 10:00:38.742,226.18,50448,28742,33830,65535,65535,65535,65535,65535,65535
2026-07-31 10:00:38.790,226.23,50448,28742,33830,65535,65535,65535,65535,65535,65535
2026-07-31 10:00:38.838,226.28,50448,28742,33830,65535,65535,65535,65535,65535,65535
2026-07-31 10:00:38.887,226.33,50448,28742,33830,65535,65535,65535,65535,65535,65535
2026-07-31 10:00:38.938,226.38,50448,28742,33830,65535,65535,65535,65535,65535,65535
2026-07-31 10:00:38.990,226.43,50448,28742,33830,65535,65535,65535,65535,65535,65535
2026-07-31 10:00:39.026,226.46,50448,28742,33830,65535,65535,65535,65535,65535,65535
2026-07-31 10:00:39.070,226.51,50448,28742,33830,65535,65535,65535,65535,65535,65535
2026-07-31 10:00:39.121,226.56,50448,28742,33830,65535,65535,65535,65535,65535,65535
2026-07-31 10:00:39.166,226.6,50448,28742,33830,65535,65535,65535,65535,65535,65535
2026-07-31 10:00:39.215,226.65,62615,28742,40714,65535,65535,65535,65535,65535,65535
2026-07-31 10:00:39.261,226.7,62615,28742,40714,65535,65535,65535,65535,65535,65535
2026-07-31 10:00:39.309,226.75,62615,28742,40714,65535,65535,65535,65535,65535,65535
2026-07-31 10:00:39.358,226.8,62615,28742,40714,65535,65535,65535,65535,65535,65535
2026-07-31 10:00:39.407,226.84,62615,28742,40714,65535,65535,65535,65535,65535,65535
2026-07-31 10:00:39.451,226.89,62615,28742,40714,65535,65535,65535,65535,65535,65535
2026-07-31 10:00:39.500,226.94,62615,28742,40714,65535,65535,65535,65535,65535,65535
2026-07-31 10:00:39.537,226.97,62615,28742,40714,65535,65535,65535,65535,65535,65535
2026-07-31 10:00:39.585,227.02,62615,28742,40714,65535,65535,65535,65535,65535,65535
2026-07-31 10:00:39.626,227.06,62615,28742,40714,65535,65535,65535,65535,65535,65535
2026-07-31 10:00:39.672,227.11,62615,28742,40714,65535,65535,65535,65535,65535,65535
2026-07-31 10:00:39.717,227.15,62615,28742,40714,65535,65535,65535,65535,65535,65535
2026-07-31 10:00:39.765,227.2,62615,28742,33929,65535,65535,65535,65535,65535,65535
2026-07-31 10:00:39.812,227.25,50448,28742,33929,65535,65535,65535,65535,65535,65535
2026-07-31 10:00:39.862,227.3,50448,28742,33929,65535,65535,65535,65535,65535,65535
2026-07-31 10:00:39.906,227.34,50448,28742,33929,65535,65535,65535,65535,65535,65535
2026-07-31 10:00:39.953,227.39,50448,28742,33929,65535,65535,65535,65535,65535,65535
2026-07-31 10:00:40.000,227.44,50448,28742,33929,65535,65535,65535,65535,65535,65535
2026-07-31 10:00:40.036,227.47,50448,28742,33929,65535,65535,65535,65535,65535,65535
2026-07-31 10:00:40.081,227.52,50448,28742,33929,65535,65535,65535,65535,65535,65535
2026-07-31 10:00:40.126,227.56,50448,28742,33929,65535,65535,65535,65535,65535,65535
2026-07-31 10:00:40.178,227.62,50448,28742,33929,65535,65535,65535,65535,65535,65535
2026-07-31 10:00:40.221,227.66,50448,28742,33929,65535,65535,65535,65535,65535,65535
2026-07-31 10:00:40.273,227.71,50448,28742,33929,65535,65535,65535,65535,65535,65535
2026-07-31 10:00:40.316,227.75,50448,28742,33929,65535,65535,65535,65535,65535,65535
2026-07-31 10:00:40.362,227.8,62912,28742,33830,65535,65535,65535,65535,65535,65535
2026-07-31 10:00:40.407,227.85,62912,28742,33830,65535,65535,65535,65535,65535,65535
2026-07-31 10:00:40.457,227.9,62912,28742,33830,65535,65535,65535,65535,65535,65535
2026-07-31 10:00:40.503,227.94,62912,28742,33830,65535,65535,65535,65535,65535,65535
2026-07-31 10:00:40.542,227.98,62912,28742,33830,65535,65535,65535,65535,65535,65535
2026-07-31 10:00:40.589,228.03,62912,28742,33830,65535,65535,65535,65535,65535,65535
2026-07-31 10:00:40.635,228.07,62912,28742,33830,65535,65535,65535,65535,65535,65535
2026-07-31 10:00:40.681,228.12,62912,28742,33830,65535,65535,65535,65535,65535,65535
2026-07-31 10:00:40.730,228.17,62912,28742,33830,65535,65535,65535,65535,65535,65535
2026-07-31 10:00:40.774,228.21,62912,28742,33830,65535,65535,65535,65535,65535,65535
2026-07-31 10:00:40.825,228.26,62912,28742,33830,65535,65535,65535,65535,65535,65535
2026-07-31 10:00:40.878,228.32,62912,28742,33830,65535,65535,65535,65535,65535,65535
2026-07-31 10:00:40.925,228.36,62763,28742,33929,65535,65535,65535,65535,65535,65535
2026-07-31 10:00:40.969,228.41,62763,28742,33929,65535,65535,65535,65535,65535,65535
2026-07-31 10:00:41.022,228.46,62763,28742,33929,65535,65535,65535,65535,65535,65535
2026-07-31 10:00:41.062,228.5,62763,28742,33929,65535,65535,65535,65535,65535,65535
2026-07-31 10:00:41.108,228.55,62763,28742,33929,65535,65535,65535,65535,65535,65535
2026-07-31 10:00:41.152,228.59,62763,28742,33929,65535,65535,65535,65535,65535,65535
2026-07-31 10:00:41.203,228.64,62763,28742,33929,65535,65535,65535,65535,65535,65535
2026-07-31 10:00:41.248,228.69,62763,28742,33929,65535,65535,65535,65535,65535,65535
2026-07-31 10:00:41.296,228.73,62763,28742,33929,65535,65535,65535,65535,65535,65535
2026-07-31 10:00:41.343,228.78,62763,28742,33929,65535,65535,65535,65535,65535,65535
2026-07-31 10:00:41.395,228.83,62763,28742,33929,65535,65535,65535,65535,65535,65535
2026-07-31 10:00:41.440,228.88,62763,28742,33929,65535,65535,65535,65535,65535,65535
2026-07-31 10:00:41.490,228.93,50211,28742,33632,65535,65535,65535,65535,65535,65535
2026-07-31 10:00:41.536,228.97,50211,18344,33632,65535,65535,65535,65535,65535,65535
2026-07-31 10:00:41.574,229.01,50211,18344,33632,65535,65535,65535,65535,65535,65535
2026-07-31 10:00:41.617,229.05,50211,18344,33632,65535,65535,65535,65535,65535,65535
2026-07-31 10:00:41.668,229.11,50211,18344,33632,65535,65535,65535,65535,65535,65535
2026-07-31 10:00:41.715,229.15,50211,18344,33632,65535,65535,65535,65535,65535,65535
2026-07-31 10:00:41.764,229.2,50211,18344,33632,65535,65535,65535,65535,65535,65535
2026-07-31 10:00:41.808,229.25,50211,18344,33632,65535,65535,65535,65535,65535,65535
2026-07-31 10:00:41.859,229.3,50211,18344,33632,65535,65535,65535,65535,65535,65535
2026-07-31 10:00:41.904,229.34,50211,18344,33632,65535,65535,65535,65535,65535,65535
2026-07-31 10:00:41.956,229.39,50211,18344,33632,65535,65535,65535,65535,65535,65535
2026-07-31 10:00:41.999,229.44,50211,18344,33632,65535,65535,65535,65535,65535,65535
2026-07-31 10:00:42.049,229.49,50211,18344,33731,65535,65535,65535,65535,65535,65535
2026-07-31 10:00:42.085,229.52,50211,28742,33731,65535,65535,65535,65535,65535,65535
2026-07-31 10:00:42.132,229.57,50211,28742,33731,65535,65535,65535,65535,65535,65535
2026-07-31 10:00:42.177,229.62,50211,28742,33731,65535,65535,65535,65535,65535,65535
2026-07-31 10:00:42.227,229.67,50211,28742,33731,65535,65535,65535,65535,65535,65535
2026-07-31 10:00:42.271,229.71,50211,28742,33731,65535,65535,65535,65535,65535,65535
2026-07-31 10:00:42.323,229.76,50211,28742,33731,65535,65535,65535,65535,65535,65535
2026-07-31 10:00:42.370,229.81,50211,28742,33731,65535,65535,65535,65535,65535,65535
2026-07-31 10:00:42.416,229.85,50211,28742,33731,65535,65535,65535,65535,65535,65535
2026-07-31 10:00:42.461,229.9,50211,28742,33731,65535,65535,65535,65535,65535,65535
2026-07-31 10:00:42.507,229.94,50211,28742,33731,65535,65535,65535,65535,65535,65535
2026-07-31 10:00:42.551,229.99,50211,28742,33731,65535,65535,65535,65535,65535,65535
2026-07-31 10:00:42.590,230.03,50211,28742,40714,65535,65535,65535,65535,65535,65535
2026-07-31 10:00:42.636,230.07,63060,33533,40714,65535,65535,65535,65535,65535,65535
2026-07-31 10:00:42.681,230.12,63060,33533,40714,65535,65535,65535,65535,65535,65535
2026-07-31 10:00:42.734,230.17,63060,33533,40714,65535,65535,65535,65535,65535,65535
2026-07-31 10:00:42.779,230.22,63060,33533,40714,65535,65535,65535,65535,65535,65535
2026-07-31 10:00:42.828,230.27,63060,33533,40714,65535,65535,65535,65535,65535,65535
2026-07-31 10:00:42.874,230.31,63060,33533,40714,65535,65535,65535,65535,65535,65535
2026-07-31 10:00:42.923,230.36,63060,33533,40714,65535,65535,65535,65535,65535,65535
2026-07-31 10:00:42.973,230.41,63060,33533,40714,65535,65535,65535,65535,65535,65535
2026-07-31 10:00:43.018,230.46,63060,33533,40714,65535,65535,65535,65535,65535,65535
2026-07-31 10:00:43.055,230.49,63060,33533,40714,65535,65535,65535,65535,65535,65535
2026-07-31 10:00:43.102,230.54,63060,33533,40714,65535,65535,65535,65535,65535,65535
2026-07-31 10:00:43.148,230.59,63060,33533,40714,65535,65535,65535,65535,65535,65535
2026-07-31 10:00:43.199,230.64,62763,33533,40714,65535,65535,65535,65535,65535,65535
2026-07-31 10:00:43.243,230.68,62763,33533,40714,65535,65535,65535,65535,65535,65535
2026-07-31 10:00:43.294,230.73,62763,33533,40714,65535,65535,65535,65535,65535,65535
2026-07-31 10:00:43.341,230.78,62763,33533,40714,65535,65535,65535,65535,65535,65535
2026-07-31 10:00:43.390,230.83,62763,33533,40714,65535,65535,65535,65535,65535,65535
2026-07-31 10:00:43.438,230.88,62763,33533,40714,65535,65535,65535,65535,65535,65535
2026-07-31 10:00:43.484,230.92,62763,33533,40714,65535,65535,65535,65535,65535,65535
2026-07-31 10:00:43.535,230.97,62763,33533,40714,65535,65535,65535,65535,65535,65535
2026-07-31 10:00:43.570,231.01,62763,33533,40714,65535,65535,65535,65535,65535,65535
2026-07-31 10:00:43.614,231.05,62763,33533,40714,65535,65535,65535,65535,65535,65535
2026-07-31 10:00:43.663,231.1,62763,33533,40714,65535,65535,65535,65535,65535,65535
2026-07-31 10:00:43.708,231.15,62763,33533,40714,65535,65535,65535,65535,65535,65535
2026-07-31 10:00:43.760,231.2,50211,33533,33929,65535,65535,65535,65535,65535,65535
2026-07-31 10:00:43.806,231.24,50211,28742,33929,65535,65535,65535,65535,65535,65535
2026-07-31 10:00:43.855,231.29,50211,28742,33929,65535,65535,65535,65535,65535,65535
2026-07-31 10:00:43.902,231.34,50211,28742,33929,65535,65535,65535,65535,65535,65535
2026-07-31 10:00:43.950,231.39,50211,28742,33929,65535,65535,65535,65535,65535,65535
2026-07-31 10:00:43.999,231.44,50211,28742,33929,65535,65535,65535,65535,65535,65535
2026-07-31 10:00:44.045,231.48,50211,28742,33929,65535,65535,65535,65535,65535,65535
2026-07-31 10:00:44.085,231.52,50211,28742,33929,65535,65535,65535,65535,65535,65535
2026-07-31 10:00:44.134,231.57,50211,28742,33929,65535,65535,65535,65535,65535,65535
2026-07-31 10:00:44.182,231.62,50211,28742,33929,65535,65535,65535,65535,65535,65535
2026-07-31 10:00:44.242,231.68,50211,28742,33929,65535,65535,65535,65535,65535,65535
2026-07-31 10:00:44.310,231.75,49855,28742,33830,65535,65535,65535,65535,65535,65535
2026-07-31 10:00:44.458,231.9,49855,28742,33830,65535,65535,65535,65535,65535,65535
2026-07-31 10:00:44.522,231.96,49855,28742,33830,65535,65535,65535,65535,65535,65535
2026-07-31 10:00:44.573,232.01,49855,28742,33830,65535,65535,65535,65535,65535,65535
2026-07-31 10:00:44.612,232.05,49855,28742,33830,65535,65535,65535,65535,65535,65535
2026-07-31 10:00:44.662,232.1,49855,28742,33830,65535,65535,65535,65535,65535,65535
2026-07-31 10:00:44.715,232.15,49855,28742,33830,65535,65535,65535,65535,65535,65535
2026-07-31 10:00:44.767,232.21,49855,28742,33830,65535,65535,65535,65535,65535,65535
2026-07-31 10:00:44.822,232.26,49855,28742,33830,65535,65535,65535,65535,65535,65535
2026-07-31 10:00:44.873,232.31,49736,28742,33929,65535,65535,65535,65535,65535,65535
2026-07-31 10:00:44.920,232.36,49736,28742,33929,65535,65535,65535,65535,65535,65535
2026-07-31 10:00:44.967,232.41,49736,28742,33929,65535,65535,65535,65535,65535,65535
2026-07-31 10:00:45.016,232.45,49736,28742,33929,65535,65535,65535,65535,65535,65535
2026-07-31 10:00:45.064,232.5,49736,28742,33929,65535,65535,65535,65535,65535,65535
2026-07-31 10:00:45.104,232.54,49736,28742,33929,65535,65535,65535,65535,65535,65535
2026-07-31 10:00:45.151,232.59,49736,28742,33929,65535,65535,65535,65535,65535,65535
2026-07-31 10:00:45.200,232.64,49736,28742,33929,65535,65535,65535,65535,65535,65535
2026-07-31 10:00:45.255,232.69,49736,28742,33929,65535,65535,65535,65535,65535,65535
2026-07-31 10:00:45.306,232.74,49736,28742,33929,65535,65535,65535,65535,65535,65535
2026-07-31 10:00:45.351,232.79,49736,28742,33929,65535,65535,65535,65535,65535,65535
2026-07-31 10:00:45.404,232.84,49736,28742,29082,65535,65535,65535,65535,65535,65535
2026-07-31 10:00:45.456,232.89,50448,25150,29082,65535,65535,65535,65535,65535,65535
2026-07-31 10:00:45.507,232.94,50448,25150,29082,65535,65535,65535,65535,65535,65535
2026-07-31 10:00:45.543,232.98,50448,25150,29082,65535,65535,65535,65535,65535,65535
2026-07-31 10:00:45.579,233.02,50448,25150,29082,65535,65535,65535,65535,65535,65535
2026-07-31 10:00:45.626,233.06,50448,25150,29082,65535,65535,65535,65535,65535,65535
2026-07-31 10:00:45.674,233.11,50448,25150,29082,65535,65535,65535,65535,65535,65535
2026-07-31 10:00:45.719,233.16,50448,25150,29082,65535,65535,65535,65535,65535,65535
2026-07-31 10:00:45.765,233.2,50448,25150,29082,65535,65535,65535,65535,65535,65535
2026-07-31 10:00:45.814,233.25,50448,25150,29082,65535,65535,65535,65535,65535,65535
2026-07-31 10:00:45.863,233.3,50448,25150,29082,65535,65535,65535,65535,65535,65535
2026-07-31 10:00:45.910,233.35,50448,25150,29082,65535,65535,65535,65535,65535,65535
2026-07-31 10:00:45.958,233.4,50448,25150,29082,65535,65535,65535,65535,65535,65535
2026-07-31 10:00:46.008,233.45,50092,28742,33929,65535,65535,65535,65535,65535,65535
2026-07-31 10:00:46.051,233.49,50092,28742,33929,65535,65535,65535,65535,65535,65535
2026-07-31 10:00:46.087,233.52,50092,28742,33929,65535,65535,65535,65535,65535,65535
2026-07-31 10:00:46.132,233.57,50092,28742,33929,65535,65535,65535,65535,65535,65535
2026-07-31 10:00:46.182,233.62,50092,28742,33929,65535,65535,65535,65535,65535,65535
2026-07-31 10:00:46.231,233.67,50092,28742,33929,65535,65535,65535,65535,65535,65535
2026-07-31 10:00:46.283,233.72,50092,28742,33929,65535,65535,65535,65535,65535,65535
2026-07-31 10:00:46.331,233.77,50092,28742,33929,65535,65535,65535,65535,65535,65535
2026-07-31 10:00:46.379,233.82,50092,28742,33929,65535,65535,65535,65535,65535,65535
2026-07-31 10:00:46.428,233.87,50092,28742,33929,65535,65535,65535,65535,65535,65535
2026-07-31 10:00:46.476,233.91,50092,28742,33929,65535,65535,65535,65535,65535,65535
2026-07-31 10:00:46.520,233.96,50092,28742,33929,65535,65535,65535,65535,65535,65535
2026-07-31 10:00:46.559,234.0,55671,28742,33929,65535,65535,65535,65535,65535,65535
2026-07-31 10:00:46.602,234.04,55671,33533,33929,65535,65535,65535,65535,65535,65535
2026-07-31 10:00:46.653,234.09,55671,33533,33929,65535,65535,65535,65535,65535,65535
2026-07-31 10:00:46.702,234.14,55671,33533,33929,65535,65535,65535,65535,65535,65535
2026-07-31 10:00:46.748,234.19,55671,33533,33929,65535,65535,65535,65535,65535,65535
2026-07-31 10:00:46.797,234.23,55671,33533,33929,65535,65535,65535,65535,65535,65535
2026-07-31 10:00:46.843,234.28,55671,33533,33929,65535,65535,65535,65535,65535,65535
2026-07-31 10:00:46.893,234.33,55671,33533,33929,65535,65535,65535,65535,65535,65535
2026-07-31 10:00:46.940,234.38,55671,33533,33929,65535,65535,65535,65535,65535,65535
2026-07-31 10:00:46.986,234.42,55671,33533,33929,65535,65535,65535,65535,65535,65535
2026-07-31 10:00:47.024,234.46,55671,33533,33929,65535,65535,65535,65535,65535,65535
2026-07-31 10:00:47.061,234.5,55671,33533,33929,65535,65535,65535,65535,65535,65535
2026-07-31 10:00:47.109,234.55,55671,33533,40714,65535,65535,65535,65535,65535,65535
2026-07-31 10:00:47.163,234.6,62912,28742,40714,65535,65535,65535,65535,65535,65535
2026-07-31 10:00:47.207,234.64,62912,28742,40714,65535,65535,65535,65535,65535,65535
2026-07-31 10:00:47.258,234.7,62912,28742,40714,65535,65535,65535,65535,65535,65535
2026-07-31 10:00:47.309,234.75,62912,28742,40714,65535,65535,65535,65535,65535,65535
2026-07-31 10:00:47.355,234.79,62912,28742,40714,65535,65535,65535,65535,65535,65535
2026-07-31 10:00:47.404,234.84,62912,28742,40714,65535,65535,65535,65535,65535,65535
2026-07-31 10:00:47.454,234.89,62912,28742,40714,65535,65535,65535,65535,65535,65535
2026-07-31 10:00:47.501,234.94,62912,28742,40714,65535,65535,65535,65535,65535,65535
2026-07-31 10:00:47.538,234.98,62912,28742,40714,65535,65535,65535,65535,65535,65535
2026-07-31 10:00:47.572,235.01,62912,28742,40714,65535,65535,65535,65535,65535,65535
2026-07-31 10:00:47.619,235.06,62912,28742,40714,65535,65535,65535,65535,65535,65535
2026-07-31 10:00:47.668,235.11,62912,28742,40714,65535,65535,65535,65535,65535,65535
2026-07-31 10:00:47.715,235.15,50211,28742,40714,65535,65535,65535,65535,65535,65535
2026-07-31 10:00:47.762,235.2,50211,28742,40714,65535,65535,65535,65535,65535,65535
2026-07-31 10:00:47.810,235.25,50211,28742,40714,65535,65535,65535,65535,65535,65535
2026-07-31 10:00:47.856,235.29,50211,28742,40714,65535,65535,65535,65535,65535,65535
2026-07-31 10:00:47.906,235.34,50211,28742,40714,65535,65535,65535,65535,65535,65535
2026-07-31 10:00:47.952,235.39,50211,28742,40714,65535,65535,65535,65535,65535,65535
2026-07-31 10:00:47.999,235.44,50211,28742,40714,65535,65535,65535,65535,65535,65535
2026-07-31 10:00:48.040,235.48,50211,28742,40714,65535,65535,65535,65535,65535,65535
2026-07-31 10:00:48.079,235.52,50211,28742,40714,65535,65535,65535,65535,65535,65535
2026-07-31 10:00:48.126,235.56,50211,28742,40714,65535,65535,65535,65535,65535,65535
2026-07-31 10:00:48.171,235.61,50211,28742,40714,65535,65535,65535,65535,65535,65535
2026-07-31 10:00:48.219,235.66,50211,28742,40714,65535,65535,65535,65535,65535,65535
2026-07-31 10:00:48.266,235.7,57570,28742,40714,65535,65535,65535,65535,65535,65535
2026-07-31 10:00:48.312,235.75,57570,28742,40714,65535,65535,65535,65535,65535,65535
2026-07-31 10:00:48.357,235.8,57570,28742,40714,65535,65535,65535,65535,65535,65535
2026-07-31 10:00:48.406,235.84,57570,28742,40714,65535,65535,65535,65535,65535,65535
2026-07-31 10:00:48.454,235.89,57570,28742,40714,65535,65535,65535,65535,65535,65535
2026-07-31 10:00:48.504,235.94,57570,28742,40714,65535,65535,65535,65535,65535,65535
2026-07-31 10:00:48.551,235.99,57570,28742,40714,65535,65535,65535,65535,65535,65535
2026-07-31 10:00:48.588,236.03,57570,28742,40714,65535,65535,65535,65535,65535,65535
2026-07-31 10:00:48.623,236.06,57570,28742,40714,65535,65535,65535,65535,65535,65535
2026-07-31 10:00:48.667,236.11,57570,28742,40714,65535,65535,65535,65535,65535,65535
2026-07-31 10:00:48.719,236.16,57570,28742,40714,65535,65535,65535,65535,65535,65535
2026-07-31 10:00:48.766,236.2,57570,28742,40714,65535,65535,65535,65535,65535,65535
2026-07-31 10:00:48.812,236.25,57570,28742,33632,65535,65535,65535,65535,65535,65535
2026-07-31 10:00:48.859,236.3,50092,28742,33632,65535,65535,65535,65535,65535,65535
2026-07-31 10:00:48.909,236.35,50092,28742,33632,65535,65535,65535,65535,65535,65535
2026-07-31 10:00:48.955,236.39,50092,28742,33632,65535,65535,65535,65535,65535,65535
2026-07-31 10:00:49.006,236.44,50092,28742,33632,65535,65535,65535,65535,65535,65535
2026-07-31 10:00:49.052,236.49,50092,28742,33632,65535,65535,65535,65535,65535,65535
2026-07-31 10:00:49.088,236.53,50092,28742,33632,65535,65535,65535,65535,65535,65535
2026-07-31 10:00:49.137,236.57,50092,28742,33632,65535,65535,65535,65535,65535,65535
2026-07-31 10:00:49.185,236.62,50092,28742,33632,65535,65535,65535,65535,65535,65535
2026-07-31 10:00:49.230,236.67,50092,28742,33632,65535,65535,65535,65535,65535,65535
2026-07-31 10:00:49.278,236.72,50092,28742,33632,65535,65535,65535,65535,65535,65535
2026-07-31 10:00:49.329,236.77,50092,28742,33632,65535,65535,65535,65535,65535,65535
2026-07-31 10:00:49.378,236.82,50092,28742,33830,65535,65535,65535,65535,65535,65535
2026-07-31 10:00:49.424,236.86,50092,33830,33830,65535,65535,65535,65535,65535,65535
2026-07-31 10:00:49.469,236.91,50092,33830,33830,65535,65535,65535,65535,65535,65535
2026-07-31 10:00:49.520,236.96,50092,33830,33830,65535,65535,65535,65535,65535,65535
2026-07-31 10:00:49.564,237.0,50092,33830,33830,65535,65535,65535,65535,65535,65535
2026-07-31 10:00:49.604,237.04,50092,33830,33830,65535,65535,65535,65535,65535,65535
2026-07-31 10:00:49.648,237.09,50092,33830,33830,65535,65535,65535,65535,65535,65535
2026-07-31 10:00:49.700,237.14,50092,33830,33830,65535,65535,65535,65535,65535,65535
2026-07-31 10:00:49.746,237.18,50092,33830,33830,65535,65535,65535,65535,65535,65535
2026-07-31 10:00:49.792,237.23,50092,33830,33830,65535,65535,65535,65535,65535,65535
2026-07-31 10:00:49.841,237.28,50092,33830,33830,65535,65535,65535,65535,65535,65535
2026-07-31 10:00:49.888,237.33,50092,33830,33830,65535,65535,65535,65535,65535,65535
2026-07-31 10:00:49.938,237.38,50092,33830,33830,65535,65535,65535,65535,65535,65535
2026-07-31 10:00:49.984,237.42,62615,33533,33830,65535,65535,65535,65535,65535,65535
2026-07-31 10:00:50.030,237.47,62615,33533,33830,65535,65535,65535,65535,65535,65535
2026-07-31 10:00:50.069,237.51,62615,33533,33830,65535,65535,65535,65535,65535,65535
2026-07-31 10:00:50.114,237.55,62615,33533,33830,65535,65535,65535,65535,65535,65535
2026-07-31 10:00:50.159,237.6,62615,33533,33830,65535,65535,65535,65535,65535,65535
2026-07-31 10:00:50.203,237.64,62615,33533,33830,65535,65535,65535,65535,65535,65535
2026-07-31 10:00:50.253,237.69,62615,33533,33830,65535,65535,65535,65535,65535,65535
2026-07-31 10:00:50.300,237.74,62615,33533,33830,65535,65535,65535,65535,65535,65535
2026-07-31 10:00:50.345,237.78,62615,33533,33830,65535,65535,65535,65535,65535,65535
2026-07-31 10:00:50.395,237.83,62615,33533,33830,65535,65535,65535,65535,65535,65535
2026-07-31 10:00:50.442,237.88,62615,33533,33830,65535,65535,65535,65535,65535,65535
2026-07-31 10:00:50.490,237.93,62615,33533,33830,65535,65535,65535,65535,65535,65535
2026-07-31 10:00:50.538,237.98,50092,33533,33929,65535,65535,65535,65535,65535,65535
2026-07-31 10:00:50.575,238.01,50092,33533,33929,65535,65535,65535,65535,65535,65535
2026-07-31 10:00:50.620,238.06,50092,33533,33929,65535,65535,65535,65535,65535,65535
2026-07-31 10:00:50.668,238.11,50092,33533,33929,65535,65535,65535,65535,65535,65535
2026-07-31 10:00:50.713,238.15,50092,33533,33929,65535,65535,65535,65535,65535,65535
2026-07-31 10:00:50.758,238.2,50092,33533,33929,65535,65535,65535,65535,65535,65535
2026-07-31 10:00:50.805,238.24,50092,33533,33929,65535,65535,65535,65535,65535,65535
2026-07-31 10:00:50.855,238.29,50092,33533,33929,65535,65535,65535,65535,65535,65535
2026-07-31 10:00:50.901,238.34,50092,33533,33929,65535,65535,65535,65535,65535,65535
2026-07-31 10:00:50.946,238.38,50092,33533,33929,65535,65535,65535,65535,65535,65535
2026-07-31 10:00:50.993,238.43,50092,33533,33929,65535,65535,65535,65535,65535,65535
2026-07-31 10:00:51.040,238.48,50092,33533,33929,65535,65535,65535,65535,65535,65535
2026-07-31 10:00:51.078,238.52,50092,33533,33929,65535,65535,65535,65535,65535,65535
2026-07-31 10:00:51.124,238.56,63060,28912,33929,65535,65535,65535,65535,65535,65535
2026-07-31 10:00:51.170,238.61,63060,28912,33929,65535,65535,65535,65535,65535,65535
2026-07-31 10:00:51.218,238.66,63060,28912,33929,65535,65535,65535,65535,65535,65535
2026-07-31 10:00:51.268,238.71,63060,28912,33929,65535,65535,65535,65535,65535,65535
2026-07-31 10:00:51.314,238.75,63060,28912,33929,65535,65535,65535,65535,65535,65535
2026-07-31 10:00:51.361,238.8,63060,28912,33929,65535,65535,65535,65535,65535,65535
2026-07-31 10:00:51.409,238.85,63060,28912,33929,65535,65535,65535,65535,65535,65535
2026-07-31 10:00:51.460,238.9,63060,28912,33929,65535,65535,65535,65535,65535,65535
2026-07-31 10:00:51.505,238.94,63060,28912,33929,65535,65535,65535,65535,65535,65535
2026-07-31 10:00:51.553,238.99,63060,28912,33929,65535,65535,65535,65535,65535,65535
2026-07-31 10:00:51.589,239.03,63060,28912,33929,65535,65535,65535,65535,65535,65535
2026-07-31 10:00:51.639,239.08,63060,28912,33830,65535,65535,65535,65535,65535,65535
2026-07-31 10:00:51.687,239.12,50211,28742,33830,65535,65535,65535,65535,65535,65535
2026-07-31 10:00:51.736,239.17,50211,28742,33830,65535,65535,65535,65535,65535,65535
2026-07-31 10:00:51.782,239.22,50211,28742,33830,65535,65535,65535,65535,65535,65535
2026-07-31 10:00:51.827,239.26,50211,28742,33830,65535,65535,65535,65535,65535,65535
2026-07-31 10:00:51.879,239.32,50211,28742,33830,65535,65535,65535,65535,65535,65535
2026-07-31 10:00:51.925,239.36,50211,28742,33830,65535,65535,65535,65535,65535,65535
2026-07-31 10:00:51.971,239.41,50211,28742,33830,65535,65535,65535,65535,65535,65535
2026-07-31 10:00:52.020,239.46,50211,28742,33830,65535,65535,65535,65535,65535,65535
2026-07-31 10:00:52.066,239.5,50211,28742,33830,65535,65535,65535,65535,65535,65535
2026-07-31 10:00:52.106,239.54,50211,28742,33830,65535,65535,65535,65535,65535,65535
2026-07-31 10:00:52.150,239.59,50211,28742,33830,65535,65535,65535,65535,65535,65535
2026-07-31 10:00:52.203,239.64,50211,28742,33929,65535,65535,65535,65535,65535,65535
2026-07-31 10:00:52.250,239.69,62912,33830,33929,65535,65535,65535,65535,65535,65535
2026-07-31 10:00:52.301,239.74,62912,33830,33929,65535,65535,65535,65535,65535,65535
2026-07-31 10:00:52.348,239.79,62912,33830,33929,65535,65535,65535,65535,65535,65535
2026-07-31 10:00:52.395,239.83,62912,33830,33929,65535,65535,65535,65535,65535,65535
2026-07-31 10:00:52.442,239.88,62912,33830,33929,65535,65535,65535,65535,65535,65535
2026-07-31 10:00:52.489,239.93,62912,33830,33929,65535,65535,65535,65535,65535,65535
2026-07-31 10:00:52.537,239.98,62912,33830,33929,65535,65535,65535,65535,65535,65535
2026-07-31 10:00:52.576,240.01,62912,33830,33929,65535,65535,65535,65535,65535,65535
2026-07-31 10:00:52.620,240.06,62912,33830,33929,65535,65535,65535,65535,65535,65535
2026-07-31 10:00:52.668,240.11,62912,33830,33929,65535,65535,65535,65535,65535,65535
2026-07-31 10:00:52.715,240.15,62912,33830,33929,65535,65535,65535,65535,65535,65535
2026-07-31 10:00:52.789,240.23,50329,33830,40714,65535,65535,65535,65535,65535,65535
2026-07-31 10:00:52.836,240.27,50329,33533,40714,65535,65535,65535,65535,65535,65535
2026-07-31 10:00:52.881,240.32,50329,33533,40714,65535,65535,65535,65535,65535,65535
2026-07-31 10:00:52.929,240.37,50329,33533,40714,65535,65535,65535,65535,65535,65535
2026-07-31 10:00:52.978,240.42,50329,33533,40714,65535,65535,65535,65535,65535,65535
2026-07-31 10:00:53.027,240.47,50329,33533,40714,65535,65535,65535,65535,65535,65535
2026-07-31 10:00:53.063,240.5,50329,33533,40714,65535,65535,65535,65535,65535,65535
2026-07-31 10:00:53.100,240.54,50329,33533,40714,65535,65535,65535,65535,65535,65535
2026-07-31 10:00:53.143,240.58,50329,33533,40714,65535,65535,65535,65535,65535,65535
2026-07-31 10:00:53.194,240.63,50329,33533,40714,65535,65535,65535,65535,65535,65535
2026-07-31 10:00:53.240,240.68,50329,33533,40714,65535,65535,65535,65535,65535,65535
2026-07-31 10:00:53.286,240.72,50329,33533,40714,65535,65535,65535,65535,65535,65535
2026-07-31 10:00:53.337,240.77,50329,33533,40358,65535,65535,65535,65535,65535,65535
2026-07-31 10:00:53.383,240.82,62615,33731,40358,65535,65535,65535,65535,65535,65535
2026-07-31 10:00:53.433,240.87,62615,33731,40358,65535,65535,65535,65535,65535,65535
2026-07-31 10:00:53.477,240.92,62615,33731,40358,65535,65535,65535,65535,65535,65535
2026-07-31 10:00:53.524,240.96,62615,33731,40358,65535,65535,65535,65535,65535,65535
2026-07-31 10:00:53.567,241.0,62615,33731,40358,65535,65535,65535,65535,65535,65535
2026-07-31 10:00:53.604,241.04,62615,33731,40358,65535,65535,65535,65535,65535,65535
2026-07-31 10:00:53.650,241.09,62615,33731,40358,65535,65535,65535,65535,65535,65535
2026-07-31 10:00:53.697,241.14,62615,33731,40358,65535,65535,65535,65535,65535,65535
2026-07-31 10:00:53.743,241.18,62615,33731,40358,65535,65535,65535,65535,65535,65535
2026-07-31 10:00:53.792,241.23,62615,33731,40358,65535,65535,65535,65535,65535,65535
2026-07-31 10:00:53.841,241.28,62615,33731,40358,65535,65535,65535,65535,65535,65535
2026-07-31 10:00:53.885,241.32,62615,33731,40358,65535,65535,65535,65535,65535,65535
2026-07-31 10:00:53.933,241.37,62912,33533,40714,65535,65535,65535,65535,65535,65535
2026-07-31 10:00:53.980,241.42,62912,33533,40714,65535,65535,65535,65535,65535,65535
2026-07-31 10:00:54.027,241.46,62912,33533,40714,65535,65535,65535,65535,65535,65535
2026-07-31 10:00:54.076,241.51,62912,33533,40714,65535,65535,65535,65535,65535,65535
2026-07-31 10:00:54.112,241.55,62912,33533,40714,65535,65535,65535,65535,65535,65535
2026-07-31 10:00:54.157,241.6,62912,33533,40714,65535,65535,65535,65535,65535,65535
2026-07-31 10:00:54.203,241.64,62912,33533,40714,65535,65535,65535,65535,65535,65535
2026-07-31 10:00:54.252,241.69,62912,33533,40714,65535,65535,65535,65535,65535,65535
2026-07-31 10:00:54.301,241.74,62912,33533,40714,65535,65535,65535,65535,65535,65535
2026-07-31 10:00:54.347,241.78,62912,33533,40714,65535,65535,65535,65535,65535,65535
2026-07-31 10:00:54.393,241.83,62912,33533,40714,65535,65535,65535,65535,65535,65535
2026-07-31 10:00:54.441,241.88,62912,33533,40714,65535,65535,65535,65535,65535,65535
2026-07-31 10:00:54.491,241.93,50211,33533,33929,65535,65535,65535,65535,65535,65535
2026-07-31 10:00:54.538,241.98,50211,28742,33929,65535,65535,65535,65535,65535,65535
2026-07-31 10:00:54.574,242.01,50211,28742,33929,65535,65535,65535,65535,65535,65535
2026-07-31 10:00:54.609,242.05,50211,28742,33929,65535,65535,65535,65535,65535,65535
2026-07-31 10:00:54.658,242.1,50211,28742,33929,65535,65535,65535,65535,65535,65535
2026-07-31 10:00:54.703,242.14,50211,28742,33929,65535,65535,65535,65535,65535,65535
2026-07-31 10:00:54.748,242.19,50211,28742,33929,65535,65535,65535,65535,65535,65535
2026-07-31 10:00:54.794,242.23,50211,28742,33929,65535,65535,65535,65535,65535,65535
2026-07-31 10:00:54.844,242.28,50211,28742,33929,65535,65535,65535,65535,65535,65535
2026-07-31 10:00:54.891,242.33,50211,28742,33929,65535,65535,65535,65535,65535,65535
2026-07-31 10:00:54.937,242.38,50211,28742,33929,65535,65535,65535,65535,65535,65535
2026-07-31 10:00:54.983,242.42,50211,28742,33929,65535,65535,65535,65535,65535,65535
2026-07-31 10:00:55.031,242.47,50211,28742,40596,65535,65535,65535,65535,65535,65535
2026-07-31 10:00:55.073,242.51,50211,33632,40596,65535,65535,65535,65535,65535,65535
2026-07-31 10:00:55.110,242.55,50211,33632,40596,65535,65535,65535,65535,65535,65535
2026-07-31 10:00:55.156,242.59,50211,33632,40596,65535,65535,65535,65535,65535,65535
2026-07-31 10:00:55.206,242.64,50211,33632,40596,65535,65535,65535,65535,65535,65535
2026-07-31 10:00:55.256,242.69,50211,33632,40596,65535,65535,65535,65535,65535,65535
2026-07-31 10:00:55.304,242.74,50211,33632,40596,65535,65535,65535,65535,65535,65535
2026-07-31 10:00:55.353,242.79,50211,33632,40596,65535,65535,65535,65535,65535,65535
2026-07-31 10:00:55.400,242.84,50211,33632,40596,65535,65535,65535,65535,65535,65535
2026-07-31 10:00:55.449,242.89,50211,33632,40596,65535,65535,65535,65535,65535,65535
2026-07-31 10:00:55.495,242.93,50211,33632,40596,65535,65535,65535,65535,65535,65535
2026-07-31 10:00:55.544,242.98,50211,33632,40596,65535,65535,65535,65535,65535,65535
2026-07-31 10:00:55.592,243.03,50211,33632,33929,65535,65535,65535,65535,65535,65535
2026-07-31 10:00:55.630,243.07,50211,33533,33929,65535,65535,65535,65535,65535,65535
2026-07-31 10:00:55.675,243.11,50211,33533,33929,65535,65535,65535,65535,65535,65535
2026-07-31 10:00:55.725,243.16,50211,33533,33929,65535,65535,65535,65535,65535,65535
2026-07-31 10:00:55.773,243.21,50211,33533,33929,65535,65535,65535,65535,65535,65535
2026-07-31 10:00:55.820,243.26,50211,33533,33929,65535,65535,65535,65535,65535,65535
2026-07-31 10:00:55.869,243.31,50211,33533,33929,65535,65535,65535,65535,65535,65535
2026-07-31 10:00:55.918,243.36,50211,33533,33929,65535,65535,65535,65535,65535,65535
2026-07-31 10:00:55.962,243.4,50211,33533,33929,65535,65535,65535,65535,65535,65535
2026-07-31 10:00:56.010,243.45,50211,33533,33929,65535,65535,65535,65535,65535,65535
2026-07-31 10:00:56.056,243.49,50211,33533,33929,65535,65535,65535,65535,65535,65535
2026-07-31 10:00:56.096,243.53,50211,33533,33929,65535,65535,65535,65535,65535,65535
2026-07-31 10:00:56.141,243.58,50211,33533,33929,65535,65535,65535,65535,65535,65535
2026-07-31 10:00:56.192,243.63,50211,33533,40714,65535,65535,65535,65535,65535,65535
2026-07-31 10:00:56.239,243.68,50211,28742,40714,65535,65535,65535,65535,65535,65535
2026-07-31 10:00:56.286,243.72,50211,28742,40714,65535,65535,65535,65535,65535,65535
2026-07-31 10:00:56.336,243.77,50211,28742,40714,65535,65535,65535,65535,65535,65535
2026-07-31 10:00:56.389,243.83,50211,28742,40714,65535,65535,65535,65535,65535,65535
2026-07-31 10:00:56.437,243.87,50211,28742,40714,65535,65535,65535,65535,65535,65535
2026-07-31 10:00:56.483,243.92,50211,28742,40714,65535,65535,65535,65535,65535,65535
2026-07-31 10:00:56.529,243.97,50211,28742,40714,65535,65535,65535,65535,65535,65535
2026-07-31 10:00:56.573,244.01,50211,28742,40714,65535,65535,65535,65535,65535,65535
2026-07-31 10:00:56.609,244.05,50211,28742,40714,65535,65535,65535,65535,65535,65535
2026-07-31 10:00:56.654,244.09,50211,28742,40714,65535,65535,65535,65535,65535,65535
2026-07-31 10:00:56.704,244.14,50211,28742,40714,65535,65535,65535,65535,65535,65535
2026-07-31 10:00:56.750,244.19,62615,28742,33929,65535,65535,65535,65535,65535,65535
2026-07-31 10:00:56.797,244.24,62615,28742,33929,65535,65535,65535,65535,65535,65535
2026-07-31 10:00:56.846,244.28,62615,28742,33929,65535,65535,65535,65535,65535,65535
2026-07-31 10:00:56.893,244.33,62615,28742,33929,65535,65535,65535,65535,65535,65535
2026-07-31 10:00:56.943,244.38,62615,28742,33929,65535,65535,65535,65535,65535,65535
2026-07-31 10:00:56.989,244.43,62615,28742,33929,65535,65535,65535,65535,65535,65535
2026-07-31 10:00:57.036,244.47,62615,28742,33929,65535,65535,65535,65535,65535,65535
2026-07-31 10:00:57.075,244.51,62615,28742,33929,65535,65535,65535,65535,65535,65535
2026-07-31 10:00:57.110,244.55,62615,28742,33929,65535,65535,65535,65535,65535,65535
2026-07-31 10:00:57.154,244.59,62615,28742,33929,65535,65535,65535,65535,65535,65535
2026-07-31 10:00:57.204,244.64,62615,28742,33929,65535,65535,65535,65535,65535,65535
2026-07-31 10:00:57.253,244.69,62615,28742,33929,65535,65535,65535,65535,65535,65535
2026-07-31 10:00:57.300,244.74,62615,28742,33731,65535,65535,65535,65535,65535,65535
2026-07-31 10:00:57.348,244.79,62763,33632,33731,65535,65535,65535,65535,65535,65535
2026-07-31 10:00:57.395,244.83,62763,33632,33731,65535,65535,65535,65535,65535,65535
2026-07-31 10:00:57.444,244.88,62763,33632,33731,65535,65535,65535,65535,65535,65535
2026-07-31 10:00:57.492,244.93,62763,33632,33731,65535,65535,65535,65535,65535,65535
2026-07-31 10:00:57.538,244.98,62763,33632,33731,65535,65535,65535,65535,65535,65535
2026-07-31 10:00:57.588,245.03,62763,33632,33731,65535,65535,65535,65535,65535,65535
2026-07-31 10:00:57.625,245.06,62763,33632,33731,65535,65535,65535,65535,65535,65535
2026-07-31 10:00:57.671,245.11,62763,33632,33731,65535,65535,65535,65535,65535,65535
2026-07-31 10:00:57.718,245.16,62763,33632,33731,65535,65535,65535,65535,65535,65535
2026-07-31 10:00:57.766,245.2,62763,33632,33731,65535,65535,65535,65535,65535,65535
2026-07-31 10:00:57.812,245.25,62763,33632,33731,65535,65535,65535,65535,65535,65535
2026-07-31 10:00:57.861,245.3,62763,33632,33929,65535,65535,65535,65535,65535,65535
2026-07-31 10:00:57.909,245.35,62763,28742,33929,65535,65535,65535,65535,65535,65535
2026-07-31 10:00:57.956,245.39,62763,28742,33929,65535,65535,65535,65535,65535,65535
2026-07-31 10:00:58.006,245.44,62763,28742,33929,65535,65535,65535,65535,65535,65535
2026-07-31 10:00:58.052,245.49,62763,28742,33929,65535,65535,65535,65535,65535,65535
2026-07-31 10:00:58.091,245.53,62763,28742,33929,65535,65535,65535,65535,65535,65535
2026-07-31 10:00:58.137,245.57,62763,28742,33929,65535,65535,65535,65535,65535,65535
2026-07-31 10:00:58.184,245.62,62763,28742,33929,65535,65535,65535,65535,65535,65535
2026-07-31 10:00:58.233,245.67,62763,28742,33929,65535,65535,65535,65535,65535,65535
2026-07-31 10:00:58.281,245.72,62763,28742,33929,65535,65535,65535,65535,65535,65535
2026-07-31 10:00:58.329,245.77,62763,28742,33929,65535,65535,65535,65535,65535,65535
2026-07-31 10:00:58.374,245.81,62763,28742,33929,65535,65535,65535,65535,65535,65535
2026-07-31 10:00:58.423,245.86,62763,28742,40714,65535,65535,65535,65535,65535,65535
2026-07-31 10:00:58.471,245.91,62615,28742,40714,65535,65535,65535,65535,65535,65535
2026-07-31 10:00:58.518,245.96,62615,28742,40714,65535,65535,65535,65535,65535,65535
2026-07-31 10:00:58.568,246.01,62615,28742,40714,65535,65535,65535,65535,65535,65535
2026-07-31 10:00:58.609,246.05,62615,28742,40714,65535,65535,65535,65535,65535,65535
2026-07-31 10:00:58.653,246.09,62615,28742,40714,65535,65535,65535,65535,65535,65535
2026-07-31 10:00:58.702,246.14,62615,28742,40714,65535,65535,65535,65535,65535,65535
2026-07-31 10:00:58.750,246.19,62615,28742,40714,65535,65535,65535,65535,65535,65535
2026-07-31 10:00:58.788,246.23,62615,28742,40714,65535,65535,65535,65535,65535,65535
2026-07-31 10:00:58.838,246.28,62615,28742,40714,65535,65535,65535,65535,65535,65535
2026-07-31 10:00:58.884,246.32,62615,28742,40714,65535,65535,65535,65535,65535,65535
2026-07-31 10:00:58.934,246.37,62615,28742,40714,65535,65535,65535,65535,65535,65535
2026-07-31 10:00:58.979,246.42,62615,28742,40714,65535,65535,65535,65535,65535,65535
2026-07-31 10:00:59.028,246.47,62763,28742,33929,65535,65535,65535,65535,65535,65535
2026-07-31 10:00:59.069,246.51,62763,28742,33929,65535,65535,65535,65535,65535,65535
2026-07-31 10:00:59.117,246.55,62763,28742,33929,65535,65535,65535,65535,65535,65535
2026-07-31 10:00:59.169,246.61,62763,28742,33929,65535,65535,65535,65535,65535,65535
2026-07-31 10:00:59.222,246.66,62763,28742,33929,65535,65535,65535,65535,65535,65535
2026-07-31 10:00:59.275,246.71,62763,28742,33929,65535,65535,65535,65535,65535,65535
2026-07-31 10:00:59.342,246.78,62763,28742,33929,65535,65535,65535,65535,65535,65535
2026-07-31 10:00:59.444,246.88,62763,28742,33929,65535,65535,65535,65535,65535,65535
2026-07-31 10:00:59.502,246.94,62763,28742,33929,65535,65535,65535,65535,65535,65535
2026-07-31 10:00:59.583,247.02,55315,28742,33830,65535,65535,65535,65535,65535,65535
2026-07-31 10:00:59.660,247.1,55315,28742,33830,65535,65535,65535,65535,65535,65535
2026-07-31 10:00:59.700,247.14,55315,28742,33830,65535,65535,65535,65535,65535,65535
2026-07-31 10:00:59.757,247.2,55315,28742,33830,65535,65535,65535,65535,65535,65535
2026-07-31 10:00:59.808,247.25,55315,28742,33830,65535,65535,65535,65535,65535,65535
2026-07-31 10:00:59.871,247.31,55315,28742,33830,65535,65535,65535,65535,65535,65535
2026-07-31 10:00:59.928,247.37,55315,28742,33830,65535,65535,65535,65535,65535,65535
2026-07-31 10:00:59.980,247.42,55315,28742,33830,65535,65535,65535,65535,65535,65535
2026-07-31 10:01:00.028,247.47,55315,28742,33830,65535,65535,65535,65535,65535,65535
2026-07-31 10:01:00.078,247.52,55315,28742,33830,65535,65535,65535,65535,65535,65535
2026-07-31 10:01:00.116,247.55,55315,28742,33929,65535,65535,65535,65535,65535,65535
2026-07-31 10:01:00.152,247.59,50092,28742,33929,65535,65535,65535,65535,65535,65535
2026-07-31 10:01:00.201,247.64,50092,28742,33929,65535,65535,65535,65535,65535,65535
2026-07-31 10:01:00.260,247.7,50092,28742,33929,65535,65535,65535,65535,65535,65535
2026-07-31 10:01:00.312,247.75,50092,28742,33929,65535,65535,65535,65535,65535,65535
2026-07-31 10:01:00.365,247.8,50092,28742,33929,65535,65535,65535,65535,65535,65535
2026-07-31 10:01:00.435,247.87,50092,28742,33929,65535,65535,65535,65535,65535,65535
2026-07-31 10:01:00.488,247.93,50092,28742,33929,65535,65535,65535,65535,65535,65535
2026-07-31 10:01:00.540,247.98,50092,28742,33929,65535,65535,65535,65535,65535,65535
2026-07-31 10:01:00.580,248.02,50092,28742,33929,65535,65535,65535,65535,65535,65535
2026-07-31 10:01:00.619,248.06,50092,28742,33929,65535,65535,65535,65535,65535,65535
2026-07-31 10:01:00.669,248.11,50092,28742,33929,65535,65535,65535,65535,65535,65535
2026-07-31 10:01:00.722,248.16,50211,28827,33929,65535,65535,65535,65535,65535,65535
2026-07-31 10:01:00.771,248.21,50211,28827,33929,65535,65535,65535,65535,65535,65535
2026-07-31 10:01:00.821,248.26,50211,28827,33929,65535,65535,65535,65535,65535,65535
2026-07-31 10:01:00.872,248.31,50211,28827,33929,65535,65535,65535,65535,65535,65535
2026-07-31 10:01:00.923,248.36,50211,28827,33929,65535,65535,65535,65535,65535,65535
2026-07-31 10:01:00.971,248.41,50211,28827,33929,65535,65535,65535,65535,65535,65535
2026-07-31 10:01:01.019,248.46,50211,28827,33929,65535,65535,65535,65535,65535,65535
2026-07-31 10:01:01.066,248.5,50211,28827,33929,65535,65535,65535,65535,65535,65535
2026-07-31 10:01:01.101,248.54,50211,28827,33929,65535,65535,65535,65535,65535,65535
2026-07-31 10:01:01.147,248.58,50211,28827,33929,65535,65535,65535,65535,65535,65535
2026-07-31 10:01:01.194,248.63,50211,28827,33929,65535,65535,65535,65535,65535,65535
2026-07-31 10:01:01.241,248.68,50211,28827,33830,65535,65535,65535,65535,65535,65535
2026-07-31 10:01:01.287,248.73,50211,33533,33830,65535,65535,65535,65535,65535,65535
2026-07-31 10:01:01.335,248.77,50211,33533,33830,65535,65535,65535,65535,65535,65535
2026-07-31 10:01:01.385,248.82,50211,33533,33830,65535,65535,65535,65535,65535,65535
2026-07-31 10:01:01.430,248.87,50211,33533,33830,65535,65535,65535,65535,65535,65535
2026-07-31 10:01:01.478,248.92,50211,33533,33830,65535,65535,65535,65535,65535,65535
2026-07-31 10:01:01.525,248.96,50211,33533,33830,65535,65535,65535,65535,65535,65535
2026-07-31 10:01:01.572,249.01,50211,33533,33830,65535,65535,65535,65535,65535,65535
2026-07-31 10:01:01.611,249.05,50211,33533,33830,65535,65535,65535,65535,65535,65535
2026-07-31 10:01:01.659,249.1,50211,33533,33830,65535,65535,65535,65535,65535,65535
2026-07-31 10:01:01.709,249.15,50211,33533,33830,65535,65535,65535,65535,65535,65535
2026-07-31 10:01:01.759,249.2,50211,33533,33830,65535,65535,65535,65535,65535,65535
2026-07-31 10:01:01.806,249.24,50211,33533,33929,65535,65535,65535,65535,65535,65535
2026-07-31 10:01:01.852,249.29,50092,28742,33929,65535,65535,65535,65535,65535,65535
2026-07-31 10:01:01.907,249.35,50092,28742,33929,65535,65535,65535,65535,65535,65535
2026-07-31 10:01:01.952,249.39,50092,28742,33929,65535,65535,65535,65535,65535,65535
2026-07-31 10:01:01.997,249.44,50092,28742,33929,65535,65535,65535,65535,65535,65535
2026-07-31 10:01:02.043,249.48,50092,28742,33929,65535,65535,65535,65535,65535,65535
2026-07-31 10:01:02.084,249.52,50092,28742,33929,65535,65535,65535,65535,65535,65535
2026-07-31 10:01:02.122,249.56,50092,28742,33929,65535,65535,65535,65535,65535,65535
2026-07-31 10:01:02.166,249.6,50092,28742,33929,65535,65535,65535,65535,65535,65535
2026-07-31 10:01:02.214,249.65,50092,28742,33929,65535,65535,65535,65535,65535,65535
2026-07-31 10:01:02.263,249.7,50092,28742,33929,65535,65535,65535,65535,65535,65535
2026-07-31 10:01:02.310,249.75,50092,28742,33929,65535,65535,65535,65535,65535,65535
2026-07-31 10:01:02.356,249.79,50092,28742,33929,65535,65535,65535,65535,65535,65535
2026-07-31 10:01:02.404,249.84,63060,28742,40714,65535,65535,65535,65535,65535,65535
2026-07-31 10:01:02.451,249.89,63060,28742,40714,65535,65535,65535,65535,65535,65535
2026-07-31 10:01:02.500,249.94,63060,28742,40714,65535,65535,65535,65535,65535,65535
2026-07-31 10:01:02.548,249.99,63060,28742,40714,65535,65535,65535,65535,65535,65535
2026-07-31 10:01:02.597,250.04,63060,28742,40714,65535,65535,65535,65535,65535,65535
2026-07-31 10:01:02.632,250.07,63060,28742,40714,65535,65535,65535,65535,65535,65535
2026-07-31 10:01:02.680,250.12,63060,28742,40714,65535,65535,65535,65535,65535,65535
2026-07-31 10:01:02.728,250.17,63060,28742,40714,65535,65535,65535,65535,65535,65535
2026-07-31 10:01:02.772,250.21,63060,28742,40714,65535,65535,65535,65535,65535,65535
2026-07-31 10:01:02.818,250.26,63060,28742,40714,65535,65535,65535,65535,65535,65535
2026-07-31 10:01:02.868,250.31,63060,28742,40714,65535,65535,65535,65535,65535,65535
2026-07-31 10:01:02.918,250.36,63060,28742,40714,65535,65535,65535,65535,65535,65535
2026-07-31 10:01:02.964,250.4,62763,28742,40714,65535,65535,65535,65535,65535,65535
2026-07-31 10:01:03.010,250.45,62763,28742,40714,65535,65535,65535,65535,65535,65535
2026-07-31 10:01:03.056,250.49,62763,28742,40714,65535,65535,65535,65535,65535,65535
2026-07-31 10:01:03.105,250.54,62763,28742,40714,65535,65535,65535,65535,65535,65535
2026-07-31 10:01:03.145,250.58,62763,28742,40714,65535,65535,65535,65535,65535,65535
2026-07-31 10:01:03.190,250.63,62763,28742,40714,65535,65535,65535,65535,65535,65535
2026-07-31 10:01:03.238,250.68,62763,28742,40714,65535,65535,65535,65535,65535,65535
2026-07-31 10:01:03.283,250.72,62763,28742,40714,65535,65535,65535,65535,65535,65535
2026-07-31 10:01:03.332,250.77,62763,28742,40714,65535,65535,65535,65535,65535,65535
2026-07-31 10:01:03.380,250.82,62763,28742,40714,65535,65535,65535,65535,65535,65535
2026-07-31 10:01:03.428,250.87,62763,28742,40714,65535,65535,65535,65535,65535,65535
2026-07-31 10:01:03.477,250.92,62763,28742,40714,65535,65535,65535,65535,65535,65535
2026-07-31 10:01:03.526,250.96,50448,28742,33929,65535,65535,65535,65535,65535,65535
2026-07-31 10:01:03.573,251.01,50448,33533,33929,65535,65535,65535,65535,65535,65535
2026-07-31 10:01:03.613,251.05,50448,33533,33929,65535,65535,65535,65535,65535,65535
2026-07-31 10:01:03.653,251.09,50448,33533,33929,65535,65535,65535,65535,65535,65535
2026-07-31 10:01:03.697,251.13,50448,33533,33929,65535,65535,65535,65535,65535,65535
2026-07-31 10:01:03.742,251.18,50448,33533,33929,65535,65535,65535,65535,65535,65535
2026-07-31 10:01:03.787,251.23,50448,33533,33929,65535,65535,65535,65535,65535,65535
2026-07-31 10:01:03.837,251.28,50448,33533,33929,65535,65535,65535,65535,65535,65535
2026-07-31 10:01:03.881,251.32,50448,33533,33929,65535,65535,65535,65535,65535,65535
2026-07-31 10:01:03.930,251.37,50448,33533,33929,65535,65535,65535,65535,65535,65535
2026-07-31 10:01:03.977,251.42,50448,33533,33929,65535,65535,65535,65535,65535,65535
2026-07-31 10:01:04.030,251.47,50448,33533,33929,65535,65535,65535,65535,65535,65535
2026-07-31 10:01:04.074,251.51,50448,33533,33830,65535,65535,65535,65535,65535,65535
2026-07-31 10:01:04.113,251.55,63060,33830,33830,65535,65535,65535,65535,65535,65535
2026-07-31 10:01:04.158,251.6,63060,33830,33830,65535,65535,65535,65535,65535,65535
2026-07-31 10:01:04.208,251.65,63060,33830,33830,65535,65535,65535,65535,65535,65535
2026-07-31 10:01:04.252,251.69,63060,33830,33830,65535,65535,65535,65535,65535,65535
2026-07-31 10:01:04.301,251.74,63060,33830,33830,65535,65535,65535,65535,65535,65535
2026-07-31 10:01:04.347,251.79,63060,33830,33830,65535,65535,65535,65535,65535,65535
2026-07-31 10:01:04.395,251.83,63060,33830,33830,65535,65535,65535,65535,65535,65535
2026-07-31 10:01:04.447,251.89,63060,33830,33830,65535,65535,65535,65535,65535,65535
2026-07-31 10:01:04.496,251.93,63060,33830,33830,65535,65535,65535,65535,65535,65535
2026-07-31 10:01:04.542,251.98,63060,33830,33830,65535,65535,65535,65535,65535,65535
2026-07-31 10:01:04.591,252.03,63060,33830,33830,65535,65535,65535,65535,65535,65535
2026-07-31 10:01:04.626,252.06,63060,33830,33830,65535,65535,65535,65535,65535,65535
2026-07-31 10:01:04.673,252.11,50567,33533,33929,65535,65535,65535,65535,65535,65535
2026-07-31 10:01:04.718,252.16,50567,33533,33929,65535,65535,65535,65535,65535,65535
2026-07-31 10:01:04.769,252.21,50567,33533,33929,65535,65535,65535,65535,65535,65535
2026-07-31 10:01:04.812,252.25,50567,33533,33929,65535,65535,65535,65535,65535,65535
2026-07-31 10:01:04.866,252.3,50567,33533,33929,65535,65535,65535,65535,65535,65535
2026-07-31 10:01:04.908,252.35,50567,33533,33929,65535,65535,65535,65535,65535,65535
2026-07-31 10:01:04.957,252.4,50567,33533,33929,65535,65535,65535,65535,65535,65535
2026-07-31 10:01:05.005,252.44,50567,33533,33929,65535,65535,65535,65535,65535,65535
2026-07-31 10:01:05.055,252.49,50567,33533,33929,65535,65535,65535,65535,65535,65535
2026-07-31 10:01:05.102,252.54,50567,33533,33929,65535,65535,65535,65535,65535,65535
2026-07-31 10:01:05.138,252.58,50567,33533,33929,65535,65535,65535,65535,65535,65535
2026-07-31 10:01:05.182,252.62,50567,33533,33929,65535,65535,65535,65535,65535,65535
2026-07-31 10:01:05.233,252.67,61725,33533,33929,65535,65535,65535,65535,65535,65535
2026-07-31 10:01:05.281,252.72,61725,28742,33929,65535,65535,65535,65535,65535,65535
2026-07-31 10:01:05.333,252.77,61725,28742,33929,65535,65535,65535,65535,65535,65535
2026-07-31 10:01:05.380,252.82,61725,28742,33929,65535,65535,65535,65535,65535,65535
2026-07-31 10:01:05.428,252.87,61725,28742,33929,65535,65535,65535,65535,65535,65535
2026-07-31 10:01:05.476,252.91,61725,28742,33929,65535,65535,65535,65535,65535,65535
2026-07-31 10:01:05.524,252.96,61725,28742,33929,65535,65535,65535,65535,65535,65535
2026-07-31 10:01:05.576,253.01,61725,28742,33929,65535,65535,65535,65535,65535,65535
2026-07-31 10:01:05.623,253.06,61725,28742,33929,65535,65535,65535,65535,65535,65535
2026-07-31 10:01:05.660,253.1,61725,28742,33929,65535,65535,65535,65535,65535,65535
2026-07-31 10:01:05.705,253.14,61725,28742,33929,65535,65535,65535,65535,65535,65535
2026-07-31 10:01:05.752,253.19,61725,28742,33929,65535,65535,65535,65535,65535,65535
2026-07-31 10:01:05.800,253.24,62763,28742,33929,65535,65535,65535,65535,65535,65535
2026-07-31 10:01:05.849,253.29,62763,28742,33929,65535,65535,65535,65535,65535,65535
2026-07-31 10:01:05.898,253.34,62763,28742,33929,65535,65535,65535,65535,65535,65535
2026-07-31 10:01:05.944,253.38,62763,28742,33929,65535,65535,65535,65535,65535,65535
2026-07-31 10:01:05.992,253.43,62763,28742,33929,65535,65535,65535,65535,65535,65535
2026-07-31 10:01:06.040,253.48,62763,28742,33929,65535,65535,65535,65535,65535,65535
2026-07-31 10:01:06.087,253.53,62763,28742,33929,65535,65535,65535,65535,65535,65535
2026-07-31 10:01:06.125,253.56,62763,28742,33929,65535,65535,65535,65535,65535,65535
2026-07-31 10:01:06.166,253.6,62763,28742,33929,65535,65535,65535,65535,65535,65535
2026-07-31 10:01:06.210,253.65,62763,28742,33929,65535,65535,65535,65535,65535,65535
2026-07-31 10:01:06.260,253.7,62763,28742,33929,65535,65535,65535,65535,65535,65535
2026-07-31 10:01:06.306,253.74,62763,28742,33929,65535,65535,65535,65535,65535,65535
2026-07-31 10:01:06.357,253.8,49855,28742,33929,65535,65535,65535,65535,65535,65535
2026-07-31 10:01:06.408,253.85,49855,28742,33929,65535,65535,65535,65535,65535,65535
2026-07-31 10:01:06.455,253.89,49855,28742,33929,65535,65535,65535,65535,65535,65535
2026-07-31 10:01:06.502,253.94,49855,28742,33929,65535,65535,65535,65535,65535,65535
2026-07-31 10:01:06.552,253.99,49855,28742,33929,65535,65535,65535,65535,65535,65535
2026-07-31 10:01:06.596,254.03,49855,28742,33929,65535,65535,65535,65535,65535,65535
2026-07-31 10:01:06.636,254.07,49855,28742,33929,65535,65535,65535,65535,65535,65535
2026-07-31 10:01:06.680,254.12,49855,28742,33929,65535,65535,65535,65535,65535,65535
2026-07-31 10:01:06.725,254.16,49855,28742,33929,65535,65535,65535,65535,65535,65535
2026-07-31 10:01:06.775,254.21,49855,28742,33929,65535,65535,65535,65535,65535,65535
2026-07-31 10:01:06.826,254.26,49855,28742,33929,65535,65535,65535,65535,65535,65535
2026-07-31 10:01:06.873,254.31,49855,28742,33929,65535,65535,65535,65535,65535,65535
2026-07-31 10:01:06.921,254.36,62763,28742,33632,65535,65535,65535,65535,65535,65535
2026-07-31 10:01:06.967,254.41,62763,28742,33632,65535,65535,65535,65535,65535,65535
2026-07-31 10:01:07.013,254.45,62763,28742,33632,65535,65535,65535,65535,65535,65535
2026-07-31 10:01:07.061,254.5,62763,28742,33632,65535,65535,65535,65535,65535,65535
2026-07-31 10:01:07.109,254.55,62763,28742,33632,65535,65535,65535,65535,65535,65535
2026-07-31 10:01:07.145,254.58,62763,28742,33632,65535,65535,65535,65535,65535,65535
2026-07-31 10:01:07.192,254.63,62763,28742,33632,65535,65535,65535,65535,65535,65535
2026-07-31 10:01:07.239,254.68,62763,28742,33632,65535,65535,65535,65535,65535,65535
2026-07-31 10:01:07.286,254.72,62763,28742,33632,65535,65535,65535,65535,65535,65535
2026-07-31 10:01:07.335,254.77,62763,28742,33632,65535,65535,65535,65535,65535,65535
2026-07-31 10:01:07.384,254.82,62763,28742,33632,65535,65535,65535,65535,65535,65535
2026-07-31 10:01:07.431,254.87,62763,28742,33632,65535,65535,65535,65535,65535,65535
2026-07-31 10:01:07.479,254.92,62763,28742,40714,65535,65535,65535,65535,65535,65535
2026-07-31 10:01:07.524,254.96,62912,33533,40714,65535,65535,65535,65535,65535,65535
2026-07-31 10:01:07.574,255.01,62912,33533,40714,65535,65535,65535,65535,65535,65535
2026-07-31 10:01:07.621,255.06,62912,33533,40714,65535,65535,65535,65535,65535,65535
2026-07-31 10:01:07.657,255.1,62912,33533,40714,65535,65535,65535,65535,65535,65535
2026-07-31 10:01:07.703,255.14,62912,33533,40714,65535,65535,65535,65535,65535,65535
2026-07-31 10:01:07.749,255.19,62912,33533,40714,65535,65535,65535,65535,65535,65535
2026-07-31 10:01:07.796,255.23,62912,33533,40714,65535,65535,65535,65535,65535,65535
2026-07-31 10:01:07.845,255.28,62912,33533,40714,65535,65535,65535,65535,65535,65535
2026-07-31 10:01:07.894,255.33,62912,33533,40714,65535,65535,65535,65535,65535,65535
2026-07-31 10:01:07.942,255.38,62912,33533,40714,65535,65535,65535,65535,65535,65535
2026-07-31 10:01:07.989,255.43,62912,33533,40714,65535,65535,65535,65535,65535,65535
2026-07-31 10:01:08.036,255.47,62912,33533,40596,65535,65535,65535,65535,65535,65535
2026-07-31 10:01:08.085,255.52,50329,28742,40596,65535,65535,65535,65535,65535,65535
2026-07-31 10:01:08.128,255.57,50329,28742,40596,65535,65535,65535,65535,65535,65535
2026-07-31 10:01:08.164,255.6,50329,28742,40596,65535,65535,65535,65535,65535,65535
2026-07-31 10:01:08.209,255.65,50329,28742,40596,65535,65535,65535,65535,65535,65535
2026-07-31 10:01:08.259,255.7,50329,28742,40596,65535,65535,65535,65535,65535,65535
2026-07-31 10:01:08.304,255.74,50329,28742,40596,65535,65535,65535,65535,65535,65535
2026-07-31 10:01:08.352,255.79,50329,28742,40596,65535,65535,65535,65535,65535,65535
2026-07-31 10:01:08.401,255.84,50329,28742,40596,65535,65535,65535,65535,65535,65535
2026-07-31 10:01:08.449,255.89,50329,28742,40596,65535,65535,65535,65535,65535,65535
2026-07-31 10:01:08.495,255.93,50329,28742,40596,65535,65535,65535,65535,65535,65535
2026-07-31 10:01:08.542,255.98,50329,28742,40596,65535,65535,65535,65535,65535,65535
2026-07-31 10:01:08.590,256.03,50329,28742,33929,65535,65535,65535,65535,65535,65535
2026-07-31 10:01:08.626,256.06,62763,28742,33929,65535,65535,65535,65535,65535,65535
2026-07-31 10:01:08.662,256.1,62763,33533,33929,65535,65535,65535,65535,65535,65535
2026-07-31 10:01:08.707,256.15,62763,33533,33929,65535,65535,65535,65535,65535,65535
2026-07-31 10:01:08.760,256.2,62763,33533,33929,65535,65535,65535,65535,65535,65535
2026-07-31 10:01:08.807,256.25,62763,33533,33929,65535,65535,65535,65535,65535,65535
2026-07-31 10:01:08.857,256.29,62763,33533,33929,65535,65535,65535,65535,65535,65535
2026-07-31 10:01:08.906,256.34,62763,33533,33929,65535,65535,65535,65535,65535,65535
2026-07-31 10:01:08.955,256.39,62763,33533,33929,65535,65535,65535,65535,65535,65535
2026-07-31 10:01:08.998,256.44,62763,33533,33929,65535,65535,65535,65535,65535,65535
2026-07-31 10:01:09.045,256.48,62763,33533,33929,65535,65535,65535,65535,65535,65535
2026-07-31 10:01:09.097,256.54,62763,33533,33929,65535,65535,65535,65535,65535,65535
2026-07-31 10:01:09.133,256.57,62763,33533,33929,65535,65535,65535,65535,65535,65535
2026-07-31 10:01:09.168,256.61,62763,33533,33830,65535,65535,65535,65535,65535,65535
2026-07-31 10:01:09.214,256.65,62912,28742,33830,65535,65535,65535,65535,65535,65535
2026-07-31 10:01:09.259,256.7,62912,28742,33830,65535,65535,65535,65535,65535,65535
2026-07-31 10:01:09.307,256.75,62912,28742,33830,65535,65535,65535,65535,65535,65535
2026-07-31 10:01:09.356,256.79,62912,28742,33830,65535,65535,65535,65535,65535,65535
2026-07-31 10:01:09.404,256.84,62912,28742,33830,65535,65535,65535,65535,65535,65535
2026-07-31 10:01:09.450,256.89,62912,28742,33830,65535,65535,65535,65535,65535,65535
2026-07-31 10:01:09.500,256.94,62912,28742,33830,65535,65535,65535,65535,65535,65535
2026-07-31 10:01:09.549,256.99,62912,28742,33830,65535,65535,65535,65535,65535,65535
2026-07-31 10:01:09.595,257.03,62912,28742,33830,65535,65535,65535,65535,65535,65535
2026-07-31 10:01:09.632,257.07,62912,28742,33830,65535,65535,65535,65535,65535,65535
2026-07-31 10:01:09.676,257.11,62912,28742,33830,65535,65535,65535,65535,65535,65535
2026-07-31 10:01:09.727,257.16,62912,28742,33929,65535,65535,65535,65535,65535,65535
2026-07-31 10:01:09.773,257.21,62763,28742,33929,65535,65535,65535,65535,65535,65535
2026-07-31 10:01:09.819,257.26,62763,28742,33929,65535,65535,65535,65535,65535,65535
2026-07-31 10:01:09.866,257.3,62763,28742,33929,65535,65535,65535,65535,65535,65535
2026-07-31 10:01:09.917,257.36,62763,28742,33929,65535,65535,65535,65535,65535,65535
2026-07-31 10:01:09.965,257.4,62763,28742,33929,65535,65535,65535,65535,65535,65535
2026-07-31 10:01:10.011,257.45,62763,28742,33929,65535,65535,65535,65535,65535,65535
2026-07-31 10:01:10.060,257.5,62763,28742,33929,65535,65535,65535,65535,65535,65535
2026-07-31 10:01:10.108,257.55,62763,28742,33929,65535,65535,65535,65535,65535,65535
2026-07-31 10:01:10.143,257.58,62763,28742,33929,65535,65535,65535,65535,65535,65535
2026-07-31 10:01:10.192,257.63,62763,28742,33929,65535,65535,65535,65535,65535,65535
2026-07-31 10:01:10.235,257.67,62763,28742,33929,65535,65535,65535,65535,65535,65535
2026-07-31 10:01:10.284,257.72,62763,28742,33929,65535,65535,65535,65535,65535,65535
2026-07-31 10:01:10.332,257.77,62763,28742,33830,65535,65535,65535,65535,65535,65535
2026-07-31 10:01:10.381,257.82,62763,28742,33830,65535,65535,65535,65535,65535,65535
2026-07-31 10:01:10.429,257.87,62763,28742,33830,65535,65535,65535,65535,65535,65535
2026-07-31 10:01:10.474,257.91,62763,28742,33830,65535,65535,65535,65535,65535,65535
2026-07-31 10:01:10.522,257.96,62763,28742,33830,65535,65535,65535,65535,65535,65535
2026-07-31 10:01:10.572,258.01,62763,28742,33830,65535,65535,65535,65535,65535,65535
2026-07-31 10:01:10.619,258.06,62763,28742,33830,65535,65535,65535,65535,65535,65535
2026-07-31 10:01:10.654,258.09,62763,28742,33830,65535,65535,65535,65535,65535,65535
2026-07-31 10:01:10.699,258.14,62763,28742,33830,65535,65535,65535,65535,65535,65535
2026-07-31 10:01:10.746,258.18,62763,28742,33830,65535,65535,65535,65535,65535,65535
2026-07-31 10:01:10.792,258.23,62763,28742,33830,65535,65535,65535,65535,65535,65535
2026-07-31 10:01:10.838,258.28,62763,28742,33830,65535,65535,65535,65535,65535,65535
2026-07-31 10:01:10.882,258.32,50329,28742,33929,65535,65535,65535,65535,65535,65535
2026-07-31 10:01:10.930,258.37,50329,33533,33929,65535,65535,65535,65535,65535,65535
2026-07-31 10:01:10.977,258.42,50329,33533,33929,65535,65535,65535,65535,65535,65535
2026-07-31 10:01:11.027,258.47,50329,33533,33929,65535,65535,65535,65535,65535,65535
2026-07-31 10:01:11.074,258.51,50329,33533,33929,65535,65535,65535,65535,65535,65535
2026-07-31 10:01:11.122,258.56,50329,33533,33929,65535,65535,65535,65535,65535,65535
2026-07-31 10:01:11.160,258.6,50329,33533,33929,65535,65535,65535,65535,65535,65535
2026-07-31 10:01:11.205,258.64,50329,33533,33929,65535,65535,65535,65535,65535,65535
2026-07-31 10:01:11.254,258.69,50329,33533,33929,65535,65535,65535,65535,65535,65535
2026-07-31 10:01:11.299,258.74,50329,33533,33929,65535,65535,65535,65535,65535,65535
2026-07-31 10:01:11.348,258.79,50329,33533,33929,65535,65535,65535,65535,65535,65535
2026-07-31 10:01:11.395,258.83,50329,33533,33929,65535,65535,65535,65535,65535,65535
2026-07-31 10:01:11.446,258.88,50329,33533,33929,65535,65535,65535,65535,65535,65535
2026-07-31 10:01:11.492,258.93,62763,28997,33929,65535,65535,65535,65535,65535,65535
2026-07-31 10:01:11.538,258.98,62763,28997,33929,65535,65535,65535,65535,65535,65535
2026-07-31 10:01:11.585,259.02,62763,28997,33929,65535,65535,65535,65535,65535,65535
2026-07-31 10:01:11.623,259.06,62763,28997,33929,65535,65535,65535,65535,65535,65535
2026-07-31 10:01:11.659,259.1,62763,28997,33929,65535,65535,65535,65535,65535,65535
2026-07-31 10:01:11.705,259.14,62763,28997,33929,65535,65535,65535,65535,65535,65535
2026-07-31 10:01:11.752,259.19,62763,28997,33929,65535,65535,65535,65535,65535,65535
2026-07-31 10:01:11.801,259.24,62763,28997,33929,65535,65535,65535,65535,65535,65535
2026-07-31 10:01:11.846,259.28,62763,28997,33929,65535,65535,65535,65535,65535,65535
2026-07-31 10:01:11.896,259.33,62763,28997,33929,65535,65535,65535,65535,65535,65535
2026-07-31 10:01:11.942,259.38,62763,28997,33929,65535,65535,65535,65535,65535,65535
2026-07-31 10:01:11.989,259.43,62763,28997,33929,65535,65535,65535,65535,65535,65535
2026-07-31 10:01:12.036,259.47,62763,28997,33830,65535,65535,65535,65535,65535,65535
2026-07-31 10:01:12.087,259.53,62763,18398,33830,65535,65535,65535,65535,65535,65535
2026-07-31 10:01:12.127,259.57,62763,18398,33830,65535,65535,65535,65535,65535,65535
2026-07-31 10:01:12.166,259.6,62763,18398,33830,65535,65535,65535,65535,65535,65535
2026-07-31 10:01:12.208,259.65,62763,18398,33830,65535,65535,65535,65535,65535,65535
2026-07-31 10:01:12.259,259.7,62763,18398,33830,65535,65535,65535,65535,65535,65535
2026-07-31 10:01:12.306,259.74,62763,18398,33830,65535,65535,65535,65535,65535,65535
2026-07-31 10:01:12.356,259.79,62763,18398,33830,65535,65535,65535,65535,65535,65535
2026-07-31 10:01:12.402,259.84,62763,18398,33830,65535,65535,65535,65535,65535,65535
2026-07-31 10:01:12.450,259.89,62763,18398,33830,65535,65535,65535,65535,65535,65535
2026-07-31 10:01:12.499,259.94,62763,18398,33830,65535,65535,65535,65535,65535,65535
2026-07-31 10:01:12.547,259.99,62763,18398,33830,65535,65535,65535,65535,65535,65535
2026-07-31 10:01:12.592,260.03,62763,18398,33830,65535,65535,65535,65535,65535,65535
2026-07-31 10:01:12.629,260.07,62763,28742,33830,65535,65535,65535,65535,65535,65535
2026-07-31 10:01:12.673,260.11,62763,28742,33830,65535,65535,65535,65535,65535,65535
2026-07-31 10:01:12.723,260.16,62763,28742,33830,65535,65535,65535,65535,65535,65535
2026-07-31 10:01:12.775,260.21,62763,28742,33830,65535,65535,65535,65535,65535,65535
2026-07-31 10:01:12.822,260.26,62763,28742,33830,65535,65535,65535,65535,65535,65535
2026-07-31 10:01:12.870,260.31,62763,28742,33830,65535,65535,65535,65535,65535,65535
2026-07-31 10:01:12.917,260.35,62763,28742,33830,65535,65535,65535,65535,65535,65535
2026-07-31 10:01:12.963,260.4,62763,28742,33830,65535,65535,65535,65535,65535,65535
2026-07-31 10:01:13.011,260.45,62763,28742,33830,65535,65535,65535,65535,65535,65535
2026-07-31 10:01:13.059,260.5,62763,28742,33830,65535,65535,65535,65535,65535,65535
2026-07-31 10:01:13.105,260.54,62763,28742,33830,65535,65535,65535,65535,65535,65535
2026-07-31 10:01:13.146,260.58,62763,28742,40714,65535,65535,65535,65535,65535,65535
2026-07-31 10:01:13.193,260.63,50092,16816,40714,65535,65535,65535,65535,65535,65535
2026-07-31 10:01:13.238,260.68,50092,16816,40714,65535,65535,65535,65535,65535,65535
2026-07-31 10:01:13.284,260.72,50092,16816,40714,65535,65535,65535,65535,65535,65535
2026-07-31 10:01:13.335,260.77,50092,16816,40714,65535,65535,65535,65535,65535,65535
2026-07-31 10:01:13.382,260.82,50092,16816,40714,65535,65535,65535,65535,65535,65535
2026-07-31 10:01:13.432,260.87,50092,16816,40714,65535,65535,65535,65535,65535,65535
2026-07-31 10:01:13.476,260.91,50092,16816,40714,65535,65535,65535,65535,65535,65535
2026-07-31 10:01:13.528,260.97,50092,16816,40714,65535,65535,65535,65535,65535,65535
2026-07-31 10:01:13.573,261.01,50092,16816,40714,65535,65535,65535,65535,65535,65535
2026-07-31 10:01:13.624,261.06,50092,16816,40714,65535,65535,65535,65535,65535,65535
2026-07-31 10:01:13.664,261.1,50092,16816,40714,65535,65535,65535,65535,65535,65535
2026-07-31 10:01:13.713,261.15,50092,16816,40714,65535,65535,65535,65535,65535,65535
2026-07-31 10:01:13.757,261.19,62763,28912,40714,65535,65535,65535,65535,65535,65535
2026-07-31 10:01:13.812,261.25,62763,28912,40714,65535,65535,65535,65535,65535,65535
2026-07-31 10:01:13.849,261.29,62763,28912,40714,65535,65535,65535,65535,65535,65535
2026-07-31 10:01:13.897,261.33,62763,28912,40714,65535,65535,65535,65535,65535,65535
2026-07-31 10:01:13.940,261.38,62763,28912,40714,65535,65535,65535,65535,65535,65535
2026-07-31 10:01:13.993,261.43,62763,28912,40714,65535,65535,65535,65535,65535,65535
2026-07-31 10:01:14.037,261.48,62763,28912,40714,65535,65535,65535,65535,65535,65535
2026-07-31 10:01:14.088,261.53,62763,28912,40714,65535,65535,65535,65535,65535,65535
2026-07-31 10:01:14.128,261.57,62763,28912,40714,65535,65535,65535,65535,65535,65535
2026-07-31 10:01:14.164,261.6,62763,28912,40714,65535,65535,65535,65535,65535,65535
2026-07-31 10:01:14.215,261.65,62763,28912,40714,65535,65535,65535,65535,65535,65535
2026-07-31 10:01:14.271,261.71,62763,28912,40596,65535,65535,65535,65535,65535,65535
2026-07-31 10:01:14.319,261.76,50211,28742,40596,65535,65535,65535,65535,65535,65535
2026-07-31 10:01:14.368,261.81,50211,28742,40596,65535,65535,65535,65535,65535,65535
2026-07-31 10:01:14.434,261.87,50211,28742,40596,65535,65535,65535,65535,65535,65535
2026-07-31 10:01:14.488,261.93,50211,28742,40596,65535,65535,65535,65535,65535,65535
2026-07-31 10:01:14.554,261.99,50211,28742,40596,65535,65535,65535,65535,65535,65535
2026-07-31 10:01:14.616,262.05,50211,28742,40596,65535,65535,65535,65535,65535,65535
2026-07-31 10:01:14.660,262.1,50211,28742,40596,65535,65535,65535,65535,65535,65535
2026-07-31 10:01:14.697,262.13,50211,28742,40596,65535,65535,65535,65535,65535,65535
2026-07-31 10:01:14.754,262.19,50211,28742,40596,65535,65535,65535,65535,65535,65535
2026-07-31 10:01:14.807,262.24,50211,28742,40596,65535,65535,65535,65535,65535,65535
2026-07-31 10:01:14.869,262.31,62318,28742,40714,65535,65535,65535,65535,65535,65535
2026-07-31 10:01:14.920,262.36,62318,28742,40714,65535,65535,65535,65535,65535,65535
2026-07-31 10:01:14.973,262.41,62318,28742,40714,65535,65535,65535,65535,65535,65535
2026-07-31 10:01:15.021,262.46,62318,28742,40714,65535,65535,65535,65535,65535,65535
2026-07-31 10:01:15.069,262.51,62318,28742,40714,65535,65535,65535,65535,65535,65535
2026-07-31 10:01:15.117,262.56,62318,28742,40714,65535,65535,65535,65535,65535,65535
2026-07-31 10:01:15.152,262.59,62318,28742,40714,65535,65535,65535,65535,65535,65535
2026-07-31 10:01:15.205,262.64,62318,28742,40714,65535,65535,65535,65535,65535,65535
2026-07-31 10:01:15.254,262.69,62318,28742,40714,65535,65535,65535,65535,65535,65535
2026-07-31 10:01:15.304,262.74,62318,28742,40714,65535,65535,65535,65535,65535,65535
2026-07-31 10:01:15.359,262.8,62318,28742,40714,65535,65535,65535,65535,65535,65535
2026-07-31 10:01:15.415,262.85,50092,28742,33929,65535,65535,65535,65535,65535,65535
2026-07-31 10:01:15.462,262.9,50092,33533,33929,65535,65535,65535,65535,65535,65535
2026-07-31 10:01:15.510,262.95,50092,33533,33929,65535,65535,65535,65535,65535,65535
2026-07-31 10:01:15.555,262.99,50092,33533,33929,65535,65535,65535,65535,65535,65535
2026-07-31 10:01:15.606,263.04,50092,33533,33929,65535,65535,65535,65535,65535,65535
2026-07-31 10:01:15.641,263.08,50092,33533,33929,65535,65535,65535,65535,65535,65535
2026-07-31 10:01:15.687,263.13,50092,33533,33929,65535,65535,65535,65535,65535,65535
2026-07-31 10:01:15.738,263.18,50092,33533,33929,65535,65535,65535,65535,65535,65535
2026-07-31 10:01:15.788,263.23,50092,33533,33929,65535,65535,65535,65535,65535,65535
2026-07-31 10:01:15.836,263.27,50092,33533,33929,65535,65535,65535,65535,65535,65535
2026-07-31 10:01:15.885,263.32,50092,33533,33929,65535,65535,65535,65535,65535,65535
2026-07-31 10:01:15.934,263.37,50092,33533,33929,65535,65535,65535,65535,65535,65535
2026-07-31 10:01:15.982,263.42,50211,33533,33929,65535,65535,65535,65535,65535,65535
2026-07-31 10:01:16.028,263.47,50211,33533,33929,65535,65535,65535,65535,65535,65535
2026-07-31 10:01:16.075,263.51,50211,33533,33929,65535,65535,65535,65535,65535,65535
2026-07-31 10:01:16.116,263.55,50211,33533,33929,65535,65535,65535,65535,65535,65535
2026-07-31 10:01:16.155,263.59,50211,33533,33929,65535,65535,65535,65535,65535,65535
2026-07-31 10:01:16.202,263.64,50211,33533,33929,65535,65535,65535,65535,65535,65535
2026-07-31 10:01:16.250,263.69,50211,33533,33929,65535,65535,65535,65535,65535,65535
2026-07-31 10:01:16.298,263.74,50211,33533,33929,65535,65535,65535,65535,65535,65535
2026-07-31 10:01:16.347,263.79,50211,33533,33929,65535,65535,65535,65535,65535,65535
2026-07-31 10:01:16.394,263.83,50211,33533,33929,65535,65535,65535,65535,65535,65535
2026-07-31 10:01:16.442,263.88,50211,33533,33929,65535,65535,65535,65535,65535,65535
2026-07-31 10:01:16.488,263.93,50211,33533,33929,65535,65535,65535,65535,65535,65535
2026-07-31 10:01:16.537,263.98,50211,33533,33929,65535,65535,65535,65535,65535,65535
2026-07-31 10:01:16.586,264.02,50092,28742,33929,65535,65535,65535,65535,65535,65535
2026-07-31 10:01:16.620,264.06,50092,28742,33929,65535,65535,65535,65535,65535,65535
2026-07-31 10:01:16.654,264.09,50092,28742,33929,65535,65535,65535,65535,65535,65535
2026-07-31 10:01:16.701,264.14,50092,28742,33929,65535,65535,65535,65535,65535,65535
2026-07-31 10:01:16.749,264.19,50092,28742,33929,65535,65535,65535,65535,65535,65535
2026-07-31 10:01:16.796,264.23,50092,28742,33929,65535,65535,65535,65535,65535,65535
2026-07-31 10:01:16.846,264.28,50092,28742,33929,65535,65535,65535,65535,65535,65535
2026-07-31 10:01:16.889,264.33,50092,28742,33929,65535,65535,65535,65535,65535,65535
2026-07-31 10:01:16.939,264.38,50092,28742,33929,65535,65535,65535,65535,65535,65535
2026-07-31 10:01:16.985,264.42,50092,28742,33929,65535,65535,65535,65535,65535,65535
2026-07-31 10:01:17.034,264.47,50092,28742,33929,65535,65535,65535,65535,65535,65535
2026-07-31 10:01:17.079,264.52,50092,28742,33929,65535,65535,65535,65535,65535,65535
2026-07-31 10:01:17.131,264.57,50211,28742,40714,65535,65535,65535,65535,65535,65535
2026-07-31 10:01:17.166,264.6,50211,33533,40714,65535,65535,65535,65535,65535,65535
2026-07-31 10:01:17.214,264.65,50211,33533,40714,65535,65535,65535,65535,65535,65535
2026-07-31 10:01:17.259,264.7,50211,33533,40714,65535,65535,65535,65535,65535,65535
2026-07-31 10:01:17.306,264.74,50211,33533,40714,65535,65535,65535,65535,65535,65535
2026-07-31 10:01:17.352,264.79,50211,33533,40714,65535,65535,65535,65535,65535,65535
2026-07-31 10:01:17.404,264.84,50211,33533,40714,65535,65535,65535,65535,65535,65535
2026-07-31 10:01:17.451,264.89,50211,33533,40714,65535,65535,65535,65535,65535,65535
2026-07-31 10:01:17.495,264.93,50211,33533,40714,65535,65535,65535,65535,65535,65535
2026-07-31 10:01:17.543,264.98,50211,33533,40714,65535,65535,65535,65535,65535,65535
2026-07-31 10:01:17.593,265.03,50211,33533,40714,65535,65535,65535,65535,65535,65535
2026-07-31 10:01:17.630,265.07,50211,33533,40714,65535,65535,65535,65535,65535,65535
2026-07-31 10:01:17.664,265.1,50211,33533,40596,65535,65535,65535,65535,65535,65535
2026-07-31 10:01:17.711,265.15,62615,28742,40596,65535,65535,65535,65535,65535,65535
2026-07-31 10:01:17.756,265.19,62615,28742,40596,65535,65535,65535,65535,65535,65535
2026-07-31 10:01:17.807,265.24,62615,28742,40596,65535,65535,65535,65535,65535,65535
2026-07-31 10:01:17.854,265.29,62615,28742,40596,65535,65535,65535,65535,65535,65535
2026-07-31 10:01:17.899,265.34,62615,28742,40596,65535,65535,65535,65535,65535,65535
2026-07-31 10:01:17.947,265.38,62615,28742,40596,65535,65535,65535,65535,65535,65535
2026-07-31 10:01:17.998,265.44,62615,28742,40596,65535,65535,65535,65535,65535,65535
2026-07-31 10:01:18.044,265.48,62615,28742,40596,65535,65535,65535,65535,65535,65535
2026-07-31 10:01:18.089,265.53,62615,28742,40596,65535,65535,65535,65535,65535,65535
2026-07-31 10:01:18.129,265.57,62615,28742,40596,65535,65535,65535,65535,65535,65535
2026-07-31 10:01:18.164,265.6,62615,28742,40596,65535,65535,65535,65535,65535,65535
2026-07-31 10:01:18.212,265.65,62615,28742,40596,65535,65535,65535,65535,65535,65535
2026-07-31 10:01:18.257,265.7,50092,28742,40596,65535,65535,65535,65535,65535,65535
2026-07-31 10:01:18.304,265.74,50092,28742,40596,65535,65535,65535,65535,65535,65535
2026-07-31 10:01:18.352,265.79,50092,28742,40596,65535,65535,65535,65535,65535,65535
2026-07-31 10:01:18.402,265.84,50092,28742,40596,65535,65535,65535,65535,65535,65535
2026-07-31 10:01:18.450,265.89,50092,28742,40596,65535,65535,65535,65535,65535,65535
2026-07-31 10:01:18.498,265.94,50092,28742,40596,65535,65535,65535,65535,65535,65535
2026-07-31 10:01:18.544,265.98,50092,28742,40596,65535,65535,65535,65535,65535,65535
2026-07-31 10:01:18.590,266.03,50092,28742,40596,65535,65535,65535,65535,65535,65535
2026-07-31 10:01:18.627,266.07,50092,28742,40596,65535,65535,65535,65535,65535,65535
2026-07-31 10:01:18.663,266.1,50092,28742,40596,65535,65535,65535,65535,65535,65535
2026-07-31 10:01:18.711,266.15,50092,28742,40596,65535,65535,65535,65535,65535,65535
2026-07-31 10:01:18.760,266.2,50092,28742,40596,65535,65535,65535,65535,65535,65535
2026-07-31 10:01:18.804,266.24,50092,28742,40596,65535,65535,65535,65535,65535,65535
2026-07-31 10:01:18.851,266.29,50211,28742,40596,65535,65535,65535,65535,65535,65535
2026-07-31 10:01:18.902,266.34,50211,28742,40596,65535,65535,65535,65535,65535,65535
2026-07-31 10:01:18.949,266.39,50211,28742,40596,65535,65535,65535,65535,65535,65535
2026-07-31 10:01:18.995,266.43,50211,28742,40596,65535,65535,65535,65535,65535,65535
2026-07-31 10:01:19.043,266.48,50211,28742,40596,65535,65535,65535,65535,65535,65535
2026-07-31 10:01:19.094,266.53,50211,28742,40596,65535,65535,65535,65535,65535,65535
2026-07-31 10:01:19.129,266.57,50211,28742,40596,65535,65535,65535,65535,65535,65535
2026-07-31 10:01:19.166,266.6,50211,28742,40596,65535,65535,65535,65535,65535,65535
2026-07-31 10:01:19.213,266.65,50211,28742,40596,65535,65535,65535,65535,65535,65535
2026-07-31 10:01:19.257,266.7,50211,28742,40596,65535,65535,65535,65535,65535,65535
2026-07-31 10:01:19.307,266.74,50211,28742,40596,65535,65535,65535,65535,65535,65535
2026-07-31 10:01:19.355,266.79,50211,28742,40596,65535,65535,65535,65535,65535,65535
2026-07-31 10:01:19.402,266.84,62763,28742,33929,65535,65535,65535,65535,65535,65535
2026-07-31 10:01:19.451,266.89,62763,28742,33929,65535,65535,65535,65535,65535,65535
2026-07-31 10:01:19.503,266.94,62763,28742,33929,65535,65535,65535,65535,65535,65535
2026-07-31 10:01:19.555,266.99,62763,28742,33929,65535,65535,65535,65535,65535,65535
2026-07-31 10:01:19.605,267.04,62763,28742,33929,65535,65535,65535,65535,65535,65535
2026-07-31 10:01:19.641,267.08,62763,28742,33929,65535,65535,65535,65535,65535,65535
2026-07-31 10:01:19.685,267.12,62763,28742,33929,65535,65535,65535,65535,65535,65535
2026-07-31 10:01:19.734,267.17,62763,28742,33929,65535,65535,65535,65535,65535,65535
2026-07-31 10:01:19.781,267.22,62763,28742,33929,65535,65535,65535,65535,65535,65535
2026-07-31 10:01:19.831,267.27,62763,28742,33929,65535,65535,65535,65535,65535,65535
2026-07-31 10:01:19.878,267.32,62763,28742,33929,65535,65535,65535,65535,65535,65535
2026-07-31 10:01:19.927,267.36,62763,28742,40714,65535,65535,65535,65535,65535,65535
2026-07-31 10:01:19.973,267.41,50329,33533,40714,65535,65535,65535,65535,65535,65535
2026-07-31 10:01:20.022,267.46,50329,33533,40714,65535,65535,65535,65535,65535,65535
2026-07-31 10:01:20.070,267.51,50329,33533,40714,65535,65535,65535,65535,65535,65535
2026-07-31 10:01:20.117,267.56,50329,33533,40714,65535,65535,65535,65535,65535,65535
2026-07-31 10:01:20.154,267.59,50329,33533,40714,65535,65535,65535,65535,65535,65535
2026-07-31 10:01:20.201,267.64,50329,33533,40714,65535,65535,65535,65535,65535,65535
2026-07-31 10:01:20.246,267.68,50329,33533,40714,65535,65535,65535,65535,65535,65535
2026-07-31 10:01:20.295,267.73,50329,33533,40714,65535,65535,65535,65535,65535,65535
2026-07-31 10:01:20.341,267.78,50329,33533,40714,65535,65535,65535,65535,65535,65535
2026-07-31 10:01:20.391,267.83,50329,33533,40714,65535,65535,65535,65535,65535,65535
2026-07-31 10:01:20.437,267.87,50329,33533,40714,65535,65535,65535,65535,65535,65535
2026-07-31 10:01:20.487,267.92,50329,33533,33929,65535,65535,65535,65535,65535,65535
2026-07-31 10:01:20.534,267.97,50211,28742,33929,65535,65535,65535,65535,65535,65535
2026-07-31 10:01:20.584,268.02,50211,28742,33929,65535,65535,65535,65535,65535,65535
2026-07-31 10:01:20.630,268.07,50211,28742,33929,65535,65535,65535,65535,65535,65535
2026-07-31 10:01:20.666,268.1,50211,28742,33929,65535,65535,65535,65535,65535,65535
2026-07-31 10:01:20.711,268.15,50211,28742,33929,65535,65535,65535,65535,65535,65535
2026-07-31 10:01:20.760,268.2,50211,28742,33929,65535,65535,65535,65535,65535,65535
2026-07-31 10:01:20.807,268.25,50211,28742,33929,65535,65535,65535,65535,65535,65535
2026-07-31 10:01:20.855,268.29,50211,28742,33929,65535,65535,65535,65535,65535,65535
2026-07-31 10:01:20.900,268.34,50211,28742,33929,65535,65535,65535,65535,65535,65535
2026-07-31 10:01:20.949,268.39,50211,28742,33929,65535,65535,65535,65535,65535,65535
2026-07-31 10:01:20.999,268.44,50211,28742,33929,65535,65535,65535,65535,65535,65535
2026-07-31 10:01:21.048,268.49,50211,28742,33929,65535,65535,65535,65535,65535,65535
2026-07-31 10:01:21.094,268.53,50211,28827,33830,65535,65535,65535,65535,65535,65535
2026-07-31 10:01:21.138,268.58,50211,28827,33830,65535,65535,65535,65535,65535,65535
2026-07-31 10:01:21.173,268.61,50211,28827,33830,65535,65535,65535,65535,65535,65535
2026-07-31 10:01:21.220,268.66,50211,28827,33830,65535,65535,65535,65535,65535,65535
2026-07-31 10:01:21.267,268.71,50211,28827,33830,65535,65535,65535,65535,65535,65535
2026-07-31 10:01:21.314,268.75,50211,28827,33830,65535,65535,65535,65535,65535,65535
2026-07-31 10:01:21.362,268.8,50211,28827,33830,65535,65535,65535,65535,65535,65535
2026-07-31 10:01:21.411,268.85,50211,28827,33830,65535,65535,65535,65535,65535,65535
2026-07-31 10:01:21.458,268.9,50211,28827,33830,65535,65535,65535,65535,65535,65535
2026-07-31 10:01:21.508,268.95,50211,28827,33830,65535,65535,65535,65535,65535,65535
2026-07-31 10:01:21.553,268.99,50211,28827,33830,65535,65535,65535,65535,65535,65535
2026-07-31 10:01:21.601,269.04,50211,28827,33830,65535,65535,65535,65535,65535,65535
2026-07-31 10:01:21.640,269.08,50211,28827,33929,65535,65535,65535,65535,65535,65535
2026-07-31 10:01:21.675,269.11,50211,28742,33929,65535,65535,65535,65535,65535,65535
2026-07-31 10:01:21.723,269.16,50211,28742,33929,65535,65535,65535,65535,65535,65535
2026-07-31 10:01:21.767,269.21,50211,28742,33929,65535,65535,65535,65535,65535,65535
2026-07-31 10:01:21.814,269.25,50211,28742,33929,65535,65535,65535,65535,65535,65535
2026-07-31 10:01:21.862,269.3,50211,28742,33929,65535,65535,65535,65535,65535,65535
2026-07-31 10:01:21.913,269.35,50211,28742,33929,65535,65535,65535,65535,65535,65535
2026-07-31 10:01:21.957,269.4,50211,28742,33929,65535,65535,65535,65535,65535,65535
2026-07-31 10:01:22.008,269.45,50211,28742,33929,65535,65535,65535,65535,65535,65535
2026-07-31 10:01:22.055,269.49,50211,28742,33929,65535,65535,65535,65535,65535,65535
2026-07-31 10:01:22.103,269.54,50211,28742,33929,65535,65535,65535,65535,65535,65535
2026-07-31 10:01:22.148,269.59,50211,28742,33929,65535,65535,65535,65535,65535,65535
2026-07-31 10:01:22.187,269.63,50211,28742,33929,65535,65535,65535,65535,65535,65535
2026-07-31 10:01:22.232,269.67,62615,22355,33929,65535,65535,65535,65535,65535,65535
2026-07-31 10:01:22.283,269.72,62615,22355,33929,65535,65535,65535,65535,65535,65535
2026-07-31 10:01:22.330,269.77,62615,22355,33929,65535,65535,65535,65535,65535,65535
2026-07-31 10:01:22.379,269.82,62615,22355,33929,65535,65535,65535,65535,65535,65535
2026-07-31 10:01:22.423,269.86,62615,22355,33929,65535,65535,65535,65535,65535,65535
2026-07-31 10:01:22.476,269.91,62615,22355,33929,65535,65535,65535,65535,65535,65535
2026-07-31 10:01:22.522,269.96,62615,22355,33929,65535,65535,65535,65535,65535,65535
2026-07-31 10:01:22.571,270.01,62615,22355,33929,65535,65535,65535,65535,65535,65535
2026-07-31 10:01:22.618,270.06,62615,22355,33929,65535,65535,65535,65535,65535,65535
2026-07-31 10:01:22.663,270.1,62615,22355,33929,65535,65535,65535,65535,65535,65535
2026-07-31 10:01:22.702,270.14,62615,22355,33929,65535,65535,65535,65535,65535,65535
2026-07-31 10:01:22.751,270.19,62615,22355,33830,65535,65535,65535,65535,65535,65535
2026-07-31 10:01:22.796,270.23,62912,28742,33830,65535,65535,65535,65535,65535,65535
2026-07-31 10:01:22.843,270.28,62912,28742,33830,65535,65535,65535,65535,65535,65535
2026-07-31 10:01:22.889,270.33,62912,28742,33830,65535,65535,65535,65535,65535,65535
2026-07-31 10:01:22.939,270.38,62912,28742,33830,65535,65535,65535,65535,65535,65535
2026-07-31 10:01:22.985,270.42,62912,28742,33830,65535,65535,65535,65535,65535,65535
2026-07-31 10:01:23.032,270.47,62912,28742,33830,65535,65535,65535,65535,65535,65535
2026-07-31 10:01:23.082,270.52,62912,28742,33830,65535,65535,65535,65535,65535,65535
2026-07-31 10:01:23.129,270.57,62912,28742,33830,65535,65535,65535,65535,65535,65535
2026-07-31 10:01:23.165,270.6,62912,28742,33830,65535,65535,65535,65535,65535,65535
2026-07-31 10:01:23.200,270.64,62912,28742,33830,65535,65535,65535,65535,65535,65535
2026-07-31 10:01:23.247,270.69,62912,28742,33830,65535,65535,65535,65535,65535,65535
2026-07-31 10:01:23.292,270.73,62912,28742,33830,65535,65535,65535,65535,65535,65535
2026-07-31 10:01:23.344,270.78,62912,28742,33830,65535,65535,65535,65535,65535,65535
2026-07-31 10:01:23.389,270.83,62912,28742,33830,65535,65535,65535,65535,65535,65535
2026-07-31 10:01:23.437,270.88,62912,28742,33830,65535,65535,65535,65535,65535,65535
2026-07-31 10:01:23.485,270.92,62912,28742,33830,65535,65535,65535,65535,65535,65535
2026-07-31 10:01:23.532,270.97,62912,28742,33830,65535,65535,65535,65535,65535,65535
2026-07-31 10:01:23.582,271.02,62912,28742,33830,65535,65535,65535,65535,65535,65535
2026-07-31 10:01:23.631,271.07,62912,28742,33830,65535,65535,65535,65535,65535,65535
2026-07-31 10:01:23.669,271.11,62912,28742,33830,65535,65535,65535,65535,65535,65535
2026-07-31 10:01:23.715,271.15,62912,28742,33830,65535,65535,65535,65535,65535,65535
2026-07-31 10:01:23.762,271.2,62912,28742,33830,65535,65535,65535,65535,65535,65535
2026-07-31 10:01:23.810,271.25,62912,28742,33830,65535,65535,65535,65535,65535,65535
2026-07-31 10:01:23.859,271.3,62912,28742,33830,65535,65535,65535,65535,65535,65535
2026-07-31 10:01:23.904,271.34,50211,28742,33533,65535,65535,65535,65535,65535,65535
2026-07-31 10:01:23.954,271.39,50211,33533,33533,65535,65535,65535,65535,65535,65535
2026-07-31 10:01:24.000,271.44,50211,33533,33533,65535,65535,65535,65535,65535,65535
2026-07-31 10:01:24.049,271.49,50211,33533,33533,65535,65535,65535,65535,65535,65535
2026-07-31 10:01:24.094,271.53,50211,33533,33533,65535,65535,65535,65535,65535,65535
2026-07-31 10:01:24.147,271.58,50211,33533,33533,65535,65535,65535,65535,65535,65535
2026-07-31 10:01:24.186,271.62,50211,33533,33533,65535,65535,65535,65535,65535,65535
2026-07-31 10:01:24.235,271.67,50211,33533,33533,65535,65535,65535,65535,65535,65535
2026-07-31 10:01:24.278,271.72,50211,33533,33533,65535,65535,65535,65535,65535,65535
2026-07-31 10:01:24.328,271.77,50211,33533,33533,65535,65535,65535,65535,65535,65535
2026-07-31 10:01:24.376,271.81,50211,33533,33533,65535,65535,65535,65535,65535,65535
2026-07-31 10:01:24.426,271.86,50211,33533,33533,65535,65535,65535,65535,65535,65535
2026-07-31 10:01:24.471,271.91,62615,33533,33830,65535,65535,65535,65535,65535,65535
2026-07-31 10:01:24.519,271.96,62615,33533,33830,65535,65535,65535,65535,65535,65535
2026-07-31 10:01:24.568,272.01,62615,33533,33830,65535,65535,65535,65535,65535,65535
2026-07-31 10:01:24.619,272.06,62615,33533,33830,65535,65535,65535,65535,65535,65535
2026-07-31 10:01:24.663,272.1,62615,33533,33830,65535,65535,65535,65535,65535,65535
2026-07-31 10:01:24.701,272.14,62615,33533,33830,65535,65535,65535,65535,65535,65535
2026-07-31 10:01:24.744,272.18,62615,33533,33830,65535,65535,65535,65535,65535,65535
2026-07-31 10:01:24.798,272.24,62615,33533,33830,65535,65535,65535,65535,65535,65535
2026-07-31 10:01:24.847,272.29,62615,33533,33830,65535,65535,65535,65535,65535,65535
2026-07-31 10:01:24.897,272.34,62615,33533,33830,65535,65535,65535,65535,65535,65535
2026-07-31 10:01:24.944,272.38,62615,33533,33830,65535,65535,65535,65535,65535,65535
2026-07-31 10:01:24.990,272.43,62615,33533,33830,65535,65535,65535,65535,65535,65535
2026-07-31 10:01:25.041,272.48,62912,33533,40596,65535,65535,65535,65535,65535,65535
2026-07-31 10:01:25.086,272.52,62912,28742,40596,65535,65535,65535,65535,65535,65535
2026-07-31 10:01:25.136,272.57,62912,28742,40596,65535,65535,65535,65535,65535,65535
2026-07-31 10:01:25.175,272.61,62912,28742,40596,65535,65535,65535,65535,65535,65535
2026-07-31 10:01:25.213,272.65,62912,28742,40596,65535,65535,65535,65535,65535,65535
2026-07-31 10:01:25.262,272.7,62912,28742,40596,65535,65535,65535,65535,65535,65535
2026-07-31 10:01:25.313,272.75,62912,28742,40596,65535,65535,65535,65535,65535,65535
2026-07-31 10:01:25.360,272.8,62912,28742,40596,65535,65535,65535,65535,65535,65535
2026-07-31 10:01:25.408,272.85,62912,28742,40596,65535,65535,65535,65535,65535,65535
2026-07-31 10:01:25.457,272.9,62912,28742,40596,65535,65535,65535,65535,65535,65535
2026-07-31 10:01:25.503,272.94,62912,28742,40596,65535,65535,65535,65535,65535,65535
2026-07-31 10:01:25.551,272.99,62912,28742,40596,65535,65535,65535,65535,65535,65535
2026-07-31 10:01:25.597,273.04,50092,28742,33830,65535,65535,65535,65535,65535,65535
2026-07-31 10:01:25.644,273.08,50092,16816,33830,65535,65535,65535,65535,65535,65535
2026-07-31 10:01:25.683,273.12,50092,16816,33830,65535,65535,65535,65535,65535,65535
2026-07-31 10:01:25.730,273.17,50092,16816,33830,65535,65535,65535,65535,65535,65535
2026-07-31 10:01:25.775,273.21,50092,16816,33830,65535,65535,65535,65535,65535,65535
2026-07-31 10:01:25.825,273.26,50092,16816,33830,65535,65535,65535,65535,65535,65535
2026-07-31 10:01:25.873,273.31,50092,16816,33830,65535,65535,65535,65535,65535,65535
2026-07-31 10:01:25.922,273.36,50092,16816,33830,65535,65535,65535,65535,65535,65535
2026-07-31 10:01:25.970,273.41,50092,16816,33830,65535,65535,65535,65535,65535,65535
2026-07-31 10:01:26.014,273.45,50092,16816,33830,65535,65535,65535,65535,65535,65535
2026-07-31 10:01:26.065,273.5,50092,16816,33830,65535,65535,65535,65535,65535,65535
2026-07-31 10:01:26.110,273.55,50092,16816,33830,65535,65535,65535,65535,65535,65535
2026-07-31 10:01:26.164,273.6,62763,16816,40714,65535,65535,65535,65535,65535,65535
2026-07-31 10:01:26.203,273.64,62763,33533,40714,65535,65535,65535,65535,65535,65535
2026-07-31 10:01:26.252,273.69,62763,33533,40714,65535,65535,65535,65535,65535,65535
2026-07-31 10:01:26.297,273.73,62763,33533,40714,65535,65535,65535,65535,65535,65535
2026-07-31 10:01:26.347,273.78,62763,33533,40714,65535,65535,65535,65535,65535,65535
2026-07-31 10:01:26.394,273.83,62763,33533,40714,65535,65535,65535,65535,65535,65535
2026-07-31 10:01:26.442,273.88,62763,33533,40714,65535,65535,65535,65535,65535,65535
2026-07-31 10:01:26.490,273.93,62763,33533,40714,65535,65535,65535,65535,65535,65535
2026-07-31 10:01:26.538,273.98,62763,33533,40714,65535,65535,65535,65535,65535,65535
2026-07-31 10:01:26.586,274.02,62763,33533,40714,65535,65535,65535,65535,65535,65535
2026-07-31 10:01:26.632,274.07,62763,33533,40714,65535,65535,65535,65535,65535,65535
2026-07-31 10:01:26.678,274.12,62763,33533,40714,65535,65535,65535,65535,65535,65535
2026-07-31 10:01:26.719,274.16,62763,33533,33830,65535,65535,65535,65535,65535,65535
2026-07-31 10:01:26.763,274.2,62912,28997,33830,65535,65535,65535,65535,65535,65535
2026-07-31 10:01:26.810,274.25,62912,28997,33830,65535,65535,65535,65535,65535,65535
2026-07-31 10:01:26.857,274.3,62912,28997,33830,65535,65535,65535,65535,65535,65535
2026-07-31 10:01:26.921,274.36,62912,28997,33830,65535,65535,65535,65535,65535,65535
2026-07-31 10:01:26.969,274.41,62912,28997,33830,65535,65535,65535,65535,65535,65535
2026-07-31 10:01:27.013,274.45,62912,28997,33830,65535,65535,65535,65535,65535,65535
2026-07-31 10:01:27.065,274.5,62912,28997,33830,65535,65535,65535,65535,65535,65535
2026-07-31 10:01:27.110,274.55,62912,28997,33830,65535,65535,65535,65535,65535,65535
2026-07-31 10:01:27.159,274.6,62912,28997,33830,65535,65535,65535,65535,65535,65535
2026-07-31 10:01:27.197,274.63,62912,28997,33830,65535,65535,65535,65535,65535,65535
2026-07-31 10:01:27.233,274.67,62912,28997,33830,65535,65535,65535,65535,65535,65535
2026-07-31 10:01:27.281,274.72,62912,28997,40714,65535,65535,65535,65535,65535,65535
2026-07-31 10:01:27.325,274.76,62763,33533,40714,65535,65535,65535,65535,65535,65535
2026-07-31 10:01:27.374,274.81,62763,33533,40714,65535,65535,65535,65535,65535,65535
2026-07-31 10:01:27.422,274.86,62763,33533,40714,65535,65535,65535,65535,65535,65535
2026-07-31 10:01:27.469,274.91,62763,33533,40714,65535,65535,65535,65535,65535,65535
2026-07-31 10:01:27.519,274.96,62763,33533,40714,65535,65535,65535,65535,65535,65535
2026-07-31 10:01:27.563,275.0,62763,33533,40714,65535,65535,65535,65535,65535,65535
2026-07-31 10:01:27.615,275.05,62763,33533,40714,65535,65535,65535,65535,65535,65535
2026-07-31 10:01:27.665,275.1,62763,33533,40714,65535,65535,65535,65535,65535,65535
2026-07-31 10:01:27.704,275.14,62763,33533,40714,65535,65535,65535,65535,65535,65535
2026-07-31 10:01:27.749,275.19,62763,33533,40714,65535,65535,65535,65535,65535,65535
2026-07-31 10:01:27.798,275.24,62763,33533,40714,65535,65535,65535,65535,65535,65535
2026-07-31 10:01:27.843,275.28,62763,33533,33929,65535,65535,65535,65535,65535,65535
2026-07-31 10:01:27.892,275.33,49973,28742,33929,65535,65535,65535,65535,65535,65535
2026-07-31 10:01:27.938,275.38,49973,28742,33929,65535,65535,65535,65535,65535,65535
2026-07-31 10:01:27.989,275.43,49973,28742,33929,65535,65535,65535,65535,65535,65535
2026-07-31 10:01:28.034,275.47,49973,28742,33929,65535,65535,65535,65535,65535,65535
2026-07-31 10:01:28.085,275.52,49973,28742,33929,65535,65535,65535,65535,65535,65535
2026-07-31 10:01:28.130,275.57,49973,28742,33929,65535,65535,65535,65535,65535,65535
2026-07-31 10:01:28.178,275.62,49973,28742,33929,65535,65535,65535,65535,65535,65535
2026-07-31 10:01:28.216,275.65,49973,28742,33929,65535,65535,65535,65535,65535,65535
2026-07-31 10:01:28.263,275.7,49973,28742,33929,65535,65535,65535,65535,65535,65535
2026-07-31 10:01:28.309,275.75,49973,28742,33929,65535,65535,65535,65535,65535,65535
2026-07-31 10:01:28.359,275.8,49973,28742,33929,65535,65535,65535,65535,65535,65535
2026-07-31 10:01:28.403,275.84,49973,28742,33929,65535,65535,65535,65535,65535,65535
2026-07-31 10:01:28.449,275.89,62912,28742,33830,65535,65535,65535,65535,65535,65535
2026-07-31 10:01:28.494,275.93,62912,28827,33830,65535,65535,65535,65535,65535,65535
2026-07-31 10:01:28.546,275.98,62912,28827,33830,65535,65535,65535,65535,65535,65535
2026-07-31 10:01:28.589,276.03,62912,28827,33830,65535,65535,65535,65535,65535,65535
2026-07-31 10:01:28.640,276.08,62912,28827,33830,65535,65535,65535,65535,65535,65535
2026-07-31 10:01:28.685,276.12,62912,28827,33830,65535,65535,65535,65535,65535,65535
2026-07-31 10:01:28.725,276.16,62912,28827,33830,65535,65535,65535,65535,65535,65535
2026-07-31 10:01:28.773,276.21,62912,28827,33830,65535,65535,65535,65535,65535,65535
2026-07-31 10:01:28.820,276.26,62912,28827,33830,65535,65535,65535,65535,65535,65535
2026-07-31 10:01:28.866,276.3,62912,28827,33830,65535,65535,65535,65535,65535,65535
2026-07-31 10:01:28.914,276.35,62912,28827,33830,65535,65535,65535,65535,65535,65535
2026-07-31 10:01:28.960,276.4,62912,28827,33830,65535,65535,65535,65535,65535,65535
2026-07-31 10:01:29.013,276.45,49736,28827,33830,65535,65535,65535,65535,65535,65535
2026-07-31 10:01:29.062,276.5,49736,33533,33830,65535,65535,65535,65535,65535,65535
2026-07-31 10:01:29.109,276.55,49736,33533,33830,65535,65535,65535,65535,65535,65535
2026-07-31 10:01:29.160,276.6,49736,33533,33830,65535,65535,65535,65535,65535,65535
2026-07-31 10:01:29.222,276.66,49736,33533,33830,65535,65535,65535,65535,65535,65535
2026-07-31 10:01:29.267,276.71,49736,33533,33830,65535,65535,65535,65535,65535,65535
2026-07-31 10:01:29.349,276.79,49736,33533,33830,65535,65535,65535,65535,65535,65535
2026-07-31 10:01:29.401,276.84,49736,33533,33830,65535,65535,65535,65535,65535,65535
2026-07-31 10:01:29.468,276.91,49736,33533,33830,65535,65535,65535,65535,65535,65535
2026-07-31 10:01:29.649,277.09,50329,28742,40714,65535,65535,65535,65535,65535,65535
2026-07-31 10:01:29.859,277.3,50329,28742,40714,65535,65535,65535,65535,65535,65535
2026-07-31 10:01:29.901,277.34,50329,28742,40714,65535,65535,65535,65535,65535,65535
2026-07-31 10:01:29.958,277.4,50329,28742,40714,65535,65535,65535,65535,65535,65535
2026-07-31 10:01:30.020,277.46,50329,28742,40714,65535,65535,65535,65535,65535,65535
2026-07-31 10:01:30.069,277.51,50329,28742,40714,65535,65535,65535,65535,65535,65535
2026-07-31 10:01:30.129,277.57,62912,33533,40714,65535,65535,65535,65535,65535,65535
2026-07-31 10:01:30.180,277.62,62912,33533,40714,65535,65535,65535,65535,65535,65535
2026-07-31 10:01:30.223,277.66,62912,33533,40714,65535,65535,65535,65535,65535,65535
2026-07-31 10:01:30.263,277.7,62912,33533,40714,65535,65535,65535,65535,65535,65535
2026-07-31 10:01:30.327,277.77,62912,33533,40714,65535,65535,65535,65535,65535,65535
2026-07-31 10:01:30.383,277.82,62912,33533,40714,65535,65535,65535,65535,65535,65535
2026-07-31 10:01:30.438,277.88,62912,33533,40714,65535,65535,65535,65535,65535,65535
2026-07-31 10:01:30.491,277.93,62912,33533,40714,65535,65535,65535,65535,65535,65535
2026-07-31 10:01:30.549,277.99,62912,33533,40714,65535,65535,65535,65535,65535,65535
2026-07-31 10:01:30.598,278.04,62912,33533,40714,65535,65535,65535,65535,65535,65535
2026-07-31 10:01:30.648,278.09,62912,33533,40596,65535,65535,65535,65535,65535,65535
2026-07-31 10:01:30.700,278.14,50329,29082,40596,65535,65535,65535,65535,65535,65535
2026-07-31 10:01:30.745,278.18,50329,29082,40596,65535,65535,65535,65535,65535,65535
2026-07-31 10:01:30.791,278.23,50329,29082,40596,65535,65535,65535,65535,65535,65535
2026-07-31 10:01:30.841,278.28,50329,29082,40596,65535,65535,65535,65535,65535,65535
2026-07-31 10:01:30.889,278.33,50329,29082,40596,65535,65535,65535,65535,65535,65535
2026-07-31 10:01:30.936,278.37,50329,29082,40596,65535,65535,65535,65535,65535,65535
2026-07-31 10:01:30.983,278.42,50329,29082,40596,65535,65535,65535,65535,65535,65535
2026-07-31 10:01:31.032,278.47,50329,29082,40596,65535,65535,65535,65535,65535,65535
2026-07-31 10:01:31.082,278.52,50329,29082,40596,65535,65535,65535,65535,65535,65535
2026-07-31 10:01:31.131,278.57,50329,29082,40596,65535,65535,65535,65535,65535,65535
2026-07-31 10:01:31.181,278.62,50329,29082,40596,65535,65535,65535,65535,65535,65535
2026-07-31 10:01:31.218,278.66,62912,29082,33929,65535,65535,65535,65535,65535,65535
2026-07-31 10:01:31.254,278.69,62912,33533,33929,65535,65535,65535,65535,65535,65535
2026-07-31 10:01:31.299,278.74,62912,33533,33929,65535,65535,65535,65535,65535,65535
2026-07-31 10:01:31.344,278.78,62912,33533,33929,65535,65535,65535,65535,65535,65535
2026-07-31 10:01:31.392,278.83,62912,33533,33929,65535,65535,65535,65535,65535,65535
2026-07-31 10:01:31.441,278.88,62912,33533,33929,65535,65535,65535,65535,65535,65535
2026-07-31 10:01:31.490,278.93,62912,33533,33929,65535,65535,65535,65535,65535,65535
2026-07-31 10:01:31.543,278.98,62912,33533,33929,65535,65535,65535,65535,65535,65535
2026-07-31 10:01:31.590,279.03,62912,33533,33929,65535,65535,65535,65535,65535,65535
2026-07-31 10:01:31.640,279.08,62912,33533,33929,65535,65535,65535,65535,65535,65535
2026-07-31 10:01:31.689,279.13,62912,33533,33929,65535,65535,65535,65535,65535,65535
2026-07-31 10:01:31.724,279.16,62912,33533,33929,65535,65535,65535,65535,65535,65535
2026-07-31 10:01:31.760,279.2,62912,33533,33929,65535,65535,65535,65535,65535,65535
2026-07-31 10:01:31.805,279.24,62615,33533,33830,65535,65535,65535,65535,65535,65535
2026-07-31 10:01:31.854,279.29,62615,33533,33830,65535,65535,65535,65535,65535,65535
2026-07-31 10:01:31.903,279.34,62615,33533,33830,65535,65535,65535,65535,65535,65535
2026-07-31 10:01:31.950,279.39,62615,33533,33830,65535,65535,65535,65535,65535,65535
2026-07-31 10:01:31.995,279.43,62615,33533,33830,65535,65535,65535,65535,65535,65535
2026-07-31 10:01:32.047,279.49,62615,33533,33830,65535,65535,65535,65535,65535,65535
2026-07-31 10:01:32.090,279.53,62615,33533,33830,65535,65535,65535,65535,65535,65535
2026-07-31 10:01:32.140,279.58,62615,33533,33830,65535,65535,65535,65535,65535,65535
2026-07-31 10:01:32.184,279.62,62615,33533,33830,65535,65535,65535,65535,65535,65535
2026-07-31 10:01:32.223,279.66,62615,33533,33830,65535,65535,65535,65535,65535,65535
2026-07-31 10:01:32.259,279.7,62615,33533,33830,65535,65535,65535,65535,65535,65535
2026-07-31 10:01:32.305,279.74,62615,33533,33830,65535,65535,65535,65535,65535,65535
2026-07-31 10:01:32.353,279.79,62763,33533,40714,65535,65535,65535,65535,65535,65535
2026-07-31 10:01:32.399,279.84,62763,33533,40714,65535,65535,65535,65535,65535,65535
2026-07-31 10:01:32.450,279.89,62763,33533,40714,65535,65535,65535,65535,65535,65535
2026-07-31 10:01:32.496,279.93,62763,33533,40714,65535,65535,65535,65535,65535,65535
2026-07-31 10:01:32.543,279.98,62763,33533,40714,65535,65535,65535,65535,65535,65535
2026-07-31 10:01:32.592,280.03,62763,33533,40714,65535,65535,65535,65535,65535,65535
2026-07-31 10:01:32.639,280.08,62763,33533,40714,65535,65535,65535,65535,65535,65535
2026-07-31 10:01:32.689,280.13,62763,33533,40714,65535,65535,65535,65535,65535,65535
2026-07-31 10:01:32.734,280.17,62763,33533,40714,65535,65535,65535,65535,65535,65535
2026-07-31 10:01:32.772,280.21,62763,33533,40714,65535,65535,65535,65535,65535,65535
2026-07-31 10:01:32.820,280.26,62763,33533,40714,65535,65535,65535,65535,65535,65535
2026-07-31 10:01:32.865,280.3,62763,33533,40714,65535,65535,65535,65535,65535,65535
2026-07-31 10:01:32.916,280.35,62615,33533,33929,65535,65535,65535,65535,65535,65535
2026-07-31 10:01:32.965,280.4,62615,28742,33929,65535,65535,65535,65535,65535,65535
2026-07-31 10:01:33.010,280.45,62615,28742,33929,65535,65535,65535,65535,65535,65535
2026-07-31 10:01:33.057,280.49,62615,28742,33929,65535,65535,65535,65535,65535,65535
2026-07-31 10:01:33.106,280.54,62615,28742,33929,65535,65535,65535,65535,65535,65535
2026-07-31 10:01:33.156,280.59,62615,28742,33929,65535,65535,65535,65535,65535,65535
2026-07-31 10:01:33.201,280.64,62615,28742,33929,65535,65535,65535,65535,65535,65535
2026-07-31 10:01:33.239,280.68,62615,28742,33929,65535,65535,65535,65535,65535,65535
2026-07-31 10:01:33.287,280.73,62615,28742,33929,65535,65535,65535,65535,65535,65535
2026-07-31 10:01:33.329,280.77,62615,28742,33929,65535,65535,65535,65535,65535,65535
2026-07-31 10:01:33.380,280.82,62615,28742,33929,65535,65535,65535,65535,65535,65535
2026-07-31 10:01:33.425,280.86,62615,28742,33929,65535,65535,65535,65535,65535,65535
2026-07-31 10:01:33.476,280.91,62615,28742,33830,65535,65535,65535,65535,65535,65535
2026-07-31 10:01:33.525,280.96,50329,33533,33830,65535,65535,65535,65535,65535,65535
2026-07-31 10:01:33.572,281.01,50329,33533,33830,65535,65535,65535,65535,65535,65535
2026-07-31 10:01:33.619,281.06,50329,33533,33830,65535,65535,65535,65535,65535,65535
2026-07-31 10:01:33.664,281.1,50329,33533,33830,65535,65535,65535,65535,65535,65535
2026-07-31 10:01:33.714,281.15,50329,33533,33830,65535,65535,65535,65535,65535,65535
2026-07-31 10:01:33.751,281.19,50329,33533,33830,65535,65535,65535,65535,65535,65535
2026-07-31 10:01:33.797,281.24,50329,33533,33830,65535,65535,65535,65535,65535,65535
2026-07-31 10:01:33.846,281.28,50329,33533,33830,65535,65535,65535,65535,65535,65535
2026-07-31 10:01:33.890,281.33,50329,33533,33830,65535,65535,65535,65535,65535,65535
2026-07-31 10:01:33.939,281.38,50329,33533,33830,65535,65535,65535,65535,65535,65535
2026-07-31 10:01:33.989,281.43,50329,33533,33830,65535,65535,65535,65535,65535,65535
2026-07-31 10:01:34.037,281.47,50329,33533,40714,65535,65535,65535,65535,65535,65535
2026-07-31 10:01:34.084,281.52,63060,28742,40714,65535,65535,65535,65535,65535,65535
2026-07-31 10:01:34.130,281.57,63060,28742,40714,65535,65535,65535,65535,65535,65535
2026-07-31 10:01:34.178,281.62,63060,28742,40714,65535,65535,65535,65535,65535,65535
2026-07-31 10:01:34.228,281.67,63060,28742,40714,65535,65535,65535,65535,65535,65535
2026-07-31 10:01:34.267,281.71,63060,28742,40714,65535,65535,65535,65535,65535,65535
2026-07-31 10:01:34.316,281.75,63060,28742,40714,65535,65535,65535,65535,65535,65535
2026-07-31 10:01:34.364,281.8,63060,28742,40714,65535,65535,65535,65535,65535,65535
2026-07-31 10:01:34.411,281.85,63060,28742,40714,65535,65535,65535,65535,65535,65535
2026-07-31 10:01:34.460,281.9,63060,28742,40714,65535,65535,65535,65535,65535,65535
2026-07-31 10:01:34.504,281.94,63060,28742,40714,65535,65535,65535,65535,65535,65535
2026-07-31 10:01:34.554,281.99,63060,28742,40714,65535,65535,65535,65535,65535,65535
2026-07-31 10:01:34.600,282.04,63060,28742,33929,65535,65535,65535,65535,65535,65535
2026-07-31 10:01:34.650,282.09,49855,28827,33929,65535,65535,65535,65535,65535,65535
2026-07-31 10:01:34.696,282.13,49855,28827,33929,65535,65535,65535,65535,65535,65535
2026-07-31 10:01:34.733,282.17,49855,28827,33929,65535,65535,65535,65535,65535,65535
2026-07-31 10:01:34.768,282.21,49855,28827,33929,65535,65535,65535,65535,65535,65535
2026-07-31 10:01:34.819,282.26,49855,28827,33929,65535,65535,65535,65535,65535,65535
2026-07-31 10:01:34.868,282.31,49855,28827,33929,65535,65535,65535,65535,65535,65535
2026-07-31 10:01:34.916,282.35,49855,28827,33929,65535,65535,65535,65535,65535,65535
2026-07-31 10:01:34.965,282.4,49855,28827,33929,65535,65535,65535,65535,65535,65535
2026-07-31 10:01:35.012,282.45,49855,28827,33929,65535,65535,65535,65535,65535,65535
2026-07-31 10:01:35.061,282.5,49855,28827,33929,65535,65535,65535,65535,65535,65535
2026-07-31 10:01:35.107,282.55,49855,28827,33929,65535,65535,65535,65535,65535,65535
2026-07-31 10:01:35.153,282.59,49855,28827,40714,65535,65535,65535,65535,65535,65535
2026-07-31 10:01:35.203,282.64,50329,28742,40714,65535,65535,65535,65535,65535,65535
2026-07-31 10:01:35.246,282.68,50329,28742,40714,65535,65535,65535,65535,65535,65535
2026-07-31 10:01:35.282,282.72,50329,28742,40714,65535,65535,65535,65535,65535,65535
2026-07-31 10:01:35.329,282.77,50329,28742,40714,65535,65535,65535,65535,65535,65535
2026-07-31 10:01:35.376,282.81,50329,28742,40714,65535,65535,65535,65535,65535,65535
2026-07-31 10:01:35.423,282.86,50329,28742,40714,65535,65535,65535,65535,65535,65535
2026-07-31 10:01:35.473,282.91,50329,28742,40714,65535,65535,65535,65535,65535,65535
2026-07-31 10:01:35.521,282.96,50329,28742,40714,65535,65535,65535,65535,65535,65535
2026-07-31 10:01:35.565,283.0,50329,28742,40714,65535,65535,65535,65535,65535,65535
2026-07-31 10:01:35.614,283.05,50329,28742,40714,65535,65535,65535,65535,65535,65535
2026-07-31 10:01:35.661,283.1,50329,28742,40714,65535,65535,65535,65535,65535,65535
2026-07-31 10:01:35.709,283.15,50329,28742,40714,65535,65535,65535,65535,65535,65535
2026-07-31 10:01:35.747,283.19,55908,28742,40714,65535,65535,65535,65535,65535,65535
2026-07-31 10:01:35.792,283.23,55908,28742,40714,65535,65535,65535,65535,65535,65535
2026-07-31 10:01:35.840,283.28,55908,28742,40714,65535,65535,65535,65535,65535,65535
2026-07-31 10:01:35.888,283.33,55908,28742,40714,65535,65535,65535,65535,65535,65535
2026-07-31 10:01:35.935,283.37,55908,28742,40714,65535,65535,65535,65535,65535,65535
2026-07-31 10:01:35.983,283.42,55908,28742,40714,65535,65535,65535,65535,65535,65535
2026-07-31 10:01:36.029,283.47,55908,28742,40714,65535,65535,65535,65535,65535,65535
2026-07-31 10:01:36.080,283.52,55908,28742,40714,65535,65535,65535,65535,65535,65535
2026-07-31 10:01:36.124,283.56,55908,28742,40714,65535,65535,65535,65535,65535,65535
2026-07-31 10:01:36.175,283.61,55908,28742,40714,65535,65535,65535,65535,65535,65535
2026-07-31 10:01:36.228,283.67,55908,28742,40714,65535,65535,65535,65535,65535,65535
2026-07-31 10:01:36.265,283.7,55908,28742,40714,65535,65535,65535,65535,65535,65535
2026-07-31 10:01:36.311,283.75,62615,28742,40714,65535,65535,65535,65535,65535,65535
2026-07-31 10:01:36.361,283.8,62615,28742,40714,65535,65535,65535,65535,65535,65535
2026-07-31 10:01:36.409,283.85,62615,28742,40714,65535,65535,65535,65535,65535,65535
2026-07-31 10:01:36.455,283.89,62615,28742,40714,65535,65535,65535,65535,65535,65535
2026-07-31 10:01:36.504,283.94,62615,28742,40714,65535,65535,65535,65535,65535,65535
2026-07-31 10:01:36.551,283.99,62615,28742,40714,65535,65535,65535,65535,65535,65535
2026-07-31 10:01:36.597,284.04,62615,28742,40714,65535,65535,65535,65535,65535,65535
2026-07-31 10:01:36.646,284.08,62615,28742,40714,65535,65535,65535,65535,65535,65535
2026-07-31 10:01:36.692,284.13,62615,28742,40714,65535,65535,65535,65535,65535,65535
2026-07-31 10:01:36.740,284.18,62615,28742,40714,65535,65535,65535,65535,65535,65535
2026-07-31 10:01:36.778,284.22,62615,28742,40714,65535,65535,65535,65535,65535,65535
2026-07-31 10:01:36.826,284.26,62615,28742,40714,65535,65535,65535,65535,65535,65535
2026-07-31 10:01:36.870,284.31,62615,28742,40714,65535,65535,65535,65535,65535,65535
2026-07-31 10:01:36.920,284.36,50092,33533,40714,65535,65535,65535,65535,65535,65535
2026-07-31 10:01:36.967,284.4,50092,33533,40714,65535,65535,65535,65535,65535,65535
2026-07-31 10:01:37.017,284.45,50092,33533,40714,65535,65535,65535,65535,65535,65535
2026-07-31 10:01:37.063,284.5,50092,33533,40714,65535,65535,65535,65535,65535,65535
2026-07-31 10:01:37.112,284.55,50092,33533,40714,65535,65535,65535,65535,65535,65535
2026-07-31 10:01:37.159,284.6,50092,33533,40714,65535,65535,65535,65535,65535,65535
2026-07-31 10:01:37.206,284.64,50092,33533,40714,65535,65535,65535,65535,65535,65535
2026-07-31 10:01:37.244,284.68,50092,33533,40714,65535,65535,65535,65535,65535,65535
2026-07-31 10:01:37.292,284.73,50092,33533,40714,65535,65535,65535,65535,65535,65535
2026-07-31 10:01:37.336,284.77,50092,33533,40714,65535,65535,65535,65535,65535,65535
2026-07-31 10:01:37.386,284.82,50092,33533,40714,65535,65535,65535,65535,65535,65535
2026-07-31 10:01:37.436,284.87,62615,33533,33929,65535,65535,65535,65535,65535,65535
2026-07-31 10:01:37.481,284.92,62615,28742,33929,65535,65535,65535,65535,65535,65535
2026-07-31 10:01:37.530,284.97,62615,28742,33929,65535,65535,65535,65535,65535,65535
2026-07-31 10:01:37.577,285.02,62615,28742,33929,65535,65535,65535,65535,65535,65535
2026-07-31 10:01:37.626,285.06,62615,28742,33929,65535,65535,65535,65535,65535,65535
2026-07-31 10:01:37.674,285.11,62615,28742,33929,65535,65535,65535,65535,65535,65535
2026-07-31 10:01:37.721,285.16,62615,28742,33929,65535,65535,65535,65535,65535,65535
2026-07-31 10:01:37.756,285.19,62615,28742,33929,65535,65535,65535,65535,65535,65535
2026-07-31 10:01:37.802,285.24,62615,28742,33929,65535,65535,65535,65535,65535,65535
2026-07-31 10:01:37.851,285.29,62615,28742,33929,65535,65535,65535,65535,65535,65535
2026-07-31 10:01:37.897,285.33,62615,28742,33929,65535,65535,65535,65535,65535,65535
2026-07-31 10:01:37.945,285.38,62615,28742,33929,65535,65535,65535,65535,65535,65535
2026-07-31 10:01:37.993,285.43,62615,28742,40714,65535,65535,65535,65535,65535,65535
2026-07-31 10:01:38.041,285.48,50092,33632,40714,65535,65535,65535,65535,65535,65535
2026-07-31 10:01:38.089,285.53,50092,33632,40714,65535,65535,65535,65535,65535,65535
2026-07-31 10:01:38.138,285.58,50092,33632,40714,65535,65535,65535,65535,65535,65535
2026-07-31 10:01:38.184,285.62,50092,33632,40714,65535,65535,65535,65535,65535,65535
2026-07-31 10:01:38.234,285.67,50092,33632,40714,65535,65535,65535,65535,65535,65535
2026-07-31 10:01:38.269,285.71,50092,33632,40714,65535,65535,65535,65535,65535,65535
2026-07-31 10:01:38.313,285.75,50092,33632,40714,65535,65535,65535,65535,65535,65535
2026-07-31 10:01:38.361,285.8,50092,33632,40714,65535,65535,65535,65535,65535,65535
2026-07-31 10:01:38.410,285.85,50092,33632,40714,65535,65535,65535,65535,65535,65535
2026-07-31 10:01:38.458,285.9,50092,33632,40714,65535,65535,65535,65535,65535,65535
2026-07-31 10:01:38.507,285.95,50092,33632,40714,65535,65535,65535,65535,65535,65535
2026-07-31 10:01:38.552,285.99,50092,33632,40714,65535,65535,65535,65535,65535,65535
2026-07-31 10:01:38.602,286.04,62912,33533,40714,65535,65535,65535,65535,65535,65535
2026-07-31 10:01:38.650,286.09,62912,33533,40714,65535,65535,65535,65535,65535,65535
2026-07-31 10:01:38.698,286.14,62912,33533,40714,65535,65535,65535,65535,65535,65535
2026-07-31 10:01:38.744,286.18,62912,33533,40714,65535,65535,65535,65535,65535,65535
2026-07-31 10:01:38.780,286.22,62912,33533,40714,65535,65535,65535,65535,65535,65535
2026-07-31 10:01:38.824,286.26,62912,33533,40714,65535,65535,65535,65535,65535,65535
2026-07-31 10:01:38.876,286.31,62912,33533,40714,65535,65535,65535,65535,65535,65535
2026-07-31 10:01:38.922,286.36,62912,33533,40714,65535,65535,65535,65535,65535,65535
2026-07-31 10:01:38.969,286.41,62912,33533,40714,65535,65535,65535,65535,65535,65535
2026-07-31 10:01:39.015,286.45,62912,33533,40714,65535,65535,65535,65535,65535,65535
2026-07-31 10:01:39.068,286.51,62912,33533,40714,65535,65535,65535,65535,65535,65535
2026-07-31 10:01:39.121,286.56,62912,33533,33929,65535,65535,65535,65535,65535,65535
2026-07-31 10:01:39.165,286.6,50211,28827,33929,65535,65535,65535,65535,65535,65535
2026-07-31 10:01:39.216,286.65,50211,28827,33929,65535,65535,65535,65535,65535,65535
2026-07-31 10:01:39.251,286.69,50211,28827,33929,65535,65535,65535,65535,65535,65535
2026-07-31 10:01:39.287,286.72,50211,28827,33929,65535,65535,65535,65535,65535,65535
2026-07-31 10:01:39.337,286.77,50211,28827,33929,65535,65535,65535,65535,65535,65535
2026-07-31 10:01:39.381,286.82,50211,28827,33929,65535,65535,65535,65535,65535,65535
2026-07-31 10:01:39.430,286.87,50211,28827,33929,65535,65535,65535,65535,65535,65535
2026-07-31 10:01:39.474,286.91,50211,28827,33929,65535,65535,65535,65535,65535,65535
2026-07-31 10:01:39.527,286.96,50211,28827,33929,65535,65535,65535,65535,65535,65535
2026-07-31 10:01:39.574,287.01,50211,28827,33929,65535,65535,65535,65535,65535,65535
2026-07-31 10:01:39.619,287.06,50211,28827,33929,65535,65535,65535,65535,65535,65535
2026-07-31 10:01:39.666,287.1,50211,28827,33929,65535,65535,65535,65535,65535,65535
2026-07-31 10:01:39.717,287.16,50211,33533,33929,65535,65535,65535,65535,65535,65535
2026-07-31 10:01:39.761,287.2,50211,33533,33929,65535,65535,65535,65535,65535,65535
2026-07-31 10:01:39.801,287.24,50211,33533,33929,65535,65535,65535,65535,65535,65535
2026-07-31 10:01:39.845,287.28,50211,33533,33929,65535,65535,65535,65535,65535,65535
2026-07-31 10:01:39.893,287.33,50211,33533,33929,65535,65535,65535,65535,65535,65535
2026-07-31 10:01:39.945,287.38,50211,33533,33929,65535,65535,65535,65535,65535,65535
2026-07-31 10:01:39.991,287.43,50211,33533,33929,65535,65535,65535,65535,65535,65535
2026-07-31 10:01:40.037,287.48,50211,33533,33929,65535,65535,65535,65535,65535,65535
2026-07-31 10:01:40.083,287.52,50211,33533,33929,65535,65535,65535,65535,65535,65535
2026-07-31 10:01:40.133,287.57,50211,33533,33929,65535,65535,65535,65535,65535,65535
2026-07-31 10:01:40.181,287.62,50211,33533,33929,65535,65535,65535,65535,65535,65535
2026-07-31 10:01:40.230,287.67,50211,33533,33929,65535,65535,65535,65535,65535,65535
2026-07-31 10:01:40.264,287.7,50329,33533,40714,65535,65535,65535,65535,65535,65535
2026-07-31 10:01:40.310,287.75,50329,28742,40714,65535,65535,65535,65535,65535,65535
2026-07-31 10:01:40.361,287.8,50329,28742,40714,65535,65535,65535,65535,65535,65535
2026-07-31 10:01:40.407,287.84,50329,28742,40714,65535,65535,65535,65535,65535,65535
2026-07-31 10:01:40.451,287.89,50329,28742,40714,65535,65535,65535,65535,65535,65535
2026-07-31 10:01:40.500,287.94,50329,28742,40714,65535,65535,65535,65535,65535,65535
2026-07-31 10:01:40.549,287.99,50329,28742,40714,65535,65535,65535,65535,65535,65535
2026-07-31 10:01:40.599,288.04,50329,28742,40714,65535,65535,65535,65535,65535,65535
2026-07-31 10:01:40.646,288.08,50329,28742,40714,65535,65535,65535,65535,65535,65535
2026-07-31 10:01:40.695,288.13,50329,28742,40714,65535,65535,65535,65535,65535,65535
2026-07-31 10:01:40.743,288.18,50329,28742,40714,65535,65535,65535,65535,65535,65535
2026-07-31 10:01:40.779,288.22,50329,28742,40714,65535,65535,65535,65535,65535,65535
2026-07-31 10:01:40.815,288.25,50329,28742,40714,65535,65535,65535,65535,65535,65535
2026-07-31 10:01:40.859,288.3,62763,33929,40714,65535,65535,65535,65535,65535,65535
2026-07-31 10:01:40.908,288.35,62763,33929,40714,65535,65535,65535,65535,65535,65535
2026-07-31 10:01:40.956,288.39,62763,33929,40714,65535,65535,65535,65535,65535,65535
2026-07-31 10:01:41.001,288.44,62763,33929,40714,65535,65535,65535,65535,65535,65535
2026-07-31 10:01:41.050,288.49,62763,33929,40714,65535,65535,65535,65535,65535,65535
2026-07-31 10:01:41.092,288.53,62763,33929,40714,65535,65535,65535,65535,65535,65535
2026-07-31 10:01:41.143,288.58,62763,33929,40714,65535,65535,65535,65535,65535,65535
2026-07-31 10:01:41.190,288.63,62763,33929,40714,65535,65535,65535,65535,65535,65535
2026-07-31 10:01:41.239,288.68,62763,33929,40714,65535,65535,65535,65535,65535,65535
2026-07-31 10:01:41.293,288.73,62763,33929,40714,65535,65535,65535,65535,65535,65535
2026-07-31 10:01:41.330,288.77,62763,33929,40714,65535,65535,65535,65535,65535,65535
2026-07-31 10:01:41.375,288.81,62763,33929,40596,65535,65535,65535,65535,65535,65535
2026-07-31 10:01:41.426,288.86,62912,33533,40596,65535,65535,65535,65535,65535,65535
2026-07-31 10:01:41.473,288.91,62912,33533,40596,65535,65535,65535,65535,65535,65535
2026-07-31 10:01:41.521,288.96,62912,33533,40596,65535,65535,65535,65535,65535,65535
2026-07-31 10:01:41.568,289.01,62912,33533,40596,65535,65535,65535,65535,65535,65535
2026-07-31 10:01:41.612,289.05,62912,33533,40596,65535,65535,65535,65535,65535,65535
2026-07-31 10:01:41.662,289.1,62912,33533,40596,65535,65535,65535,65535,65535,65535
2026-07-31 10:01:41.710,289.15,62912,33533,40596,65535,65535,65535,65535,65535,65535
2026-07-31 10:01:41.757,289.2,62912,33533,40596,65535,65535,65535,65535,65535,65535
2026-07-31 10:01:41.792,289.23,62912,33533,40596,65535,65535,65535,65535,65535,65535
2026-07-31 10:01:41.837,289.27,62912,33533,40596,65535,65535,65535,65535,65535,65535
2026-07-31 10:01:41.889,289.33,62912,33533,40596,65535,65535,65535,65535,65535,65535
2026-07-31 10:01:41.933,289.37,62912,33533,33830,65535,65535,65535,65535,65535,65535
2026-07-31 10:01:41.983,289.42,50211,28742,33830,65535,65535,65535,65535,65535,65535
2026-07-31 10:01:42.031,289.47,50211,28742,33830,65535,65535,65535,65535,65535,65535
2026-07-31 10:01:42.082,289.52,50211,28742,33830,65535,65535,65535,65535,65535,65535
2026-07-31 10:01:42.133,289.57,50211,28742,33830,65535,65535,65535,65535,65535,65535
2026-07-31 10:01:42.179,289.62,50211,28742,33830,65535,65535,65535,65535,65535,65535
2026-07-31 10:01:42.226,289.66,50211,28742,33830,65535,65535,65535,65535,65535,65535
2026-07-31 10:01:42.277,289.71,50211,28742,33830,65535,65535,65535,65535,65535,65535
2026-07-31 10:01:42.313,289.75,50211,28742,33830,65535,65535,65535,65535,65535,65535
2026-07-31 10:01:42.359,289.8,50211,28742,33830,65535,65535,65535,65535,65535,65535
2026-07-31 10:01:42.405,289.84,50211,28742,33830,65535,65535,65535,65535,65535,65535
2026-07-31 10:01:42.455,289.89,50211,28742,33830,65535,65535,65535,65535,65535,65535
2026-07-31 10:01:42.502,289.94,50211,28742,33830,65535,65535,65535,65535,65535,65535
2026-07-31 10:01:42.552,289.99,50329,28742,33830,65535,65535,65535,65535,65535,65535
2026-07-31 10:01:42.600,290.04,50329,28742,33830,65535,65535,65535,65535,65535,65535
2026-07-31 10:01:42.645,290.08,50329,28742,33830,65535,65535,65535,65535,65535,65535
2026-07-31 10:01:42.692,290.13,50329,28742,33830,65535,65535,65535,65535,65535,65535
2026-07-31 10:01:42.740,290.18,50329,28742,33830,65535,65535,65535,65535,65535,65535
2026-07-31 10:01:42.788,290.23,50329,28742,33830,65535,65535,65535,65535,65535,65535
2026-07-31 10:01:42.826,290.26,50329,28742,33830,65535,65535,65535,65535,65535,65535
2026-07-31 10:01:42.872,290.31,50329,28742,33830,65535,65535,65535,65535,65535,65535
2026-07-31 10:01:42.916,290.35,50329,28742,33830,65535,65535,65535,65535,65535,65535
2026-07-31 10:01:42.967,290.41,50329,28742,33830,65535,65535,65535,65535,65535,65535
2026-07-31 10:01:43.017,290.46,50329,28742,33830,65535,65535,65535,65535,65535,65535
2026-07-31 10:01:43.070,290.51,50329,28742,33929,65535,65535,65535,65535,65535,65535
2026-07-31 10:01:43.118,290.56,62912,28742,33929,65535,65535,65535,65535,65535,65535
2026-07-31 10:01:43.161,290.6,62912,28742,33929,65535,65535,65535,65535,65535,65535
2026-07-31 10:01:43.209,290.65,62912,28742,33929,65535,65535,65535,65535,65535,65535
2026-07-31 10:01:43.259,290.7,62912,28742,33929,65535,65535,65535,65535,65535,65535
2026-07-31 10:01:43.295,290.73,62912,28742,33929,65535,65535,65535,65535,65535,65535
2026-07-31 10:01:43.334,290.77,62912,28742,33929,65535,65535,65535,65535,65535,65535
2026-07-31 10:01:43.380,290.82,62912,28742,33929,65535,65535,65535,65535,65535,65535
2026-07-31 10:01:43.425,290.86,62912,28742,33929,65535,65535,65535,65535,65535,65535
2026-07-31 10:01:43.471,290.91,62912,28742,33929,65535,65535,65535,65535,65535,65535
2026-07-31 10:01:43.522,290.96,62912,28742,33929,65535,65535,65535,65535,65535,65535
2026-07-31 10:01:43.568,291.01,62912,28742,33929,65535,65535,65535,65535,65535,65535
2026-07-31 10:01:43.618,291.06,62912,28742,33929,65535,65535,65535,65535,65535,65535
2026-07-31 10:01:43.664,291.1,62763,28742,40596,65535,65535,65535,65535,65535,65535
2026-07-31 10:01:43.712,291.15,62763,28742,40596,65535,65535,65535,65535,65535,65535
2026-07-31 10:01:43.754,291.19,62763,28742,40596,65535,65535,65535,65535,65535,65535
2026-07-31 10:01:43.795,291.23,62763,28742,40596,65535,65535,65535,65535,65535,65535
2026-07-31 10:01:43.841,291.28,62763,28742,40596,65535,65535,65535,65535,65535,65535
2026-07-31 10:01:43.886,291.32,62763,28742,40596,65535,65535,65535,65535,65535,65535
2026-07-31 10:01:43.923,291.36,62763,28742,40596,65535,65535,65535,65535,65535,65535
2026-07-31 10:01:43.971,291.41,62763,28742,40596,65535,65535,65535,65535,65535,65535
2026-07-31 10:01:44.024,291.46,62763,28742,40596,65535,65535,65535,65535,65535,65535
2026-07-31 10:01:44.070,291.51,62763,28742,40596,65535,65535,65535,65535,65535,65535
2026-07-31 10:01:44.118,291.56,62763,28742,40596,65535,65535,65535,65535,65535,65535
2026-07-31 10:01:44.163,291.6,62763,28742,40596,65535,65535,65535,65535,65535,65535
2026-07-31 10:01:44.213,291.65,62763,28742,40596,65535,65535,65535,65535,65535,65535
2026-07-31 10:01:44.263,291.7,62912,33533,40596,65535,65535,65535,65535,65535,65535
2026-07-31 10:01:44.339,291.78,62912,33533,40596,65535,65535,65535,65535,65535,65535
2026-07-31 10:01:44.380,291.82,62912,33533,40596,65535,65535,65535,65535,65535,65535
2026-07-31 10:01:44.439,291.88,62912,33533,40596,65535,65535,65535,65535,65535,65535
2026-07-31 10:01:44.506,291.94,62912,33533,40596,65535,65535,65535,65535,65535,65535
2026-07-31 10:01:44.571,292.01,62912,33533,40596,65535,65535,65535,65535,65535,65535
2026-07-31 10:01:44.629,292.07,62912,33533,40596,65535,65535,65535,65535,65535,65535
2026-07-31 10:01:44.680,292.12,62912,33533,40596,65535,65535,65535,65535,65535,65535
2026-07-31 10:01:44.742,292.18,62912,33533,40596,65535,65535,65535,65535,65535,65535
2026-07-31 10:01:44.803,292.24,50092,28742,40714,65535,65535,65535,65535,65535,65535
2026-07-31 10:01:44.840,292.28,50092,28742,40714,65535,65535,65535,65535,65535,65535
2026-07-31 10:01:44.882,292.32,50092,28742,40714,65535,65535,65535,65535,65535,65535
2026-07-31 10:01:44.970,292.41,50092,28742,40714,65535,65535,65535,65535,65535,65535
2026-07-31 10:01:45.024,292.46,50092,28742,40714,65535,65535,65535,65535,65535,65535
2026-07-31 10:01:45.078,292.52,50092,28742,40714,65535,65535,65535,65535,65535,65535
2026-07-31 10:01:45.124,292.56,50092,28742,40714,65535,65535,65535,65535,65535,65535
2026-07-31 10:01:45.172,292.61,50092,28742,40714,65535,65535,65535,65535,65535,65535
2026-07-31 10:01:45.219,292.66,50092,28742,40714,65535,65535,65535,65535,65535,65535
2026-07-31 10:01:45.287,292.72,50092,28742,40714,65535,65535,65535,65535,65535,65535
2026-07-31 10:01:45.332,292.77,50092,28742,33929,65535,65535,65535,65535,65535,65535
2026-07-31 10:01:45.381,292.82,62763,33632,33929,65535,65535,65535,65535,65535,65535
2026-07-31 10:01:45.447,292.89,62763,33632,33929,65535,65535,65535,65535,65535,65535
2026-07-31 10:01:45.500,292.94,62763,33632,33929,65535,65535,65535,65535,65535,65535
2026-07-31 10:01:45.552,292.99,62763,33632,33929,65535,65535,65535,65535,65535,65535
2026-07-31 10:01:45.600,293.04,62763,33632,33929,65535,65535,65535,65535,65535,65535
2026-07-31 10:01:45.652,293.09,62763,33632,33929,65535,65535,65535,65535,65535,65535
2026-07-31 10:01:45.701,293.14,62763,33632,33929,65535,65535,65535,65535,65535,65535
2026-07-31 10:01:45.751,293.19,62763,33632,33929,65535,65535,65535,65535,65535,65535
2026-07-31 10:01:45.789,293.23,62763,33632,33929,65535,65535,65535,65535,65535,65535
2026-07-31 10:01:45.834,293.27,62763,33632,33929,65535,65535,65535,65535,65535,65535
2026-07-31 10:01:45.883,293.32,62763,33632,33929,65535,65535,65535,65535,65535,65535
2026-07-31 10:01:45.929,293.37,62763,33632,40596,65535,65535,65535,65535,65535,65535
2026-07-31 10:01:45.976,293.41,62763,33533,40596,65535,65535,65535,65535,65535,65535
2026-07-31 10:01:46.023,293.46,62763,33533,40596,65535,65535,65535,65535,65535,65535
2026-07-31 10:01:46.075,293.51,62763,33533,40596,65535,65535,65535,65535,65535,65535
2026-07-31 10:01:46.122,293.56,62763,33533,40596,65535,65535,65535,65535,65535,65535
2026-07-31 10:01:46.171,293.61,62763,33533,40596,65535,65535,65535,65535,65535,65535
2026-07-31 10:01:46.217,293.66,62763,33533,40596,65535,65535,65535,65535,65535,65535
2026-07-31 10:01:46.265,293.7,62763,33533,40596,65535,65535,65535,65535,65535,65535
2026-07-31 10:01:46.303,293.74,62763,33533,40596,65535,65535,65535,65535,65535,65535
2026-07-31 10:01:46.339,293.78,62763,33533,40596,65535,65535,65535,65535,65535,65535
2026-07-31 10:01:46.384,293.82,62763,33533,40596,65535,65535,65535,65535,65535,65535
2026-07-31 10:01:46.431,293.87,62763,33533,40596,65535,65535,65535,65535,65535,65535
2026-07-31 10:01:46.478,293.92,62763,33533,33929,65535,65535,65535,65535,65535,65535
2026-07-31 10:01:46.526,293.96,62763,33533,33929,65535,65535,65535,65535,65535,65535
2026-07-31 10:01:46.575,294.01,62763,33533,33929,65535,65535,65535,65535,65535,65535
2026-07-31 10:01:46.621,294.06,62763,33533,33929,65535,65535,65535,65535,65535,65535
2026-07-31 10:01:46.669,294.11,62763,33533,33929,65535,65535,65535,65535,65535,65535
2026-07-31 10:01:46.718,294.16,62763,33533,33929,65535,65535,65535,65535,65535,65535
2026-07-31 10:01:46.765,294.2,62763,33533,33929,65535,65535,65535,65535,65535,65535
2026-07-31 10:01:46.803,294.24,62763,33533,33929,65535,65535,65535,65535,65535,65535
2026-07-31 10:01:46.845,294.28,62763,33533,33929,65535,65535,65535,65535,65535,65535
2026-07-31 10:01:46.894,294.33,62763,33533,33929,65535,65535,65535,65535,65535,65535
2026-07-31 10:01:46.942,294.38,62763,33533,33929,65535,65535,65535,65535,65535,65535
2026-07-31 10:01:46.992,294.43,62763,33533,33929,65535,65535,65535,65535,65535,65535
2026-07-31 10:01:47.039,294.48,50092,33533,40596,65535,65535,65535,65535,65535,65535
2026-07-31 10:01:47.086,294.52,50092,33632,40596,65535,65535,65535,65535,65535,65535
2026-07-31 10:01:47.135,294.57,50092,33632,40596,65535,65535,65535,65535,65535,65535
2026-07-31 10:01:47.182,294.62,50092,33632,40596,65535,65535,65535,65535,65535,65535
2026-07-31 10:01:47.231,294.67,50092,33632,40596,65535,65535,65535,65535,65535,65535
2026-07-31 10:01:47.279,294.72,50092,33632,40596,65535,65535,65535,65535,65535,65535
2026-07-31 10:01:47.316,294.75,50092,33632,40596,65535,65535,65535,65535,65535,65535
2026-07-31 10:01:47.361,294.8,50092,33632,40596,65535,65535,65535,65535,65535,65535
2026-07-31 10:01:47.408,294.85,50092,33632,40596,65535,65535,65535,65535,65535,65535
2026-07-31 10:01:47.454,294.89,50092,33632,40596,65535,65535,65535,65535,65535,65535
2026-07-31 10:01:47.501,294.94,50092,33632,40596,65535,65535,65535,65535,65535,65535
2026-07-31 10:01:47.551,294.99,50092,33632,40596,65535,65535,65535,65535,65535,65535
2026-07-31 10:01:47.598,295.04,50092,33632,40714,65535,65535,65535,65535,65535,65535
2026-07-31 10:01:47.671,295.11,50448,28742,40714,65535,65535,65535,65535,65535,65535
2026-07-31 10:01:47.719,295.16,50448,28742,40714,65535,65535,65535,65535,65535,65535
2026-07-31 10:01:47.766,295.2,50448,28742,40714,65535,65535,65535,65535,65535,65535
2026-07-31 10:01:47.803,295.24,50448,28742,40714,65535,65535,65535,65535,65535,65535
2026-07-31 10:01:47.848,295.29,50448,28742,40714,65535,65535,65535,65535,65535,65535
2026-07-31 10:01:47.897,295.33,50448,28742,40714,65535,65535,65535,65535,65535,65535
2026-07-31 10:01:47.944,295.38,50448,28742,40714,65535,65535,65535,65535,65535,65535
2026-07-31 10:01:47.990,295.43,50448,28742,40714,65535,65535,65535,65535,65535,65535
2026-07-31 10:01:48.041,295.48,50448,28742,40714,65535,65535,65535,65535,65535,65535
2026-07-31 10:01:48.085,295.52,50448,28742,40714,65535,65535,65535,65535,65535,65535
2026-07-31 10:01:48.135,295.57,50448,28742,40714,65535,65535,65535,65535,65535,65535
2026-07-31 10:01:48.181,295.62,55552,28742,33929,65535,65535,65535,65535,65535,65535
2026-07-31 10:01:48.233,295.67,55552,28742,33929,65535,65535,65535,65535,65535,65535
2026-07-31 10:01:48.280,295.72,55552,28742,33929,65535,65535,65535,65535,65535,65535
2026-07-31 10:01:48.322,295.76,55552,28742,33929,65535,65535,65535,65535,65535,65535
2026-07-31 10:01:48.365,295.8,55552,28742,33929,65535,65535,65535,65535,65535,65535
2026-07-31 10:01:48.413,295.85,55552,28742,33929,65535,65535,65535,65535,65535,65535
2026-07-31 10:01:48.461,295.9,55552,28742,33929,65535,65535,65535,65535,65535,65535
2026-07-31 10:01:48.513,295.95,55552,28742,33929,65535,65535,65535,65535,65535,65535
2026-07-31 10:01:48.564,296.0,55552,28742,33929,65535,65535,65535,65535,65535,65535
2026-07-31 10:01:48.610,296.05,55552,28742,33929,65535,65535,65535,65535,65535,65535
2026-07-31 10:01:48.661,296.1,55552,28742,33929,65535,65535,65535,65535,65535,65535
2026-07-31 10:01:48.707,296.15,55552,28742,33929,65535,65535,65535,65535,65535,65535
2026-07-31 10:01:48.755,296.19,63060,28742,40714,65535,65535,65535,65535,65535,65535
2026-07-31 10:01:48.791,296.23,63060,33533,40714,65535,65535,65535,65535,65535,65535
2026-07-31 10:01:48.837,296.27,63060,33533,40714,65535,65535,65535,65535,65535,65535
2026-07-31 10:01:48.888,296.33,63060,33533,40714,65535,65535,65535,65535,65535,65535
2026-07-31 10:01:48.935,296.37,63060,33533,40714,65535,65535,65535,65535,65535,65535
2026-07-31 10:01:48.980,296.42,63060,33533,40714,65535,65535,65535,65535,65535,65535
2026-07-31 10:01:49.032,296.47,63060,33533,40714,65535,65535,65535,65535,65535,65535
2026-07-31 10:01:49.083,296.52,63060,33533,40714,65535,65535,65535,65535,65535,65535
2026-07-31 10:01:49.131,296.57,63060,33533,40714,65535,65535,65535,65535,65535,65535
2026-07-31 10:01:49.181,296.62,63060,33533,40714,65535,65535,65535,65535,65535,65535
2026-07-31 10:01:49.230,296.67,63060,33533,40714,65535,65535,65535,65535,65535,65535
2026-07-31 10:01:49.276,296.71,63060,33533,40714,65535,65535,65535,65535,65535,65535
2026-07-31 10:01:49.312,296.75,50092,33533,40714,65535,65535,65535,65535,65535,65535
2026-07-31 10:01:49.359,296.8,50092,33533,40714,65535,65535,65535,65535,65535,65535
2026-07-31 10:01:49.406,296.84,50092,33533,40714,65535,65535,65535,65535,65535,65535
2026-07-31 10:01:49.453,296.89,50092,33533,40714,65535,65535,65535,65535,65535,65535
2026-07-31 10:01:49.502,296.94,50092,33533,40714,65535,65535,65535,65535,65535,65535
2026-07-31 10:01:49.549,296.99,50092,33533,40714,65535,65535,65535,65535,65535,65535
2026-07-31 10:01:49.598,297.04,50092,33533,40714,65535,65535,65535,65535,65535,65535
2026-07-31 10:01:49.644,297.08,50092,33533,40714,65535,65535,65535,65535,65535,65535
2026-07-31 10:01:49.691,297.13,50092,33533,40714,65535,65535,65535,65535,65535,65535
2026-07-31 10:01:49.739,297.18,50092,33533,40714,65535,65535,65535,65535,65535,65535
2026-07-31 10:01:49.789,297.23,50092,33533,40714,65535,65535,65535,65535,65535,65535
2026-07-31 10:01:49.826,297.26,50092,33533,40714,65535,65535,65535,65535,65535,65535
2026-07-31 10:01:49.872,297.31,62467,33533,33632,65535,65535,65535,65535,65535,65535
2026-07-31 10:01:49.917,297.36,62467,28742,33632,65535,65535,65535,65535,65535,65535
2026-07-31 10:01:49.966,297.4,62467,28742,33632,65535,65535,65535,65535,65535,65535
2026-07-31 10:01:50.012,297.45,62467,28742,33632,65535,65535,65535,65535,65535,65535
2026-07-31 10:01:50.059,297.5,62467,28742,33632,65535,65535,65535,65535,65535,65535
2026-07-31 10:01:50.106,297.54,62467,28742,33632,65535,65535,65535,65535,65535,65535
2026-07-31 10:01:50.155,297.59,62467,28742,33632,65535,65535,65535,65535,65535,65535
2026-07-31 10:01:50.202,297.64,62467,28742,33632,65535,65535,65535,65535,65535,65535
2026-07-31 10:01:50.251,297.69,62467,28742,33632,65535,65535,65535,65535,65535,65535
2026-07-31 10:01:50.290,297.73,62467,28742,33632,65535,65535,65535,65535,65535,65535
2026-07-31 10:01:50.326,297.76,62467,28742,33632,65535,65535,65535,65535,65535,65535
2026-07-31 10:01:50.373,297.81,62467,28742,33632,65535,65535,65535,65535,65535,65535
2026-07-31 10:01:50.421,297.86,62467,28742,33929,65535,65535,65535,65535,65535,65535
2026-07-31 10:01:50.467,297.91,62912,33731,33929,65535,65535,65535,65535,65535,65535
2026-07-31 10:01:50.513,297.95,62912,33731,33929,65535,65535,65535,65535,65535,65535
2026-07-31 10:01:50.561,298.0,62912,33731,33929,65535,65535,65535,65535,65535,65535
2026-07-31 10:01:50.612,298.05,62912,33731,33929,65535,65535,65535,65535,65535,65535
2026-07-31 10:01:50.660,298.1,62912,33731,33929,65535,65535,65535,65535,65535,65535
2026-07-31 10:01:50.706,298.14,62912,33731,33929,65535,65535,65535,65535,65535,65535
2026-07-31 10:01:50.752,298.19,62912,33731,33929,65535,65535,65535,65535,65535,65535
2026-07-31 10:01:50.792,298.23,62912,33731,33929,65535,65535,65535,65535,65535,65535
2026-07-31 10:01:50.827,298.27,62912,33731,33929,65535,65535,65535,65535,65535,65535
2026-07-31 10:01:50.872,298.31,62912,33731,33929,65535,65535,65535,65535,65535,65535
2026-07-31 10:01:50.922,298.36,62912,33731,33929,65535,65535,65535,65535,65535,65535
2026-07-31 10:01:50.966,298.4,62912,33731,33929,65535,65535,65535,65535,65535,65535
2026-07-31 10:01:51.019,298.46,62912,33533,40596,65535,65535,65535,65535,65535,65535
2026-07-31 10:01:51.064,298.5,62912,33533,40596,65535,65535,65535,65535,65535,65535
2026-07-31 10:01:51.115,298.55,62912,33533,40596,65535,65535,65535,65535,65535,65535
2026-07-31 10:01:51.157,298.6,62912,33533,40596,65535,65535,65535,65535,65535,65535
2026-07-31 10:01:51.209,298.65,62912,33533,40596,65535,65535,65535,65535,65535,65535
2026-07-31 10:01:51.254,298.69,62912,33533,40596,65535,65535,65535,65535,65535,65535
2026-07-31 10:01:51.302,298.74,62912,33533,40596,65535,65535,65535,65535,65535,65535
2026-07-31 10:01:51.336,298.77,62912,33533,40596,65535,65535,65535,65535,65535,65535
2026-07-31 10:01:51.380,298.82,62912,33533,40596,65535,65535,65535,65535,65535,65535
2026-07-31 10:01:51.426,298.86,62912,33533,40596,65535,65535,65535,65535,65535,65535
2026-07-31 10:01:51.473,298.91,62912,33533,40596,65535,65535,65535,65535,65535,65535
2026-07-31 10:01:51.518,298.96,62912,33533,40596,65535,65535,65535,65535,65535,65535
2026-07-31 10:01:51.568,299.01,50092,33533,33929,65535,65535,65535,65535,65535,65535
2026-07-31 10:01:51.612,299.05,50092,33533,33929,65535,65535,65535,65535,65535,65535
2026-07-31 10:01:51.659,299.1,50092,33533,33929,65535,65535,65535,65535,65535,65535
2026-07-31 10:01:51.704,299.14,50092,33533,33929,65535,65535,65535,65535,65535,65535
2026-07-31 10:01:51.752,299.19,50092,33533,33929,65535,65535,65535,65535,65535,65535
2026-07-31 10:01:51.796,299.23,50092,33533,33929,65535,65535,65535,65535,65535,65535
2026-07-31 10:01:51.834,299.27,50092,33533,33929,65535,65535,65535,65535,65535,65535
2026-07-31 10:01:51.881,299.32,50092,33533,33929,65535,65535,65535,65535,65535,65535
2026-07-31 10:01:51.929,299.37,50092,33533,33929,65535,65535,65535,65535,65535,65535
2026-07-31 10:01:51.972,299.41,50092,33533,33929,65535,65535,65535,65535,65535,65535
2026-07-31 10:01:52.020,299.46,50092,33533,33929,65535,65535,65535,65535,65535,65535
2026-07-31 10:01:52.068,299.51,50092,33533,33929,65535,65535,65535,65535,65535,65535
2026-07-31 10:01:52.115,299.55,50092,33533,40714,65535,65535,65535,65535,65535,65535
2026-07-31 10:01:52.163,299.6,50211,33632,40714,65535,65535,65535,65535,65535,65535
2026-07-31 10:01:52.209,299.65,50211,33632,40714,65535,65535,65535,65535,65535,65535
2026-07-31 10:01:52.259,299.7,50211,33632,40714,65535,65535,65535,65535,65535,65535
2026-07-31 10:01:52.308,299.75,50211,33632,40714,65535,65535,65535,65535,65535,65535
2026-07-31 10:01:52.344,299.78,50211,33632,40714,65535,65535,65535,65535,65535,65535
2026-07-31 10:01:52.389,299.83,50211,33632,40714,65535,65535,65535,65535,65535,65535
2026-07-31 10:01:52.436,299.87,50211,33632,40714,65535,65535,65535,65535,65535,65535
2026-07-31 10:01:52.483,299.92,50211,33632,40714,65535,65535,65535,65535,65535,65535
2026-07-31 10:01:52.534,299.97,50211,33632,40714,65535,65535,65535,65535,65535,65535
